protein_id	md5	length	has_internal_stop	in_uniparc	n_interpro	n_pfam	n_go	n_interpro_gos	interpro_gos
APU25_00005	CDF15EF1F81A36D798B6A0AE6A4AA967	672	no	yes	7	3	0	1	GO:0005525
APU25_00010	52ED97E6B16CA12BF8EE18F97B264188	257	no	no					
APU25_00015	74C75794B81EE17A7A384909C8D6ACA0	334	no	yes	3	1	0	1	GO:0055085
APU25_00020	FB44F906B6AC3121A72351DF000DFA78	729	no	yes	2	1	0		
APU25_00025	B2F92ABB2B4E9C5985B6DCC603C8E0D0	172	no	yes	1	1	0	1	GO:0000492
APU25_00030	91A87B4F3EE6B25374924E26DFD7ABBA	149	no	no					
APU25_00035	CBA7060C7B6AC04AD0B24CEEB2D10CD3	662	no	yes	13	4	0	2	GO:0003924,GO:0005525
APU25_00040	BAA16E5AC981AC8450CB464D973C0D04	647	no	no					
APU25_00045	FF80780B09B70CC3DCB64B24801756B1	380	no	yes	2	1	0	2	GO:0005515,GO:0005737
APU25_00050	4896E2ECA1D13FE983C054342D03EB70	180	no	no					
APU25_00055	3F485539A0F30F15FE50F891ED81363B	297	no	no					
APU25_00060	49FC884BAB642542B720A0375B0A1951	411	no	yes	2	1	0	3	GO:0005634,GO:0006260,GO:0043625
APU25_00065	264C7E500CC80C2A7610A91A768ED267	609	no	yes	2	1	0	2	GO:0005643,GO:0016973
APU25_00070	E79ABA1D930351B402F2B45FF558BED4	66	no	yes	1	0	0	2	GO:0005739,GO:0032981
APU25_00075	C450D46EB087D86923957D2404148DF0	1331	no	no					
APU25_00080	9FE332F8B3DF0B71D3AF85F656776428	243	no	yes	1	0	0		
APU25_00085	5D827EDFC5657599B074C8B4DB612423	206	no	yes	3	1	0	5	GO:0005509,GO:0009523,GO:0009654,GO:0015979,GO:0019898
APU25_00090	407F33476EF3D86CF63F64999F7C8C3A	124	no	yes	2	1	0	3	GO:0005783,GO:0016020,GO:0072546
APU25_00095	1510396578BB041527E878237054B369	867	no	no					
APU25_00100	FD9FE39364263E72E7F3C6F9746BA0F6	141	no	no					
APU25_00105	A209AC4E58285D91B4215EEBA9D1D171	524	no	yes	4	1	0	4	GO:0016116,GO:0016117,GO:0016491,GO:0046608
APU25_00110	5AF20AD33D4DF9F2ED5477E6EC2E3AF9	441	no	no					
APU25_00115	C50F3129932BB0E02A87870DC180F897	341	no	yes	3	1	0	1	GO:0016787
APU25_00120	2D28C4CD4AEB8DE27956EAAA362FE20D	515	no	yes	4	1	0	2	GO:0006890,GO:0030126
APU25_00125	8270075E7B85BC3EFC3018406C720816	388	no	yes	4	2	0	3	GO:0003735,GO:0005840,GO:0006412
APU25_00130	65370F0B42E8EFEB11011F037C81B44A	356	no	no					
APU25_00135	2D741C05DE8E407F2FE8ABC419C016EA	153	no	no					
APU25_00140	5B19E26EF1099B8F420726F4AD58023D	178	no	no					
APU25_00145	92C3ECE90637D95DD59D75FDAD9963A7	251	no	yes	6	2	0	2	GO:0005634,GO:0005737
APU25_00150	717FA19BD48283168819D44EDB2E220A	402	no	no					
APU25_00155	FC99F4591BECF46CE7C12548A8D6ADD2	532	no	yes	8	3	0	5	GO:0001510,GO:0003723,GO:0006355,GO:0008168,GO:0008173
APU25_00160	A8EA0F5E634CBE57B2D484352FF4286C	188	no	yes	6	2	0	1	GO:0003723
APU25_00165	78EEF72108E420F8B0F1FCC1625DDFCF	131	no	yes	3	1	0		
APU25_00170	3BF381CA43DB8A535A2C097BAE91202C	380	no	yes	1	0	0		
APU25_00175	B5D8006943536A74AE51D234603E8595	395	no	yes	1	1	0	2	GO:0006368,GO:0016593
APU25_00180	E4F55E2969D35CEA182CC5F20CC2D362	611	no	no					
APU25_00185	6DA292B8F3B830E1E5682E676D338D68	108	no	yes	5	2	0	4	GO:0003676,GO:0003899,GO:0006351,GO:0008270
APU25_00190	0A62560D5558B5EDA6515198A6D13756	132	no	no					
APU25_00195	E250E665ADCB5210988DBE3A9388EEBB	267	yes	no					
APU25_00200	02A655F13454D11C082B12FB04DC1A32	869	no	no					
APU25_00205	A0E5CB37361B26E615AF4301DB3BC1F2	653	no	no					
APU25_00210	98034A96C1C0E9EED265949ACDC3CBE8	424	no	yes	3	1	0	1	GO:0016491
APU25_00215	25EE004F274D41D9A17E8A05161EB1B7	773	no	yes	3	2	0		
APU25_00220	0C8CA1BCECFD44CF2F8A3FFE92AF77C5	213	no	yes	5	2	0	1	GO:0006261
APU25_00225	6624BE774C9A604DF10881D9C5B98566	400	no	yes	6	2	0	5	GO:0004665,GO:0006571,GO:0008977,GO:0033730,GO:0070403
APU25_00230	DBFBA365E7054232411043B81B97BEDC	151	no	yes	2	1	0	2	GO:0003899,GO:0006351
APU25_00235	D3F4FBF38126D4B526549780A0001E57	922	yes	no					
APU25_00240	48DA4D4A81ECA31ABDD709D6A958DA6A	113	no	yes	2	1	0	1	GO:0005840
APU25_00245	42CAF15B58905576F350A5ACE6DD957F	63	no	yes	0	0	0		
APU25_00250	FA59218DC1D23EE11D117A2AED62BEE1	423	no	yes	4	2	0	2	GO:0000127,GO:0006384
APU25_00255	FA5B32CA5F96C52C518DEF293A74A055	759	no	no					
APU25_00260	187F1D020E9CBE45C35A10E1E70165B2	318	no	yes	3	1	0		
APU25_00265	ECAD4ACFED2571A7D94B66BBAB27CDDA	609	no	no					
APU25_00270	A926CE25EEAD9651361B8A67ED95991B	3123	no	no					
APU25_00275	165D194097ED45DCFC285A3348BF9FCA	536	no	no					
APU25_00280	6F941A3411362965CF0DD2D3F7D86273	246	no	yes	3	1	0		
APU25_00285	5B9B3B4F55D53C13163C59ED8350C209	432	no	no					
APU25_00290	C328F97928D66B822683F917D9F530C0	357	no	yes	1	0	0		
APU25_00295	98295AEAE9B63E4BCF5BA0292267AC84	167	no	yes	5	1	0	2	GO:0016226,GO:0051536
APU25_00300	426FA247DDCBFF78671B914BEBB13CBC	418	no	yes	6	2	0	3	GO:0003676,GO:0003724,GO:0005524
APU25_00305	9F9F8A4BD0B119D5670BB53A5A74A86A	331	no	no					
APU25_00310	A2D38DF4B7466EB7F6F7816FBC39CC2D	93	no	no					
APU25_00315	5E637EBE73DB953E7781A62E33F723B8	760	no	no					
APU25_00320	8A03EE33BD692E698708612493E2971A	413	no	yes	3	1	0		
APU25_00325	70B030DC4D3C0958E91D5384C1127565	756	no	no					
APU25_00330	73EA84C8190F24B2879CF3F464008255	619	no	yes	7	2	0	6	GO:0000166,GO:0004812,GO:0004825,GO:0005524,GO:0006418,GO:0006431
APU25_00335	28356C6DC1DFBC1E69958D36254AF57E	7068	no	no					
APU25_00340	4749148C8BD106ECADE3E3F0D63662AE	261	no	yes	7	2	0	3	GO:0005674,GO:0006366,GO:0006367
APU25_00345	18FD7DAF525A12958B82CB5A9C5F81B4	1130	no	no					
APU25_00350	9290AB2B0FB9057E75E2283D77A224DB	355	no	yes	3	2	0	1	GO:0000166
APU25_00355	3AD7C3F83525973FE25A50B68FBA7C85	315	no	no					
APU25_00360	6548A09B8FC272B1090A615B7D1CBF38	451	no	yes	5	2	0	5	GO:0004402,GO:0005634,GO:0006325,GO:0016747,GO:0031509
APU25_00365	8BF6777FE8DAEC75BD75D56FF10CB2AC	416	no	no					
APU25_00370	83BA68DF21AFDB4F1D7ECC65DC1F88E5	219	no	no					
APU25_00375	5D44B07518B525CC16317FA9F6B12E02	548	no	no					
APU25_00380	009E81F6602112A56CF27D962D43E4E2	435	no	no					
APU25_00385	BE302D9DC1A59D29030AD591A43169CE	752	yes	no					
APU25_00390	F3EC1759ED90E05B2B8D443D08B9D082	567	no	yes	1	1	0	3	GO:0009101,GO:0016020,GO:0016758
APU25_00395	07222F03C08C78B7581E2B425CC9B018	557	no	no					
APU25_00400	6FCD1493521E7B004432D1D606EED157	595	no	no					
APU25_00405	842BAD55F63A9079B8F0F0859A2F583D	280	yes	no					
APU25_00410	44568E72F34A4DC138FE6E3133D541DC	267	no	no					
APU25_00415	9613263ECA5A8FCE1F58B3FA4023460A	1303	no	no					
APU25_00420	E8F61CD290996D944CB70FECC464ACF0	266	no	no					
APU25_00425	0B3509E40905DB1CB5838F4195A06A4F	1022	no	no					
APU25_00430	D08673185101A9F1258CB13E7A8E97F0	173	no	yes	2	1	0	1	GO:0005515
APU25_00435	D24D8FF40CC1BD85376D138057077DC9	218	no	no					
APU25_00440	BD0E37B09316A64D08F6C0681CF1602B	1711	no	no					
APU25_00445	A9AA2C6A291D5EC8FE594146AA8AE274	336	no	no					
APU25_00450	ED77262197A1B9AF65F2BBBC0E9923C4	279	no	no					
APU25_00455	A5FED89D016F9FB7CBA54B220388AC72	494	no	yes	5	2	0	2	GO:0004325,GO:0006783
APU25_00460	32F68E566A82FDF499622D3D79702D76	238	no	yes	0	0	0		
APU25_00465	1C8D81EF98EEBB16E496667E9CB6DF3E	792	no	no					
APU25_00470	BA6FE1A92614667BE7468682F86D06A5	461	no	yes	2	1	0	1	GO:0043087
APU25_00475	1E2ABE8D10CCD59BA0C28D2C631D6BE9	346	no	no					
APU25_00480	7C6759BE2D6452FFF3C1C0BE2FB24DC8	122	no	yes	1	1	0	1	GO:0000123
APU25_00485	D368605C4B2E87F4ECD782E631C94D05	1333	no	no					
APU25_00490	88A04677C25607E3D99C1F17F70E39B7	157	no	yes	1	1	0	1	GO:0016192
APU25_00495	544790B31A1490413DBD564354ACF7EB	592	no	yes	8	2	0	7	GO:0000166,GO:0003676,GO:0004812,GO:0004816,GO:0005524,GO:0006418,GO:0006421
APU25_00500	B1F367ECF63F2331215DCBD530D92DEC	584	no	yes	6	1	0	1	GO:0016491
APU25_00505	B1BD4965C0E8D5077D4897E8F69A1A2D	145	no	no					
APU25_00510	B7D6DA4BCB2361F2B2057AFE7254D31C	91	no	no					
APU25_00515	CAAB1997F67CDB92B5A658B853F4B191	110	no	no					
APU25_00520	53B07F26449124748495CD5042632544	651	no	no					
APU25_00525	0E6F52B992F9A5A6072B4063EF0535E5	194	no	yes	2	1	0		
APU25_00530	75544ECF4B480F59A66EBA7E951584DD	974	no	no					
APU25_00535	ADE1262AA8AD167760B5849B96A5BB7F	1028	no	yes	7	4	0	2	GO:0016624,GO:0030976
APU25_00540	C27D4930B0FFFBF2DA49FCD0BCBD9AAB	297	no	no					
APU25_00545	D4FFE25CE4043119AC067FCE1159D052	192	no	no					
APU25_00550	7689270260099EF0A9FBC6F4ACF158D0	210	no	yes	3	1	0		
APU25_00555	1484853E7F490F55E116BCA32C48ABB1	506	no	yes	4	1	0	1	GO:0005515
APU25_00560	42E2D52E893864EE6B6A3AC23490302B	345	no	yes	3	1	0	2	GO:0042732,GO:0070403
APU25_00565	B754ACDED4189B9D20C165AA73C5B2C1	330	no	no					
APU25_00570	80C332D0B7F3D11267CBD32D3966FF6A	345	no	yes	3	1	0		
APU25_00575	B05490630D6BE3180DCDBFF35BDA3CB2	335	no	no					
APU25_00580	90AC616E9635A04C3EDA4344ED8779EE	585	no	no					
APU25_00585	079D39823B0EAD4D97EE7F00372C6D20	544	no	yes	8	3	0	3	GO:0016491,GO:0030151,GO:0043546
APU25_00590	9533F140329528C859FE1847EA2857FF	1830	no	no					
APU25_00595	EB393B3240ED033CD263F4DB9E21F36F	868	no	no					
APU25_00600	5C515CFFE8596F4DB659C383A13F3233	192	no	yes	3	1	0		
APU25_00605	0C9BDE3D23ED47A9D8E30AB2CF5FB2A2	305	no	yes	0	0	0		
APU25_00610	B340C4004C2B7D5842C13660B6EC9354	306	no	yes	4	0	0		
APU25_00615	465AE81E6DD46B24FB7E31094FAFA648	342	no	no					
APU25_00620	BA0FF863C4B9072933BC49D313407334	203	no	yes	2	1	0	3	GO:0005737,GO:0120009,GO:0120013
APU25_00625	8A6EE6478308A881EEC5634CA8D71622	204	no	yes	2	1	0	3	GO:0005737,GO:0120009,GO:0120013
APU25_00630	2DF5AD3398085A329D835042C45D1B7E	1043	no	no					
APU25_00635	BC7CCA9A0EC2A8A79EF2BFE4BA4FA474	73	no	no					
APU25_00640	820FDDDBC02E20BDD63AFD0280B705B4	404	no	no					
APU25_00645	2D5E90E5844A6DB11B63348794292B6B	545	no	no					
APU25_00650	9840F046107807465F941EDAB0D38956	645	no	no					
APU25_00655	CA556E6C15911E74D8C5756A817B89FF	202	no	yes	2	1	0		
APU25_00660	A858BABA9CB6731B97A081FFDEF14239	470	no	no					
APU25_00665	268647F11B40CD9EB01E434B0C9BA1BC	647	no	no					
APU25_00670	DC2A921E64FC19AE5495A029F7DB772F	205	no	yes	2	1	0		
APU25_00675	5C577D150CB901154874783016941C1E	471	no	no					
APU25_00680	93A28801F540FB6A630F70AA852F2ECC	718	no	no					
APU25_00685	E0C3DC74457032CB0821B0E4E4C42902	108	no	no					
APU25_00690	6EB4C82F4D40E290C4E1D091B1659C35	336	no	no					
APU25_00695	355AF3E000D7CF2D77EFCC10973D31AB	211	no	yes	0	0	0		
APU25_00700	EBAB716D61ED1AF409504ED5854486AF	253	no	no					
APU25_00705	922998EBCEA1E08B1DA4654DB901DAB7	2670	no	no					
APU25_00710	67DBCFC4B16009DF19F90CF1348B5592	281	no	yes	4	1	0	4	GO:0009055,GO:0022900,GO:0051536,GO:0051537
APU25_00715	6DE731B26C06108D79593A41FFCDF27D	394	no	no					
APU25_00720	E2C849F1782A15A716E79D6D29CE22A3	454	no	yes	3	1	0	2	GO:0003676,GO:0003723
APU25_00725	F38E949A857C48B038CCA08C4095B8DD	794	no	no					
APU25_00730	798E0C23CFA3DFDD239D91260006F4D1	757	no	no					
APU25_00735	7D12242305319064EBC7F5BAC32B4581	560	no	no					
APU25_00740	C47D7E5D2A898385EA0F8B968106CC69	787	no	no					
APU25_00745	3C22E53F00ACDD1767BC9BD0F9100A43	786	no	yes	4	2	0	1	GO:0016491
APU25_00750	38069ED4DA56C30652C613BDC232CA70	741	no	no					
APU25_00755	4CD6BB44716875B05384212CCB882EA7	261	no	yes	3	1	0	1	GO:0008757
APU25_00760	4E366A2050EAE58FC7D0593B7947CD8D	143	no	no					
APU25_00765	DF2A3F604947D55C2E03C584EFB157BC	524	no	yes	8	2	0	4	GO:0004672,GO:0005509,GO:0005524,GO:0006468
APU25_00770	DD21BBA2AD16004B953B7DDB184B50B8	210	no	no					
APU25_00775	89E5A9DEF9AA67139CDB0AD6687BDAE7	388	no	no					
APU25_00780	A366C8011C02249F1EA9826364E32983	386	no	no					
APU25_00785	EECA20ECA6550D64388153D9944DF4E4	379	no	no					
APU25_00790	5D09312E0576568B5C13B410E7B55819	346	no	no					
APU25_00795	429FC7FCDDB3B64C98358D36F145FE37	354	no	yes	4	1	0		
APU25_00800	098168F696690A9F228CC29B86688F52	574	no	no					
APU25_00805	F23D0D427E570DFD510925B7582C5F00	1215	no	no					
APU25_00810	2D88904D6A1B014CBF64EAD7BA079EE2	783	no	no					
APU25_00815	D5A97CF91699D22616F410F8D98EB5E3	265	no	yes	5	1	0	1	GO:0003858
APU25_00820	2D13B98C139080E72EA12E431F550FFF	915	no	no					
APU25_00825	B689986384719744701D30F8500EFB3C	224	no	yes	3	1	0		
APU25_00830	7D5B70D2C91856A2A48765FCA3D3B594	789	no	no					
APU25_00835	2A3F51EACE6C9590E9925821B36E60D8	516	no	no					
APU25_00840	87CE99E4BE363495E2CF6CA97AA9DC24	560	no	no					
APU25_00845	D3010D6AE5E68764989C78AB33A39BE6	519	no	no					
APU25_00850	90F3438F79AD3FFA3892429C6447BF11	219	no	no					
APU25_00855	4666696C8049B5B18BA71B10D07E4231	304	no	no					
APU25_00860	7C26062E8A9847618E76BE6B12984572	703	no	no					
APU25_00865	5378928E0642123B074F0846DC4FEB55	352	no	yes	3	1	0	1	GO:0005515
APU25_00870	5D95C33685A1566DB2AE4CEBD9D182BA	880	no	no					
APU25_00875	4274E5A9F375DE87C2B588F21B081448	656	no	no					
APU25_00880	3C88C080444C0E504BE8B95F79CA1A3E	373	no	yes	3	0	0	2	GO:0000160,GO:0009736
APU25_00885	167FE49503F661007E65215A03072C1B	264	no	yes	2	1	0		
APU25_00890	2A60E944C00EB789A7DF6F14FB8BC921	379	no	no					
APU25_00895	A4EAF759E88CAF10BCA2399F0030F3B2	528	no	no					
APU25_00900	E1F971368FE81972886243B060C18036	222	no	no					
APU25_00905	8DE4FCBB01046CD7E3B5E6A51DD75118	340	no	yes	5	2	0	3	GO:0005242,GO:0006813,GO:0016020
APU25_00910	B3D9ECD7E490F125DF88DB3DC2208D69	127	no	no					
APU25_00915	CE92017B4B6BCE6DB24BF666CA589814	335	yes	no					
APU25_00920	96A19700D721D10BFD851408E71EF32F	791	no	no					
APU25_00925	4B585398C6554EE85DA85B1D6776B29A	77	no	yes	0	0	0		
APU25_00930	E42286FF13140C112302692A4000562F	337	no	yes	1	1	0	2	GO:0008318,GO:0018342
APU25_00935	7F62F530565A05F1935AD597661CFDE4	495	no	no					
APU25_00940	3D866A94210F852E63D078B5B5FD88ED	300	no	no					
APU25_00945	63C250D7B9A3CBD4E8B39A61C26A0A8E	490	no	yes	6	2	0	4	GO:0003848,GO:0004156,GO:0009396,GO:0042558
APU25_00950	53E6F000DB068C86620C0E440D15BC80	110	no	yes	1	1	0	1	GO:0000398
APU25_00955	CFC022B7C315DCFA97A2E1960CECF430	387	no	yes	1	1	0		
APU25_00960	90CE49324766C4CAAEB253FC7C54A620	990	no	no					
APU25_00965	BEDA8C7C3D3C373BE8D17B47A8B0AE46	456	no	no					
APU25_00970	617D0CD6D7F9E60433C85A270021A981	362	yes	no					
APU25_00975	9F8D0724C66FE9189BA15CCDCAB25380	634	no	yes	4	1	0	5	GO:0004611,GO:0004612,GO:0005524,GO:0006094,GO:0017076
APU25_00980	FAE3335A3967070E8855D5D0072EF075	264	no	yes	2	1	0	2	GO:0005506,GO:0008610
APU25_00985	8F14E63CE13CF46218A0EB3D59C3A6DA	415	no	yes	7	2	0	4	GO:0003824,GO:0004076,GO:0009102,GO:0051536
APU25_00990	436DE55771116670659215693C5BA974	170	no	yes	2	2	0	1	GO:0005515
APU25_00995	3793F1D107D1A7B666FAE9B6A6F5BAB7	354	no	no					
APU25_01000	6A6A092D69B56B1BAE73CC85B32F0B31	390	no	yes	3	1	0	2	GO:0004722,GO:0006470
APU25_01005	42C2A53F99262A947FEA11A13431EA49	80	no	no					
APU25_01010	48477B2CE03994F08060E9E5DB7F2FDE	845	no	yes	3	1	0	1	GO:0006629
APU25_01015	A3BA7E38403600E439F9598B578BA1DA	368	no	no					
APU25_01020	7C3287F0C29C8282F758930D8EDDECDA	189	no	yes	0	0	0		
APU25_01025	FBCC41A4FEB4C66B0AD05249C71DD8C8	725	no	no					
APU25_01030	9C0FE5E8BFC305D4AA0C4CE794F14691	1091	no	yes	12	4	0	4	GO:0000166,GO:0003676,GO:0003677,GO:0003887
APU25_01035	894D2700BD54C1EF5EB50EA92A9E32A3	368	no	no					
APU25_01040	D79FE488326379E0A3D2C76E1474C3D2	178	no	yes	0	0	0		
APU25_01045	5D18BA7C044DBD78F9BCAC44AC309955	508	no	yes	1	1	0	1	GO:0016758
APU25_01050	F3930122F7191D000329DE9DFA43D5E4	178	no	yes	1	1	0	1	GO:0003352
APU25_01055	B9EF328911A3CCC1C0D701F2438430F6	1382	no	no					
APU25_01060	5AE63C2A5B77B3338A7FF97B6AD10DA6	478	no	yes	4	1	0	5	GO:0000105,GO:0004399,GO:0016616,GO:0046872,GO:0051287
APU25_01065	D0D10E55E5D67AD7FCC77160F4604520	74	no	yes	3	1	0	4	GO:0003677,GO:0003899,GO:0006351,GO:0008270
APU25_01070	829F92EE99C4303B82480F569DCAB796	567	no	no					
APU25_01075	73E816854EB290E82E1DE1ED2D21ED60	556	no	yes	0	0	0		
APU25_01080	82F454F3A9B4E56CA5C10EEF28CD93C6	576	no	yes	1	1	0	1	GO:0016757
APU25_01085	414F49590717FDB4808F723E625E6CE9	671	no	no					
APU25_01090	6C9F0CB4C4CF34023279CD2F48B78925	273	no	no					
APU25_01095	D5E29430D9A0CCEF6E12BD1CF9742350	95	no	no					
APU25_01100	390E048C827D6285ED56B535377F522D	485	no	no					
APU25_01105	A9A66A0F0D0C743C0232DD683AD21BC4	303	no	yes	2	1	0	1	GO:0016020
APU25_01110	56F6B1E69DD2D7E1B0C11DFACCEACB54	468	no	no					
APU25_01115	AFAB0905B0BAFF2705A0ECD20A31044D	1342	no	no					
APU25_01120	3ED449CD1850C09840C847E5DAA6FADA	521	no	no					
APU25_01125	C1BC122ECB28DF952955357587531BA8	1630	no	no					
APU25_01130	48D6F65F28F51786923DABBA44561ECE	428	no	yes	5	1	0	1	GO:0004407
APU25_01135	D871FC281B3617F80ACFB050650BD297	120	no	no					
APU25_01140	9DDBE0CCE35C5AFB3908CB4A030CDD3C	245	no	yes	0	0	0		
APU25_01145	7ABD33784136A3B9BBE18A498B3E10D1	513	no	no					
APU25_01150	62EE9F5CFC8985E368EAE169EBB3AFB8	1105	no	yes	6	3	0	3	GO:0003676,GO:0005515,GO:0005634
APU25_01155	A7A9C7113726FF34EBFCCE86AFC874FA	372	no	yes	3	1	0	2	GO:0003924,GO:0005525
APU25_01160	13A59BAD270EC8DC6CDA90EAF7C1047D	358	no	no					
APU25_01165	CB8BA9383E2F5B0519292830AC6A4FF8	534	no	yes	2	1	0	2	GO:0006357,GO:0035267
APU25_01170	27C9D25B5E115E255CB2B893DDF8413E	418	no	no					
APU25_01175	8F96288801005C0F30A06630390EB868	552	no	no					
APU25_01180	CFC54E8BD5EEBA5D5E10C3C46FF29BAC	404	no	no					
APU25_01185	775AD1C23C6A5F1194EEB69ECF16E780	360	no	no					
APU25_01190	559FD54D7A57FAC3ECF5F95864420434	564	no	no					
APU25_01195	AC01A5A04D61430D0BAC690410164E7C	413	no	yes	4	2	0	2	GO:0005524,GO:0016887
APU25_01200	1F67A8C1F0901FA5C116D0CEBABB6733	118	no	no					
APU25_01205	73CB6E3EA7E873A4BE88B99B36F65E62	316	no	no					
APU25_01210	7E61F4A48E9C32BB6DF325D8E48F9DF2	221	no	no					
APU25_01215	7F588F45720DCF2EF12177B8FAD10F72	1153	no	no					
APU25_01220	5188C258D0958BB2366795B63BC5B203	330	no	no					
APU25_01225	C9CE51B8A0413365C97E9D82C11D4EAF	325	no	no					
APU25_01230	6EE4EADB613EF28AEBA2B5D2BDA7F0CD	322	no	yes	4	1	0		
APU25_01235	1CD31BE1497E6C05BA3DB5F23AD757F2	501	no	no					
APU25_01240	377D8596FC8048353F37E7BA57DB569B	318	no	yes	7	2	0	1	GO:0005515
APU25_01245	6048057FA4096C8C374717C65EFA86A4	454	no	yes	1	1	0	1	GO:0016787
APU25_01250	405341EEA2102B41FE1E94796E31B659	375	no	no					
APU25_01255	C12BBE3FD29889AFE0C9E5E4ECA458F8	1424	no	no					
APU25_01260	502C56286CFA8AD968CF361126965612	835	no	no					
APU25_01265	047101A6C3D69BFC01E0ED1355BA9CF2	88	no	no					
APU25_01270	F5320102B0CD56961B773F7BD44364A7	195	no	no					
APU25_01275	2498C08F07C467B1CD58B3CBAB7C9764	1004	no	no					
APU25_01280	230EFB75B54564DEAF4B28E380CC87A3	409	no	no					
APU25_01285	9FFE35BCDF0F5F0436A6137DF7982EA9	284	no	yes	3	1	0	4	GO:0004659,GO:0016020,GO:0016765,GO:0042372
APU25_01290	256D296B3CD9FACD798B503D3E6C5988	514	no	yes	0	0	0		
APU25_01295	E0BD89645FAB68A15880A5124C7DD01F	277	yes	no					
APU25_01300	976871B751FFF21942182CE1D67DF090	864	no	no					
APU25_01305	9533CF58CD23EEC432313986C99EF262	1308	no	no					
APU25_01310	EE773E60FF2FCD2E11278B84A9257FCD	616	no	no					
APU25_01315	AFCA893C133349E5FB56BA75189DE42C	445	no	yes	2	1	0	1	GO:0003676
APU25_01320	498CEA324B437236B0FBB0F90013ECB1	240	no	yes	7	1	0		
APU25_01325	E5D7D4628AD450E0EBC0E874096BD40B	107	no	yes	2	1	0	3	GO:0003735,GO:0005840,GO:0006412
APU25_01330	B34821E267FAAD0E8936EC45D8E8FCBD	1321	no	no					
APU25_01335	E0248AEF047506D74926643165406006	768	no	no					
APU25_01340	4DD830763A1E09B0835E190837E57A17	118	no	no					
APU25_01345	0FB6162CCB2482DF3029199737FE52C4	358	no	no					
APU25_01350	5E09762C2385FE65962DDDB1CE3C5FB7	492	no	yes	6	2	0	3	GO:0000244,GO:0000398,GO:0046540
APU25_01355	A5902FCBE05F0D5A15E90B875FE0A49A	515	no	no					
APU25_01360	C33E98D6606237D4EF5D17BF25D60A6F	527	no	yes	1	1	0		
APU25_01365	B4B429E923DFA34784C8828620A11026	1104	no	no					
APU25_01370	744FA1363281340E10F34FAF3666301C	388	no	no					
APU25_01375	9CE194F465D49122825C8D83E8F34F32	640	no	no					
APU25_01380	CA8C84200E04516BA20754186F942AF2	204	yes	no					
APU25_01385	C927C6222614AD43AB7323C9582101EF	117	yes	no					
APU25_01390	822ECDC673DCE07483942F9F2489D4B9	132	yes	no					
APU25_01395	15F8B8EAE8723391571FCDB6C97B7EF0	171	no	no					
APU25_01400	8E42D87BA8A025BF0EB3451EC8BEC80B	533	no	no					
APU25_01405	A2BECA61F2A3655ECA4821DD4539445A	864	no	yes	2	1	0		
APU25_01410	7FFF890FF06CD8DB83A120BF3C7F49FF	68	no	yes	1	1	0	3	GO:0006406,GO:0008541,GO:0043248
APU25_01415	43F449D779AC3F8E24EC73CD19164F9F	290	no	yes	5	1	0	4	GO:0004672,GO:0004674,GO:0005524,GO:0006468
APU25_01420	8E511F024880AA8AA883782707D673B6	399	no	no					
APU25_01425	706022888E2D649B8CEB5DD7BA8162AB	582	no	yes	5	2	0	2	GO:0005524,GO:0016887
APU25_01430	5DEBC0B33D158B25F55BC191354A5495	322	no	yes	5	2	0	3	GO:0003676,GO:0005515,GO:0008270
APU25_01435	DF02C67193E8460F43530D71BBCE0EE2	122	no	yes	2	1	0		
APU25_01440	EB7DA1CFBBD0F5380131BCEC1176F274	851	no	yes	6	2	0	1	GO:0019888
APU25_01445	D72B7DE4F3DD8FE3CE6C612E1566A812	297	no	no					
APU25_01450	CAB4D90B6692922E88167D19F160F591	419	no	yes	3	1	0	2	GO:0016020,GO:0032977
APU25_01455	28ACDD8E88130D88EFD9C978A854F749	876	no	no					
APU25_01460	9BAC9710BD21E2DFAA547E9AFD9370A6	587	no	yes	4	1	0	3	GO:0008521,GO:0016020,GO:0035348
APU25_01465	45928E6CD2D5770C9E1E99E2CE0F9C2A	211	yes	no					
APU25_01470	FF075AB81F758B34DDC4653B74F76299	292	no	yes	0	0	0		
APU25_01475	3FECD5A3649D852D1569735D12558052	363	no	yes	1	1	0		
APU25_01480	4C08A860EFEEA624547F968E2B2E1758	2352	no	no					
APU25_01485	6A0FC536E5ABA8590C64EDDE8F22B0BF	589	no	no					
APU25_01490	E234035C9F09429473A1495F19C3DC8B	326	no	no					
APU25_01495	4BBA2EE5CF3F1C4FFE9A59DD087AA172	466	no	no					
APU25_01500	4CAC70B8B6185A89C462FB9DAAA4268B	305	no	no					
APU25_01505	9A9FFAC5FD2B9DE080CBADD6DE1C7032	161	no	yes	0	0	0		
APU25_01510	3955EDE45871AB2FE1D66129A64E4206	268	no	no					
APU25_01515	2CE13586E25DB205FC1C6C8C330CCF80	325	no	no					
APU25_01520	1BDEEFDA33737903213AD0DCE3D2C2BF	478	no	no					
APU25_01525	F632F750B7FFE17392198AF28945E28F	182	no	yes	0	0	0		
APU25_01530	563A14E7E98F6F05365871DADA9BF14F	427	no	yes	5	2	0	3	GO:0003676,GO:0003724,GO:0005524
APU25_01535	E0F0685188CA50F6D2890346F9E824AA	258	no	yes	2	1	0	1	GO:0005759
APU25_01540	03A4A8D7C3E96974467D5B112BA1E78E	286	no	yes	5	1	0	2	GO:0005839,GO:0030163
APU25_01545	51B1F14F9C4127B331D430FB8877C2ED	473	no	no					
APU25_01550	8500AF47CDCCC798777302CE019B82FF	351	no	no					
APU25_01555	56CAB0413D8DFFD6F01DC4C4CFEB554F	640	no	no					
APU25_01560	0EC056338386D1D9B936BB1135C31581	143	no	no					
APU25_01565	58BE62FEDF3172993F52AEEDC34AE4CF	436	no	yes	3	1	0	1	GO:0005515
APU25_01570	4081F1B83D93335CC8D8088D99169BDA	194	no	yes	2	1	0		
APU25_01575	3E4475D2FA04970328AE1E388C626F59	516	no	yes	3	2	0	1	GO:0006269
APU25_01580	B23779CDC34485CC6977E346382A2F29	195	no	no					
APU25_01585	BCCD616795516E9956F59355BE9A6ED1	343	no	yes	1	1	0		
APU25_01590	4557F0C4EE5A49C8C98EE68A16D77A01	181	no	yes	5	1	0	2	GO:0003924,GO:0005525
APU25_01595	9E988ED1369F5A51D77565ECF9E09C6F	337	no	yes	0	0	0		
APU25_01600	DF8F81155A95150AB41F250517E7AAF3	1116	yes	no					
APU25_01605	6D9FD5139CD5A4862BF5FF6D9150AFDF	626	no	no					
APU25_01610	D3ADC5656280B7B7D9143B7068282EC2	238	no	yes	4	1	0		
APU25_01615	DD73672DC3FE49C19F87E554C5396B70	212	no	yes	6	2	0	1	GO:0003755
APU25_01620	513F47C7C4D5C2C47494EBE6D5E8ADA6	354	no	yes	1	1	0		
APU25_01625	C5E77DD81F8366DB1342D318092A38C7	179	no	yes	2	1	0		
APU25_01630	3300A0FBB40CA65D37580DD5ED920A50	330	no	yes	0	0	0		
APU25_01635	82643BF428B03C4F8E406208A3FE84AA	555	no	no					
APU25_01640	BD1E34F7DE6E31F4804A420C049EE02D	616	no	yes	11	4	0	6	GO:0005524,GO:0016887,GO:0033180,GO:0046034,GO:0046961,GO:1902600
APU25_01645	63034CE08430A4AF7A4913BB00631715	123	no	yes	4	1	0	4	GO:0000786,GO:0003677,GO:0030527,GO:0046982
APU25_01650	74D78D74C4D9D901CF6971C24B37E1EE	142	no	yes	2	1	0	2	GO:0000398,GO:0046540
APU25_01655	670E35F778CD3B442A899E6400286724	633	no	yes	3	2	0	1	GO:0005634
APU25_01660	037ABFB34D3748EAE3BAB41A394A614E	912	no	yes	3	1	0	1	GO:0006606
APU25_01665	3A658B46C4DCFF2F7F163B77B2203F97	272	no	yes	1	1	0	1	GO:0016020
APU25_01670	1A25A7E80316132ADD01BE71F0A8AC6A	140	no	no					
APU25_01675	5885E7C82F82B21A3167315318E85087	300	no	no					
APU25_01680	9DE7B3E1A68CA1A6768AEB2548971737	375	no	yes	2	1	0	1	GO:0016020
APU25_01685	E520FB57EC6E94616D34AAA3C9667C3D	1501	no	no					
APU25_01690	CA65A441470678FCD7FC56DF658D4F23	417	no	yes	3	1	0	2	GO:0009742,GO:0032784
APU25_01695	4DAF8DFD98FB28D134B7D4877355D170	213	no	no					
APU25_01700	47A068DEC1DCFB7DB02F5AB0EB09128E	673	no	yes	3	1	0	5	GO:0006812,GO:0015297,GO:0016020,GO:0055085,GO:1902600
APU25_01705	C01F04FFB6CAC78CC4472893B6D407C3	381	no	no					
APU25_01710	4FC0A8A20CF6393A5BE93988F200682D	847	no	no					
APU25_01715	34EDCD61EED07D782660D10F52661F9B	156	no	yes	5	2	0	3	GO:0003735,GO:0005840,GO:0006412
APU25_01720	902A5FB1594BC39A78F4B1DE866DA40D	388	no	no					
APU25_01725	C49C4E579EDC1EC061F0E442D7754A7C	1345	no	no					
APU25_01730	B03E75D5E6698C3D5C088297912C3A00	287	no	yes	2	1	0	1	GO:0016020
APU25_01735	CB44AB5F7D3F67FFE25164BA95080552	302	no	yes	0	0	0		
APU25_01740	CFABE7C418BBF08867C2A95E81D1A812	224	no	yes	4	1	0	3	GO:0006281,GO:0006307,GO:0051213
APU25_01745	6772D9DD851B71CA8BE272F85915B44F	136	no	no					
APU25_01750	D8B95229FD4E4CEE017F6F6414739DF7	578	no	yes	6	2	0		
APU25_01755	EF961620A87E259C9CEDB3FCB1772077	829	no	yes	4	1	0	2	GO:0005524,GO:0006468
APU25_01760	B5E9E46BBCAC2CD5BB5EE4BCFB2A47DE	174	no	yes	0	0	0		
APU25_01765	9A4D7C74D8E4FDDBB0AACBD926579CB0	951	no	no					
APU25_01770	46C42F5F4B07D1E0294985C1AA23B32C	365	no	yes	5	1	0	2	GO:0004805,GO:0005992
APU25_01775	04DABC2205C6C5BC67FB15D0ED0A6826	820	yes	no					
APU25_01780	278477E5FEA7E83E878AC7FF1494359A	155	no	no					
APU25_01785	7594C292A10CBE80744C66F554A7D569	554	no	yes	6	2	0	3	GO:0003676,GO:0003724,GO:0005524
APU25_01790	A15546EB28C9FB8C14F200FE696892EB	407	no	yes	5	2	0	2	GO:0006741,GO:0019674
APU25_01795	B1E4C14887DF6E917F3C058F12EB86AA	423	no	yes	4	1	0	4	GO:0004739,GO:0006086,GO:0016624,GO:0043231
APU25_01800	0120B7E5462F87DA9CD329CD0E14A825	155	no	yes	3	1	0	1	GO:0051604
APU25_01805	EF8F6D269C965061D5A9DCC968B6372F	571	no	yes	2	1	0		
APU25_01810	7EE50A7A94DEBE1EC740F6CCA7407644	66	no	no					
APU25_01815	A8A6B1A181E45C69C7F7BADB3216E179	444	no	no					
APU25_01820	F91CBC563D1DDC394F4A67FC9B52C34D	374	no	yes	5	1	0	5	GO:0000166,GO:0004812,GO:0004831,GO:0005524,GO:0006418
APU25_01825	BEFFF35F2C67B4839B41E82AD1E97B52	268	no	no					
APU25_01830	F8E3C86820393AE41FD253B841B790F6	1550	yes	no					
APU25_01835	E4DF15B559E1A6733824D464AE80A110	569	no	no					
APU25_01840	AD68F5B2F76EB1CE6E033801BF2DF4C6	390	no	no					
APU25_01845	D00E00F9095BF876888627778BA38B18	240	no	yes	6	1	0	4	GO:0005524,GO:0016020,GO:0016887,GO:0055085
APU25_01850	CAC97C7F384D3BE072D2A7B9F2FE03CF	573	no	no					
APU25_01855	16FE457346D0263F0EF17261205AF449	594	no	no					
APU25_01860	7C8563E760A1CC7A100E624D3FB60A7A	356	no	no					
APU25_01865	68A8288BD620713AF3AF190D07DF5E91	459	no	no					
APU25_01870	E4ECB7F886CB8995C77EA3AEC2EA729E	586	no	no					
APU25_01875	6E42A3E3EB881420D959416D6D272041	364	no	no					
APU25_01880	263328103E5A122F0BECE1AD2D751AA7	585	no	no					
APU25_01885	C44673B7D12F3FC8B5E5E01A814F03AB	82	no	yes	1	1	0		
APU25_01890	825F2A8542CC9E5845C0CF09061BF651	380	no	yes	7	1	0		
APU25_01895	ACD0A5E0A67B75EA9E810B81F637B2C1	160	no	no					
APU25_01900	3D3F7D6EF76EB2FA02768786A7B43B24	427	no	no					
APU25_01905	30E5846BB1A558241E51D6BD39757835	1078	no	no					
APU25_01910	CBAB98CA32D588CD256D98841BD8EC7E	285	no	yes	5	1	0	2	GO:0004807,GO:0006096
APU25_01915	98007447380D1D7A434F22DE8B3D7995	1554	yes	no					
APU25_01920	D667796E301F6A5B0DE1AE5358F16D91	172	no	no					
APU25_01925	87748FBA283B6AC720AF5DD59A35E9F3	140	no	yes	1	0	0	2	GO:0009644,GO:0009773
APU25_01930	4CC2D7ADCE218BE1F6F442E6668122AA	274	no	no					
APU25_01935	053E255E6D4A4F440846233597505D22	274	no	yes	2	1	0		
APU25_01940	F3160BE410A0A92AAEA1FE239FE82863	510	no	yes	3	1	0	3	GO:0015267,GO:0016020,GO:0055085
APU25_01945	37706718D00CF7FC5544614EECF6853E	511	no	yes	7	2	0	5	GO:0004370,GO:0005975,GO:0006072,GO:0016301,GO:0016773
APU25_01950	53D36D8487EBD75CF569F7A92A59B3C6	442	no	yes	3	1	0	3	GO:0015267,GO:0016020,GO:0055085
APU25_01955	159C60760CFD5F8E153E451D4A701FCC	446	no	no					
APU25_01960	7526766344EF5F39B881D1C0008B962F	515	no	no					
APU25_01965	21DDE06763901CCC7922199691F219ED	446	no	no					
APU25_01970	0E2EBBB25E1C15FAF73534E67618E08D	321	no	no					
APU25_01975	63DCA6E8726A8191F53F190E991FA990	121	no	no					
APU25_01980	C0AB2B68F89410702D63132D850B2A17	768	no	yes	10	4	0	3	GO:0003676,GO:0003723,GO:0004386
APU25_01985	5AB515CB32CC89BAB4D2801EAD615277	227	no	yes	2	1	0		
APU25_01990	FF54F610F4830C3DA96D6F46AF255D33	298	no	no					
APU25_01995	A9FD40CF17A7AD4D86EE668D13E8E8EB	354	no	no					
APU25_02000	DBA954EFFB2AF2E45F024B4E95A65755	133	no	yes	3	0	0	1	GO:0045271
APU25_02005	C5601733B85ACB8B5BF49BB779CF27D2	173	no	no					
APU25_02010	91C7E789246361774DFC25C28E9F6A9B	192	no	no					
APU25_02015	0E6EAFEF993B7DA118CF55C9249F27B4	260	no	yes	2	1	0	3	GO:0003735,GO:0005840,GO:0006412
APU25_02020	68C66EE00CF6F2C254D8529617C3929D	67	no	yes	1	1	0	3	GO:0033179,GO:0046961,GO:1902600
APU25_02025	0C4C16F2801DE74DBAC02BD42DF224B7	689	no	yes	9	4	0	7	GO:0004176,GO:0004222,GO:0005524,GO:0006508,GO:0008270,GO:0016020,GO:0016887
APU25_02030	FFB316454795D1176C16D42B12CC7316	1416	no	no					
APU25_02035	6DE5239243181795412BFA35E61A1AB5	311	no	no					
APU25_02040	7EE790431DABA55710D95B5DC3996C11	613	no	yes	1	1	0	1	GO:0016791
APU25_02045	242773AEB3FB554B0076EA95AE246297	117	no	no					
APU25_02050	5323633BB1B419221D2EAE1351A629BD	785	yes	no					
APU25_02055	01ADF32026DF881CBB99E7BA6632149E	391	no	yes	0	0	0		
APU25_02060	DBF979F6560C94999BDAF2A5717B87CC	964	no	yes	9	2	0	7	GO:0006886,GO:0015031,GO:0016192,GO:0030117,GO:0030122,GO:0035615,GO:0072583
APU25_02065	86ECDABFDD7368969620261049588981	188	no	no					
APU25_02070	4CFC6643F63D67CC9EB212DBDB3DC5F2	441	no	no					
APU25_02075	FE2FACD5210C1DF2D0B6D34337E7E230	297	no	yes	2	1	0	2	GO:0003919,GO:0009231
APU25_02080	745E9CD03EFE4D9E82307C317D67A9EE	263	no	no					
APU25_02085	501EEB755210B3CFBA7614DB695FA12E	524	no	no					
APU25_02090	6833EEC54B9CEDFC7C75309CC5621E8A	694	no	yes	4	2	0	2	GO:0016020,GO:0055085
APU25_02095	2741C9A9DBEB11433AEE1914E547E63C	1686	no	no					
APU25_02100	F741AD7EC32C28DD01DE2DA35D7BD248	1038	no	yes	5	1	0	2	GO:0005515,GO:0031087
APU25_02105	7B4A93A277B6BFE771E0C892AF20A26D	366	no	no					
APU25_02110	68FB3F9EF55336B790FAA61A1026BA4A	345	no	yes	3	1	0	3	GO:0003677,GO:0003700,GO:0006355
APU25_02115	DB602829E50011C0AE00E023101EF3D3	399	no	yes	1	1	0		
APU25_02120	8499A70888F0FEA57CB73FFB91FD5E1E	580	no	no					
APU25_02125	56FD979DED944EF1FC05CC08A8E77D89	463	no	yes	3	1	0	1	GO:0055085
APU25_02130	966376A3D8DB34240A217971C3DA3A56	230	no	yes	5	1	0	1	GO:0003677
APU25_02135	C384437BD7BC3597E738D0163FB9D0CA	386	no	no					
APU25_02140	A9FD8AC56B4CFE7EB3837142402292B6	336	no	yes	4	1	0	2	GO:0000408,GO:0002949
APU25_02145	BAFCC360B0B39CF941CFAFB287D8B567	1568	no	no					
APU25_02150	C32B9A082B8A1324D8620E00D62F0611	112	yes	no					
APU25_02155	DCAF9B6BEA822E896EF17F75863F3339	162	no	no					
APU25_02160	AD2413768445E4B34B953D31793B0E7B	427	no	yes	2	1	0	1	GO:0005643
APU25_02165	22D2DFC910A5F97D755E46329E3C5D40	830	no	no					
APU25_02170	9AD67CCDFABE0076C4E895933CF95598	697	yes	no					
APU25_02175	079773F342B7E64A6FA7EAF958A9F618	177	no	yes	5	1	0	5	GO:0003676,GO:0003723,GO:0003735,GO:0005840,GO:0006412
APU25_02180	E0BD667459C398BA005A97C04787F6AD	614	no	no					
APU25_02185	17BE965E1DBD2F427D399096A703A9C1	203	no	yes	0	0	0		
APU25_02190	F4F170CEF10C1A42AB58350800E162F6	460	no	no					
APU25_02195	45BEF42D336AC223E418900E5A7AB6DC	544	no	yes	2	1	0	4	GO:0015297,GO:0016020,GO:0042910,GO:0055085
APU25_02200	8AEA70FBE843A1209CD64274B4B90B4C	331	no	yes	3	1	0	1	GO:0005515
APU25_02205	50AB166BA4CA6DF3FE498642F8DAA886	804	no	no					
APU25_02210	E25BAED800947190569D3E9D1FA4FEAF	257	no	yes	4	1	0		
APU25_02215	78587583ADE7223EB7DF2841A01CD427	899	no	yes	12	5	0	4	GO:0005524,GO:0006355,GO:0008134,GO:0016887
APU25_02220	85B3EDC2017080E668C1A4F77122B16D	1309	no	no					
APU25_02225	4BB3EEE3E58FF94708183ABD7A2247EA	715	no	no					
APU25_02230	DB53001898F8F87440E8053F2429A298	609	no	yes	4	1	0	2	GO:0005515,GO:0031124
APU25_02235	DE5C7458D4C53879FB66D77E8D86B481	1074	no	yes	5	2	0	4	GO:0005049,GO:0006886,GO:0031267,GO:0051169
APU25_02240	135F019ABC2DDB635DD4AD739298D5E1	67	no	no					
APU25_02245	BB3026DF7713F1E8AFF736CB8DB2F0E9	536	no	no					
APU25_02250	95766B0FD0A7E1F5BC9F6B38774E3B9A	531	no	yes	1	1	0		
APU25_02255	9D25C8B03EBB3BE84AB0379445F3AAD3	763	no	no					
APU25_02260	E26822FF7D41C4F96A32FBB6A1AA44D5	965	no	no					
APU25_02265	90E66387146A75902FD965E94DB67B80	761	no	no					
APU25_02270	DF5EFB32529DADEF9EF47390201CA629	401	no	yes	6	1	0	1	GO:0005515
APU25_02275	6D110B59455EB9A3BED2AB3E215CC27A	437	no	yes	0	0	0		
APU25_02280	B7160AE1B5E784AB9D6D58EFCE8F1102	79	no	yes	2	1	0	2	GO:0007017,GO:0030286
APU25_02285	8074F8342C69B093D2118C7F787E7A8E	289	no	no					
APU25_02290	07F46F93940C3AE8B6ED5E7F514C9C2F	344	no	yes	2	2	0	1	GO:0008270
APU25_02295	AC9AF45589CC3E5F8B096DE12E64F182	292	no	yes	1	1	0		
APU25_02300	017720960A62D7939072541C61C5BB63	343	no	no					
APU25_02305	615B278AC09194F2C00EC5350A051FC3	478	no	no					
APU25_02310	D5ED9EB465ADAF843F73D6AA262BEFAA	439	no	no					
APU25_02315	6BBD2F932D296D35ABDE0E25A7F379EE	631	no	no					
APU25_02320	79C66FCFC9DC535B1AF080C349E4E431	464	no	no					
APU25_02325	F8CDFC4D563DDFD28C48E919F56DBD23	158	no	no					
APU25_02330	412B791C0A0FB5197B3D0DC5D4BBC21A	436	no	no					
APU25_02335	A1C2A65141DE84534C183264C0A67114	188	no	yes	3	1	0	1	GO:1903259
APU25_02340	27F292EC1BEA7A3939AA9C7BD3F7A3E3	195	no	no					
APU25_02345	30E98B05DC5FB079FAB4EF08E2401699	1091	no	no					
APU25_02350	D767C401CB7BE6D9B3C33ACF54C279F1	1392	no	no					
APU25_02355	1A115FBE867A9200527B96C0119897A5	359	no	yes	1	0	0		
APU25_02360	40257F50C621C7693FF02E59921297E0	337	no	no					
APU25_02365	DBC9C015F8F45A0C29226A0DC8AAFAE0	123	no	no					
APU25_02370	6A57267492CDD61E1BCE953BF972227C	375	yes	no					
APU25_02375	1B3127C7FCB0184D48D33F5BBDC39573	1107	no	no					
APU25_02380	A75700A12E336FEF37878913F64970AC	364	no	yes	1	1	0	4	GO:0016020,GO:0030001,GO:0046873,GO:0055085
APU25_02385	2AA00629C1BE623903C1592E2FB0CE83	257	no	no					
APU25_02390	CF1CCFB81F6FA10BA504563A1E7219D1	114	no	yes	3	1	0	1	GO:0005515
APU25_02395	FEA7F5DED8B4A52C3096A92BB3AF5F23	764	no	yes	1	1	0	4	GO:0004427,GO:0009678,GO:0016020,GO:1902600
APU25_02400	080F69B2CACBA7356033A8B3D88CABAF	1088	yes	no					
APU25_02405	3F3E591476EA898D1385C48C63A3FB82	151	no	no					
APU25_02410	AE50D213D76A37EEC1F4F5159B6338DA	243	no	yes	0	0	0		
APU25_02415	78D36DC622563AFCA55B69ACD9C47DB7	348	no	yes	2	1	0		
APU25_02420	C807BC61DEF4D96979BB606A924AA7F1	283	no	yes	1	1	0	2	GO:0010207,GO:0015979
APU25_02425	71DB819EEBAD0BDED495D4F6E67BFBBB	698	no	yes	8	2	0	4	GO:0000287,GO:0004743,GO:0006096,GO:0030955
APU25_02430	ACA2633F8F6617CBEAFCD0CB1B775755	269	no	yes	5	1	0	3	GO:0004298,GO:0005839,GO:0030163
APU25_02435	0D034C8138839A1D407E36861DC671AA	193	no	yes	3	1	0	2	GO:0006890,GO:0030126
APU25_02440	B9EE1EC35FCF9F4C82B0668BC52F703C	442	no	yes	5	2	0	2	GO:0006741,GO:0019674
APU25_02445	F7C785BDE981285BA9B7E823E5F3A21C	393	no	no					
APU25_02450	ACE1F474E544E8FA448B23D348E449CB	539	no	no					
APU25_02455	A5B15152AF55F009D7012C66637C4241	558	no	no					
APU25_02460	2C54754A828B18E0113F71592E5B9F38	138	no	no					
APU25_02465	8748C46394A6C1E2203B0319087C9F6C	97	no	no					
APU25_02470	D81C4F42AB07D3947E92B5F244FB76AE	93	no	no					
APU25_02475	5BA7E59D9F9C74ED6F09370E1EFF99D9	97	no	yes	0	0	0		
APU25_02480	DE6C4AD0BA652A532AE78ECCA18515A9	141	no	yes	1	1	0		
APU25_02485	D446464D6E5151EDEF87015D6691B109	904	no	no					
APU25_02490	29E0461913D73070DF486191DD87DACD	313	no	no					
APU25_02495	7DB7069094051D544E3F6139D5BDE2D1	499	no	no					
APU25_02500	F97D54424759C1BE8602D0720EA29126	232	no	yes	3	1	0		
APU25_02505	95DC7DA096079AFE103ED4C0F3879976	82	no	yes	3	1	0	3	GO:0006879,GO:0051537,GO:0051604
APU25_02510	7B6E747EDF5A8524C678F5D1F6A32DAB	532	no	yes	3	1	0	2	GO:0003676,GO:0008270
APU25_02515	3A21E5B4AC16B94CFD691D1DA63BD0A7	465	no	no					
APU25_02520	BAF0FD9B383C4716134C599AEF1864A9	495	no	no					
APU25_02525	99641E0308FA4513F32610D116CE0363	172	no	yes	3	1	0		
APU25_02530	BBC80E66EF941B1DB2CEB211B6D3692C	864	no	yes	5	3	0	3	GO:0004842,GO:0005634,GO:0016567
APU25_02535	9CF19AF4B58CD9F3B2B1E315EFAC2C7F	714	no	no					
APU25_02540	B91D3A046113BB81ACFF29A66988E893	244	no	yes	3	1	0	1	GO:0043124
APU25_02545	7793FF0A154212DA466E7ABF12036ADF	322	no	yes	5	2	0	1	GO:0006629
APU25_02550	E807AED960F65E963BDED7CEAF20704F	589	no	yes	1	1	0	1	GO:0004620
APU25_02555	4CA65034C05876E064D8387248BC3CB4	548	yes	no					
APU25_02560	71338D7FBA81CCC24FF5968B8F55C10E	548	no	yes	6	1	0	2	GO:0004029,GO:0016491
APU25_02565	19CE2605117A574E68AA7B5236936D61	517	no	no					
APU25_02570	9E78709CAD2CE1BB937F955B709BE623	338	no	no					
APU25_02575	105E9546832D88DC277BCF23DBE4FF17	449	no	yes	3	1	0		
APU25_02580	A6C8D9C8604F26119C9EDBC266C8C5C0	457	no	yes	4	1	0	4	GO:0003824,GO:0004357,GO:0006750,GO:0042398
APU25_02585	6696A71ED647467B9F617C210A02726A	778	no	yes	7	4	0	5	GO:0003676,GO:0003723,GO:0003724,GO:0004386,GO:0005524
APU25_02590	E0FC1A060D540FF32506D0D6EFB11F4E	271	yes	no					
APU25_02595	F5DAD1C3FC19AA35F94704F9430BC733	151	no	yes	2	1	0	2	GO:0009522,GO:0015979
APU25_02600	2292E2DCCC9973FD038F279FFC5D5E36	3738	no	no					
APU25_02605	780A9F093BE92ABC76B8A40FCCAD0DE3	1817	no	no					
APU25_02610	90863A6D1BB8415EB530AF2EA9E6053E	531	no	yes	1	0	0		
APU25_02615	EDA266BB68B0103A13F86EE36DA82FD9	265	no	yes	2	1	0		
APU25_02620	B32E27D00197F589CF8451E98A39123B	174	no	yes	0	0	0		
APU25_02625	736CE3AFEE259C89EE08C017AECCA136	351	no	yes	6	1	0	4	GO:0004601,GO:0006979,GO:0020037,GO:0034599
APU25_02630	1D48387AB9B5951C4C71B85E4CE92049	867	no	no					
APU25_02635	2238F066A530314014CF77C07E97C266	812	no	no					
APU25_02640	0CF82319B88DAF6523EF40A4E49E779D	181	no	yes	6	2	0	4	GO:0004252,GO:0008233,GO:0016020,GO:0051604
APU25_02645	E201C85A237B0E69B85C530077EBB7B3	692	no	yes	1	0	0	1	GO:0005515
APU25_02650	799E9993538D563CC1A9ED868F8AC29C	246	no	yes	2	1	0	2	GO:0009765,GO:0016020
APU25_02655	D5A1A0E7A39131EB3165B58C33E2A8E0	574	no	no					
APU25_02660	BAED3786CF929B09A3A4BD31D0CC5B63	495	no	no					
APU25_02665	110BCF410C440C6FE17A41F1C9677371	96	no	yes	0	0	0		
APU25_02670	DE850CC063BAC6B0DF31A890A93C5111	431	no	yes	3	2	0	2	GO:0008033,GO:0016740
APU25_02675	8C95E2D6FC4E4A81F45D1E5FE3BED590	164	no	yes	0	0	0		
APU25_02680	6AF48179088F3321D474BD140D86843B	432	no	yes	0	0	0		
APU25_02685	7D4D7BECDC5BCC793E3254BF5CE50A98	1672	no	no					
APU25_02690	EEBE53B5FB21DF6D64B3447F6FC122FC	410	no	no					
APU25_02695	EC4CAD39400D154B9E50F43AEA480A0C	1048	no	no					
APU25_02700	D4E7F910F388DB4D9F38FF9CB3632E99	449	no	yes	1	1	0		
APU25_02705	07101069237E0685E74C34883CA8B6DD	856	no	no					
APU25_02710	578D929ED06880A3A783793902AC6E7F	136	no	no					
APU25_02715	14EBF89632F55CC139B901B4C4458B7B	101	yes	no					
APU25_02720	F6148583C76E9F5C975692686ABD8767	372	yes	no					
APU25_02725	0EB1EC5D8AE8E9CBB955A02D26C38A6F	93	no	no					
APU25_02730	94646C1987456930BF3419A2F591F373	172	no	yes	2	1	0		
APU25_02735	106538EB194473A8DCEDD3466C33FA16	263	no	yes	2	1	0	2	GO:0006355,GO:0042393
APU25_02740	0089B2D72769CAAF05291C9B370582F2	87	no	no					
APU25_02745	53403CF98AF907DC2C86B29CAE7ADF47	282	no	yes	5	1	0	4	GO:0003735,GO:0005840,GO:0006412,GO:0015935
APU25_02750	1D76DDF421E22A740FB5B2F2FB26509C	303	no	yes	1	1	0	4	GO:0016020,GO:0030001,GO:0046873,GO:0055085
APU25_02755	D49292148EC054190F9D822CB3516218	513	no	yes	9	2	0	4	GO:0000287,GO:0004743,GO:0006096,GO:0030955
APU25_02760	394249CE5711C22BF44D945B8CC09FB1	117	no	yes	2	1	0	2	GO:0006457,GO:0016272
APU25_02765	CBC3D273AFE8B6E73EAB5F1CC91B04ED	110	no	yes	2	1	0	2	GO:0005743,GO:0045271
APU25_02770	DBE44EB0FBD658E1A5F34E040024C7EF	750	no	no					
APU25_02775	E798D8093CC64A316430F17A55A9E524	387	no	yes	3	1	0		
APU25_02780	F1766EC6CD481BA44139648775079A76	420	no	no					
APU25_02785	79591B169A5F22C21644BE39B12B68DA	1388	no	no					
APU25_02790	DE339CA41813C78C30B300297A6A77E6	314	no	no					
APU25_02795	23BF26829DBA42DD61207F64412A6EFC	231	no	yes	2	1	0	2	GO:0007059,GO:0031262
APU25_02800	02CC207427CD445871DBC6345DC09C13	275	no	yes	0	0	0		
APU25_02805	7A7DBADC039B330E8C0F727F7E7047EB	288	no	yes	6	2	0	4	GO:0006631,GO:0016491,GO:0016616,GO:0070403
APU25_02810	59F77B9466287C531519ED6C7D1DF595	447	no	no					
APU25_02815	AD09F1ECE5CAADF3E11F1C5B85FEF89B	391	no	yes	3	1	0	4	GO:0005524,GO:0005975,GO:0008974,GO:0016301
APU25_02820	6FEE93C049D28E8948BF7CC9C13B1E39	221	no	yes	2	0	0		
APU25_02825	D0CAB2BD759474584DDB3EA70C9BA616	631	no	no					
APU25_02830	32995ED9A85C8805A04AE4FFF876EA0D	266	no	yes	0	0	0		
APU25_02835	6909EFFC067873C43E3DEC886011A742	477	no	no					
APU25_02840	A6CEFB6837F45C346E8EB56F82BD7303	425	no	yes	2	0	0	3	GO:0003700,GO:0006355,GO:0043565
APU25_02845	3C7741158DC04082B536BB20E88B149C	357	no	yes	3	1	0		
APU25_02850	0436A053171B9DD4AAF5961DA7ECC6B7	282	no	no					
APU25_02855	7A7F93587E75D29E4751A3BC7121DFD8	601	no	yes	5	3	0	1	GO:0005515
APU25_02860	BC329D0D3F49AAEBB4BA2C43EB6DF2E1	196	no	yes	2	1	0	2	GO:0001671,GO:0051087
APU25_02865	96025059C9FD8F3CD489807AEBCA1C93	662	no	no					
APU25_02870	D4E7A3A730A18EA2E524FBAB36A1A426	248	no	yes	1	1	0	1	GO:0015031
APU25_02875	665A5D58AE4EA3C6CFD0D8DB1E94E147	234	no	yes	1	1	0		
APU25_02880	510AE9C192EB548182EC5B9CCDCC79E0	487	no	no					
APU25_02885	8CC58460716F00C73A40155249662DCF	795	no	yes	4	1	0	4	GO:0003777,GO:0005524,GO:0007018,GO:0008017
APU25_02890	E81A3180046B58A8AE023554725C1859	542	no	yes	2	1	0		
APU25_02895	084597436436C661E064AC6C9E8A7DFF	519	no	yes	1	1	0		
APU25_02900	3EBF95D7FAD33E9EBB946E9C40FBD14C	236	no	yes	1	1	0	2	GO:0000398,GO:0005681
APU25_02905	543C268D39574680679E056F48863A28	370	no	yes	1	1	0		
APU25_02910	1E2BA98DEF8EB0635FABCA14306B583C	340	no	yes	4	1	0	1	GO:0016301
APU25_02915	04A1AB5B0619DCA531AABAD8668B0D2D	1188	no	no					
APU25_02920	B9457D9E9018C5AA8FC052FB78E45EFC	147	no	yes	0	0	0		
APU25_02925	9BBFDD908D2C631E7848D23E811C522F	398	no	yes	3	2	0	1	GO:0046872
APU25_02930	254EB136E4C459F8A3E7C995BAA51B0F	415	no	yes	4	1	0	3	GO:0008654,GO:0016020,GO:0016780
APU25_02935	2706A817BEFBE30575F8B6CF1335B933	213	no	no					
APU25_02940	0C8B82A4260253B4AA510A192E50FA7C	821	no	no					
APU25_02945	7E6D7E0FA7ECCF1378BC154C91ACB5C3	3184	no	no					
APU25_02950	A994E5F46C1FDAAC3950D19570143794	351	no	yes	2	1	0		
APU25_02955	92E42224D6F8D963F58CFB256CA4831D	656	no	no					
APU25_02960	D0ED00FC5E5F49A72DE98737A7BF9F8C	117	no	yes	0	0	0		
APU25_02965	F31C1F687D22EBF4B3C3D0B49F11CEF0	84	no	no					
APU25_02970	A9229B753E06B0DFD809BB0F1EA64CF8	449	no	yes	4	1	0	3	GO:0003700,GO:0006355,GO:0043565
APU25_02975	47892B04F4C1DE72759D5F6C4106C376	442	no	yes	5	1	0	4	GO:0001522,GO:0003723,GO:0009451,GO:0009982
APU25_02980	F58A31C9C3F3531705BF82B820AED862	739	no	yes	1	1	0		
APU25_02985	BB0B2A4EBD595A793EDA55F9E87A7BAB	882	no	no					
APU25_02990	BF0D42F4934D42D2CE88569E6ABB6EAF	497	no	no					
APU25_02995	D8A46AAA351B00C3AE26A92FFFBE64E3	114	no	yes	3	1	0	3	GO:0003735,GO:0005840,GO:0006412
APU25_03000	86BF814C7F988554D91D7F64A626A0AD	358	no	yes	5	2	0		
APU25_03005	684224CE917DAFFB0A25FC342DEA42D4	87	no	yes	1	1	0	1	GO:0009101
APU25_03010	BC02E589162E63D5DA9829FD7141C6FF	1006	no	no					
APU25_03015	A4217A17FD77488F723FA8270DB10C8B	689	no	no					
APU25_03020	F97E37EB52E931CFAF3C2F1F3C75CBD6	403	no	yes	4	2	0	1	GO:0005515
APU25_03025	C9588CB1DFFF08A3D4E24DF124DDAF14	701	no	yes	7	3	0	4	GO:0003676,GO:0004386,GO:0005524,GO:0006310
APU25_03030	4E7C09A3413BBA741506A183D8072B46	379	no	yes	2	1	0	1	GO:0005515
APU25_03035	EEE8D6F174766B252B24A005E1237A22	420	no	no					
APU25_03040	29D92713AFABFA622A4D29EE32B62267	556	no	yes	6	2	0	4	GO:0004672,GO:0005509,GO:0005524,GO:0006468
APU25_03045	237E7440B99B3CC55AE81809DD90AF92	413	no	no					
APU25_03050	93877169D761A23870A848DE04FAD90C	230	no	yes	0	0	0		
APU25_03055	D7BC34F6064C49C1B8AE8F9D54A8A8D7	372	no	yes	1	1	0	4	GO:0005381,GO:0016020,GO:0033573,GO:0034755
APU25_03060	F02A1F5558DE184423631B04A4FB9788	605	no	yes	4	1	0	3	GO:0008381,GO:0016020,GO:0055085
APU25_03065	2E5F116A5A74A612307083DA41F0B852	365	no	yes	3	2	0	1	GO:0000166
APU25_03070	DE3BBEBCF962CF47D863D3CEFCF3FB5F	397	no	yes	4	1	0	3	GO:0008168,GO:0008757,GO:0032259
APU25_03075	5F5D8AB070DB308EA5056A35661AE26B	396	no	yes	5	2	0	1	GO:0016020
APU25_03080	6E248A25B0BDD4B7117A449DADA9D800	589	no	yes	1	1	0	1	GO:0016020
APU25_03085	07C4494B4C46C0A9B22DE4F705319F7D	484	no	yes	5	2	0	3	GO:0005515,GO:0036258,GO:0043130
APU25_03090	276118A7525610B1FDDB1B420B0BD330	543	no	yes	3	5	0	2	GO:0005515,GO:0005680
APU25_03095	0C922B6FCF40E5CF2DC3C5408D9DDC3F	126	no	yes	2	1	0	1	GO:0043248
APU25_03100	408AF124DBC6CB4F295352817D8A5ED6	484	no	yes	3	1	0	2	GO:0003676,GO:0003723
APU25_03105	37AE9A0761A6F4B74143D93E5B50BF0F	977	no	no					
APU25_03110	5300EF2A8E7D87DAF005A810FC648920	505	yes	no					
APU25_03115	E9E8628E781765EA296F9B11E5AB4E72	104	no	yes	0	0	0		
APU25_03120	DAF1339AF579496B324E6A5101B60029	79	no	no					
APU25_03125	09825417B8866B2E31D2A9ABB10DE77B	180	no	yes	2	1	0		
APU25_03130	4033A1C75E7C6DE64079031E9BC0F339	762	no	yes	5	2	0	2	GO:0006741,GO:0019674
APU25_03135	9AA24C1CFDA0D864C5DA6A60DB98C4E0	185	no	yes	4	1	0	2	GO:0030904,GO:0042147
APU25_03140	36AAEA77406AFFF4893AA3BBC13DEE0F	740	no	yes	3	1	0		
APU25_03145	32738228EB58CC143002FBE7D2A8EF55	578	no	yes	3	1	0	1	GO:0005515
APU25_03150	CC12F66C23AD9F73B1B043CEC57BF8E8	557	no	no					
APU25_03155	A790AE252020A79EB323EE7224A24249	103	no	yes	1	1	0	2	GO:0005743,GO:0006850
APU25_03160	DB7B9C36EE3DC888F7F470FEDF0A7E12	384	no	no					
APU25_03165	DC4EA5B2C05F5D32F2C04D65F055B948	735	no	yes	4	1	0	2	GO:0005524,GO:0006468
APU25_03170	9D6C51671F2418D8181342EACD4E0D32	367	no	yes	3	1	0	1	GO:0005515
APU25_03175	458B339824B944D4089E1BEB985F7C16	796	no	yes	9	2	0	3	GO:0003994,GO:0006099,GO:0051539
APU25_03180	71A7ABC8E6CE002AB610639C64D1404A	397	no	yes	3	1	0		
APU25_03185	6F0E046F2787318C0A6A97768A33BC8D	147	no	yes	3	1	0	2	GO:0004150,GO:0006760
APU25_03190	092326B959EB50ECFE3214B82AEA188F	567	no	yes	0	0	0		
APU25_03195	30BB7AFD93B4E6AC5AC99B303CD8582C	71	yes	no					
APU25_03200	1149871B24D9463098248EEE2D8F153E	450	yes	no					
APU25_03205	FC2C7F79FC81C37B7C66331E6517D74D	77	yes	no					
APU25_03210	DA00263A9A39CE6496E983B0917D9E8D	310	no	yes	5	2	0	3	GO:0003677,GO:0006275,GO:0030337
APU25_03215	6EC39E793FC9F6F9E313457E9DE38E08	615	no	no					
APU25_03220	9019FD9A29A51DA4EB5E2F433C8CE768	365	no	yes	1	0	0	1	GO:0005515
APU25_03225	8063896269F43907C318D9C0C0F12193	754	no	no					
APU25_03230	9808840B71D3BE49E18FE4AA7AAA3647	272	no	yes	2	1	0	3	GO:0004222,GO:0005789,GO:0071586
APU25_03235	8D6047D51C220ABF76FCF2A9CAE67B1E	763	no	no					
APU25_03240	EA33DAB8FA4864479E57A75D9630564A	270	no	yes	2	1	0		
APU25_03245	AE7E2BA223F037293DD795C6F3C88817	308	no	no					
APU25_03250	CCF8A9D686BFF9849B00362C1D36619E	372	no	yes	4	1	0	2	GO:0004792,GO:0016783
APU25_03255	C12BF2E5D4FE3F557191EAFF8E47D47C	506	no	yes	4	1	0	2	GO:0022857,GO:0055085
APU25_03260	A16F573151D5626A4C85F921BECA05DF	405	no	yes	4	1	0	1	GO:0005524
APU25_03265	225F58EC180539BB0AE02FDFF775007D	977	no	yes	1	1	0	1	GO:0032040
APU25_03270	ED7A9862FFB8B9806E0A5AAF64FD74F0	977	no	no					
APU25_03275	C6522164297A17538FC57EAC19ED9FB2	429	no	yes	1	1	0	2	GO:0006659,GO:0106245
APU25_03280	58B98B454FAEA65E1BFF60701C633891	506	no	yes	4	1	0	5	GO:0004351,GO:0006536,GO:0016830,GO:0019752,GO:0030170
APU25_03285	878DFD293DE999AA1F6859C4EE10165F	176	yes	no					
APU25_03290	8FB49FB6A9A9263E5F2E9667221F9BF8	191	no	no					
APU25_03295	A4BBF0695F5A6AD3B60EE04B528324F6	204	no	no					
APU25_03300	A1CBCA3FC444CEA3FB2F5E7B37349063	894	no	no					
APU25_03305	59CD6AF754133EC2DB01F2565A93A986	866	no	yes	3	1	0	1	GO:0006629
APU25_03310	A48668C839001C1CC52CC697FEB52574	401	no	yes	3	1	0	1	GO:0016787
APU25_03315	7BD5ECED3BB8958D6370574A0E754133	230	no	no					
APU25_03320	BA4D78809815214662ABC8FFFEDBFEB4	138	no	no					
APU25_03325	DCD6D895257CCD67AEBC1BAA3B6A2CB1	517	no	yes	4	1	0		
APU25_03330	F5844A2BA86599F4D77034B1A5B80EE0	404	no	no					
APU25_03335	14A7237EE601509012ADAD15B441FDB6	568	no	no					
APU25_03340	942E5BE9CA0F3A0DEA3FC91FC0167028	451	no	no					
APU25_03345	50C83593CF3EB7934CD9CA33DB7BB09C	488	no	yes	5	1	0	2	GO:0005515,GO:0034511
APU25_03350	BF2ECE08C2E5BC09D6A39F551767EF2B	491	no	no					
APU25_03355	DD24CC93186D89DBD00E4D99782A6D1F	908	no	yes	4	1	0	3	GO:0006886,GO:0016192,GO:0048193
APU25_03360	2C848384AD7144F0D4360E7D7010B9D3	750	no	yes	9	3	0	2	GO:0006511,GO:0031625
APU25_03365	797C7D5A319445466DEAFC84B6E8FEA9	382	no	yes	7	2	0	3	GO:0008270,GO:0016491,GO:0016616
APU25_03370	B3565A6C7B66EBF277F88432997C3849	123	no	no					
APU25_03375	EC3892453740DE301ED10EFE2A56A039	127	no	yes	2	1	0		
APU25_03380	8A8D604918910899D0585037E149AF01	1462	no	no					
APU25_03385	B7E689C1E493A0042BD47492FAC09B91	278	yes	no					
APU25_03390	6150E5A0717EB0B8CF605F65FFC80EF9	106	no	no					
APU25_03395	8496CD5E849C151A35DB172C997945C2	202	no	yes	2	1	0	1	GO:0047429
APU25_03400	205DF896AD620BDFC84615BE9B9EBE9E	1852	no	no					
APU25_03405	7FD2C6F77C10C02910D1011F5976B99A	283	no	no					
APU25_03410	78FDA61ADCD93D4E0A793DC49469DD03	278	no	yes	0	0	0		
APU25_03415	C0B414A8F0261CB37FB291D73552E01B	226	no	no					
APU25_03420	99497341FD05F238B00980D34EF922FD	391	no	yes	1	1	0		
APU25_03425	189E6EE408584ABAF0FE504E7AA387BD	616	no	no					
APU25_03430	FEA874045AFA3EEA3C398334A86861E1	169	no	yes	2	1	0		
APU25_03435	18D45F31AC3EBED3118A6F217F0B2509	118	no	yes	3	1	0	1	GO:0032542
APU25_03440	53DF14941288BFE5DA6C1E1ABE80BC1A	212	no	yes	1	0	0		
APU25_03445	B1EDB21A8FA77CA548F67A031BC48E62	233	no	yes	0	0	0		
APU25_03450	911410401942348EE0C13D6A6112D792	255	no	no					
APU25_03455	889851CCA85B88BD6D064A1E73E10647	344	no	yes	5	2	0	1	GO:0016491
APU25_03460	C993FD2CA9A576614962C4C723328729	717	no	yes	3	2	0	1	GO:0000166
APU25_03465	158527F69B89A664D19F6897427B045A	1441	no	no					
APU25_03470	FE579C063905D7339834F50A336AA02E	358	no	yes	2	1	0		
APU25_03475	D7A999FB79FFA224CA4B407B77A15C32	184	no	no					
APU25_03480	2031768D09A34471DDBDB0F9EE4CB5B6	293	no	yes	3	1	0		
APU25_03485	26D70E40F1568BE1ADB8B56849962EC3	303	no	yes	3	3	0		
APU25_03490	70E65A7B9847348848DCB90905C51665	782	no	no					
APU25_03495	F882006E4D0788C0D52DF0C087E83CEC	483	no	no					
APU25_03500	EFA2D21D412A0211CB640D900ACABD30	488	no	yes	5	2	0		
APU25_03505	8C1C85D69816A010C4E62E9755DE92EB	295	no	no					
APU25_03510	9063321397D224CDAE71CB8D77AC92CD	1617	no	yes	7	3	0	1	GO:0006629
APU25_03515	16F24ED0B13F7EB17F934DA324948E68	251	no	yes	4	2	0	1	GO:0006282
APU25_03520	1319E19B0D67BA0262B99A5E4F172E39	101	no	no					
APU25_03525	FB74B60BAA76938C418D8AE8BE05C418	750	no	no					
APU25_03530	E812968E523DAB5E5B983390A3B1E467	566	no	no					
APU25_03535	E0E382CC53DFF22732761E6E27148337	696	no	no					
APU25_03540	2DE570960951EDDD1A615B1B50E6E81A	279	no	no					
APU25_03545	A1C516CF38DA7642422ECDA1BE44CCA4	224	no	yes	3	1	0		
APU25_03550	64215B04EE18884AC6D572E76353405E	775	no	no					
APU25_03555	70278286048877ECA94F29512100B83A	397	no	yes	6	3	0	3	GO:0004478,GO:0005524,GO:0006556
APU25_03560	E070EF5C89162B23AF2B9C613E63B6E7	1117	no	yes	11	5	0	5	GO:0000166,GO:0005215,GO:0005524,GO:0016020,GO:0016887
APU25_03565	CFCF6B4A1EB5105894296C516CA7F3D0	556	no	no					
APU25_03570	E6B3AF7445B507FD09F2B4DEDA749DBA	154	no	yes	5	1	0	4	GO:0000398,GO:0000956,GO:0003723,GO:0006396
APU25_03575	8EC3BDDFB1576C4D833C35E48E6D8C83	507	yes	no					
APU25_03580	7CE886B56F564F72C010EFA5605E57BE	295	no	no					
APU25_03585	B9ADDAE5A19BA8D0E191ECD4D89E9C88	187	no	yes	4	1	0	2	GO:0051536,GO:0051537
APU25_03590	2A5300F72E775E593F45533A653AC059	276	no	no					
APU25_03595	40BCB76596C930ECA444F63CB3654DF5	365	no	no					
APU25_03600	0BC0726C012EE821E69790FEF6DC1D01	244	no	no					
APU25_03605	1ADF3B7E48FA1A7078CC7180AB1073F8	1292	no	no					
APU25_03610	7BCEC63F9DDF2D37EF2EA222B4871BA6	527	no	yes	4	1	0	1	GO:0016790
APU25_03615	981349E5573DEECD949689867296DF27	100	no	yes	3	1	0	2	GO:0005737,GO:0034227
APU25_03620	DBCFD78D1E9E1DB144BA6FDB509AE4ED	424	no	no					
APU25_03625	963693D2A2BF23AB7130239AECFB33A6	214	no	yes	1	1	0		
APU25_03630	A59EF16AAC4755ECEC0F19CC2ED9E515	588	no	no					
APU25_03635	C0392FD00C9EAAD807A7EA90718D8383	440	no	no					
APU25_03640	A4DB499924487B5B99D72D9232EDB564	90	no	no					
APU25_03645	045FA1E2EF2B40BAC234E501C8E8A2A3	683	yes	no					
APU25_03650	DD21C42B0EA61710167F5B07DA0E0D6C	485	no	yes	3	1	0		
APU25_03655	639207A6E832581BBA12F40DD5CFF530	204	no	yes	1	0	0	1	GO:0005515
APU25_03660	73C4E975A63196C477465DEE0C8F3E26	197	no	no					
APU25_03665	9FE793512A6BA1474A6EF3DC3CB86C8B	415	no	yes	1	1	0		
APU25_03670	15850A103EB2AB1AC1212EC4ACA0C412	520	no	yes	3	1	0	1	GO:0008757
APU25_03675	1280CBB36BAC6BF7D31EDE583C78687A	391	no	no					
APU25_03680	4A68BC98A827A808D27791E79325F0FB	367	no	yes	2	1	0	1	GO:0016765
APU25_03685	F860FCB668F95C0B97A2A5507D0F03B5	287	no	yes	1	0	0	1	GO:0008821
APU25_03690	734B6E8D669DECC51A36FC4C7B8FF0D0	139	no	yes	2	1	0	1	GO:0003779
APU25_03695	557F6BDC50054331D099C891A2D1690C	115	no	yes	1	0	0		
APU25_03700	9D8B8B179828EA343E6FDCD308723547	488	no	no					
APU25_03705	B5173CBC07E716FB25AFFF4D9B786A1A	409	no	yes	4	1	0	1	GO:0008237
APU25_03710	0E462AAD6C7863A4C375DCD57EAB5873	467	no	yes	2	1	0	2	GO:0004553,GO:0005975
APU25_03715	EDD5C06B02A9BAB71D7C0377620F72A4	482	no	yes	4	2	0	1	GO:0005892
APU25_03720	F6C48CDBAF93739958B30A3E60B32C84	88	no	yes	0	0	0		
APU25_03725	5AC2306857639D497C1AB43B798E0FFF	306	no	yes	3	1	0	1	GO:0055085
APU25_03730	69FF05DEADEE492D1B64FFC3C641D7A7	865	no	no					
APU25_03735	E0AD0951E62BB6B45630775D73F2154F	400	no	no					
APU25_03740	3A9A8BD0774A94F6DF11AD048772FDD8	464	no	yes	4	2	0	1	GO:0016491
APU25_03745	5494D2C0F1DD883A6148BDC488EBD250	96	no	yes	3	1	0	3	GO:0003735,GO:0005840,GO:0006412
APU25_03750	41B5072EE5464D92473DF25F7855E295	179	no	yes	4	1	0	1	GO:0003676
APU25_03755	D303E50A846E847944FC9C472451A862	411	no	yes	6	1	0	5	GO:0003824,GO:0006520,GO:0008483,GO:0009058,GO:0030170
APU25_03760	48BFC1649CEFDD2DAAB397101401B099	668	no	no					
APU25_03765	FCA9B0E17D47C7C8318BCBEC8DBBA279	239	no	yes	3	1	0	2	GO:0003676,GO:0003723
APU25_03770	74583ACC519399F9019715394C983E26	1001	no	no					
APU25_03775	39E028BA1B18879C2F7D745656CECA3E	222	no	no					
APU25_03780	1C76B1513DDD37542F2629932E0225BA	259	no	yes	1	1	0	1	GO:0016020
APU25_03785	E9BF4E78EC1D799A352B493A495E956E	718	no	no					
APU25_03790	DCAEBAE0222A118AC08315561C3B737A	242	no	no					
APU25_03795	262C75242320937983253F55EF79B72E	320	no	yes	5	1	0	4	GO:0005524,GO:0016020,GO:0016887,GO:0055085
APU25_03800	CDBF628228229C1A9F4B3FEF25520C46	80	no	yes	0	0	0		
APU25_03805	1EF0DF04D522155A5B530BE54E46E48B	154	no	yes	0	0	0		
APU25_03810	DC4EA23CCF4CAA0A442171DDD32A6C08	154	no	no					
APU25_03815	0E935C188330CDF96D8DEE7BB48CD221	370	no	no					
APU25_03820	521F90F2C41154D57F5871429FF0F72F	371	no	yes	3	1	0	1	GO:0055085
APU25_03825	915B1F6F107121B245B74DB8FED54487	317	no	yes	6	1	0	3	GO:0005515,GO:0043022,GO:0045182
APU25_03830	8840FA802E84B518154C52EC3FBDC798	550	no	no					
APU25_03835	8949C08BA04CE4DBCA4D5C4065E3C571	239	no	yes	4	1	0	2	GO:0005839,GO:0030163
APU25_03840	005FB5F542A33F7FF91EC4246C53DC95	552	no	no					
APU25_03845	E88B5DE1C82B04C4FA894DBDDF1979B0	479	no	no					
APU25_03850	C50EA82A953F51B7C88EB236F5FD30F4	545	no	no					
APU25_03855	94589A73CCB7AAF075BE17F7267ACAAE	1221	no	yes	13	4	0	5	GO:0003777,GO:0005524,GO:0005856,GO:0007018,GO:0008017
APU25_03860	12E112EAA0EC6EB1D8AC76ECA4931F6C	500	no	no					
APU25_03865	F51852ECA251941F12C827F469817C04	165	no	yes	0	0	0		
APU25_03870	274B21D6094402B357719AD72D0F81B8	512	no	yes	2	0	0		
APU25_03875	805CF2F67EBB39542B7049E077D7DB00	602	no	no					
APU25_03880	A5C0F921EE8C03F38B058BDB5F943753	498	no	no					
APU25_03885	EBE3A3189C08936F1A709E5549471CA8	414	no	no					
APU25_03890	05B62D60CF9F86F17470642FFCF4D2E3	318	no	no					
APU25_03895	78D939832BE839C1AD3B4EF368C9F368	190	no	yes	1	0	0		
APU25_03900	6F313E9EFC0E2039A918EE928CDDEB7B	419	no	yes	5	2	0	2	GO:0004379,GO:0006499
APU25_03905	9866566A9E1CDD049731FF132454F367	507	no	yes	3	1	0	3	GO:0004672,GO:0005524,GO:0006468
APU25_03910	77A2CF1D43486D4B9A3A375758641BA3	414	no	no					
APU25_03915	4943DD122345825CADAF172F8DB27549	516	no	yes	2	0	0	2	GO:0003700,GO:0006355
APU25_03920	6BC7568CD75853493ABCC35D94EBE024	433	no	yes	2	1	0		
APU25_03925	058B8A0740666AD67CCE4D303DA49BB5	132	no	yes	1	1	0		
APU25_03930	A24C4897DFC18B195195C9DF64A6910E	1435	no	no					
APU25_03935	27ECF107D0F74F004F9DD22310482A82	639	no	yes	1	1	0		
APU25_03940	47C2BFEFF69D8F6C2143E257BE589306	439	no	yes	3	1	0	2	GO:0006629,GO:0008081
APU25_03945	E7D0A48A896BFD74A8950B7ABB34AAF4	400	no	yes	5	1	0	2	GO:0009263,GO:0016491
APU25_03950	E4EF5614C2A0D19F0F879AB9F3630E1E	916	no	yes	11	3	0	6	GO:0005524,GO:0006298,GO:0016887,GO:0030983,GO:0032300,GO:0140664
APU25_03955	F5DAE63741715FEC61C7BE2F12DA0947	313	no	no					
APU25_03960	67BF5FD39ADAC945AE5493DDB17C66F6	536	no	yes	2	1	0	3	GO:0004519,GO:0006289,GO:0009411
APU25_03965	0CE29ED648F72C1014FB52209E25B7A9	844	no	no					
APU25_03970	383983D0548D487FAEC51922EFA481E0	1378	no	no					
APU25_03975	45972D74DEAC3E3B9119B146F8FE8882	405	no	yes	2	1	0	3	GO:0000030,GO:0009101,GO:0016020
APU25_03980	B00F6130FA2215866D289D4EDAF76CD6	406	no	no					
APU25_03985	24209AA6F1F8C35213A62DC1973CAF0D	543	no	yes	0	0	0		
APU25_03990	1BDBAC09E7007577A982B1A9F4FD7AB2	826	no	yes	2	1	0	3	GO:0015031,GO:0030906,GO:0042147
APU25_03995	4325AA05ECFA489755D64F2DEAB26494	571	no	no					
APU25_04000	ED06F3D573A636F70B26655E124955D1	561	no	yes	2	1	0	3	GO:0005216,GO:0006811,GO:0016020
APU25_04005	1F761B705B362BCEA157A145CA7F5A8E	557	no	no					
APU25_04010	D827573D2C99F3BAE4E8092E0CBD91EB	467	no	yes	2	1	0		
APU25_04015	704DFE5831BC4975DA5199F1435F41A5	530	no	yes	2	1	0	3	GO:0005216,GO:0006811,GO:0016020
APU25_04020	4D025920ED58001AEDE48581453780B9	546	no	yes	3	1	0		
APU25_04025	858223BC8958C045FEB299C0DBF7CD7C	750	no	no					
APU25_04030	DA5C451D6EF5503127E14AFF2D2B701E	278	no	yes	3	1	0	4	GO:0003824,GO:0008930,GO:0009116,GO:0033353
APU25_04035	E9D495157ADE2FD0D1D9A838A1151501	307	no	yes	2	1	0	3	GO:0006364,GO:0019843,GO:0042134
APU25_04040	1AE47C990027CAC227304696020D6113	778	no	yes	2	1	0		
APU25_04045	5182E284B20DF2ED45807CAAFDBC39FB	307	no	yes	4	2	0	1	GO:0016791
APU25_04050	D73938C505B8450E29046D7E73B4C673	96	no	yes	5	1	0	2	GO:0000398,GO:0003723
APU25_04055	52A53CB5CF275253EFD1AB210A436A3F	371	no	no					
APU25_04060	F03F9DE9AF6B9F5AA3A153EDA7AB9821	154	no	yes	5	1	0	2	GO:0005507,GO:0009055
APU25_04065	312C82C5CAB19C406C3CA0FD15330CCD	486	no	yes	1	1	0		
APU25_04070	BED74E7B8FB9731762AAE7D850FB84C4	856	no	no					
APU25_04075	02A1CFB1A0BE0AC4686AD964B6D23DA9	117	no	yes	0	0	0		
APU25_04080	C1297FB0368435238032B8737CF06D7F	582	no	yes	7	3	0	5	GO:0003677,GO:0003684,GO:0005524,GO:0006281,GO:0140664
APU25_04085	68FAF07575839C5582D53CD535DEBD7C	544	no	no					
APU25_04090	010658F03842AF90E68D465747EF00A9	238	no	yes	4	1	0	3	GO:0005524,GO:0006457,GO:0044183
APU25_04095	4F5AB043FDC7963C37458A1D52033F85	666	no	yes	6	0	0	1	GO:0008270
APU25_04100	8FEF70C01C2136A31BD6059692662B36	624	no	yes	9	3	0	7	GO:0000166,GO:0000287,GO:0003723,GO:0004826,GO:0005524,GO:0005737,GO:0006432
APU25_04105	33850AEE2B28E1A9CE58B039512A6FA2	427	no	yes	2	1	0		
APU25_04110	38370429FEB19C847207E3A35F225532	461	no	yes	4	1	0	1	GO:0003824
APU25_04115	1C5DB9D56AD447695EE53E583D150A6A	769	no	no					
APU25_04120	80563F817DD32A4EEDB291528B3AF4F6	368	no	no					
APU25_04125	DBB1F1443E4DDFA0E1CC6F76B75DFDCE	635	no	yes	4	1	0		
APU25_04130	67ADEE1BE3E1CBC976122DBAB5F8845F	262	no	yes	0	0	0		
APU25_04135	EF7C46716F349C722AB42BE8BC3D5577	507	no	no					
APU25_04140	D6EAEF7CAD9D58CDAEDD7956F91D87BD	506	no	no					
APU25_04145	6D2DEE8C38D9C863FB625EE7527A487A	631	no	no					
APU25_04150	7EAA040F3885FBB7BF449B7B413980AF	258	no	yes	5	1	0	2	GO:0008270,GO:0016787
APU25_04155	63751C2DBEFAEDD13800756727C8332A	158	no	no					
APU25_04160	844FAEA3014BB39360AB8B5E6F6A3DE6	314	no	no					
APU25_04165	B57D745AE89DE28394D5EBF53752DA16	375	no	yes	0	0	0		
APU25_04170	67E3FE287F29CD830415B32D9BF8E368	351	no	no					
APU25_04175	51134FC92799B5AFF74D3EE009560958	1561	yes	no					
APU25_04180	870F097A4C7B9D454CE769F6AE185D9B	143	no	no					
APU25_04185	DFD0EF95C3F226EC395BA0B8DA87CCF2	70	no	no					
APU25_04190	6EE804DBD2B4051FC3F913158067C9B7	118	no	yes	4	1	0	4	GO:0003735,GO:0005840,GO:0006412,GO:0015934
APU25_04195	21141EE935BEE88E7CD63A717D142D73	1045	no	no					
APU25_04200	F1C533F611471D3FF4882BC4CCEB0C3C	927	no	no					
APU25_04205	153DF95E13C91C11B88A9CF121817595	880	no	no					
APU25_04210	C5F73F417F72DA216D046F1F8722AF58	107	no	yes	0	0	0		
APU25_04215	C7899C863DFBCB1239A688DF79B5085E	233	no	yes	2	1	0		
APU25_04220	9C1F3A4147680561020E173517AD4BBD	211	no	yes	1	1	0		
APU25_04225	E591403E9A0FC639A338D4EDFED3F5ED	264	no	yes	6	1	0		
APU25_04230	7EBF827DD67662A558652A9324642853	238	no	no					
APU25_04235	C9A2F9F0101D84B37A6ACE17A9C498B9	384	no	yes	2	1	0	1	GO:0008289
APU25_04240	1D4D1A9A6258800C831901CCFCCDE942	252	no	no					
APU25_04245	C84F2B1C079A79269E07073251E780CC	361	no	yes	5	1	0	2	GO:0004124,GO:0019344
APU25_04250	AB14182D9E3B6004746F7A84E14022E1	167	no	no					
APU25_04255	C8AA84264221F9ED2C138C57EA649337	405	no	no					
APU25_04260	B182F81A06A595D8559D46F65DB88D2B	586	no	yes	5	1	0	1	GO:0016192
APU25_04265	8343946C4294176D5640772FA64E17CF	80	no	yes	0	0	0		
APU25_04270	8BDB4E5531C31A515DBC7F19D07B8436	316	no	yes	3	1	0	1	GO:0061630
APU25_04275	0D8B9CEB3B2DD95F7F746755220166C9	216	no	no					
APU25_04280	1542ADCE934C843F906C4DB53CE1708B	353	no	yes	4	0	0		
APU25_04285	AEEBFF57B0A9B0AA31127B4083CA95C6	784	no	no					
APU25_04290	A38EA95E1409ADF1E715B9B3CFB438F5	360	no	yes	3	0	0		
APU25_04295	B5791D5BCF5E2F160A3E8A9999643E35	477	no	yes	6	1	0	3	GO:0003962,GO:0019346,GO:0030170
APU25_04300	EB5101CAB936838AB57B8CFFAC0198E9	98	no	yes	1	1	0		
APU25_04305	F4BB373FB93988F26FB1CF7E0099E40B	768	no	no					
APU25_04310	31CFA5FD9EC9AE5C35C8B51FDCB4940E	462	no	yes	8	3	0	2	GO:0004402,GO:0006355
APU25_04315	B4425F4E20A951BD111354C00B68E21D	1441	no	yes	1	0	0		
APU25_04320	6CADD0DF85A3DAFEE94E962F08EA416B	250	no	yes	2	1	0	2	GO:0009765,GO:0016020
APU25_04325	628679207252AEFC37199D801080C5D2	782	no	yes	9	3	0	9	GO:0003676,GO:0003677,GO:0003678,GO:0004386,GO:0005524,GO:0005634,GO:0006139,GO:0006289,GO:0016818
APU25_04330	DF16130D4BE1F56BBA38C02D89CD731D	744	no	no					
APU25_04335	B7D82C3A8A73322017A63936CDA97161	481	no	no					
APU25_04340	DB656D5044962E46E8FCE1067F59A0CC	293	no	yes	3	2	0	3	GO:0003677,GO:0005664,GO:0006260
APU25_04345	5174E2B69F0E2137AE1DCC5AD66C2B40	221	no	no					
APU25_04350	12F33110B417A79A19326B9ECC8860F8	1304	no	no					
APU25_04355	1FAB8A9D536907F1CF1A0788FCFB8F87	1741	no	no					
APU25_04360	5E90E7007275C4C9C83FF274AD0CC984	212	no	no					
APU25_04365	1A69EC7529597166EBA4522C8312CA63	439	no	yes	3	1	0	1	GO:0008289
APU25_04370	3E1EFEA907A42865E282E04A88561334	598	no	no					
APU25_04375	567E908AA6357B78AC7C72C7D532BBC8	389	no	no					
APU25_04380	4E9E25D6F5CABE9BD381BD83C672E497	804	no	yes	7	3	0	4	GO:0003676,GO:0004386,GO:0005524,GO:0006310
APU25_04385	98EC5857DBF279DFB1A3F1CF1466EA68	454	yes	no					
APU25_04390	B895C293C36E362FC6DAC4BE121DAF8B	1292	no	yes	8	2	0	4	GO:0005509,GO:0005524,GO:0016887,GO:0140359
APU25_04395	49601226449A7AAE6D639100C57D50A8	470	no	yes	3	1	0	1	GO:0007005
APU25_04400	A3468E7B7D2B90A01F8DBC77DB620761	561	no	yes	4	1	0	1	GO:0016301
APU25_04405	FDACE37B58D84C7C02E699FD61FE256D	864	no	no					
APU25_04410	39CEA1A67373EE2495648468D0A6CFEE	98	no	yes	0	0	0		
APU25_04415	925789340D9E0956F15B6423AC099C11	543	no	no					
APU25_04420	CA34B495BFC16F7ED808EE489373C534	310	no	yes	2	1	0		
APU25_04425	4ED977C47E0D21D447E2863D17602F71	375	no	yes	2	1	0		
APU25_04430	655033ED59449E4EB5034250F2222E7C	325	no	yes	6	1	0	3	GO:0004713,GO:0005524,GO:0006468
APU25_04435	040B3F7A216E4CF17B7F3790857897E3	491	no	yes	7	1	0	4	GO:0004672,GO:0004674,GO:0005524,GO:0006468
APU25_04440	C7F3F3D96BCB509BE648AAE4607F1C0C	255	no	yes	3	1	0		
APU25_04445	EBBBDA582621F22646097F40762E3DF8	464	no	yes	8	2	0	3	GO:0006520,GO:0016491,GO:0016639
APU25_04450	1BD836CD5ADFE484CADB8B91F33634DA	168	no	yes	0	0	0		
APU25_04455	5385A8BD2ADC14F859D1A9AEC68A3DAF	194	no	yes	2	1	0		
APU25_04460	FBC63B2438EE4FA5A4F61B734AA7563B	304	no	no					
APU25_04465	0CB10A2740BC8126AB6C53DEA9826348	494	no	yes	3	2	0	2	GO:0004377,GO:0016757
APU25_04470	A354B0FFD255711E4B070F9537CAFFC0	526	no	yes	6	2	0	1	GO:0008270
APU25_04475	8F27CDE9D1C2B0794B67C58EBED0CD1F	483	no	yes	2	1	0		
APU25_04480	CB1A8645E1D39DE35B40B564AFCB11D9	1175	no	no					
APU25_04485	76AFB9B4773467CEA90F19693EBC524F	425	yes	no					
APU25_04490	EE1D352DD5A595801659DB22713AB045	113	no	yes	0	0	0		
APU25_04495	67C3F44A52E3F3097201E5D2BB7166A5	243	no	yes	4	2	0	1	GO:0005509
APU25_04500	0A33E3D15E4B3861F5BC04B34BD8CD20	129	no	yes	3	1	0	1	GO:0015979
APU25_04505	744E4B8599702326038DDE65E9168B85	380	no	no					
APU25_04510	89ABE32288685763FA1A22215D275CC0	690	no	no					
APU25_04515	84243347AEFA3B3FF4B16DB303CB9FFA	221	no	yes	0	0	0		
APU25_04520	C92D1E0BC8E1979BF105E276B8578411	170	no	no					
APU25_04525	1C90E4D5E156671EAB3F41E2E8740C2C	426	no	no					
APU25_04530	E38C768032AFA529BBF80FEC9DCEB99D	548	no	yes	4	1	0	1	GO:0016301
APU25_04535	49099A5A5D02FC841B9938D26BC9D4D7	607	no	yes	4	1	0		
APU25_04540	EDE340F315D018FE02614F4FE0C04900	579	no	no					
APU25_04545	ADE4B6319933CA705E9D57A45E3A170D	353	no	yes	0	0	0		
APU25_04550	AC62C408F2DD4F1B9B15BB0DCC98AC5E	308	no	no					
APU25_04555	28D6C0BC7B4CF16F6EE98BCC822C9F4E	251	no	yes	1	1	0		
APU25_04560	DFAA9733501F39BAB7CBA6852DD2A2D0	362	no	yes	0	0	0		
APU25_04565	E712A2E31C6394B1A27C74A334ECEB57	204	no	no					
APU25_04570	3D403CADB83B5D147E657BF8D48B68CA	621	no	yes	9	2	0	2	GO:0003824,GO:0046912
APU25_04575	72A265221302B375461A2F85FC674481	832	no	yes	0	0	0		
APU25_04580	009A41B77D9A338C3BE6BF218E1A5A8E	294	no	yes	3	1	0	1	GO:0003824
APU25_04585	0FE3E57D67FB93129C8142204557C671	715	no	no					
APU25_04590	CBAC5BDC8D063F3FC053CBAB2955B9BC	714	no	no					
APU25_04595	A60497BCE0FD0BF0D1FDB5D72FA05649	181	no	no					
APU25_04600	BFFA1196F108B2EB3CD3B96B06A4DBC2	161	no	no					
APU25_04605	55CB293468A5188E2878A1CBA18DD7D0	425	no	no					
APU25_04610	AD7977010321F42E1AB102AFFD47D4D9	240	yes	no					
APU25_04615	5463017360B93AFBDB81525E9EA8B428	122	no	no					
APU25_04620	5B078DB6B710D9090AA3D50E048A878F	134	no	no					
APU25_04625	B7251E35D985058001730FEA3E3CE6A2	385	no	yes	5	1	0	1	GO:0005515
APU25_04630	46179AAB307DC0614F389D0AA388CDD5	462	no	no					
APU25_04635	DB34842C041A41A414CB53DA87BA64EB	677	no	no					
APU25_04640	2CA8CE8EE293A937BB4A4EBA0F4742B5	315	no	no					
APU25_04645	853A88300DAEA36BE4BAA36733F09D79	597	no	no					
APU25_04650	858DFA9B89BB8A8BCDD7DC779B800C8A	565	no	yes	4	1	0	3	GO:0000413,GO:0003755,GO:0006457
APU25_04655	D080A0339801E902B3DEFE72C710F399	362	no	no					
APU25_04660	4384D09E963907F6F9D52CAE83CC9590	665	no	no					
APU25_04665	AC0933DA355AF6D23DAC708F6B745C0F	206	no	yes	0	0	0		
APU25_04670	934619FBD55CD36DC8D098F3BAE0CBE5	228	no	yes	6	2	0	3	GO:0004784,GO:0006801,GO:0046872
APU25_04675	1DFDEF71BD0E4888AD6C1301B64B7CF6	513	no	yes	3	0	0	1	GO:0005515
APU25_04680	372A514BEE3A2CCA0243D6E73E6B4E36	436	no	yes	5	2	0	2	GO:0005643,GO:0046907
APU25_04685	48E01B3B0741FE764859915365954640	205	no	yes	4	1	0	2	GO:0016462,GO:0016787
APU25_04690	C08F0DEC993EC2A4E0A2CF35CA7D78B3	1179	no	no					
APU25_04695	5283C2137FB7C5EE3B26A3F6E84CDE20	410	yes	no					
APU25_04700	5BB01349F74FA00549727A2F935E3A84	329	no	yes	1	1	0		
APU25_04705	32B20EFBEE018D5816288FF4C430EBEF	485	no	yes	7	2	0	2	GO:0009082,GO:1990610
APU25_04710	7E51F1FA8BB40B073C2D52B860B92433	875	no	no					
APU25_04715	CCFA91DE74C7F713C1AA0CF117A89ECC	605	no	yes	6	2	0	6	GO:0005737,GO:0006508,GO:0019538,GO:0030145,GO:0046872,GO:0070006
APU25_04720	82E47656A731CBDBD8026DB65CA14D8C	1789	no	no					
APU25_04725	C69DAC08FD85343E9F6ECB992174278D	173	no	yes	1	1	0		
APU25_04730	689E108027A64E7932F3A9CF285C367C	220	no	yes	5	2	0	1	GO:0046982
APU25_04735	86F28AE0EE5012DED34E48364AA790E6	403	no	no					
APU25_04740	32993BB58CEA42E59179F37DEA3745F7	335	no	yes	2	1	0	4	GO:0000139,GO:0015165,GO:0016020,GO:0090481
APU25_04745	D9B8F9844B6720F3EFFB5289A26BDB40	192	no	no					
APU25_04750	51B280C91245D848EA6AF5CA664F320F	1446	no	no					
APU25_04755	8DB45DBE520D9B8894932D189207E984	570	yes	no					
APU25_04760	16D6B5A559327BE0DB13FBA698FAAB92	181	no	yes	1	1	0	2	GO:0009535,GO:0061635
APU25_04765	4D26190855C4CD71443C89353D9EFAFD	917	no	yes	3	1	0		
APU25_04770	45E5283FEDC7B4C554A7DEF9C01C3DA2	199	no	no					
APU25_04775	2D2F041601CC2C6D1CCDBD8331A87716	173	no	yes	0	0	0		
APU25_04780	9B3822934F9641FCD4CADF7230DACD0A	221	no	no					
APU25_04785	74E56D9B7D5F099A9A78AB874B80B804	698	no	yes	0	0	0		
APU25_04790	EB1BFD60E867B54F78AC54B84905C3A7	243	no	no					
APU25_04795	1AB359B9B3A0428755FDA202BBE9924A	382	no	no					
APU25_04800	F4F90A2FAC1E153A81C425190C3B9698	594	no	yes	10	2	0	6	GO:0003824,GO:0006400,GO:0016740,GO:0035596,GO:0051536,GO:0051539
APU25_04805	1CDC23BD464325CAB13E745D0B0DB0E9	210	no	no					
APU25_04810	0474EF8AA65F484F463B925E1CD4A161	1232	no	no					
APU25_04815	E4E63C73D106D1875B0516233B6D5934	654	yes	no					
APU25_04820	A885ACAF4E05CE9993B523A042EF76C6	416	no	yes	7	3	0	7	GO:0003677,GO:0003824,GO:0003918,GO:0005524,GO:0005694,GO:0006259,GO:0006265
APU25_04825	DA8C1C5FA7A6F1B033367690E0470E69	83	no	no					
APU25_04830	D9070CCF4AAE7D0B2B9818DDD94CFC91	476	no	no					
APU25_04835	B57374C444ADFA631303CBD4FFB8C104	212	no	no					
APU25_04840	90EE6810A4CD1F88F778F770B1842E95	635	no	yes	7	2	0	5	GO:0016491,GO:0020037,GO:0050311,GO:0051536,GO:0051539
APU25_04845	E2DA86883E7B14D0A203C569A6471D51	162	no	no					
APU25_04850	23B27A3661B268F4E95771DC7C6B2E88	622	no	no					
APU25_04855	AD6FA7833C36CFC2F62D81D00DBBF438	460	no	no					
APU25_04860	0D6532549F355678F10B5348C53E4610	479	no	no					
APU25_04865	0D3A8CFB9984839920C286F264AECC3F	205	no	yes	1	1	0	1	GO:0009235
APU25_04870	B1786F8E266744FE9C88734201985AC2	768	no	no					
APU25_04875	6CCDADDD506DDDD5A6DE52904EBB70FE	483	yes	no					
APU25_04880	B3FE8B076A2F59DE25758723B830A069	380	no	no					
APU25_04885	E1FA769E03215805E911A641C1FCE2F9	103	no	yes	1	1	0	3	GO:0005789,GO:0044183,GO:0045048
APU25_04890	F3BF6D30710DFA0240E3CA60A3FC2A31	222	no	yes	0	0	0		
APU25_04895	DC47F412533526E095B7A1DBCCC6E0DA	746	no	no					
APU25_04900	62ED1BC37D0FD8216C146AC4BE6FFB34	397	no	yes	3	1	0	1	GO:0016020
APU25_04905	55575256316666E74424A3CD72907751	531	no	no					
APU25_04910	7A81F366D0BB217FBB3D8FDE0CCC0009	395	no	no					
APU25_04915	3D2140340D57D359F4CDD846B94D2A28	749	no	no					
APU25_04920	5483D31A52ED6569E21C8120D60EA6FB	153	no	yes	2	1	0	2	GO:0003677,GO:0030527
APU25_04925	B4A0A52D6CF9468961575F9515F3AC0B	175	no	yes	4	1	0	1	GO:0006364
APU25_04930	B9A6004BEE4C52C6123A2439000B5DBD	518	no	no					
APU25_04935	4EB52FD114F526411F065ACC593FFFB2	276	no	yes	3	1	0		
APU25_04940	6BA6F36100D495C56406C34627391089	321	no	no					
APU25_04945	746A049C1082E209FF9071866BFD997E	527	no	no					
APU25_04950	5A2DC07DA92F9B3A7E69D01FB8735B2E	350	no	yes	4	1	0	2	GO:0005524,GO:0016887
APU25_04955	A8EF828B6B4492C86403FF52A06F5B8C	194	no	yes	3	1	0		
APU25_04960	3FEB600280195AE1CC453741680ED9F4	388	no	yes	1	1	0	3	GO:0009101,GO:0016020,GO:0016758
APU25_04965	E766629A6DCD78B9735BCF7335BB7658	354	no	no					
APU25_04970	A0845235CCC88BB88C9C7B8BE47ECFE7	504	no	no					
APU25_04975	F451C05533AD58F3689F20CBD78A9278	67	no	no					
APU25_04980	8A2BBE8BC1DF7965DCBE8F64EBB8AF1C	426	no	no					
APU25_04985	513AC5C4953722D12E816F44182C6B6D	633	no	no					
APU25_04990	4F60DDB0D055B3D99145B1CDEFF8392C	72	no	no					
APU25_04995	97829D2EDFA997344AC471760E3A51EA	250	no	yes	4	2	0	3	GO:0005737,GO:0016226,GO:0051536
APU25_05000	B9ECF753DC63011C42FBFBE152A077D9	705	no	no					
APU25_05005	F5ACFD6750A4B09CFE832AB0E43B056D	275	no	yes	2	1	0		
APU25_05010	58648817E220FE58D616287813FE2335	771	no	no					
APU25_05015	9E24092A4605257F1C488E43C12FE1A9	447	no	yes	3	0	0	1	GO:0006367
APU25_05020	122D2F58220D7311B059F372BF08B894	979	no	no					
APU25_05025	0EDA338F9875DEB14A70865804C5B4C2	684	yes	no					
APU25_05030	B497408D6CDE73D75EAF5AC261BD92EE	256	no	no					
APU25_05035	08B5B5F08F21533343296D7E7C696A24	125	no	yes	6	2	0	4	GO:0000786,GO:0003677,GO:0030527,GO:0046982
APU25_05040	7AD3F5731EFEDB11960BA75F6E561CF6	650	no	yes	5	1	0	1	GO:0005515
APU25_05045	4A41396F8B1F5EC78C4BD42A7D265D9F	360	no	no					
APU25_05050	38313584C5EA2BB1324C18D5B13C19F6	390	no	no					
APU25_05055	272975E1C7665C059AD638897729F331	629	no	no					
APU25_05060	D24322A3FD22774D901E09A8CC8E4117	195	no	yes	2	1	0	3	GO:0003735,GO:0005840,GO:0006412
APU25_05065	487EE38C0A22905A1064DD5D1E5FA032	603	no	no					
APU25_05070	35DE64A63B033D9639C2BB0E631DE1B5	225	no	no					
APU25_05075	E6A1B0359C33F0A4769863507E773DC8	76	no	yes	3	1	0	2	GO:0003723,GO:0033897
APU25_05080	E8A91161866AFD6057098FB20607ABEE	103	no	no					
APU25_05085	5E9E0E1AB95D07C0543DCC1FD5FC77BE	244	no	yes	5	1	0	2	GO:0003723,GO:0033897
APU25_05090	0AE962CD02DB36B682EE880BC73D2A5F	313	no	yes	8	2	0	2	GO:0006144,GO:0033971
APU25_05095	0FB0CE4B55A92D636024C7E7E16CC5B1	456	no	yes	5	1	0	4	GO:0005515,GO:0010997,GO:0097027,GO:1904668
APU25_05100	95AEB45049D2D4A293BF0BE22B53218B	521	no	no					
APU25_05105	8EA82D772B5EB18962AC5E6809505641	411	no	yes	4	2	0	4	GO:0003677,GO:0003713,GO:0006355,GO:0060261
APU25_05110	104082231F6A670F48240CCFDFC9B7A0	331	no	yes	4	2	0	7	GO:0003676,GO:0003684,GO:0003906,GO:0006284,GO:0008270,GO:0016799,GO:0019104
APU25_05115	11FB8F645FC6F1B36AF95EE31D5DD326	281	no	yes	0	0	0		
APU25_05120	CC9A194A4BAEF1470E5E7E7B226AE2CF	285	no	no					
APU25_05125	C57C4C2FFCA3BE45BA764F287B9EF9C8	286	no	no					
APU25_05130	2A761EBA2C911DEBB9ED6D7774D08D59	182	no	yes	5	1	0	3	GO:0051536,GO:0051537,GO:0140647
APU25_05135	5547B23C998C79D5B745AA103E7A5C99	410	no	yes	2	1	0	5	GO:0004340,GO:0005524,GO:0005536,GO:0006096,GO:0051156
APU25_05140	7DF7F1CC715B0903EEC9006933FEDF54	856	no	no					
APU25_05145	31A91FF4828C8A2D935325A98D2942A9	731	no	no					
APU25_05150	58B91F2E47522E1AB56E058D25030329	703	no	yes	2	1	0		
APU25_05155	75338277192926CDC370754D210AE2D6	453	no	no					
APU25_05160	C577DD4338E91BDF4A61F27624AA2A8B	78	no	no					
APU25_05165	CBD685A90D2B4F19CFFEF4E8DA4DEAAA	250	no	no					
APU25_05170	9FA2E69236CDA41985AD3BB7EC1F49C6	242	no	yes	3	1	0		
APU25_05175	2C3C0D669E5917FFA34671C830042707	1341	no	no					
APU25_05180	E74A973360A949678A95CFB939CA74A4	672	no	yes	2	2	0		
APU25_05185	745287104D1D8D22E7C0515E4E442241	866	yes	no					
APU25_05190	6EAA140A96B23A22DE5495D7B0AD1DAD	240	no	yes	1	1	0	1	GO:0022857
APU25_05195	1D0F88223C516BB1200C13D3844F93C4	614	no	no					
APU25_05200	2207FEC18368033E61D8EC35377D0DBD	573	no	no					
APU25_05205	FC861F2AB37591965AAC9481807E3681	667	no	no					
APU25_05210	1F8BD54A22486E9EC83529D7E076A5F2	504	no	no					
APU25_05215	1F0D9EA961150B74C84309CB58E0F8DB	1317	no	no					
APU25_05220	7580A35B57658E372B58087EE7652C6D	133	no	no					
APU25_05225	0EDD93416FE818B465ADB25A523B35BF	494	no	yes	6	2	0	3	GO:0005978,GO:0008878,GO:0009058
APU25_05230	B113BF6C13E557B594368B087E1DD525	653	no	yes	4	1	0	4	GO:0004672,GO:0005524,GO:0006468,GO:0043539
APU25_05235	6DFBF73D3627F9C8BD36A372176A19C6	424	no	yes	3	1	0		
APU25_05240	28555FFE218B8A25808A1204B4716A37	325	no	yes	1	0	0		
APU25_05245	037B99E78A94201FAA2DB368E1ED3023	252	no	no					
APU25_05250	E287A7789D13088C6ACE422A7FF6C1CE	715	no	no					
APU25_05255	C210E383913C0190C99B1AC537C50E67	490	no	yes	5	2	0	2	GO:0006633,GO:0050080
APU25_05260	C1836C3D9D7DCFB42F9EBBE78FCF2424	334	no	yes	1	1	0		
APU25_05265	715B6D8B66B8A425BFBA07A98AC86F2F	321	no	no					
APU25_05270	59F70CDF70212DC085465D67457E135F	338	no	no					
APU25_05275	E002146806B469673E0ECDEEC5121482	219	no	yes	4	1	0		
APU25_05280	B92D24D5174531A0CF340893C7780D2E	315	no	yes	0	0	0		
APU25_05285	D5E11D2E8C57A73863A184CF0831BE82	369	no	yes	1	0	0		
APU25_05290	797B979926EE5A48129DF4DB9D1BC5F8	775	no	no					
APU25_05295	1CCC99373D460CA828CB7288E715A1BD	878	no	yes	12	4	0	5	GO:0003676,GO:0003723,GO:0004654,GO:0006396,GO:0006402
APU25_05300	8AEA1EDFC16B974EDA4A3B15F3BA73B1	260	no	yes	1	1	0		
APU25_05305	06AC384BF1145E0A2D19790315A952EB	251	no	yes	3	1	0		
APU25_05310	76D6E87DB84D2354B6CFBF8EC2356355	337	no	yes	3	1	0	2	GO:0003676,GO:0003723
APU25_05315	44FEDD0AB088DE3F3451419960336FA2	224	no	yes	0	0	0		
APU25_05320	727A907860F53440EFCF1F3E4A5F8E2B	187	no	yes	3	1	0	2	GO:0003676,GO:0003723
APU25_05325	7BD1040D5B8D88918FAA372181244992	354	no	yes	3	2	0		
APU25_05330	57E2EAA098617150EFA500B95D394857	535	no	yes	6	1	0	3	GO:0016020,GO:0022857,GO:0055085
APU25_05335	D9DC75AB586670D54471FFEE9BE5AEE1	80	no	yes	0	0	0		
APU25_05340	AB47AFA1570E5F26BF1012C5D7DDFDC5	323	no	yes	0	0	0		
APU25_05345	16990C90DA87A2E8725B4B2A1EEF1270	281	no	no					
APU25_05350	E8CFDBAC20A7666CC31FED34AE1A2601	159	no	yes	0	0	0		
APU25_05355	2E299525FB80E142119BC4687E8DAA62	569	no	no					
APU25_05360	60946F2272F3A34A9E7C78E604F44E1F	1403	yes	no					
APU25_05365	0AA9F9D274C9A1FF77BC0B46FAD433F5	82	no	yes	2	1	0		
APU25_05370	3157B72E58AC4DB84CE30803AFA7B772	122	no	no					
APU25_05375	9F156C34FC2506F19519869039195B80	935	no	no					
APU25_05380	57C30E6E52FEFE363AE70BF9AC84120C	277	no	yes	4	1	0		
APU25_05385	BAEBE2F8643BD5527A2C42BDA24BDDD5	429	no	yes	7	2	0	3	GO:0008641,GO:0019781,GO:0045116
APU25_05390	A5EBC7492BD1963FCA298CE392663261	630	no	no					
APU25_05395	CF631B228A340CFA14605426C02B0BF2	168	no	yes	2	1	0	1	GO:0016020
APU25_05400	17F37A0C86A0B2B07C64260C0914C1A7	405	no	no					
APU25_05405	ACB7E27A070AC3DE9C6625A319455E78	646	no	no					
APU25_05410	9BD43FF1CEB9DE2C0C3D30E3D862BECA	844	no	no					
APU25_05415	AF3316D79DA6944FB2804896B4D9EA89	1209	no	no					
APU25_05420	EC2C8A3A141798CFED7484BE25753220	802	no	yes	7	1	0	4	GO:0003677,GO:0006302,GO:0006308,GO:0008821
APU25_05425	F3FA4BDCD3F67C15D41042BDC1B59E97	222	no	yes	2	1	0	3	GO:0003743,GO:0005737,GO:0005852
APU25_05430	A1C60E474FA31B2D27F48416CFD4AFE0	558	no	no					
APU25_05435	EB1F862B7B858AA6FEFC8A350C37C83E	166	no	no					
APU25_05440	2A18B95C4347C2948E14B53DACD306A6	596	no	yes	2	1	0	1	GO:0006355
APU25_05445	23900146F053DAAE075FC4CB595D0D1D	378	no	no					
APU25_05450	793E670C1B1D06DDE3A30F51BA362401	416	no	yes	3	1	0	5	GO:0015979,GO:0015995,GO:0016491,GO:0046872,GO:0048529
APU25_05455	ED162340AD7A858A2524E6E4108AFDF8	540	no	no					
APU25_05460	9980C779CE1BE54A89B26EBF618F22FF	994	no	no					
APU25_05465	70EB4D97CD8F26A95D8623BCBF7FF459	324	no	yes	6	1	0	4	GO:0003743,GO:0005515,GO:0005737,GO:0005852
APU25_05470	829EAB5C2D27B8F4BD52CEA3286C9536	385	no	no					
APU25_05475	D7EE0D862BA2AD293055DF8F343AA8F8	644	no	yes	6	2	0	2	GO:0003924,GO:0005525
APU25_05480	CD74880C6DDAF66C9873B770435B9549	1053	no	no					
APU25_05485	809B17B7E0D1AEC54830F19D85C81CC2	508	no	yes	4	1	0		
APU25_05490	8326EE2B7B257FC8CE662FC45E5B42A9	387	no	yes	7	2	0	6	GO:0003824,GO:0009107,GO:0009507,GO:0016992,GO:0051536,GO:0051539
APU25_05495	1626BEB8BB1C9B0478B69ABF56D2625A	371	no	yes	7	2	0	3	GO:0004413,GO:0005524,GO:0006566
APU25_05500	8C772FB21EBACD75AD5732EE8957D73C	70	no	no					
APU25_05505	8EF22DCF522D5064B5EBD7CAE985C036	347	no	yes	2	1	0		
APU25_05510	F28339BE3E703434DABFA36BE8CAB9F7	425	no	yes	2	2	0	1	GO:0006629
APU25_05515	DEA416169A331939B5E9D80D9EC32B33	383	no	yes	3	1	0	2	GO:0003864,GO:0015940
APU25_05520	7424EC8CC7816D8EEADC51A5D7EB52E3	335	no	no					
APU25_05525	3537CCFB7BC4098110BB4301C63B5708	110	no	yes	2	1	0	1	GO:0016020
APU25_05530	D43989F7F5D67C9BD955B618F0EF1408	289	no	yes	4	0	0		
APU25_05535	D02CE2AD2D9148E449BC2905B14228C4	250	no	no					
APU25_05540	15BDE6D36CA02795326F3131209C0E17	361	no	yes	5	2	0	5	GO:0004070,GO:0006207,GO:0006520,GO:0016597,GO:0016743
APU25_05545	46FDB3E4D5CE20E9FF297F3D43C66979	199	no	yes	3	1	0	2	GO:0043087,GO:0048193
APU25_05550	6FF932BE96C45FC93302F380AB18F115	580	no	yes	5	1	0	3	GO:0005524,GO:0042026,GO:0140662
APU25_05555	F458AED1D2D4C2D2111080852396D3DA	489	no	yes	1	1	0	4	GO:0019288,GO:0046872,GO:0050992,GO:0051745
APU25_05560	4FD95AC2D7999E4202642F1D8E3FF425	493	no	yes	5	1	0	5	GO:0006520,GO:0016830,GO:0016831,GO:0019752,GO:0030170
APU25_05565	2194BF17045BB3A5E80BD9A2CBD71DCC	403	no	yes	3	1	0	3	GO:0006631,GO:0016491,GO:0045300
APU25_05570	1511BB954013ED11E7E5B343B0B36CE1	1334	no	no					
APU25_05575	3C904EAC980A09ADE4B2848DD32B7F0A	110	no	yes	2	1	0	5	GO:0000940,GO:0005876,GO:0007059,GO:0008017,GO:0051301
APU25_05580	BE67E99DA257C51839F54ECEE5F132EF	213	no	yes	5	2	0	2	GO:0016020,GO:0051537
APU25_05585	C5D06A1360E076A43E3E6CCCC56461B6	807	no	no					
APU25_05590	F4DF27251B8DFFDC38B79E74DC67C6E8	376	no	yes	2	1	0	1	GO:0016020
APU25_05595	826AF1963E5F20F0449ACD75C2743ECD	570	no	yes	1	1	0		
APU25_05600	BAADA7F854EA1371340603DCD382D9A3	94	no	yes	0	0	0		
APU25_05605	1F538A7770DD210146C920AF16196094	171	no	yes	2	1	0		
APU25_05610	BB7921A6C1DAA15836268C61428CD839	935	no	no					
APU25_05615	4D4C8FF7A461FC7EA11CC5F8DCBF65D5	508	yes	no					
APU25_05620	B7869E2219FDB679A6E27F54C8C14A06	466	no	no					
APU25_05625	F4FC9EE8B2116A5DCF32A52D9C5A8B91	477	no	yes	2	1	0	1	GO:0016020
APU25_05630	8B6C81D9DC34743A9F43811886291931	302	no	yes	1	1	0	4	GO:0005267,GO:0016020,GO:0042802,GO:0071805
APU25_05635	E5F2E4DBEC753850750DAC82967C6CC0	329	no	yes	0	0	0		
APU25_05640	066FA405FA50B669DEA2227B06FA4DF8	163	no	no					
APU25_05645	0D9BB07C26779B8F12631D6617E9C478	449	no	yes	7	1	0	2	GO:0004587,GO:0030170
APU25_05650	47AA2CB1C24B190C1EEF9CE3ECCE6F78	580	no	no					
APU25_05655	52324AEEB2EDDCAB77371317A91DBAC8	328	no	yes	2	1	0		
APU25_05660	5311441EC8D3F6A131BB22FBCB5F2ED8	734	no	no					
APU25_05665	901B4BC73518341AC7F27E523892B4B1	234	no	no					
APU25_05670	EFEB44EE6E0D92D0F06F184C65B1B5DB	364	no	no					
APU25_05675	D827E8DCFCA13BD100C585B5DBAE4326	724	no	no					
APU25_05680	6616AA0C7D4C25CC272B02700852EC2D	257	no	no					
APU25_05685	7F6A4C8415F93A37617B5064A69B43C4	1093	no	no					
APU25_05690	348A26C1D8E1732B40C9C21E03911A06	287	no	yes	2	1	0		
APU25_05695	0FC07D7EA777C190D49028475170643C	537	no	no					
APU25_05700	E9527438FB6D4F192EE1816FAEEAFEEE	231	no	no					
APU25_05705	BAD13C0AB262BB197FFC488673A7AA0D	939	no	no					
APU25_05710	8C20B265CF3EB5EDA49D83AC6A341691	852	no	no					
APU25_05715	CB777F382CE91767F19836098699B731	717	no	no					
APU25_05720	2B39BDE79FB0D5142E82ECB7F93EADA8	514	no	no					
APU25_05725	59FB9413EB7D0A9712FD457CFECDC942	234	no	no					
APU25_05730	2AF665C3C086B5D90CCFEC899F079250	750	no	no					
APU25_05735	0ED2693B13BE6720A7CC915FC9B00505	370	no	no					
APU25_05740	8948D8397E840A7632264A31B62E27D6	170	no	yes	4	1	0	1	GO:0003824
APU25_05745	5BDCEF5431B9EF4DD5FF35DFB1D290CF	517	no	no					
APU25_05750	45E2D89C361EF918989EB218415C4E0A	579	no	yes	3	1	0	1	GO:0005515
APU25_05755	B80326F0EA8F055237078540203D67A9	505	no	yes	11	3	0	7	GO:0003824,GO:0005737,GO:0006400,GO:0016740,GO:0035596,GO:0051536,GO:0051539
APU25_05760	76378D02D663A46537F6D8C7AE304B9E	162	no	yes	0	0	0		
APU25_05765	B773C45623B6680FAB222663BE354255	322	no	yes	0	0	0		
APU25_05770	57754F5C0B494E58963E290AE2B56294	167	no	yes	0	0	0		
APU25_05775	609FC8DCE144591C5375DFC6442E5700	645	no	yes	3	1	0	5	GO:0004611,GO:0004612,GO:0005524,GO:0006094,GO:0017076
APU25_05780	A28F2CDF83EEC31E2C95B1EB68973717	855	no	no					
APU25_05785	F08688803D7116069B7AEE70F23C8354	137	no	yes	2	1	0	2	GO:0006888,GO:0016192
APU25_05790	6F4D703854D391724A6DDD47240808B7	587	no	yes	2	0	0	3	GO:0003824,GO:0008444,GO:0032049
APU25_05795	E0211D1BBC3507395C7397350E0135F5	626	no	no					
APU25_05800	1ECA34530ECF349D88076B0564EF9DCC	501	no	no					
APU25_05805	08B3843BC258F269441EFB7FDB4BF5DB	418	no	yes	1	1	0	1	GO:0016020
APU25_05810	F56F15AF7076CB45B9D97575C704DDF3	378	no	yes	3	1	0	2	GO:0004318,GO:0006633
APU25_05815	EDD1FDB53A3C60611AE46372B012FE7C	898	no	yes	4	2	0		
APU25_05820	3A1DDCC6B0718B02FD5CCCC0193ABB0D	435	no	yes	4	1	0	1	GO:0005515
APU25_05825	10AE3947040959BCD8EF3E35ACD71EF6	170	no	yes	2	1	0		
APU25_05830	F327E083ECE3A654EA27474666122D04	101	no	no					
APU25_05835	4DD8C1957EF205B40E60662CF3618158	300	yes	no					
APU25_05840	82073DCF4F1B41620B244921CDC63ADE	387	no	no					
APU25_05845	1C3C378D7000F85DC94876A9DF44D7F4	334	no	no					
APU25_05850	41CF5119CCD65F23625B066D95D84848	809	no	no					
APU25_05855	C73A043CA602938489F3D9381D0DB36F	589	no	no					
APU25_05860	5AD1333305037C7856CFEEDA3EF5FA32	677	no	no					
APU25_05865	AD8D7999D70DEE389FFEB309BE45093E	311	no	no					
APU25_05870	80ACFD065CB5FAD3681594926513BEFF	88	no	no					
APU25_05875	0B9B77F6B3FB64EA3FE37CCF5650CD04	1030	no	no					
APU25_05880	B401A94F47F4E88264F729335C00102C	202	no	yes	4	1	0	2	GO:0003924,GO:0005525
APU25_05885	E2344AF2B87F19FB9122811B9E3D203D	729	no	yes	3	1	0	5	GO:0003953,GO:0005515,GO:0034128,GO:0035591,GO:0048678
APU25_05890	80C0BEF5C420C348405EDC2BCF2F46BC	659	no	no					
APU25_05895	2F87E2F9C2A507AA44314399787C3720	161	no	yes	1	0	0		
APU25_05900	C24E4D81B51A697F788CD3FB7FB8BA9B	553	yes	no					
APU25_05905	C1AEC8C5671DF07E5333366AA6CE2DD1	494	no	yes	1	0	0		
APU25_05910	F8322ACA90FC6581E578E4C308A8CD8F	362	no	yes	2	1	0	1	GO:0004518
APU25_05915	57A3C31B73F19E57F94EE7D7D459B714	559	no	yes	3	1	0		
APU25_05920	7CE8994F1B2E6521F45FD1F453712EF3	581	no	no					
APU25_05925	24BD70BDD47B0792CFBE217985B052CE	498	no	no					
APU25_05930	72568F06966D295D0CA2F66962AA932D	359	no	yes	3	0	0	2	GO:0004392,GO:0006788
APU25_05935	84024AA02AE954D6CED34F29F2768DF2	756	no	no					
APU25_05940	B5618DE779F12D7E0A5B9A6D5FDF40AE	323	no	yes	3	1	0	2	GO:0004489,GO:0006555
APU25_05945	DF8F90628EA3E1EB7A3D8EB695794501	427	no	no					
APU25_05950	05D5016465DB7BDAB22618A32358713C	756	no	yes	0	0	0		
APU25_05955	C1CA6C634047B68071331DA2D82CA5D0	629	no	yes	5	2	0	3	GO:0004252,GO:0005515,GO:0006508
APU25_05960	FBF1DA13C3BCB9BD832AE7C794C15D57	219	no	yes	1	0	0	1	GO:0070072
APU25_05965	96140265D5F40E5400D7D199A5C24FC0	410	no	no					
APU25_05970	97B5293F18ABD5717595FB915C4E8119	724	no	no					
APU25_05975	3A6767C436F1EAD2B670E115CAC2FFC3	117	no	no					
APU25_05980	224164591C4BA3AA52159386F6D2234A	424	no	no					
APU25_05985	2DF5534B96DB4AF79B3308B7AE65226B	71	no	yes	0	0	0		
APU25_05990	05AE500228D7A15699C8A7514537137A	506	no	yes	2	1	0	2	GO:0006629,GO:0016747
APU25_05995	4C807E6161B6C2F952FEB2FCFE511DAB	241	no	yes	1	1	0		
APU25_06000	E2EA997BEFE2523494987CD81226A57A	296	no	yes	4	1	0	2	GO:0042819,GO:0042823
APU25_06005	5A15C1F94572C94C3824A86797AAE5C0	379	no	yes	3	1	0		
APU25_06010	EA8097E296BA0A85B2FFC7078FB084FD	209	no	yes	1	1	0		
APU25_06015	1926054D65E3386F3F26EE1453F5F2F3	376	no	yes	0	0	0		
APU25_06020	C7F2B596D27EE72AB59BFE65281BC0F8	459	no	no					
APU25_06025	6CD6CAD5AF3C9322510E3E1B42F76E4C	706	no	yes	10	5	0	3	GO:0003676,GO:0003724,GO:0005524
APU25_06030	5B0CCF444DBFABD9EAAB5D643C0A7070	280	no	yes	4	1	0	1	GO:0009055
APU25_06035	1859FFE5BD6D84813E079DCD8BDCBE53	215	no	no					
APU25_06040	7325676ECCD0FEC46325A58767219B89	316	no	yes	4	1	0	1	GO:0055085
APU25_06045	7AE81E489DE20D693FD79B8AC22B1629	397	no	no					
APU25_06050	6CB727BAB6F4D31869ACAA3A51668B4F	79	no	yes	0	0	0		
APU25_06055	10522C550D33566CA050154207A9D842	385	no	no					
APU25_06060	51C9C5F90ADA7C41C6717631FB363EAE	620	no	no					
APU25_06065	F7BFB98316A64D2D50C72CAABC16EFEC	381	no	no					
APU25_06070	BBD363E0354D7FB84BE16448A7F985DD	2223	no	no					
APU25_06075	C7B155677AEF9F8863D550B7A7B76C6E	209	no	yes	1	0	0	1	GO:0006952
APU25_06080	A6C79836EBFE7FCF14200F359A6E1066	559	no	no					
APU25_06085	460D6A46C27CD90299F725F48B20FE7F	194	no	no					
APU25_06090	C230FBAD81D4A39B671C3FA98C77533D	140	no	yes	1	0	0	1	GO:0008270
APU25_06095	13727596E3F4BB27CAB54F595E49E178	124	no	yes	0	0	0		
APU25_06100	901AE1695CA403F4AE17333CA1C8B65E	572	no	no					
APU25_06105	A183F90089B18CABC89410FEB1EC0701	110	no	yes	1	1	0	2	GO:0008250,GO:0016020
APU25_06110	86B4191CB8FE00AFACC2D56D08EDFBF7	77	no	no					
APU25_06115	B1AECEB55B214C7AC016E850B09612B9	228	no	yes	4	1	0	5	GO:0004298,GO:0005839,GO:0006508,GO:0009376,GO:0030163
APU25_06120	39CF83795C02212BBE6C5FEC08FAE6A1	449	no	yes	2	1	0	2	GO:0003899,GO:0006269
APU25_06125	703688A92D4977EFAE65C50189BEA8ED	372	no	no					
APU25_06130	C8073C0C7611B86B845A0A697F87BC2C	3176	no	yes	16	8	0	8	GO:0000398,GO:0003723,GO:0005515,GO:0005681,GO:0008233,GO:0016539,GO:0017070,GO:0030623
APU25_06135	AD93D0A7CD25216F09E63E8251D5A39B	623	yes	no					
APU25_06140	EC648E19E2E5BAAB7626B97EFFF5F8F4	1169	no	no					
APU25_06145	25AB100564C9FBD225F105BCD5C74619	130	no	yes	4	1	0	1	GO:0008270
APU25_06150	1B1669CDF587AC887E1B342E632540ED	342	no	yes	4	1	0		
APU25_06155	E132D35D802E28D2036BD8D322B612BA	450	no	yes	0	0	0		
APU25_06160	556BA49EC9481AF707DA45DB11FF3984	258	no	yes	2	1	0		
APU25_06165	A48148E92EB0ADE0E26178DFF54577DA	119	no	yes	0	0	0		
APU25_06170	FBDF88FABA3284BA5082ADDFD88E0094	1213	no	yes	3	2	0	2	GO:0005515,GO:0006355
APU25_06175	6DAF928EC92373523B30A6B61764CF2C	679	no	yes	16	4	0	2	GO:0003924,GO:0005525
APU25_06180	5AD7792D562E99F9A92FE13A29E5CA93	492	no	yes	5	2	0	2	GO:0030488,GO:0052906
APU25_06185	E725FBF1DE4A9750F4BA0F6636682582	991	no	no					
APU25_06190	4FC9D6F1686537326474C6A4E4A74C50	355	no	no					
APU25_06195	3B4262E97E74C39E26568BB321E35CA2	374	no	yes	1	1	0		
APU25_06200	39D8EF9DE2DA81FABCC10A0C13F18EA4	540	no	no					
APU25_06205	29D658DCDE6F2EAE03969D813723BBCF	363	no	yes	1	1	0	3	GO:0003729,GO:0005685,GO:0006376
APU25_06210	E74E7D899C3220A7655919384E315686	169	no	yes	2	1	0	1	GO:0006338
APU25_06215	900A39CDD398AEAA25E5497C1E2D64DB	395	no	yes	5	2	0		
APU25_06220	0398F10D8FE2571328B8365C5678C599	622	no	yes	2	1	0	2	GO:0003700,GO:0006355
APU25_06225	CDFDE29C83AE3B3068A6C5131205E7E6	322	no	yes	1	1	0	1	GO:0019787
APU25_06230	D534A4F14A9009D99818DD69DD5C9D4C	606	no	no					
APU25_06235	A621993C92C23A13FE0DA88791D962E2	254	no	no					
APU25_06240	EBEC79D33ACBBDEF48612268F0653EA3	223	no	yes	0	0	0		
APU25_06245	A41F3332DD88366AA3037DB6A09D82D5	362	no	yes	3	1	0	2	GO:0003676,GO:0003723
APU25_06250	69EAC072E8109BFE6BF63728052B1120	673	no	no					
APU25_06255	C57B4F84CBC2060F4619F00F18743720	327	no	yes	2	1	0	6	GO:0000287,GO:0005524,GO:0032957,GO:0047325,GO:0052725,GO:0052726
APU25_06260	A662F1003F7440C113833F0F5804335D	288	no	yes	0	0	0		
APU25_06265	86B967DF23F199829F59089C66949CED	144	no	yes	3	1	0		
APU25_06270	624EAB31206AC8F0EA897752D992FF93	537	no	yes	3	1	0	3	GO:0008519,GO:0016020,GO:0072488
APU25_06275	A18588D7762D3B93A87DD0473158C37E	311	no	no					
APU25_06280	A181693D46FF98CFB19D066885DCCB4A	560	no	no					
APU25_06285	1DAB16CDC003AFCE8AFF2A58B412F6CB	200	no	yes	0	0	0		
APU25_06290	B71CDE5A66014057FCA6DC089EC498AD	134	no	no					
APU25_06295	6DCC3F109791AE88F0EBA142FB2E68EA	606	no	no					
APU25_06300	98C455DE6607AF72A48442E2DA7E14D6	103	no	yes	5	1	0	3	GO:0000398,GO:0000956,GO:0003723
APU25_06305	FBC4813F8F9D79DCBDAA2F4353FD1C10	216	no	yes	3	1	0		
APU25_06310	33DE85BFBDE84769A3C98D743C744270	3956	no	yes	2	1	0		
APU25_06315	C9AC331D228425233F491E10282AAF90	484	no	no					
APU25_06320	B4576C4E697827F628BBFC85217207A4	247	no	no					
APU25_06325	07717E125D4709E13F774759D975C227	1108	no	no					
APU25_06330	A55297BD0FAB02F3106E5F005AC0D5E9	662	no	yes	2	0	0	3	GO:0015986,GO:0045259,GO:0046933
APU25_06335	2CB036A762889BE0513C0FAA170AEC8A	437	no	no					
APU25_06340	8D354278A5F70D7929BCECD8D42D0BE0	878	no	no					
APU25_06345	6C6A080ED31E466DAD6B9AB2B25DD167	160	no	yes	2	1	0	1	GO:0009579
APU25_06350	E3798938A67547D6E8BBBF51AD3A7685	350	no	yes	1	1	0		
APU25_06355	5687078BFDA53C99519EB86DD029094E	244	no	no					
APU25_06360	0AAF28E035497D334E34576C8E44DD4C	421	no	yes	3	1	0	2	GO:0004842,GO:0016567
APU25_06365	BC576D303C8ECECA2B98DCCDE180AF57	330	no	no					
APU25_06370	E4D5D6E4A4FDFC5B9B658F800B856BE0	592	no	yes	0	0	0		
APU25_06375	8E4D0C0CD2140F2D5F4BBA3B7AAAE75F	489	no	no					
APU25_06380	A313CE9B34B8A04EEE1071960A07B578	517	no	no					
APU25_06385	AD5F0BBB94A04D738214E58ABE259120	548	no	yes	2	1	0	1	GO:0016409
APU25_06390	9F790CE6AE8A84CA43BE7F607F43B393	694	no	no					
APU25_06395	D7FB81054B8E6A6CAF257C6F19CD0109	162	no	yes	1	1	0	3	GO:0009522,GO:0009538,GO:0015979
APU25_06400	1982CD361696C0611E6C05A529820A9B	309	no	yes	2	1	0		
APU25_06405	3D5626FC18D4DBBFE3FB4E8BA3692663	363	no	yes	4	1	0	1	GO:0003824
APU25_06410	2046B92953E52A6BCAB1639B9294F9DA	187	no	yes	2	1	0		
APU25_06415	9D87A388392368C306BD6FABCDE74462	256	no	yes	0	0	0		
APU25_06420	3B64E5EC0F70C51F9AD33DC44AABDE10	153	no	yes	0	0	0		
APU25_06425	0D99B22450286C279ACAE26FA170E283	442	no	yes	5	3	0	1	GO:0005525
APU25_06430	59E0B71F5070EC59EF4BD39C6729F678	345	no	no					
APU25_06435	86AD7B2B0B3712E9E45F46C9555A5D1D	293	no	yes	5	2	0	3	GO:0000105,GO:0004635,GO:0004636
APU25_06440	9541CD9B11BFCB5F2E9F39B5EEDF5CB2	196	no	yes	5	2	0	1	GO:0071209
APU25_06445	501C634996D80E1B021ACCFF857F080C	677	no	yes	2	1	0		
APU25_06450	57D0AF1621E7C3B7A29ACDAC4197C31A	233	no	no					
APU25_06455	71AB0DCF8458163E10E2BB6D54C6BD9C	486	no	yes	5	2	0	1	GO:0016491
APU25_06460	E92B7A0786D28798F30DD7261B564C20	301	no	no					
APU25_06465	3437D611CAF6970947D2AC60EC2B8EBC	567	no	no					
APU25_06470	E86DCE28C6B4C0BDE05D075B7D13E9BA	588	no	no					
APU25_06475	50CB40B5A26DA36CF7473655639F773B	296	no	yes	0	0	0		
APU25_06480	2FE95716A28A44E3636F8FA8C81E41C2	151	no	yes	2	1	0	3	GO:0005740,GO:0006123,GO:0045277
APU25_06485	622A8C1FD49EB2D303C15C260444BBAA	163	no	no					
APU25_06490	E9E2A31C8E929EE7C9AC6B8E828D20BB	210	no	yes	5	1	0	4	GO:0003735,GO:0005840,GO:0006412,GO:0019843
APU25_06495	87CFCA0FDAA3A63AE0E29D6D82A271B1	797	no	yes	1	1	0		
APU25_06500	97BCCB4FB6833B638993F35497D1D0DB	110	no	yes	3	1	0	5	GO:0002182,GO:0003735,GO:0005840,GO:0006414,GO:0022625
APU25_06505	69B5E3B412AF0A8D86B9DA884CD92622	339	yes	no					
APU25_06510	891A67B2DDAFF0808B08DC449BCB6CB1	145	no	yes	5	1	0	4	GO:0009055,GO:0022900,GO:0051536,GO:0051537
APU25_06515	7D726877DD24B0F2E4AE1C6E52803B1A	432	no	no					
APU25_06520	45198555A8A3D9FA0A2BE1CA303AD7B3	192	no	yes	2	1	0		
APU25_06525	7F9A59B43679EBD5C2F434E62A596601	192	no	yes	1	0	0		
APU25_06530	CFB5F038C8490791E4A25A3D0A7D2A31	164	no	no					
APU25_06535	D8CD3C1E723EA6ADD412B7657CE893A1	343	no	no					
APU25_06540	CCB7E69693FDBA749C2601DF5362BDA0	1859	no	no					
APU25_06545	92F594D5CF970E774C6CFF1CEA319A8F	331	no	yes	6	2	0	3	GO:0003723,GO:0008168,GO:0032259
APU25_06550	0319F78AABBCA8680451496749E6A7B8	222	no	yes	0	0	0		
APU25_06555	2AEB3D5BF8505849A6AFCA9B51B6DEB1	526	no	yes	5	1	0	3	GO:0016020,GO:0022857,GO:0055085
APU25_06560	D228DE0B25B54CD4A97C4DF62F93E577	821	no	yes	0	0	0		
APU25_06565	8A691A758D7B0B5616E2FB61BE4AD54D	735	no	no					
APU25_06570	D617CD48D9862DC1599DD6F5D7BF327E	608	no	no					
APU25_06575	7DB86FAC1E0E7AFFE9C145AC3A85AF7B	529	no	yes	1	0	0		
APU25_06580	AC090B628D413B8476A4DB9D08CE9EC5	341	no	no					
APU25_06585	30B7976DCE0B7C9CDAC0145A2A4F956C	157	no	yes	3	1	0	1	GO:0016747
APU25_06590	758F5447E0E183ACB1C357D12741B20E	479	no	no					
APU25_06595	5FC35A1EE27576198D1D405F0A00CDBE	135	no	no					
APU25_06600	65FF75D3526BD4C32E851A7B129AB5E1	526	yes	no					
APU25_06605	0A4EC8A9B6CC9DE0E0F81686081C031E	591	no	yes	1	1	0		
APU25_06610	32AB16CD1AB64ADE80570B2717C1A279	1437	no	no					
APU25_06615	CBC1B022C426FB17EB5AF430861FB6DC	250	no	no					
APU25_06620	0826BB9D7AB0FD4C61B93741E6D8E70D	292	no	no					
APU25_06625	5859E4F60665AB8CFBBF472042132D15	240	no	no					
APU25_06630	8A062A5046DDEE0CCB7F6E680EAF8C01	236	no	yes	6	2	0	2	GO:0000178,GO:0003723
APU25_06635	FA5EFECB595C7A8C4C6C1841DA1140BA	454	no	no					
APU25_06640	F147C82BAE45EC905858BD4FFBFD37C2	450	no	no					
APU25_06645	793ABB6EE9194D6328B84E41311209C7	455	no	no					
APU25_06650	9D213C471B14196C9EE9CB6FE78CE788	381	no	no					
APU25_06655	CE623620BC0CC99693004A9A93C23742	390	no	yes	0	0	0		
APU25_06660	F1910FD59CD504A95077844181B03A99	452	no	no					
APU25_06665	2ED71C6EE42D858DDBEB9C878CAE4811	410	no	yes	0	0	0		
APU25_06670	560F507B60EF2FA546AA3EE31EA3318C	375	no	no					
APU25_06675	07985BA36B498223475AC7EF847F0BC7	406	no	yes	4	1	0	6	GO:0000166,GO:0004812,GO:0004830,GO:0005524,GO:0006418,GO:0006436
APU25_06680	87D861E14BA25915BC6696887295F0FF	234	no	yes	1	1	0	2	GO:0042721,GO:0045039
APU25_06685	731DB019CB592B25522B72D6E8B2401D	68	no	yes	0	0	0		
APU25_06690	40CBAF1619391526C0AF28927CA7B447	899	no	yes	0	0	0		
APU25_06695	783D82928E357C89CD032B3298048789	314	no	yes	7	1	0	4	GO:0005515,GO:0031929,GO:0031931,GO:0031932
APU25_06700	E8BF66EDD73D75603FCAF2DA3508DCFE	366	no	no					
APU25_06705	4FE4886189123EC98A441684ED6DE83C	698	no	yes	5	2	0	1	GO:0008289
APU25_06710	82F9D32D9BD9478FAFA3127A83B65F87	660	no	no					
APU25_06715	9AAEA58E6E906C1C4683C85756F9045A	265	no	yes	1	1	0	1	GO:0007031
APU25_06720	118610689CDCB626E7B576DB409A8716	393	no	yes	0	0	0		
APU25_06725	3B557EFDCA11CC38A408FF0BF5143C77	421	no	no					
APU25_06730	0FB3FC66274426C9D702E08271EB5EEE	142	no	yes	2	1	0		
APU25_06735	2FD6DAD1BC272EA040EE34DFA107C70A	314	no	yes	0	0	0		
APU25_06740	4777F0960955CF267701C21B42763116	191	no	no					
APU25_06745	A350F4A9A8DBB276B3B86462C35102E4	823	no	yes	2	1	0		
APU25_06750	9B68F31B6443AE516C5DC1611EFB8B56	631	no	yes	1	1	0		
APU25_06755	86F2094D4A8B5C50AA87A84DC02A38D1	242	no	yes	0	0	0		
APU25_06760	9C2449BC47D0F35E5401E5C30747A14E	675	no	yes	5	2	0	1	GO:0008289
APU25_06765	DADFB1A1603CF13B19CD6092D384DFF4	978	no	yes	4	3	0	2	GO:0005227,GO:0016020
APU25_06770	AACB9E4951CC56D4985FA93ED39A2BBE	580	no	yes	3	1	0	2	GO:0008168,GO:0032259
APU25_06775	D67A577F15047F093B6E38896019A54F	1080	no	yes	7	2	0		
APU25_06780	167006A780E1B6386A65EEECA9F1A80A	197	no	yes	0	0	0		
APU25_06785	18A43C9E363A4C9DE0634EA44A20E766	218	no	yes	3	0	0	1	GO:0005515
APU25_06790	31752AC64AEB04D3D0272104B527DA0A	486	no	no					
APU25_06795	A3F616C339F1F49CA0531CFAE9EDA055	657	no	yes	2	1	0	2	GO:0005975,GO:0016758
APU25_06800	714278379990E0318AEA9AB45DD552F8	4260	no	no					
APU25_06805	E569270676D9888E72C99F4CE0E810FE	502	no	no					
APU25_06810	D730BC87D7192F2C8B6F77AE611670A2	388	no	yes	1	0	0		
APU25_06815	232A00E56B32118ECF91F9E5A65F1643	675	no	yes	2	2	0	1	GO:0005515
APU25_06820	5609C4C879BC223C99AD0CAC4C2884DF	590	no	no					
APU25_06825	182FFF300A3A53351E7EA7D76FFA567D	117	no	yes	1	1	0		
APU25_06830	7E1716A9C6C26EFC5278CBCD135BED55	585	no	yes	5	2	0	6	GO:0003824,GO:0004619,GO:0005737,GO:0006007,GO:0030145,GO:0046872
APU25_06835	A337B6022B119EBA88084721C76DAC69	160	no	yes	0	0	0		
APU25_06840	9B975B5E55D98C62FC6B5D42BDD3A781	450	no	yes	1	0	0		
APU25_06845	CFA32E7C5F4C384591BC76D3CBABBDB7	621	no	no					
APU25_06850	A0ED59D2373E4427C23E418910F073AE	474	no	yes	0	0	0		
APU25_06855	2BBBD7A44564DF8DF7D3080111C73639	1801	no	no					
APU25_06860	738232F14A7A9583750FEC4362DF644A	674	no	no					
APU25_06865	7C070E2FC142357C6D6AC54161AE377A	147	no	yes	0	0	0		
APU25_06870	BA5452E26DFEA7FC8A01735D7B62116B	355	no	no					
APU25_06875	7DCB3DD62EC0A061ABAC675D78DA43C3	371	no	yes	2	1	0		
APU25_06880	35FE0EDFE23B02E9BD3BFFA911579D87	755	no	no					
APU25_06885	2D955D11A88010FE21F542DCF5A4EC1B	1140	no	no					
APU25_06890	48BD7B635C1FA23328DDC2F57BD2FB9A	255	no	yes	4	2	0	4	GO:0005839,GO:0006511,GO:0019773,GO:0030163
APU25_06895	970A614E3216E3D12ACAC84CD0162CD3	655	no	no					
APU25_06900	30BA32B6C754FACE15AC8F35F9470E97	1651	no	yes	9	3	0	1	GO:0005524
APU25_06905	77C2E1F3D6C1AF74EC8C94D25E521820	440	no	yes	10	2	0	5	GO:0003924,GO:0005200,GO:0005525,GO:0005874,GO:0007017
APU25_06910	143D3D58DB10FEC9F97D85061168573D	1184	no	yes	12	7	0	4	GO:0003677,GO:0003899,GO:0006351,GO:0032549
APU25_06915	469D836F10B5B843DE2325503F8BE373	143	no	yes	1	1	0		
APU25_06920	C992E7C673CA94D45ECFAC00D121F17E	1092	no	no					
APU25_06925	FF4887B2550BFE8B2E1C2D5949C1FC5F	588	no	no					
APU25_06930	CEFF93DBD08B2F4431B821582AD35492	395	no	yes	5	1	0	4	GO:0003824,GO:0006364,GO:0008173,GO:0051536
APU25_06935	82B51189D32F8C9D7E1EF4FE3016FB01	457	no	yes	3	1	0	2	GO:0003676,GO:0003723
APU25_06940	0C1074F8CB56874127F2E48160FDB592	268	no	yes	2	1	0	2	GO:0009765,GO:0016020
APU25_06945	4EFE1C1AB02926AE3745319CF378A52A	121	no	no					
APU25_06950	534855C7E0518B7D70AC4C45F9738002	210	no	no					
APU25_06955	C1CB31DC4A3C5217E8933C70FF92A1E5	156	no	yes	3	1	0	3	GO:0003735,GO:0005840,GO:0006412
APU25_06960	E43A50460A2B1099140176F041852AF7	703	yes	no					
APU25_06965	3562AA3F40456AE57A7FB6FF67F73CB2	560	no	yes	3	0	0	2	GO:0008420,GO:0043175
APU25_06970	90134C3468426D7309211393DB130A48	256	no	no					
APU25_06975	8757988A8A750086DCF94FD0F1FCAFBE	249	no	yes	2	1	0	2	GO:0005744,GO:0030150
APU25_06980	61E44F123EDD0A23C7C55088A119DC13	495	no	no					
APU25_06985	3FDE47D05CE73B322E068823054685B1	621	no	yes	3	1	0		
APU25_06990	847172FB57CA7B6E06C9063E33A7666B	294	no	yes	2	1	0		
APU25_06995	A20D7E225E42DE8EAE7D0BE87C5078D9	1036	no	no					
APU25_07000	6F8BE150BB84E3FEC9CEB4DF90968A5F	221	no	no					
APU25_07005	C0B334526BDB76A4DFFD43C1B15178A5	138	no	no					
APU25_07010	8076EC47A74E739B0E8E8337E1C5D4C6	632	no	no					
APU25_07015	42A01E39E9F719514224D9502910FA5A	249	no	yes	2	1	0		
APU25_07020	08476E309D6D3F65BC0497581B8CA935	723	no	yes	13	4	0	8	GO:0000166,GO:0004812,GO:0004829,GO:0005524,GO:0005737,GO:0006418,GO:0006435,GO:0043039
APU25_07025	E088229A0FA75428300766EDD62F07DB	473	no	yes	5	2	0	1	GO:0006457
APU25_07030	E11CF02F90A98B2E284327E840CDFA21	906	no	yes	2	1	0	2	GO:0005975,GO:0008184
APU25_07035	D1302D0EDBAC13BD3689C092357FD8B5	396	no	yes	5	2	0	2	GO:0006508,GO:0070006
APU25_07040	6E4E62F99A909097EE2AA4BE42AE0E3B	127	no	yes	2	1	0	3	GO:0009522,GO:0009538,GO:0015979
APU25_07045	49A967DA8914DB7783DFA478EEDAF741	111	no	yes	1	1	0		
APU25_07050	E914E41AD1BCC5976E8D344430994E06	312	no	no					
APU25_07055	9EBEEAF48C3799327F144131026F347F	371	no	no					
APU25_07060	6335D9D4EC2B4DB792BBA8DD08C9CF38	641	no	no					
APU25_07065	7863F59DAD7F1D577CF39317186CA444	334	no	yes	0	0	0		
APU25_07070	52B9F3C719C69D3F08D242A67FCC3139	520	no	no					
APU25_07075	DCD3125577A4B0E984A0E312AFD5CF8A	475	no	yes	2	1	0	2	GO:0003676,GO:0043231
APU25_07080	454B2CC3EDA42FDDC6288052CDAEE28F	220	no	yes	0	0	0		
APU25_07085	3E22883CFD94D0595F631DD4D2A275C2	165	no	yes	0	0	0		
APU25_07090	42ED44A83447CE3159A6F1DB3C533044	541	no	yes	2	2	0	1	GO:0042254
APU25_07095	1F336347E1B2CD76DB47D4503F38094B	346	no	yes	3	1	0	1	GO:0003824
APU25_07100	F048630EA2DD70FDD5C3A1D3BEBC5D54	466	no	yes	3	1	0		
APU25_07105	592CAE571C20A8B6B3BA556584A2C2AC	483	no	no					
APU25_07110	2F454F2C6E3177F64806B120422C31DC	245	no	yes	2	1	0	2	GO:0006281,GO:0030915
APU25_07115	0098989821697978FA38F0F016E9A682	671	no	no					
APU25_07120	52611E2C5BBB2181ACF5E3A5E626F164	799	no	yes	4	2	0		
APU25_07125	639695042EA7EB6B928C0F3C07CB767A	115	no	yes	3	1	0	3	GO:0003677,GO:0003755,GO:0006364
APU25_07130	AD23585C4CE62536D3473E34ADF526CE	210	no	yes	0	0	0		
APU25_07135	4A90F6D336B4AB21A878F45F320E6C7F	435	no	no					
APU25_07140	6357A0D9154B0961FCF37B82F732F37B	683	no	no					
APU25_07145	66E9D963B926BBE9E758968F7868CD42	236	no	yes	0	0	0		
APU25_07150	9ACE3ECBA67F4B7922FEC1C9051E2771	448	no	yes	3	1	0	4	GO:0005092,GO:0005093,GO:0007264,GO:0015031
APU25_07155	00AF5D6D6AF49E017D834EC94E7AF6E6	303	no	no					
APU25_07160	5667D54536C716C3B8BA658B75BCF869	370	no	yes	2	1	0	1	GO:0000398
APU25_07165	57B6C1AD646B59BE33D8F901EF3147F8	506	no	yes	5	1	0	4	GO:0003824,GO:0003866,GO:0009073,GO:0016765
APU25_07170	25CD68A3394DFEC8548C64FD9AA1DE78	393	no	yes	2	0	0	1	GO:0005515
APU25_07175	BB9F9C42E72B3F583B026C26451DE67C	583	no	no					
APU25_07180	8974FC5A6088EFE90857DAC377BDC1CA	453	no	yes	8	2	0	3	GO:0006520,GO:0016491,GO:0016639
APU25_07185	9F9CB3B4CB9E85B6E35A62EF59A8ADBF	180	no	no					
APU25_07190	976DF1976FF223965627679F47C77F3F	562	no	no					
APU25_07195	654D58631416C91D3220971FF58F91D0	88	no	yes	0	0	0		
APU25_07200	B11A3E7FB1432EBBA4612F0474D6EF5A	330	no	yes	0	0	0		
APU25_07205	30B01D9AB26C904979ACAC29250A8ED2	587	no	yes	2	1	0	1	GO:0008168
APU25_07210	0BF02C37E1EAD6FBBD381E2164055D50	309	no	yes	4	1	0	3	GO:0005506,GO:0016705,GO:0031418
APU25_07215	C18BB3F7CEE9AA9F4367381344B48795	586	no	no					
APU25_07220	69196E55D21F1496B134E907FE412507	577	no	no					
APU25_07225	8C83A66EC9E1733805D7368C291EED20	66	no	no					
APU25_07230	625E4CEB66153CA1E84CEDD4AC5E1B8E	79	no	yes	0	0	0		
APU25_07235	A3BF4EF9A57CA354E3E76B095753C553	192	no	no					
APU25_07240	5234504A65A8ACAB7C7E49B7CCAAAB2D	312	no	yes	2	1	0	3	GO:0003690,GO:0009330,GO:0042023
APU25_07245	2FD9EF1AB8B153C832804CE00AFFFB5F	534	no	no					
APU25_07250	3EBDA6183311BF7158EE290407E27915	186	yes	no					
APU25_07255	3192682DC2F9975C0210CCBB425118F9	337	no	yes	2	1	0	3	GO:0015095,GO:0015693,GO:0016020
APU25_07260	490B94607300CE49C618E8286FF97E88	337	no	yes	4	1	0	5	GO:0005471,GO:0005743,GO:0055085,GO:0140021,GO:1990544
APU25_07265	AA746B6FDD9B0D4157B30CF81B99523A	659	no	no					
APU25_07270	89C6291C413991193F7840E7C13C6D91	183	no	yes	1	1	0		
APU25_07275	076178B40957734295FA71F1CD8A1BE1	292	no	no					
APU25_07280	C2E1CE8B87D0D6045EE5571B1F95C5FC	250	no	no					
APU25_07285	8A650BAB230E58B8C0300BD80A20CC30	307	no	yes	2	1	0		
APU25_07290	58458760893D9043D28419C60B25C607	646	no	yes	5	1	0	1	GO:0016891
APU25_07295	8519C19208CE2A36AC5BBDC644D36143	233	no	yes	0	0	0		
APU25_07300	09FB44E17218A28702508DE4C7278944	258	no	no					
APU25_07305	A2639976DF8A0CF86C8C6CE86C13B4DC	459	no	no					
APU25_07310	95BE861C4653BA3ACC6E965B45AA33A0	210	no	no					
APU25_07315	4E3A1E7E69578A48AAC2DEB8871775B7	209	no	yes	1	1	0	1	GO:0016020
APU25_07320	7B8609380FE546F816201C350BDAA4E8	580	no	no					
APU25_07325	BBFFF9F4A8C8A039EA9E9544824C19AE	794	no	no					
APU25_07330	5905644A93095D619F0949100A4DC178	1198	no	no					
APU25_07335	4C89C5E212CEB3133531C84B18D66929	201	no	yes	0	0	0		
APU25_07340	7B69A5249C9F541C4A0AA6C0199A1704	398	no	yes	3	1	0	5	GO:0000287,GO:0003862,GO:0009098,GO:0016616,GO:0051287
APU25_07345	8563769CF5598EA83F0281FF307BEC49	247	no	no					
APU25_07350	983D5C280E32A7FB0500478F06335390	429	no	no					
APU25_07355	46B769C2E524DF4C3578DE47E9A5DA5E	133	no	no					
APU25_07360	C3F4D25CBA53D47DE2349A888F18B5BA	216	no	yes	1	1	0	2	GO:0000445,GO:0006397
APU25_07365	8779B0E9A62F7771EE809BD628C982D8	285	no	no					
APU25_07370	D33DD7B27A5700ED24E76EE3EC92AAA6	911	no	no					
APU25_07375	4A63AFA0CBB2101C8418E2350F432E55	233	no	no					
APU25_07380	E96A01CBF0789CB4B75542DC2C9ACD92	356	no	yes	6	2	0	1	GO:0006457
APU25_07385	56320F39F067FC3AD409DCB54D604084	347	no	yes	3	0	0	1	GO:0005515
APU25_07390	5599DFA4450A8D4436EFEE6A1FCE9A8F	498	no	yes	4	2	0	2	GO:0003676,GO:0005524
APU25_07395	F143D61C6BE248C5DBC5B0DBB6B9527C	513	yes	no					
APU25_07400	8FFE9E07ED9B96C8F81D9B6A2208F077	707	no	no					
APU25_07405	02C5B786C18983757DE0E910AD3940AC	93	no	no					
APU25_07410	7684549B68FFBB95F8B778A519017818	108	no	yes	0	0	0		
APU25_07415	AC76591020DFD6B574C6359F031DF9B4	265	no	yes	2	1	0		
APU25_07420	7BDE9A59D029EB525A388FAF8A50E736	509	no	yes	1	0	0		
APU25_07425	89A1D2405A21D4F140DE69E239E23718	396	no	yes	2	1	0	2	GO:0005524,GO:0006468
APU25_07430	FDB19D13DF1FF685541BDCA0943B55B7	674	no	no					
APU25_07435	E7AFCE62EB5D4955391F3BD632F1F120	334	no	no					
APU25_07440	8BE554199EAB520180B53E286F120E1F	2341	no	yes	0	0	0		
APU25_07445	7438D9E54D4719BCC07D67AB9C4E11B1	1125	no	yes	10	4	0	4	GO:0006886,GO:0006888,GO:0008270,GO:0030127
APU25_07450	E70D63140E2EF6E4A39A87244F08AB1A	71	no	no					
APU25_07455	D137D2A9D209075CB1464F80ACB497AF	489	no	no					
APU25_07460	EDA4EB52646E2AE648BA4C4F89F93B5C	484	no	no					
APU25_07465	2FB4DB3C898297D2FE8B296A4DE903CD	541	no	no					
APU25_07470	F74A944FFE92939C51652505F4EBFA90	541	no	yes	6	1	0	7	GO:0000256,GO:0004038,GO:0008270,GO:0016787,GO:0016810,GO:0016812,GO:0050897
APU25_07475	3BEB731EBED30FB6B7EB1469C7D2808A	496	no	no					
APU25_07480	28B0D4F70D6A3D894AF5D309F2D9BD6C	745	no	no					
APU25_07485	FE7EA36B834DB1C91A1A23E5E1EA1C93	217	no	yes	4	1	0	1	GO:0003723
APU25_07490	E041D6B92D000F67DA76364A8858B943	173	no	yes	2	0	0	1	GO:0005515
APU25_07495	0E7352CF2A5B208D3EAF0AD387F1C1E7	2052	no	no					
APU25_07500	733BD16338F0FF37565F4488C8D32C0C	271	no	yes	2	1	0	1	GO:0047429
APU25_07505	A811D31D697CCBC3E732A45E2753A86B	1039	no	no					
APU25_07510	5273A445ED67480C345860F77D63566B	358	no	no					
APU25_07515	BD5C90490664BF037AE731EA8A8AB72A	320	no	no					
APU25_07520	20ADDFEE8E6432E5D6017301F684B8EF	993	no	no					
APU25_07525	7E75F4FC859492CC95734959C1305FF6	602	no	yes	4	1	0	2	GO:0003924,GO:0005525
APU25_07530	16A6B5FEF3BCCE1185B5715486B12058	299	no	no					
APU25_07535	08DD20DD8F0605D2460B66BB8499A0F9	363	no	yes	0	0	0		
APU25_07540	D3EC389AFC253811C92C93BA009494E6	556	no	yes	1	0	0		
APU25_07545	E2E61301BF7DC22F9ABE3F447351488D	254	no	yes	2	1	0		
APU25_07550	E9304B62998A9AB479B87B490E54DC82	626	no	yes	6	2	0	5	GO:0005524,GO:0016020,GO:0016887,GO:0055085,GO:0140359
APU25_07555	2DEF11218415057E70EDA41C736BFE3E	508	no	yes	8	2	0	4	GO:0004672,GO:0005515,GO:0005524,GO:0006468
APU25_07560	D029ADE2B0B54DDA6A729268EFC9E1A4	227	no	yes	4	1	0		
APU25_07565	F8BE0A62A93EE373BE1D3D2A06CB34E8	640	no	no					
APU25_07570	76D69AA62A6CEA88F96C7D8107A2D063	318	no	yes	3	0	0	1	GO:0005515
APU25_07575	E529E3727ADC44CB860B8CFB5B139966	416	no	yes	2	1	0	1	GO:0005975
APU25_07580	7F479BFD7D199DA3AA9F8F967E3CF5FB	356	no	yes	2	1	0		
APU25_07585	D7880625776F005C7EA6421D0BC4E4A6	622	no	yes	0	0	0		
APU25_07590	EABA7EDD9AFB5EB093D360140EF0257D	2105	no	yes	5	2	0		
APU25_07595	256CA82882DE63A46F92D58801E5536A	1090	no	no					
APU25_07600	30E6FC409FF5B4F871B444BD95B1E6F9	146	no	yes	0	0	0		
APU25_07605	5995617FBC1C2C2205A9D4FF1181601E	345	no	no					
APU25_07610	A3A005E989F05BDCF3BB63B3E880AA02	712	no	yes	0	0	0		
APU25_07615	185B3EAF5A03F40C32511B070E263467	317	no	yes	5	1	0	3	GO:0003723,GO:0006396,GO:0008173
APU25_07620	3AF92C09E633E5623E0C0B687F501010	743	no	no					
APU25_07625	BA730841F5646492359CE7C14C119E01	1670	no	no					
APU25_07630	35F087E3DC842873D725B42E573988C0	378	no	yes	4	1	0	3	GO:0004672,GO:0005524,GO:0006468
APU25_07635	8918B6CB3F6FCC9B589BD2B1A73676F1	603	no	no					
APU25_07640	933C553EE53C7B85AC10363BAE29F8A6	122	no	no					
APU25_07645	DD3A3F367E75D76C303C82002FA0FD23	355	no	yes	2	1	0		
APU25_07650	953F332D739D982F3AFF4BF7DD426310	645	no	no					
APU25_07655	10F6B5942AF2EF9CCA5456134C27168C	1360	yes	no					
APU25_07660	4B133A081C2AEBF2756339EEED1A1B43	587	no	no					
APU25_07665	BD1C0B42849FEB7F4B5FA78C6D18CA00	283	no	yes	0	0	0		
APU25_07670	C8274B114BBFBFAD9E8D77FF738111A8	1370	no	yes	7	2	0	5	GO:0005524,GO:0016020,GO:0016887,GO:0055085,GO:0140359
APU25_07675	4C9E8D1376AF4469EFA77C9EE93CD0AA	411	no	yes	3	1	0	3	GO:0005096,GO:0016192,GO:0043547
APU25_07680	BA4E2A1BE8846B187393CA1A91E477EE	158	no	no					
APU25_07685	CF4C920B1D0344A14CBB4E7E2B3D8ADC	524	no	yes	0	0	0		
APU25_07690	D2D73BDEB9F33EC16C427FC57626C877	974	no	yes	5	2	0	1	GO:0004386
APU25_07695	B9BA67E545851BA18BD252D948AD901B	139	no	no					
APU25_07700	51457C67D495AF76D7F05DA8BA28EEF6	408	no	yes	1	1	0		
APU25_07705	D10882F8E11DADFF4608E67995951F9D	602	no	yes	7	2	0		
APU25_07710	485DE88F36A68B005C6C82E786C7F271	248	no	yes	1	1	0		
APU25_07715	9C6EA523B7D86F7E7A8E993B2BCE3718	392	no	no					
APU25_07720	3CCDFAD1703E6112A93284BFE1257DBD	234	no	yes	1	1	0	2	GO:0005778,GO:0016559
APU25_07725	20C89E52908A903E1C8ECA8D9359F214	225	no	yes	3	1	0	1	GO:0005515
APU25_07730	4684472968CBFB4ACD962F7581C673BB	510	no	yes	2	0	0	3	GO:0005337,GO:0016020,GO:1901642
APU25_07735	5ADF91032BB0F09FF741CAEC242049AB	282	no	no					
APU25_07740	BD6C83D2A116B4CC009F70DBDC46A507	370	no	yes	2	1	0		
APU25_07745	9958221D090124F928343A86493627A9	242	no	yes	4	1	0	2	GO:0005524,GO:0016887
APU25_07750	327991F22B8CDB2497F352BCF61816AD	371	no	yes	1	1	0		
APU25_07755	3F2AB22FD52CB5E493E7F2652B23640B	1063	no	no					
APU25_07760	DD76782C8D79126CCE9997BB81579F6C	428	no	yes	0	0	0		
APU25_07765	668201D102506DAEE5A6CC1A02E8212B	493	no	yes	0	0	0		
APU25_07770	AA449EFDBF6634B767D7735890DF2561	233	no	no					
APU25_07775	60948B9FBF32B491CA674E3741E26820	1015	no	no					
APU25_07780	7438D829948BBECCFBCF9B488A6D9DB9	607	no	yes	7	2	0	3	GO:0003824,GO:0004160,GO:0009082
APU25_07785	524FF8D3DF0ED855BB0DA8E86FD95513	643	no	no					
APU25_07790	36A20C98C3C9852C37BC4A04769F0C0B	223	no	no					
APU25_07795	936FF5AF334B17ABB6DD3B81D40DD212	476	no	no					
APU25_07800	E32DE77BE344B8291C4B4756E78EB8C8	838	no	no					
APU25_07805	7D52A419FF6B18C16C889CE30926C484	906	no	no					
APU25_07810	B04322980FB555070A74AF474DB3E1BF	568	no	no					
APU25_07815	2A7380232913D1EEA140337CE74B0F62	463	no	yes	6	2	0	4	GO:0004149,GO:0006099,GO:0016746,GO:0045252
APU25_07820	F41B0A96CDC22A0580C5340BCC9EC172	722	no	yes	10	3	0	3	GO:0005524,GO:0016887,GO:0035494
APU25_07825	8D36F3E6B0F4199A51527303D4530CF1	495	no	yes	5	2	0	2	GO:0003676,GO:0005524
APU25_07830	3F5202BB9946E897D28B01050F3BA26B	595	no	no					
APU25_07835	9C9E5283ADE48E88BD81D64A0926C977	227	no	no					
APU25_07840	806760A86B4C2BC40422E58A6B08BB6F	834	no	no					
APU25_07845	F1890548FF814EBECCE7FD7D83801ACF	870	no	yes	3	1	0		
APU25_07850	EB23A38E0CAE5663753878F3CB9B708D	122	no	yes	1	1	0		
APU25_07855	DABF1779B7DEC9B8C74C37D1481B6758	540	no	yes	4	1	0	1	GO:0016810
APU25_07860	A98D7F2B2A6E58F889C5B89B969FDF4E	164	no	no					
APU25_07865	19BAA50BD45A4134613B1EFD4F798243	414	no	no					
APU25_07870	FAA0BB7BADF2C3FE1E938335DF7AE08C	1536	no	no					
APU25_07875	F62A4B3976D6F41351B955E9C8D90BAF	2017	no	no					
APU25_07880	1FA66E7A9A8E700753FD30DC793E8BBE	411	no	no					
APU25_07885	26D60BBFBCF95761EC58BEF61C591EBA	376	no	yes	0	0	0		
APU25_07890	80B9EFCC8CFFF980EEEB20EDE3F53396	915	no	no					
APU25_07895	493B0F92249366BD4EB49299948E9C28	555	no	yes	7	3	0	3	GO:0003993,GO:0016787,GO:0046872
APU25_07900	F0B8B7F90D48BF1A0521F35C128D8637	551	no	yes	7	3	0	3	GO:0003993,GO:0016787,GO:0046872
APU25_07905	5292339434BA6DA432E7F7E62452D9E8	552	no	no					
APU25_07910	79A74DAEEA8296FB4A10C7BCEED53636	238	no	yes	3	1	0		
APU25_07915	EA74A9BE819C9FA42BE18A277CF87336	782	no	no					
APU25_07920	BE9A6CC54D431D7D1279CE8BDACB61D9	596	no	yes	0	0	0		
APU25_07925	C9FCB79F049CD26177B1444CBB26855E	238	no	no					
APU25_07930	9449B091D2A49725628CD60950631E55	243	no	no					
APU25_07935	A490423D516E7C0E994B08B0EB7119A1	639	no	yes	5	2	0	2	GO:0003676,GO:0005524
APU25_07940	718F7C18FB57DC3B1913A2B897E0621A	568	no	yes	7	2	0	3	GO:0004616,GO:0006098,GO:0050661
APU25_07945	1B01661E5E7D22A3F24B5230DCAA9E8D	852	no	no					
APU25_07950	880046E9763BE8FBFD453E7E64773892	238	no	yes	2	2	0	1	GO:0005515
APU25_07955	9652706FE0CCBB0C6F1254CCB00A0184	860	no	yes	5	1	0	2	GO:0003924,GO:0005525
APU25_07960	A890543CA38C98C11E170D527507B50E	129	no	no					
APU25_07965	4110DED5637E16BA41BE22723D8AF3C9	333	no	no					
APU25_07970	37F1B767FED5156F0D3512FEC3FCF604	461	no	no					
APU25_07975	4CA6717F789328F53CD7C7AEEB07FAFE	255	no	yes	3	1	0	3	GO:0000906,GO:0009231,GO:0009349
APU25_07980	962E15ACC5E62E9D85DB1625B806801F	185	no	yes	2	1	0		
APU25_07985	11E575A3235CFCFE260F114C5FADE701	356	no	no					
APU25_07990	AED4CC18F5290015CE35987B2DC14F29	113	no	no					
APU25_07995	08D7D0ED87508ED03F70A3ADCB43F0A7	377	no	no					
APU25_08000	0E93EBD56945521464D7DC3F63B09146	217	no	no					
APU25_08005	C5DB46CCFDEB318545E287BBF72104A7	100	no	yes	0	0	0		
APU25_08010	EE247FC6BCF17BDCC76EF2F26F561CBB	275	no	no					
APU25_08015	8FE0CEEDFFBCBC6184376D9FB518621F	966	no	no					
APU25_08020	776322AFA12310FF194E5CAB60E2375E	220	no	yes	3	1	0	3	GO:0015078,GO:0015986,GO:0045259
APU25_08025	8A27DCDC14AB742C8767E998FB3D4158	167	no	yes	5	2	0	1	GO:0005515
APU25_08030	87F0F26622ACCAB40598A95B75718229	408	no	yes	3	1	0	2	GO:0004659,GO:0008299
APU25_08035	A576A472489D7AF96F031139AFF2A048	170	no	yes	4	1	0		
APU25_08040	3028361F242454F06937A9F21518BFC3	172	no	yes	0	0	0		
APU25_08045	DBF420795FAF5D410EC33993DE97DCB1	562	no	yes	4	1	0		
APU25_08050	9C1C1C21A799B147465550CF23F5761C	651	no	no					
APU25_08055	61A6562F01B35CC4709065F87CEE0657	1119	yes	no					
APU25_08060	AB7237E4E64937D272CCCB79FA3D1075	133	no	yes	0	0	0		
APU25_08065	C1797DE748283D5FF36C8105B57D26E9	360	no	yes	2	1	0		
APU25_08070	D13812646B77FD2F4FA087C3FE5A99BC	379	no	yes	2	1	0	1	GO:0003677
APU25_08075	78D8905C762EF4D161F0EA2017A2A859	179	no	yes	2	1	0	3	GO:0009523,GO:0010206,GO:0010207
APU25_08080	88A52FE6AAE7BF622ECD4DA4EC8900C6	488	no	yes	0	0	0		
APU25_08085	E1C3F0C3CDE4EB35B77DB1B06FD17056	628	no	no					
APU25_08090	8F93BF54A51CFDD5F3A97C35D5E13A94	80	no	yes	0	0	0		
APU25_08095	7605AFFF0383247791FF5A8D13317CF1	491	no	no					
APU25_08100	D70DEC8233FF91D367DD0380E250E0FB	165	no	no					
APU25_08105	5AF4C74D118105D3D6F2C9FA7F5ADA82	611	no	no					
APU25_08110	D298B0A543F5E15BD873BDE1297647B1	250	no	yes	3	1	0	1	GO:0005515
APU25_08115	8CC648A9DDEB23E41655A9A36DAB6E9A	383	no	yes	6	2	0		
APU25_08120	8D8BF6BC5CAEFED4FE0438A35CD3F933	882	no	no					
APU25_08125	55F6A1858632AF9FDB4D1B75EA90FBCF	579	no	no					
APU25_08130	AB477C99FD40D989BAED0C4225269C80	275	no	yes	2	1	0		
APU25_08135	55D796F136B19F665B93639B3CFDE814	298	no	yes	3	1	0		
APU25_08140	B37777EEB9E00B86B286ADB6B8FEFEA1	825	no	yes	0	0	0		
APU25_08145	A8171C0EAF6762E83E25D7B380480837	1535	no	no					
APU25_08150	F77666DF82420388D4EA169864FC9BAB	250	no	yes	0	0	0		
APU25_08155	A3D7E53673554332BC0069FA5FFA7F72	202	no	yes	0	0	0		
APU25_08160	3E7D5FFFDB5A63D198573F92683FDBCD	200	no	yes	8	2	0	5	GO:0003723,GO:0003735,GO:0005840,GO:0006412,GO:0022625
APU25_08165	5A8BD0BEAD97523C3D8E68E8C933F4FB	240	no	yes	4	1	0	1	GO:0016872
APU25_08170	3D1B656EB9020584B30A65942ABFF2D0	381	no	yes	4	3	0		
APU25_08175	23774507B2D3AB528781F01C117DED51	611	no	no					
APU25_08180	A18BF90D5CC1E045CA510FA00E7183A9	92	no	yes	0	0	0		
APU25_08185	2803DF7CA2A10263C24EE30B4471BA12	560	no	yes	4	1	0	2	GO:0022857,GO:0055085
APU25_08190	CAC32AEC1FAE250662ABF68358670410	444	no	no					
APU25_08195	B61B4721E47C00A8E6AEA85EAA0CA07B	404	no	yes	7	3	0	3	GO:0006886,GO:0006888,GO:0030127
APU25_08200	8544925856F0AFFFEA068A72ECB6320B	1236	no	no					
APU25_08205	76C0F7ADE231E5ECEF699EB284430DFD	152	yes	no					
APU25_08210	E0588CE76223A3413BC12B7B18B2FA19	123	no	no					
APU25_08215	1B7744A43BF43848B3F5544F1257D7E8	847	no	yes	0	0	0		
APU25_08220	680AC73E717790DB8B7D53DBD4EB5CE7	425	no	no					
APU25_08225	87611BD848B3C6F2B5B23EE7E8F9A4D6	812	no	yes	7	2	0	3	GO:0004672,GO:0005524,GO:0006468
APU25_08230	1B503BFD259AB3BBEE28E7877412986E	312	no	yes	2	1	0		
APU25_08235	F4C61051755C16FF1169ED488C02C5BC	385	no	yes	5	1	0	1	GO:0070403
APU25_08240	090EEB1D86DFB084CF86B151452F8787	556	no	no					
APU25_08245	9EF3497FA26657A1E13C143E812978AA	255	no	yes	4	1	0		
APU25_08250	539251E1CF6465A3ACC9D1AE02A62B5F	499	no	no					
APU25_08255	724AF71E939CF087CF82A67E10C6A3A8	325	no	yes	4	1	0	3	GO:0005506,GO:0016705,GO:0031418
APU25_08260	2FDAB40FCF9775385B1987A797528C3A	168	no	yes	2	1	0	1	GO:0003677
APU25_08265	FF611A4A2338570560C0F11DD0C956C8	872	no	yes	6	3	0	5	GO:0004176,GO:0004222,GO:0005524,GO:0006508,GO:0016887
APU25_08270	D345BD7082397560D9CEAFF9518F543A	160	no	no					
APU25_08275	0C4EA3E26F8B5E5B26BE5C8D1034AB4C	370	no	no					
APU25_08280	F40D29E3F65B5F83D9C508279965AAC9	326	no	yes	0	0	0		
APU25_08285	3F41C08EA6B03A8843C4BD1DC4830F8C	325	yes	no					
APU25_08290	3CC5D4FCF54AB3DEE31208FAA31DFBA4	334	no	no					
APU25_08295	AE4A7E7C2965531468E1F0462A844FCD	685	no	no					
APU25_08300	DE6CF178AABC6EE2D1EA405E0C0073A4	227	no	yes	3	1	0	2	GO:0045333,GO:0048039
APU25_08305	4AAD863A0E8E97995BFA17CDA297039E	273	no	no					
APU25_08310	C8E352400D18719DE87BB1FA584B0F39	95	no	yes	4	1	0	3	GO:0003735,GO:0005840,GO:0006412
APU25_08315	3E7474C2D7D6C1F1EDCBBACFFB1BE2E3	707	no	no					
APU25_08320	8AAD1CA2F3983535B66B324F9B229627	694	no	yes	4	2	0	1	GO:0019867
APU25_08325	78B77C5A7EC002252BA4498502037317	275	no	yes	0	0	0		
APU25_08330	5F6463F84516FD727E97750B157D6CE2	796	no	no					
APU25_08335	B60A485A74BFD40BFE6505C82BAE161A	390	no	yes	3	1	0	3	GO:0016020,GO:0022857,GO:0055085
APU25_08340	E2C4C4734DE98A5A217F801785D6006E	663	no	yes	3	1	0	1	GO:0006629
APU25_08345	CA78ED78AB0071420B4A19D18615F6D5	540	no	no					
APU25_08350	A993145666D1ADA2FE9CBC92AE281003	274	no	no					
APU25_08355	239FA69315D802A1D7E5C771D66185C6	801	no	no					
APU25_08360	2ED38C34906F643BD2B659D1FD0B87B2	569	no	no					
APU25_08365	689FFFB7F8483E17A54E3D1E56D1EEA1	375	no	no					
APU25_08370	EE9A021AFBDABAD58544C0D482DD2894	321	no	no					
APU25_08375	88DF61D25FF0B05F7192B17D951DCB2A	2704	no	no					
APU25_08380	5C939ACE5BFB5E6D70BD49C6B0DAA76A	576	no	yes	1	1	0	1	GO:0005515
APU25_08385	0251A21E1ED41A45659A3FFD12B88849	308	no	yes	3	1	0	2	GO:0000413,GO:0003755
APU25_08390	F43B26E5EE5AD7173598EA9931D3122C	227	no	yes	0	0	0		
APU25_08395	6CA81BF1C01D577CAC2BE97DCD8E9BB2	485	no	yes	5	1	0	3	GO:0000159,GO:0005515,GO:0019888
APU25_08400	65147A0C2955F2CBA754B57E556F28AB	138	no	no					
APU25_08405	0F4F6C9BFEEB76C9E5C747D3895A0572	1251	no	no					
APU25_08410	DC34254E92AD438D3339F04E0DA3CC82	448	no	yes	1	1	0	2	GO:0003677,GO:0006351
APU25_08415	5A31D0355ABDC7734047E03C976B9F9D	298	no	yes	3	0	0		
APU25_08420	AED6D47F2052C27F6D818980079980B1	551	no	yes	10	3	0	5	GO:0003924,GO:0005525,GO:0006614,GO:0008312,GO:0048500
APU25_08425	1EB4782A3067E80AA3BD1B2762976A9B	717	no	no					
APU25_08430	9BEF22FA87BAEE887F7EA0F82840415D	210	no	yes	1	1	0		
APU25_08435	1F7463EF45DE9BE682CE2E41498CA181	1562	no	no					
APU25_08440	90F4EDB8217B91FCDDD895E3826F8AFE	227	no	no					
APU25_08445	C884CACD41336EE6586C2E88D941EA3D	535	no	no					
APU25_08450	4FB6E1FC56B6005E1D9E742A9DFAC23A	357	no	yes	3	1	0	1	GO:0016747
APU25_08455	F707AA91AEEDFC17160DB802D9372F6A	1112	no	no					
APU25_08460	4CE916B3B2EF6CB4CBE8FAF27E9D775D	663	no	yes	4	2	0	1	GO:0003676
APU25_08465	B6CD9C427C989B475D55680E43DDB6C3	234	no	yes	4	2	0	1	GO:0005515
APU25_08470	B28C50C079606248DDAAF4D7284E3848	101	no	yes	1	1	0	1	GO:0000123
APU25_08475	007C8E02BE7F0FF478EC5D8A31C58AC3	614	no	yes	8	3	0	1	GO:0005509
APU25_08480	C99ECE8714259C7B1CD9C472F599D494	731	no	no					
APU25_08485	CAB772F15A8EF2C1366FC9DD4BDC4A2D	437	no	yes	6	2	0	3	GO:0004672,GO:0016310,GO:0016772
APU25_08490	864F0DA1B2BF23CFF5974DEB7FED0609	155	no	no					
APU25_08495	DA02583C4F02BDDC0961AB1ABEE15C52	542	no	yes	2	1	0	2	GO:0016020,GO:0016757
APU25_08500	57399257259B7A5D69A694F1B575B987	672	no	no					
APU25_08505	D66C355B6182396DC1EBE5ABD0ED19D9	326	no	no					
APU25_08510	22C5411C06F727AC5FE92E8C332095FC	174	no	no					
APU25_08515	75336DD7FA162A710DE0036783D49602	294	no	yes	3	1	0	3	GO:0004852,GO:0006780,GO:0033014
APU25_08520	B8911556342F00AA7F6129C41428EB4B	390	no	yes	10	2	0	4	GO:0004842,GO:0005515,GO:0043161,GO:0061630
APU25_08525	646650F35E540043E0D0A0F32B677F71	989	no	no					
APU25_08530	5E6A911B9D83364F488D1E1DA1B0BF0C	331	no	yes	1	1	0		
APU25_08535	B7F49D381B02F5734FD8A9C442757888	289	no	yes	7	2	0	1	GO:0016491
APU25_08540	500369F7989B6FC0D230D41356ED5F31	231	no	no					
APU25_08545	903CF69F5F39602A9E74BBFE1819E258	122	no	yes	0	0	0		
APU25_08550	3881EE2AF8D71A7E9E7A1C93C9A54582	162	no	no					
APU25_08555	371613B27A737E36F2A330CBF5E676D0	690	no	no					
APU25_08560	D20A6E2A5373AD6502BFC99315DCE71F	596	no	yes	8	2	0	3	GO:0003700,GO:0006352,GO:0006355
APU25_08565	2C124AF928E12B5AAFE831EC5692339E	230	no	yes	3	0	0	3	GO:0003676,GO:0008168,GO:0032259
APU25_08570	FA6C7A4A19963C32F3D851407F38EE66	577	no	yes	2	1	0	2	GO:0016020,GO:0016757
APU25_08575	B10BEBCF4A513072E0A483451EF1874D	492	no	no					
APU25_08580	80838640405D163078CB11204958FA25	506	no	yes	2	1	0	2	GO:0016020,GO:0016757
APU25_08585	83E3BF28B26452A1631E3720CAE2FF1A	496	no	no					
APU25_08590	9B2DB5C23E47EAA6F94EB4CD96C35CC4	603	no	yes	2	1	0	2	GO:0016020,GO:0016757
APU25_08595	903382620184CA3FC02A97015A7F3EC2	116	no	yes	2	1	0	2	GO:0005740,GO:0016020
APU25_08600	595AA3239EE3DB4FB6F8D81230DAE39D	602	no	yes	6	3	0	4	GO:0003676,GO:0004386,GO:0005524,GO:0006310
APU25_08605	C75CE806B278DC753E0031D30F2C9C8E	153	no	yes	0	0	0		
APU25_08610	D6725AED3C7878ED86FE014C9E3E7109	249	no	no					
APU25_08615	109AA2035C633BC724DA4C27D78F7C86	1457	no	no					
APU25_08620	792A71544E280A115D6B344715FCA0B3	1941	no	no					
APU25_08625	46F260A2DFC568F5681DB9D10ADB5188	415	no	yes	7	2	0	2	GO:0005524,GO:0016887
APU25_08630	E9E03B534E14DB70D3F140BCAED03ACC	349	no	yes	1	0	0		
APU25_08635	2786F53E7B65E84FE863BA80E690E1EF	317	no	no					
APU25_08640	7B882EDE6FA75BA11A188B98EE0C1907	505	no	yes	8	3	0	3	GO:0006086,GO:0016746,GO:0045254
APU25_08645	8D0DEAC186D84CA3F3CAF5913E1C9292	1030	no	no					
APU25_08650	F593D17302E435C6B66B8B93E03C52E1	810	no	no					
APU25_08655	07C236BA7AF4B0B2E0DABAE0CDB90A3D	483	no	yes	2	1	0		
APU25_08660	6154832180423C125ED61D6BD7E1D5A2	326	no	no					
APU25_08665	B2D19F9466479DFB3500119B0FA0602B	366	no	yes	3	1	0	2	GO:0030246,GO:2001070
APU25_08670	92598CB787C5B6D42C554EECECBCF526	407	no	yes	0	0	0		
APU25_08675	4F5F2B58A1B94F3FA36110759388EAEF	301	no	no					
APU25_08680	A6A7DCC1BA3D3BB0BAF836DAA7D12325	530	no	yes	0	0	0		
APU25_08685	9A42DE13410B7756DD0FC7E21801BB77	101	no	yes	0	0	0		
APU25_08690	7A921D3D2D58A94D029EB27E64BEE650	327	no	yes	1	1	0	2	GO:0000077,GO:0030896
APU25_08695	95E0905E9385800456981FD8D5663036	166	no	no					
APU25_08700	6AB19C7C4E6582322047F23B05C288BD	1301	no	no					
APU25_08705	74D9A7B65F5B5C2F53574D833914579C	140	no	yes	0	0	0		
APU25_08710	6F441E17820FCA4023DCA6BC55748556	577	no	no					
APU25_08715	9B502E8B027683780193DF107274AF07	278	no	yes	4	1	0	2	GO:0005666,GO:0006383
APU25_08720	A80F9AF65549380C3F89900E3AFFD6BA	178	no	yes	2	1	0	4	GO:0005885,GO:0015629,GO:0030041,GO:0034314
APU25_08725	ACAF4E06B6BBAD3DCA545483F40AB02F	391	no	yes	4	2	0		
APU25_08730	6B9C2E750D13CF5B0803171ED79CF184	525	no	no					
APU25_08735	D4CE8D1BB35EA7CCE2B77C2D5C7A7FCD	937	no	no					
APU25_08740	2E280FF77AD66DCEC8F512971FB22B98	365	no	no					
APU25_08745	972A3085243651BDAAB39C8C652C9731	603	no	no					
APU25_08750	8F11C2180FDFEFE12FE610BCAD180348	772	no	no					
APU25_08755	D264BEED896DFD63E6E4DDE88BC31D02	232	no	yes	4	1	0	4	GO:0004672,GO:0004674,GO:0005524,GO:0006468
APU25_08760	34F8DD384026D39DF44C02937B021858	150	no	no					
APU25_08765	E19E8E3848C486E684A1FA3C0C185ADF	523	no	no					
APU25_08770	E8309ED7E9B52291A99559DF64CD99FA	227	no	yes	2	1	0		
APU25_08775	853B4C6DAB47D05FF2A0D896C8617C22	133	no	yes	5	1	0	2	GO:0000956,GO:0003723
APU25_08780	45E95637C2936A233575A562C65F2EA5	542	no	no					
APU25_08785	2591C3876FB9639C87A0C712A628F89D	229	no	no					
APU25_08790	73A9BA3F5C7809260AE76E65D7043B0F	831	no	yes	9	5	0	6	GO:0003677,GO:0003678,GO:0005524,GO:0006260,GO:0006270,GO:0042555
APU25_08795	7D143F01FBCED72BAFEDFB935EA5B731	551	no	no					
APU25_08800	BE45B3848D124E4332A72BC5B2F0ED8C	409	no	no					
APU25_08805	AD250412561AEE8475D307CBB073E127	433	no	no					
APU25_08810	B1667D8EF628E2578066F9CE63A2E207	500	no	yes	4	1	0	2	GO:0022857,GO:0055085
APU25_08815	0AC094235B5B0A80F3FA75D8B90736FC	364	no	no					
APU25_08820	9DE8BA7EC671B27B2E7A857B0D632F22	565	no	no					
APU25_08825	380B97EBE8832AED080F63E0686E6F39	488	no	yes	1	0	0		
APU25_08830	F387627BA66323ADFBFFB242B3232981	518	no	yes	5	2	0		
APU25_08835	BAE514A5F5196C7BFCDC536B00F7F0BB	415	no	yes	4	1	0	2	GO:0005515,GO:0016787
APU25_08840	FB0F973E0B6801F67927C14C96799C69	608	no	no					
APU25_08845	D8E24C0DA46DA41186CC5A94C7FB9FBF	603	no	yes	6	1	0	4	GO:0004672,GO:0004712,GO:0005524,GO:0006468
APU25_08850	4DF6C6D32D9B55C11401EB6506D6965D	487	no	no					
APU25_08855	9F86053FC5787CF08C402F2635FFE73C	164	no	yes	1	1	0		
APU25_08860	F3F2E0EBCD4ED9AB2F03414E232A4D9A	603	no	yes	5	1	0		
APU25_08865	4FDF99F5D68BB69E94F98776CD99A4D2	530	no	no					
APU25_08870	2E4A9DB2AE71BEEC72C492E026FDFEEE	356	no	yes	5	2	0	3	GO:0004418,GO:0018160,GO:0033014
APU25_08875	653260037493030782F1604374CD7951	380	no	no					
APU25_08880	8999C0A6835597A210888889F46F748C	113	no	yes	1	1	0		
APU25_08885	B52640AAE2ED692DC72B207AE1579EF8	349	no	yes	3	1	0	1	GO:0005515
APU25_08890	AC21EF10379FFEB98A7D8927416B2E76	179	no	yes	7	2	0	3	GO:0003723,GO:0005634,GO:0042255
APU25_08895	6423DC7D9C611F482171793772E47A4E	619	no	no					
APU25_08900	C3D7F11BC5C1BD6E25794AF0B855700D	719	no	no					
APU25_08905	1D275CC0E47403754F9DB00B78295B56	241	no	no					
APU25_08910	C7B255D22BDE5FF7FC12F2538F44F4BA	359	no	yes	3	1	0	2	GO:0004332,GO:0006096
APU25_08915	A9012506007CAA63E58E93B4DD0F0B9E	316	no	yes	5	1	0		
APU25_08920	89F62EE2E95685E906B3B255513E85F8	348	no	yes	2	1	0	2	GO:0005506,GO:0008610
APU25_08925	F4F072EF5BA6241679798C9680FFA8E5	481	no	no					
APU25_08930	1EDBBCFE0B651E50A2FEF0A87A026A8D	202	no	yes	1	1	0		
APU25_08935	88EB4737EE1D93C4BF119F97EB038CE9	370	no	no					
APU25_08940	6B71A796E169C4963619EF0920A4683D	295	no	no					
APU25_08945	1D986F6472BB1C0541E87F688C07FF07	130	no	no					
APU25_08950	97E46B5ACE5CFD57AF6C95D8371B8594	1192	no	no					
APU25_08955	33C7A6C0E8D091C46B470C9F028CDD1F	96	no	no					
APU25_08960	2396D80C235919208481ACFCBAC0AE9E	108	no	yes	0	0	0		
APU25_08965	AF40422F09A1780324C24379DA4F323D	78	no	no					
APU25_08970	BC5390FA5F6C12C9E264DDB575611675	247	no	no					
APU25_08975	80B1ADA10F689CFD1EB8E5AD5AF05CBE	40	no	no					
APU25_08980	AC94CA89DD704D4A6E2B1BE5ECD1D756	294	no	yes	5	1	0	2	GO:0005524,GO:0016887
APU25_08985	F98B67B34570ED6E992C307F52962EB3	499	no	yes	4	1	0		
APU25_08990	A28E06C734A561F7DC295158976B4871	622	no	yes	2	1	0	2	GO:0005092,GO:0007264
APU25_08995	FCA2DDCD983A6942DA3FA5C4BBD43F4D	573	no	no					
APU25_09000	18A0E58C7469766BA4348D6B6A1D001B	544	no	yes	3	1	0		
APU25_09005	85387D96D9FB20620F6689CECA6E23F0	722	no	yes	6	3	0	3	GO:0000398,GO:0005515,GO:0006396
APU25_09010	D3E7DF28CC7CEDF98BF3628193A70FE2	482	no	yes	7	1	0	3	GO:0005737,GO:0006099,GO:0046912
APU25_09015	0D28B78165AE5146F744E426F9A62CB9	246	no	no					
APU25_09020	1431F6AB58F146D149783B6BE615E682	118	no	yes	0	0	0		
APU25_09025	147EBFAA09DF80F1F40A3EAC732CF7A2	84	no	no					
APU25_09030	C64E1A0CC9C279266AE8566BE69143F2	66	no	yes	2	0	0	2	GO:0005758,GO:0033617
APU25_09035	04288953465518E50CC83CF4463C41E8	418	no	no					
APU25_09040	C70E73029FCD75ECAA7A4488B9A3647D	498	no	yes	4	1	0	1	GO:0016491
APU25_09045	D49A865D2888A4B8BDB823E28713946E	547	no	yes	7	3	0	4	GO:0005515,GO:0005737,GO:0006606,GO:0061608
APU25_09050	98E7B55DF7AE72C0035F454AF03A51C2	1072	no	no					
APU25_09055	CE79DD2A7608433D17520C5C9DC57E45	1339	no	yes	2	1	0		
APU25_09060	E84C7757404BE84C9843C81FC4ABA096	198	no	no					
APU25_09065	9ECF529292E04746CD3186A407A9F282	175	no	no					
APU25_09070	4473BFCC479A4F4221BA107CB5C380CA	308	no	no					
APU25_09075	9BA774158EF5EAAAC1FBDD0472405C95	440	no	yes	1	1	0		
APU25_09080	1B3B95595227F7218D90C7AAB235500F	318	no	yes	2	1	0	2	GO:0006400,GO:0008176
APU25_09085	A068D61AB397492657EA793D9589C77C	301	no	yes	0	0	0		
APU25_09090	1E3C670C03E0F30FDF03E1D8ABBAF558	355	no	no					
APU25_09095	792A55C8A5C770E81ABAA858B542DCC4	935	no	yes	3	1	0		
APU25_09100	2ADFAFB80FC13AFD0109BD42A29058F8	224	no	yes	0	0	0		
APU25_09105	126D03BF4A1057DCD8117186C6866A09	341	no	yes	7	2	0	2	GO:0008270,GO:0016491
APU25_09110	D8FD793E6645BEA5A50F03CF439F9668	710	no	no					
APU25_09115	97BBAE95EF7349D48BDFAB7814070B64	117	no	yes	2	1	0	1	GO:0097250
APU25_09120	56468522EFF414CAFC2DCDA49A8C21BF	778	no	no					
APU25_09125	61D550134573953782D5FD786BFDEC42	551	no	yes	8	2	0	2	GO:0004072,GO:0008652
APU25_09130	30614C621A4FA854463ACF98A445125F	525	no	yes	2	1	0	1	GO:0016757
APU25_09135	F7284A5337148AA98769F121E277C700	383	no	yes	3	1	0	2	GO:0006357,GO:0016538
APU25_09140	0DA154C2AFE3800B96725E62A445AC0B	519	no	no					
APU25_09145	5D6FDA869B64CD67369F7E934F9DD727	152	no	yes	0	0	0		
APU25_09150	4990EEFFEE7C4570558736922D4CC611	117	no	yes	2	0	0		
APU25_09155	ABA7C576212F85AD2A42402891F3EACC	132	no	yes	4	1	0	3	GO:0003735,GO:0005840,GO:0006412
APU25_09160	4A0E590C22FE9B8C55864FC0C0F4C3AF	634	no	no					
APU25_09165	2D5F0B560FDA619282F7565B5BFC2774	593	no	no					
APU25_09170	44CE981236CCF6924AD7C7A8B0FBE7AF	175	no	yes	4	1	0	2	GO:0004462,GO:0046872
APU25_09175	A2177A16114CEAD6D8E8732737CF75F0	312	no	yes	3	1	0	3	GO:0000398,GO:0005515,GO:0030620
APU25_09180	006E2C4EA463EC93166F245B4FAC9EA4	320	no	yes	1	1	0		
APU25_09185	58F81EE91B600C1D549530B766148587	734	no	no					
APU25_09190	F5B78AB593A85CD6C9C2C9AB6D3FC27E	491	no	no					
APU25_09195	B4DB886E97B2C973B4A2636F016B3665	459	no	no					
APU25_09200	D11FD9FEAC5244BCABEC8EED758CFFD0	134	no	no					
APU25_09205	A68DBAE72A8E263CEF30411BA12205D8	287	no	yes	1	1	0	1	GO:0000398
APU25_09210	ADAACA1B8BF0B2B4FD76C24F1498F282	188	no	yes	2	1	0		
APU25_09215	04153A15E613A933FE0A7BCBC2B8FAE9	141	no	no					
APU25_09220	370F685D5CA92FF42431D36A0B7D813C	103	no	yes	1	0	0	1	GO:0006120
APU25_09225	46B9D3EE2096916DBB87EE82EEB803D6	587	no	yes	5	2	0	4	GO:0004345,GO:0006006,GO:0016614,GO:0050661
APU25_09230	AA7BE3B9CBBDF6BE4F9F8D5E7DA6E1DC	379	no	no					
APU25_09235	48537D70B24A5799C3C88A1855C07F34	817	no	yes	5	1	0	2	GO:0005515,GO:0070063
APU25_09240	A1DDA8C3F7379B4495300D826392A3E8	192	no	yes	4	2	0	1	GO:0005854
APU25_09245	EE87856E72D7E71DA12A5C1218DCA977	205	no	no					
APU25_09250	A548F9684A5DC89747747F185C9E37BD	453	no	yes	2	1	0		
APU25_09255	E0DAB4D6E417F8E588985CD549E98502	1240	no	yes	5	2	0	5	GO:0005515,GO:0005524,GO:0005694,GO:0016887,GO:0051276
APU25_09260	192BD0DD5EF5B31C36FA87F500FAB6F1	253	no	no					
APU25_09265	CD12DBABB7DDC3D7AEF9AC811E654164	1510	no	no					
APU25_09270	1556B1F3A7C3F19949C9D554FB46662D	161	no	yes	0	0	0		
APU25_09275	2FB8E17800D039EC315942B29DE0F109	192	no	yes	4	1	0	2	GO:0003924,GO:0005525
APU25_09280	DC6B1A7CC7F02A0C57DA556827FA2716	263	no	yes	3	1	0	1	GO:0046982
APU25_09285	EC55F1DCCF613795B1E69EF244049B7E	270	no	yes	2	1	0	1	GO:0016491
APU25_09290	71BAD2014C00FD3D56A9B7315F83C4E7	253	no	yes	4	2	0	4	GO:0005839,GO:0006511,GO:0019773,GO:0030163
APU25_09295	C7FF9169D698D971DF0C8909F2613CCA	492	no	yes	6	1	0	3	GO:0004721,GO:0005634,GO:0008420
APU25_09300	5B2517821B323E6B0B840BBD6B27A48E	501	no	no					
APU25_09305	7674F5D9672DA527B8C77F7548740C7F	526	no	no					
APU25_09310	DEAF8A691B20CD86387EEF23D4764C48	551	no	yes	3	1	0	1	GO:0006629
APU25_09315	22B6DAE3C258A3CD4FC2DD62FDE3DD59	512	no	no					
APU25_09320	7013E459EE6EA4DB6A30CDD4F9A53401	694	no	yes	5	1	0	2	GO:0006508,GO:0008233
APU25_09325	E4D8DA3E3FFCEF40A986AA04374C2A4F	841	no	yes	0	0	0		
APU25_09330	78C270F0DBF9BD52082C63D3D85A8629	316	no	no					
APU25_09335	42A4CE90137641B6725C14EA347113E6	1209	no	yes	5	1	0	4	GO:0003777,GO:0005524,GO:0007018,GO:0008017
APU25_09340	72894BB38ED381306FE1CD8EE8D5A565	197	no	no					
APU25_09345	5E709C78E8B96882022601997D807034	142	no	yes	3	1	0	4	GO:0000786,GO:0003677,GO:0030527,GO:0046982
APU25_09350	8776C9E2C7481BE8FF70D290712CEA1A	472	no	no					
APU25_09355	EC005F4E41907EF39677894EDA0EFFF5	231	no	no					
APU25_09360	E15AA11184A16FFA7D3CE57653A17286	537	no	yes	0	0	0		
APU25_09365	5CACC52CF0B015F3E19C0E6FBFF6D779	169	no	yes	2	1	0	4	GO:0008137,GO:0048038,GO:0051536,GO:0051539
APU25_09370	484E982D8B1BB172D3E44BE54F774D50	688	no	no					
APU25_09375	BBCF80524167BFA1F7F78A9CCE41DF0A	595	no	no					
APU25_09380	9FF59BCC4756337F2959CB4AFC48A628	562	no	no					
APU25_09385	8D7D5D8B9062CEA041C5A8CE68625E55	240	no	no					
APU25_09390	35A693637C927AD9D0DBA91DB8A91D08	205	no	no					
APU25_09395	AD3E6E7E5DE199DFE4F51360B3A933A0	138	no	no					
APU25_09400	57E649A3DB998438024CBAE489A5336B	440	no	no					
APU25_09405	5402B0409BBEF846E9FE036B1E2DA8EA	740	no	no					
APU25_09410	A1F026334094AE154B5004069C54D8A2	1149	no	yes	12	5	0	7	GO:0000166,GO:0005215,GO:0005388,GO:0005524,GO:0016020,GO:0016887,GO:0070588
APU25_09415	FC573527FC9F3ABE3D37F735F80C3008	1104	no	no					
APU25_09420	4990F661EADC8EB31A2358FF9D87FDE9	157	no	no					
APU25_09425	A9D4367099C8E8B73EF1E0B10EF92275	554	no	yes	1	1	0		
APU25_09430	8D608C9C0E8E80DBFF1D568CF33B1133	222	no	yes	0	0	0		
APU25_09435	FE4BA4AC99A5BDED9EC4C6F4F33107DB	293	no	no					
APU25_09440	F5A61F10A35A6230DD8F16F424A975F7	385	no	no					
APU25_09445	E61E4B6F60FCFD317A8F8F7A17117F89	946	no	yes	6	2	0	3	GO:0003676,GO:0003724,GO:0005524
APU25_09450	884B06B1BAD125B3FF5A07BC5AC08A8D	299	no	no					
APU25_09455	5036CA3B1EDD286B968034E7E8E89E66	891	no	yes	4	1	0	3	GO:0006886,GO:0016192,GO:0030117
APU25_09460	8C73F4D375C00EC1BDBC208A7391B229	333	no	no					
APU25_09465	EEB019C9BE8AF2E17BAB9293511E0E78	425	no	yes	1	1	0		
APU25_09470	C3B3088A2D70C9E4F8F533D7A0B0D0A5	421	no	no					
APU25_09475	4AFD64E1F8792143096A9513908E8770	402	no	no					
APU25_09480	0696C21121ABFF7DB66CD05E8ED77D46	403	no	no					
APU25_09485	B0D910E1F0FFB710A22EA24D74830061	99	no	no					
APU25_09490	D9395D4CED9FA279BE62C263DB252A14	623	no	yes	3	1	0	2	GO:0022857,GO:0055085
APU25_09495	F3AF38ABB3E1FB73D886B2D1C090472A	481	no	no					
APU25_09500	681FC801690B4A04E5D33292740066C5	294	no	yes	4	1	0	5	GO:0005886,GO:0015419,GO:0016020,GO:0055085,GO:1902358
APU25_09505	8F9C2624CBC0B910450695FD3B263727	444	no	yes	5	1	0	2	GO:0017183,GO:0090560
APU25_09510	3502ECA594F192DA74FE4E95DAE97675	105	no	no					
APU25_09515	69541C9F20F0C94F728EA864A7931F96	515	no	no					
APU25_09520	72CB1EBBA455A246F4858E9346FE8985	495	no	yes	3	1	0		
APU25_09525	D495ECE990BE735764F67F96A7A5E02C	681	no	no					
APU25_09530	7F1FA1AAB7DBB7B0BC48F8EAC96758D2	199	no	yes	1	1	0	2	GO:0008308,GO:0044070
APU25_09535	8C3D208177725688D496185BE1569B8B	179	no	no					
APU25_09540	49AFE27586FAC8687270763DBF7FBAC1	584	no	yes	3	1	0		
APU25_09545	19160BBE28B09448016ECB33BD7DBE01	705	no	no					
APU25_09550	1D24D026B2A352912406987729532850	161	no	no					
APU25_09555	FE911B34C92FB89BA5B7D15E5C06C689	742	no	yes	3	1	0	1	GO:0045892
APU25_09560	737398FECAE0F4DE5E168A53E46907FE	490	no	yes	0	0	0		
APU25_09565	F07A50A90DDD18142CF4F9EFBA40D935	455	no	yes	6	2	0	2	GO:0005524,GO:0008094
APU25_09570	FF0999D850886829726EC64FBBFF260D	418	no	yes	3	1	0		
APU25_09575	1E85BBDCCC11A3923E390B0E324907F0	285	no	no					
APU25_09580	16E9618BEF948818D312373901595258	122	no	yes	0	0	0		
APU25_09585	C050CBF812A0A4948A6A03176D620A62	826	no	yes	0	0	0		
APU25_09590	10A02661F8C69DE15FC3AA1C15E3CC39	439	no	yes	4	1	0	2	GO:0005509,GO:0006851
APU25_09595	BDF38F03E106986E17923F1A48CC1935	670	no	yes	11	3	0	7	GO:0000166,GO:0003676,GO:0004812,GO:0005524,GO:0005737,GO:0006418,GO:0016874
APU25_09600	7B989DF365451654ABCBF5113E2087F3	933	no	yes	8	3	0	1	GO:0005515
APU25_09605	35D3D9659EF84B96883C406D46ECC291	301	no	no					
APU25_09610	7274A7848D60C111D13F3CD4C5DEE5B2	414	no	yes	6	2	0	4	GO:0000105,GO:0000287,GO:0003879,GO:0005737
APU25_09615	4D5437F6009601FB1941160E9475FD2A	1002	no	no					
APU25_09620	1CF97F95CA1023971B689BEA341CFA2E	466	no	yes	4	1	0	3	GO:0008483,GO:0009058,GO:0030170
APU25_09625	031D040DA6DB23B3E182C69C605B38FB	242	no	no					
APU25_09630	181218FE1CDAB64BF81E9C7F9C0E954F	191	no	yes	2	1	0		
APU25_09635	CB26EF99CA9C531CE8AA109242760BB9	252	no	yes	2	1	0		
APU25_09640	D3CE42B33250B749E19B648AE73A0EC0	321	no	no					
APU25_09645	51C023485ABE2D50E7BD5C5FA39AAFC3	618	no	no					
APU25_09650	66D3CAEC41762E4BF679FF14AF2C418D	307	no	yes	0	0	0		
APU25_09655	2D7E6AF569A7A76ECA25A6D67E38110E	597	no	yes	7	2	0		
APU25_09660	E67C24F8334816355C45E5FE07BC2296	117	no	yes	3	1	0	2	GO:0006457,GO:0016272
APU25_09665	15DEAF76EB617C9C30541425FDABCE62	387	no	yes	5	1	0	3	GO:0003824,GO:0009058,GO:0030170
APU25_09670	9E55DEDA54B1A79198CC079B4B778F2C	1076	no	no					
APU25_09675	0F147F972F12BCF4AA7DC619D78508FE	154	yes	no					
APU25_09680	39168420AA6C211DD801DDB5B78F2655	402	no	no					
APU25_09685	5BCDA8B276A64BC7619861FC80663856	257	no	no					
APU25_09690	6D59E030EF506C058D29EEFD57429314	1564	no	no					
APU25_09695	BC83412BCF21AA87BF2E98E6A5F1AEB6	386	no	yes	1	0	0		
APU25_09700	22957E9F4FF20AC3D023716E23CB2036	287	yes	no					
APU25_09705	4A8861BA62610BF3B1A94675A4AD3487	451	no	yes	7	1	0	5	GO:0003824,GO:0006520,GO:0008483,GO:0009058,GO:0030170
APU25_09710	698A3343B4D0507ECB8C195C26FF4582	423	no	yes	1	1	0	2	GO:0006368,GO:0016593
APU25_09715	745C40043437C53533FB82853AF7D1CC	145	no	yes	0	0	0		
APU25_09720	91947BD196D3A7881FBF38243D2136E0	264	no	yes	2	1	0		
APU25_09725	BA3282DCEB4A74C3BC0F1214E13A6794	302	no	yes	2	1	0	2	GO:0004252,GO:0016020
APU25_09730	18497B8D787F0F9A9E7D888C56D36FCD	344	no	yes	3	1	0		
APU25_09735	7A07E1EDC13F76D580CE965B2489C5D1	599	no	no					
APU25_09740	CF645AD842E95666BD9ED3F3922BA0E6	614	no	yes	2	1	0	3	GO:0015095,GO:0015693,GO:0016020
APU25_09745	9B5F4E0B6C143719F37D9E1564055022	961	no	no					
APU25_09750	274B58E03993C6B5A06E0D9EE825AC14	136	no	no					
APU25_09755	0A1C9547B731794F29C8D659213A82B7	853	no	yes	5	1	0	3	GO:0002098,GO:0005515,GO:0033588
APU25_09760	F78F8F6D4931D91E962D0B1F90120068	291	no	yes	3	1	0	2	GO:0003676,GO:0003723
APU25_09765	69C703547AB8355B5023A01879A8CDDD	192	no	yes	3	2	0	3	GO:0003676,GO:0005515,GO:0008270
APU25_09770	8FD7983ADA00846EFA6834849E2F6218	483	no	no					
APU25_09775	31478D2960473ECF772030AC3D42B860	74	no	yes	0	0	0		
APU25_09780	8CC9F0DF9597BE19DB60C259C09D4D99	508	no	yes	3	2	0	3	GO:0004512,GO:0006021,GO:0008654
APU25_09785	6B961F94C01D08476A91605F7EA76673	527	no	yes	0	0	0		
APU25_09790	905D4A1E7D1C61AC07881380E79BF0EA	284	no	no					
APU25_09795	654EEFC9020D0FA2E778F06A60E84D46	608	no	yes	2	1	0	3	GO:0000289,GO:0003723,GO:0031251
APU25_09800	26116F6AEF0CFDC2D6CC17C86CEB9904	749	no	no					
APU25_09805	0EED52ACB882B5212C5E9F0C784CD407	609	no	yes	2	1	0		
APU25_09810	1AEC520FA44FEB3A667EAD9F9717F271	381	no	yes	8	3	0	3	GO:0003676,GO:0003723,GO:0046872
APU25_09815	374DDA1F30F698C0FCC2A2662DB323EB	512	no	yes	5	1	0	1	GO:0030170
APU25_09820	7FFE8D14DFE500DCAC04C70A808515EB	595	no	no					
APU25_09825	F7A67EDD45166FAAC15BC04D7B165AB6	438	no	yes	4	1	0	1	GO:0008168
APU25_09830	467AB4A320A48A68BA6E109987E2B115	211	no	no					
APU25_09835	A675241D9F8701B6F3BCB842134B9649	342	no	no					
APU25_09840	971FF2DFA643C3E2E1FF9A069ADBBB32	474	no	yes	5	2	0	1	GO:0008270
APU25_09845	07F40C56C47487F1AB6E0B5E74ABC089	214	no	no					
APU25_09850	418F5A0582D7F99BE5215764253D8437	211	no	yes	1	1	0	1	GO:0007034
APU25_09855	4FB2115BB6851D9175137D9EE1596543	250	no	no					
APU25_09860	9AD9BBE5805EBA0AEBE12E3308836C42	353	no	yes	1	1	0		
APU25_09865	C7D5531A311B10562B907999F4CA028D	400	no	yes	2	1	0		
APU25_09870	9CE379736626CC6F54666A9A9E2979D6	326	no	no					
APU25_09875	F976C622D62C52A8C72FAB2B188CDAB0	600	no	no					
APU25_09880	DB817C9B337158EAB80D92107A23D5A0	476	no	yes	5	3	0		
APU25_09885	A9CB97A6E47B2BB45FC1F954BA0BBE42	506	no	yes	8	2	0	4	GO:0000398,GO:0003676,GO:0003723,GO:0005515
APU25_09890	1E4BDCF0AAD0C5C9E8D37D105A2DF46C	239	no	yes	3	1	0	2	GO:0003676,GO:0003723
APU25_09895	28883FB5B74B69306EE15A35E4EDAA05	214	no	yes	0	0	0		
APU25_09900	EEBDDC02FF54F36AC5DE5C87B6C65554	222	no	no					
APU25_09905	67754F2440CC984D81E5D9A5D8908A15	282	no	no					
APU25_09910	6C373B172297333E4E60D2D90E0F1443	254	no	yes	0	0	0		
APU25_09915	9DADF2FB719F4166026289CE3059CF9C	1488	no	yes	12	5	0	3	GO:0003677,GO:0003899,GO:0006351
APU25_09920	B1813E54156BCB7ACD7D1047AE1AEBA0	2181	no	no					
APU25_09925	1D7AD8A76DA3F0F83C7DC659436D748A	204	no	yes	2	1	0		
APU25_09930	2097471288D8DAF98C13632D31C5A147	305	no	yes	2	1	0	2	GO:0003735,GO:0032543
APU25_09935	81C280BE8D8EE6D82B3F43AAFF7D9CDF	1482	no	yes	2	1	0		
APU25_09940	DE5C5ABAC5942FAC182D0310AB357100	477	no	no					
APU25_09945	7176F2B0EF8C72C1A02BB9B9BD52A03E	2497	no	no					
APU25_09950	BA444FB967C5D7825BD1581555AFF404	566	no	yes	1	1	0		
APU25_09955	C1E4B7415EF16AE86EA5F9542CABB49E	792	no	no					
APU25_09960	E6CE3CC9B5E478A450BA7C4926A11186	610	no	no					
APU25_09965	9D804C1C0E378A66046A45D335914FEB	478	no	yes	2	1	0	3	GO:0016020,GO:0016126,GO:0016628
APU25_09970	825509EDE02D8D055C0079D36C3A6B68	613	no	no					
APU25_09975	438D7EE209D152FDDD5A0BA69DD93701	192	no	yes	4	1	0	2	GO:0003743,GO:0006413
APU25_09980	DA5FE354D2D15FFFDCCD425FD7630F9F	785	no	yes	6	4	0		
APU25_09985	F6CD5C6F1624DC223B1A6B2F9DAD7B4A	320	no	no					
APU25_09990	BDF5A20646EE78116EFF9FBD15966617	260	no	yes	0	0	0		
APU25_09995	ECC1AA8A5565104F9CEDF0EE1A68E3DA	573	no	no					
APU25_10000	A96D6B78F9DFEDDD470240A80F641918	221	no	yes	0	0	0		
APU25_10005	E23DC12C0B5A763039C208A440B4346F	513	no	yes	4	1	0	4	GO:0004497,GO:0005506,GO:0016705,GO:0020037
APU25_10010	A49BB3A8142DB4783FD889FC5898388F	659	no	no					
APU25_10015	C51DC6E4D4B946A03D7D116F6F1B77DD	488	no	no					
APU25_10020	41A8B8761DD0C88CE516D1634DE5FAEA	406	no	yes	1	1	0	1	GO:0016020
APU25_10025	ABEF3FA66F97C57957BB7E6B31F4D44D	1107	no	no					
APU25_10030	412743F31EF0585A2DDCBB7CCA150179	152	no	yes	3	1	0	3	GO:0003735,GO:0005840,GO:0006412
APU25_10035	A9C8E8A87F69A237A6035D3C54863C54	342	no	yes	4	2	0	1	GO:0003676
APU25_10040	1A43C2542CA5BF67F2EF1ACBE5A0B1A8	837	no	no					
APU25_10045	6006929739329B5C31E44929CEB645AA	430	no	no					
APU25_10050	BCE36BD2F258FB06471043F0DF26A8B9	424	yes	no					
APU25_10055	4527188122A131DE5FB94B2938056967	355	yes	no					
APU25_10060	13CA5914592DB4A2FCA73CBC6DB54994	582	no	no					
APU25_10065	C7ACDB5090DAF281F4926155210903AF	390	no	no					
APU25_10070	09ECDD5FB244228330FF252810E113A4	174	no	yes	2	1	0	2	GO:0016020,GO:0016192
APU25_10075	6D244F22F24780A98025E12F6145665B	245	no	no					
APU25_10080	D4BCAF8D337E00EF68BED3F9055B5103	518	no	yes	2	1	0		
APU25_10085	94A4197F8EC33BABF7622AD123398BC5	109	no	no					
APU25_10090	997479A4BF4A3AAFE04F2CD5425A121D	329	no	yes	5	2	0	1	GO:0005515
APU25_10095	8F3475B9B91BF02FCC0F83CD852F6BF5	145	no	no					
APU25_10100	7EBA412CED41BCB43BBCFE1E77DF5590	235	no	yes	3	1	0		
APU25_10105	19F40497F94FE8984F5C50CA15541FD9	246	no	yes	3	1	0		
APU25_10110	3FF981E93FA93B50BB6999F1ACE2A7F2	434	no	yes	0	0	0		
APU25_10115	D3B1D256E73912535266E0DFF0067AD1	121	no	yes	1	1	0		
APU25_10120	FDF041039FBDEFCB1E0F57CD6C8F053E	461	no	no					
APU25_10125	3D3834368A10E9C0AFB851E48A9E9EEB	564	no	yes	4	1	0	3	GO:0004729,GO:0006779,GO:0016491
APU25_10130	513ECAD8C3ADC4F1A5A1AC517563398A	305	no	yes	6	2	0	1	GO:0016491
APU25_10135	AB6D943DA91E72F3925D715EACDCC5A0	232	no	yes	4	1	0	1	GO:0005789
APU25_10140	75B4A707AEBCF12A0E90D2C64AF6DCB3	569	no	no					
APU25_10145	6922E6B54644D524ECBC66B5626C39DA	506	no	no					
APU25_10150	491039C43C7761F673C48567CFF71F0C	442	no	no					
APU25_10155	A07AB560B7E9074C9F4511DA07BB7D5D	603	no	yes	1	1	0		
APU25_10160	0AF87F9E4F3AE2267D7BC695ED9B0FC2	414	no	yes	4	3	0		
APU25_10165	AF4D3FFC8CC7DC7338CC80695C35FAA5	352	no	no					
APU25_10170	2AD5A9A6B45BD23A46DECE7A242AC6FA	680	no	yes	5	2	0	3	GO:0004553,GO:0005515,GO:0005975
APU25_10175	0306E8B1229C4F2E36CA20E4BF3902B7	489	no	yes	4	1	0	4	GO:0004497,GO:0005506,GO:0016705,GO:0020037
APU25_10180	709115508AB978A33B6FCE92D5B96649	335	no	yes	2	1	0	1	GO:0005515
APU25_10185	C7FB6880C9DC853ECCE5AA10C493F8BB	491	no	no					
APU25_10190	729DCA14526E199A7675AC0FDBBBCEAF	446	no	no					
APU25_10195	EE6F11BBB997E9B14921004AD0B9D89F	914	no	yes	7	3	0	3	GO:0005515,GO:0006886,GO:0016192
APU25_10200	1C711C794678CDCA839139EF04BC05E0	354	no	yes	2	1	0		
APU25_10205	001B8B40FC787D0030FC7A8351BC641B	390	no	yes	1	0	0	1	GO:0005515
APU25_10210	A84844091B0EBEDDA49AAC0F28484B8A	419	yes	no					
APU25_10215	2BAEE7B2F2B6F91557E3D83050B48BE4	433	no	no					
APU25_10220	606DC9DDE798A3CC26DD0337BC8C5E13	818	no	yes	6	3	0	4	GO:0003676,GO:0003723,GO:0005515,GO:0006396
APU25_10225	AE212DAC6F19AB420D5C7FFE4D4567B6	289	no	yes	1	1	0		
APU25_10230	9CF9779A26394A50A53B2D83BFDD96BC	647	no	no					
APU25_10235	8C53E905996DF18FB15BE1A43B39A976	350	no	yes	3	1	0	2	GO:0003978,GO:0006012
APU25_10240	607922CF976683FC7EE17A21EE09D658	863	no	yes	6	3	0	7	GO:0001510,GO:0005634,GO:0006364,GO:0008168,GO:0008649,GO:0031167,GO:0032259
APU25_10245	BC49336C5B92A945BC7C2224A9269DC9	752	no	yes	5	2	0	4	GO:0005524,GO:0016020,GO:0016887,GO:0140359
APU25_10250	C53BE639E2A537D993AFB466BA9AE841	133	no	yes	1	1	0		
APU25_10255	EECAEDA7EE9076ABE71B9270B13AE8A8	573	no	yes	3	3	0	1	GO:0005515
APU25_10260	7948B6B7B23F6E6DB33AA31F5D80F59E	252	no	yes	2	1	0	2	GO:0006656,GO:0008757
APU25_10265	AA17176FAA7A51A5E9CB67300B768343	1064	no	no					
APU25_10270	E656F299A0EB260AB08CE4B2B11B97B2	236	no	yes	2	1	0	2	GO:0000079,GO:0019901
APU25_10275	D1144FC9758614531C55296D736766E8	409	no	yes	3	1	0	1	GO:0003824
APU25_10280	A4349FD8F60EF6EA116415CBB2B88DAB	1215	no	no					
APU25_10285	EFA2C7587AE3C1FA2FE283867C0C6155	163	no	no					
APU25_10290	7B3BE60BB5952E9962D145D9BBFF6CF9	279	no	yes	1	1	0		
APU25_10295	A5DF610EDBB1641F79525A50271F464F	97	no	no					
APU25_10300	03751AA62F235F1C49045B27C399B04E	209	no	yes	0	0	0		
APU25_10305	A3F17DDE9399175965FF81738EB36E39	1190	no	no					
APU25_10310	89A5B1D751AC336F1FDFEA3CD24B652F	398	no	yes	2	1	0		
APU25_10315	7FFEF4C0AB937E41DF5B94B57E3D42B8	1376	no	no					
APU25_10320	083FDDAB2BC3F033D324E12539D862C8	618	no	yes	5	2	0		
APU25_10325	5D8FC3B02089EC0656990BDA90795220	289	yes	no					
APU25_10330	EABCC422ACAC4FEA94BCE3B331B2BD08	233	no	yes	1	0	0	3	GO:0003712,GO:0006357,GO:0016592
APU25_10335	28DB540B6C72FC63C535154766515002	394	no	yes	2	1	0		
APU25_10340	F59501B557AE9DB95EB85042A38BE585	211	no	yes	4	1	0	4	GO:0008270,GO:0008835,GO:0009231,GO:0016787
APU25_10345	7EC273584B43EC69418223252B601BBA	483	no	no					
APU25_10350	39666D6DC466B4A58654AF04059E7154	117	no	no					
APU25_10355	0B3B03C28BA904078EC318980AEA1930	266	no	yes	3	1	0	1	GO:0005515
APU25_10360	56E3B40E6EE80A8607BAC5F6602EC872	1559	no	yes	2	0	0		
APU25_10365	92D1F760CD522AE8AD877740ED953EB2	401	no	no					
APU25_10370	E783FCE29DEE9B9E769DAF74A5537F29	193	no	yes	0	0	0		
APU25_10375	8DF8799F94E6D6C2C5E7D42BD94EA5F2	363	no	no					
APU25_10380	C6E2048DEE7893459B24651534E33BCA	1029	no	no					
APU25_10385	FA9F7B470D52E4C1DC5A7A9FB17AF12C	67	no	no					
APU25_10390	E520828D92DAD3A21F213DE34F7F26DF	632	no	yes	2	1	0	2	GO:0004843,GO:1990380
APU25_10395	7795B59E25B4D50A1C9D900E4B747306	489	no	yes	2	0	0	1	GO:0005515
APU25_10400	1E234FA285F1AA54A3CDC85C5EA68F0F	184	no	yes	3	1	0		
APU25_10405	A420D83F077BEE96C0D41DAB01E0B72F	167	no	yes	3	1	0	2	GO:0006364,GO:0008168
APU25_10410	21E4722EF9A85C201C57C354170E7B38	114	no	no					
APU25_10415	FB6F7E436FD8C7BE8E5AFEF6CAE22E20	530	no	no					
APU25_10420	55E92A2D81BF78E60777255F65A4CE16	635	no	yes	8	3	0	5	GO:0004742,GO:0006086,GO:0006090,GO:0016746,GO:0045254
APU25_10425	D4B54C7276F427A0EE903DA0DC60C29C	359	no	yes	4	1	0	1	GO:0005524
APU25_10430	C1A42F359631C1624B428DFC73FD84D7	387	no	no					
APU25_10435	D47518C78FABEBD881F7B8496B5AECC6	599	no	no					
APU25_10440	E4AB944DB6C859B30D9FBB9DCD7064D1	583	no	yes	8	4	0	3	GO:0005509,GO:0005515,GO:0005525
APU25_10445	6147F8D30031F11B45249BE5671A4E38	130	no	no					
APU25_10450	56A0658DDBCCA4C31D4D1D10269C703E	499	no	no					
APU25_10455	5D90B6D19607426DBD5F51525E3AA86C	328	no	yes	0	0	0		
APU25_10460	04CEE3E8AAE7383944AA93E55CCA89A8	311	no	yes	4	1	0	3	GO:0005515,GO:0006629,GO:0016627
APU25_10465	A54884BD4802F523BD600DDF18CC6164	796	no	yes	14	5	0	9	GO:0000166,GO:0004812,GO:0004819,GO:0005524,GO:0005737,GO:0006412,GO:0006418,GO:0006425,GO:0043039
APU25_10470	2621E36A78D2219B517A68CD7FC93A83	502	no	no					
APU25_10475	3570CC65ED73E09B52FA1BCC0AD899F8	311	yes	no					
APU25_10480	A43477BBA2349CB009CAB4B017F58858	576	no	yes	5	2	0	3	GO:0004252,GO:0005515,GO:0006508
APU25_10485	233963C98FBE4C030EF18F89161CED90	262	no	yes	3	1	0	3	GO:0004176,GO:0004252,GO:0006508
APU25_10490	27584CB1217D00B1388E423F557AD073	219	no	yes	0	0	0		
APU25_10495	B8719527F152136DD97B5335F4F95851	619	no	yes	9	2	0	4	GO:0000287,GO:0004743,GO:0006096,GO:0030955
APU25_10500	1FE9FDC2DF3D906F727FA86EA057F9D7	249	no	no					
APU25_10505	FCBBCA07FFB448DC868348D70DD68967	398	no	yes	6	1	0	2	GO:0004124,GO:0019344
APU25_10510	9C58FE40C739B82C1746EA5AB9758893	273	no	yes	3	0	0		
APU25_10515	07E9F666801C69E0D2F6A84B42E95F55	236	no	yes	0	0	0		
APU25_10520	0784925ED9BC514EA289672ED7EABA17	330	no	no					
APU25_10525	C93BBEE4B8A1B6E0DAA5E0297BCC66C9	1688	no	no					
APU25_10530	D3EBCD2723DD7799E45C5FD78DBA7030	416	no	no					
APU25_10535	60DE1CF003315D7E27209B217F1F7DD5	141	no	yes	1	1	0		
APU25_10540	4240698B757D41E7570F35F5930EE187	718	no	yes	8	2	0		
APU25_10545	C3C6ABF3A80DB10EA2B1E41440A28CBE	131	no	yes	0	0	0		
APU25_10550	B46515E739CC1EC9BD94DD8025519481	665	no	no					
APU25_10555	42DFBEBB4DF7C65AC6A8DCE2762DC4F5	512	no	no					
APU25_10560	A759B71027BE67456AFAE566E4B5C3D1	491	no	no					
APU25_10565	04966573FF6CC1F34ACC130836594C64	793	no	yes	6	1	0	3	GO:0004672,GO:0005524,GO:0006468
APU25_10570	DABD4F7FDB1F6320DD4A45853ADF0477	1028	yes	no					
APU25_10575	0AE4B0FC3FBA4AEA8161AFCCB80AD05C	264	no	yes	3	0	0	3	GO:0003677,GO:0003700,GO:0006355
APU25_10580	3DC03B273D859C0EAEE942438E97DE17	304	no	yes	1	1	0	2	GO:0015031,GO:0016020
APU25_10585	70B57F347CC58F7B3FEDED4BB9FF8061	745	no	yes	4	1	0	1	GO:0016491
APU25_10590	929DF5B3021A0F0A31F63896D2B6B009	422	no	no					
APU25_10595	004612E2C814A16E9D1028750211B245	269	no	yes	4	1	0	4	GO:0004750,GO:0005975,GO:0006098,GO:0016857
APU25_10600	9B8393B65B8E431397CFA8E3FA7E4FBA	704	no	yes	7	3	0	2	GO:0005515,GO:0005634
APU25_10605	F30B98311BFF2931F1CDC70DAF238440	300	no	no					
APU25_10610	3D3F7B1C4AD36F05EE52284D4407419B	372	no	no					
APU25_10615	ABD21730F538A1EC20A824E122E99ED4	283	no	no					
APU25_10620	42BD075F6AC74057522DBE4CBE17AD25	834	no	no					
APU25_10625	0D6D07AA71F83721E96DA59B7E8676CC	1086	no	yes	6	1	0	1	GO:0005515
APU25_10630	CC9BF14F4DE088899854751DF8F002E9	345	no	no					
APU25_10635	E7925F2B2B27741F5A0AAFC4551CB861	163	no	yes	3	1	0		
APU25_10640	28F62DD50D530950D35AE3DDCE63FC70	162	no	yes	3	1	0		
APU25_10645	005D2A2A97432671B38EC2C2D79916AB	305	no	no					
APU25_10650	A17F6705B35F7767C9E2FDB989FADAD1	760	no	no					
APU25_10655	B98F45101256EEF4BC53A9CAEE43E7AF	4995	yes	no					
APU25_10660	66C217884370CBE2ACD36F3BD2646539	229	no	no					
APU25_10665	AEA73925BD5C45807CFCAAA538DEA636	242	no	no					
APU25_10670	24E96966EA84B714BF7E48AB90D4530A	837	no	no					
APU25_10675	94FD6FA4D6E8E2C42188B3E68B639FC2	539	no	no					
APU25_10680	421A4F88C4F5417F1383B56C4B09F1FE	165	no	no					
APU25_10685	260479674313F973E95706DFF8BD6144	159	no	yes	2	1	0	1	GO:0005515
APU25_10690	93F63E784E618E02B5C353EA098AE36D	479	no	yes	2	1	0	1	GO:0009916
APU25_10695	EC6FE7BCDD7325B2606647C95CE228B5	759	no	no					
APU25_10700	99ECBD71443826806BB95DA1D09DB724	332	no	yes	3	2	0	2	GO:0006189,GO:0016787
APU25_10705	0E4E6B872A8CB74A31F39593AE7978C4	1866	no	no					
APU25_10710	20CF0DD433948AAD83CC9AFB16EB6EDB	322	no	no					
APU25_10715	812C1199D8062FF049770BF8ECD197A4	168	no	yes	2	1	0	3	GO:0005506,GO:0016226,GO:0051536
APU25_10720	8A79B3E8F0DC7179487944A631613089	383	no	no					
APU25_10725	BE74FF88ED51C020B9359A45819AD619	431	no	no					
APU25_10730	72D663AD18D9D093697B981E4E4F3101	352	no	no					
APU25_10735	70682FCF3A5DEE3ABCC5788DDC86F931	1082	no	no					
APU25_10740	D22E018475793B7E88AC7968824E9BD8	375	no	no					
APU25_10745	0284E48D8D7C45367F8681D247A56D32	335	no	yes	5	2	0	1	GO:0016787
APU25_10750	59F63A1C596F5C394E36A5F22B052467	2279	no	no					
APU25_10755	E08B7AF1824EA8DC935BD69F9FDED720	442	no	no					
APU25_10760	E2227BC3C1B21337F38EA85AC972EA82	323	no	no					
APU25_10765	101A15B033F5C85C16973065BBCE0300	1242	no	yes	5	2	0	2	GO:0000245,GO:0003729
APU25_10770	7845A1BD5B6838616D8DB204F6EF526C	427	no	yes	8	3	0	2	GO:0005524,GO:0016887
APU25_10775	E52771D740ED5CB4700DC42992003C21	101	no	yes	0	0	0		
APU25_10780	A0C110FCD7A265F082FCD7A881087154	960	no	no					
APU25_10785	89296EECD9BD3F675F65158C2091AF3D	187	no	yes	4	1	0	3	GO:0003735,GO:0005840,GO:0006412
APU25_10790	73898A55B103A7467C5BA8630B81AF0E	1067	no	no					
APU25_10795	AC048A74BA8CBC72E769D04B426D4620	410	no	no					
APU25_10800	344B7DA6C1FD448871B05ECAD767E73D	468	no	no					
APU25_10805	F0373A5C544D25BDFA84B82B0AD5ABC3	450	no	no					
APU25_10810	B1D8C114BF9334EC8A6547D8EF015F26	414	no	no					
APU25_10815	65ED14D5CD2C90B9FA82E5EEA71AF7D7	140	no	no					
APU25_10820	C94896CC3EB1A13DCA35BA2946BD1171	897	no	yes	3	1	0		
APU25_10825	D8564FA9D81E65CF6452CA3C2912011A	357	no	yes	5	1	0	3	GO:0004672,GO:0005524,GO:0006468
APU25_10830	2AD6158B8E080373D277F75EDFE0CE0B	729	no	yes	3	0	0		
APU25_10835	33A46DD642E0CE0B42FC483CC3335B8B	98	no	yes	2	1	0	3	GO:0003735,GO:0005840,GO:0006412
APU25_10840	B15C512DDFCC6D3A048E9EB49F198700	946	no	no					
APU25_10845	B231FA7A9CBA4E440981A9842DE609DC	270	no	yes	4	1	0	2	GO:0004751,GO:0009052
APU25_10850	E26D22BAF469F482A34A6927227085C2	907	no	no					
APU25_10855	12C14E9D45B1895A3A3C2FF62D502F93	454	no	yes	5	1	0	3	GO:0004114,GO:0007165,GO:0008081
APU25_10860	666B3C9F108749C7DCC3860C09E226F3	358	no	yes	3	1	0		
APU25_10865	9948BE71F1ED5C1F394C008FC28863E7	175	no	yes	2	1	0		
APU25_10870	7051256D4A25A3698F30A5EA8C3E04D3	325	no	yes	5	1	0	4	GO:0004791,GO:0005737,GO:0016491,GO:0019430
APU25_10875	BD881DB46B366E6B41D647F0989D8632	286	no	yes	2	1	0	5	GO:0005509,GO:0009523,GO:0009654,GO:0015979,GO:0019898
APU25_10880	15997956675DC1083A6A909D116C137A	1020	no	no					
APU25_10885	4BCD9DF271BA49FB2D25AC6209B36751	107	no	yes	2	1	0	3	GO:0007021,GO:0007023,GO:0048487
APU25_10890	05D9ADF16F34DC8C4E6F817C856B2E07	496	yes	no					
APU25_10895	572F29E651C98243CE7B8CBBBEA2FF37	688	no	yes	9	4	0	7	GO:0003997,GO:0005777,GO:0006631,GO:0006635,GO:0016627,GO:0050660,GO:0071949
APU25_10900	06F7EC0D59B9A3C3C5C0973BB349E1E2	1178	no	yes	12	7	0	4	GO:0003677,GO:0003899,GO:0006351,GO:0032549
APU25_10905	A21659199C8BB37640FCBCF4806286F6	1831	yes	no					
APU25_10910	657F027FA1AC79BF089BBD90946B0478	377	no	no					
APU25_10915	E7F6E22BE7D30CE5F7D6EAC3DC5CA82A	376	no	no					
APU25_10920	5C700A705D9B270BCFFE2E9C7E19787F	176	no	yes	1	0	0	2	GO:0004553,GO:0030247
APU25_10925	9DD6060806F99C911E6EEB2244D8F5FB	328	no	yes	5	2	0	2	GO:0006357,GO:0016538
APU25_10930	E29D5670C23E170EDA2EEBF7AE75F841	169	no	yes	4	1	0	4	GO:0000287,GO:0004170,GO:0006226,GO:0046081
APU25_10935	2F74810082D8158D7A41EDD5C09E060B	836	no	yes	11	4	0	4	GO:0004843,GO:0005515,GO:0008270,GO:0016579
APU25_10940	AF548189D0592BE2C2DD0D753B8D34E7	171	no	no					
APU25_10945	46E29D3FA1AF727FBF1933253F25AF05	354	no	yes	2	1	0	2	GO:0000077,GO:0030896
APU25_10950	682C3024BA27336E874CDFC45A16CA69	218	no	yes	1	0	0		
APU25_10955	317220B9B469B4698770E93DB3CD8253	845	no	yes	8	3	0	2	GO:0005524,GO:0016887
APU25_10960	4E43009C0AF0C4F44E5C7D8BBD3E4C47	156	no	yes	1	1	0		
APU25_10965	E300D7F24F07DCD9FCED406F76086934	122	no	yes	1	1	0	1	GO:0043248
APU25_10970	25FDC445DDB9FCF062D4D5F7C1A65194	175	no	no					
APU25_10975	CBE21B9B22609A98537233DCDAE6C07B	494	no	yes	3	1	0		
APU25_10980	D3D592EC2EB08AF4A723E18E64D380DA	252	no	no					
APU25_10985	0D374E8F77BF166D15207E5DBE40A89D	254	no	yes	4	1	0	1	GO:0003723
APU25_10990	0E0DC6D63C929C4397FEAF36328F4365	181	no	yes	4	1	0	3	GO:0003999,GO:0005737,GO:0006168
APU25_10995	F80FB921568CB23A5407A8B31F7AE7E1	199	no	no					
APU25_11000	0B330590AF4F27158761089DE7A5EA74	237	no	no					
APU25_11005	BDD2F9029AF9B3ADB03B99E29D49DC3A	1054	no	yes	1	0	0	1	GO:0017056
APU25_11010	7EC63165EA6A707E2C571A4EAEB1211D	73	no	no					
APU25_11015	1318A8866F415DAD80E1157A6E61D9AB	465	no	no					
APU25_11020	05433090BE8D43779717CDD366AC37F2	304	no	yes	3	1	0	2	GO:0015995,GO:0046406
APU25_11025	CFE9E2E231C2FB05E180577D0CD6E86B	603	no	yes	3	1	0	8	GO:0006812,GO:0006814,GO:0006885,GO:0015297,GO:0015385,GO:0016020,GO:0055085,GO:1902600
APU25_11030	A6B0DC0D4FA1C73B131692DD336FFA2D	378	no	yes	6	1	0	2	GO:0004124,GO:0019344
APU25_11035	82D632A603564A9E91DEF92FE0DD5F6D	244	no	no					
APU25_11040	A95A39F1048B43D503D645486CCC98E5	518	no	yes	9	3	0	4	GO:0003924,GO:0005515,GO:0005525,GO:0006400
APU25_11045	195B4557F9CB59FB4406D203F47CDA05	609	no	yes	7	2	0	2	GO:0004190,GO:0006508
APU25_11050	FCCB6466FD1118E7A590BCEEF7F9DFCB	484	no	yes	3	1	0	1	GO:0005515
APU25_11055	ED8FC3C1FA630242332628CB35A0D5A6	217	no	no					
APU25_11060	E763AA4BB048755C61A80D2F42CDF336	230	yes	no					
APU25_11065	CA7C28F0F992D5B76487E28D78DF779F	836	no	yes	6	3	0	3	GO:0004748,GO:0005524,GO:0009263
APU25_11070	718299E668645EFE15B576D58D8DD5AA	745	no	no					
APU25_11075	12C00D283372640FC88EC2A9788A1DE4	586	no	yes	1	0	0	2	GO:0009737,GO:0030244
APU25_11080	7DC86DA74B6C1E83C67EAB468CB454DC	353	no	yes	2	1	0	2	GO:0004222,GO:0006508
APU25_11085	B593794D6BE0B20D6BE585FEA11B8B7D	461	no	yes	8	3	0	4	GO:0005524,GO:0006457,GO:0009408,GO:0031072
APU25_11090	ACA0049132D568BC9587CCD0F1685C7C	203	no	yes	5	1	0	4	GO:0003723,GO:0003735,GO:0006412,GO:0015935
APU25_11095	BC816800EA53255181FA134FD784F6CC	283	no	yes	4	1	0		
APU25_11100	0339239E608795C754D5A737B1C69DA0	253	no	no					
APU25_11105	DCF9B58712C4CB430A0D05F544FE82A1	4618	no	no					
APU25_11110	0E14C9B52D72A3886AC15A1D7A82B673	170	no	yes	7	2	0	4	GO:0003723,GO:0003735,GO:0005840,GO:0006412
APU25_11115	8CB5BC495A9E84863B0AB6EEDB9D9812	303	no	yes	0	0	0		
APU25_11120	895BA2628027D42179677951972FB360	137	no	no					
APU25_11125	9BC280E6DF9CF7311EF0CB7AD43C9691	467	no	yes	6	1	0	3	GO:0006099,GO:0006101,GO:0046912
APU25_11130	9D9F6122093A1CEB8C18ADF5FA78D70A	247	no	yes	5	2	0	4	GO:0005839,GO:0006511,GO:0019773,GO:0030163
APU25_11135	DCCACF0A948CECCCE947E22ED7D417A4	1169	no	no					
APU25_11140	C46CB97A1865A962200E636559571368	326	no	yes	7	2	0	4	GO:0000049,GO:0002098,GO:0008033,GO:0034227
APU25_11145	33F815B08AE18A2392ACFCBF7A468340	237	no	no					
APU25_11150	46189F240F9EF3632C18E982A2338C5F	355	no	no					
APU25_11155	C55BDFEFAA919B317BCD0FCF0FE00373	550	no	no					
APU25_11160	5833ADFB5BF825901778FF451D1F7167	883	no	no					
APU25_11165	4E21DA3E268EE686739CBED50272604F	1271	no	yes	2	1	0	4	GO:0015205,GO:0016020,GO:0022857,GO:0055085
APU25_11170	386A5B3BE4C54CEE322339570D0B9F9F	1549	no	no					
APU25_11175	13559986362D276B721EBF39F70E9E8D	2249	yes	no					
APU25_11180	4D62384E5178B39519858EABB463CD8E	187	no	yes	0	0	0		
APU25_11185	4551472061A05242C53EC97CFCD0D598	93	no	yes	2	1	0	1	GO:0005743
APU25_11190	13E234C4ADACCE52DD1E8954E2813400	818	no	yes	4	0	0	4	GO:0006886,GO:0006888,GO:0008270,GO:0030127
APU25_11195	8EEAE2F190C1370F0A93F8DDFAC462A2	401	no	no					
APU25_11200	694DA3A107C326213D0653CD0F068821	511	no	no					
APU25_11205	18E7CA35BB010CE07644CB7DD9F77C0A	847	no	yes	2	1	0	2	GO:0006508,GO:0008235
APU25_11210	DECEEE726C9D6CC42A128272E2DFA008	208	no	no					
APU25_11215	12340DA6C32AEE1091B7535A5D915523	106	no	no					
APU25_11220	D20F92AC88CCFAC7277112E3805DD084	552	no	yes	4	1	0	2	GO:0022857,GO:0055085
APU25_11225	58CD30BE33B935F1FD2F18DCE0474421	424	no	no					
APU25_11230	F2EC1248063B39A34F04A8ABEE0456B0	490	no	no					
APU25_11235	29AE071F4B24AE7070C3F0895C1A6D9C	101	no	yes	2	1	0		
APU25_11240	25C6719FF2CEA40E23C6CCB812225559	338	no	no					
APU25_11245	E8269117A4187A707D833EBA997AC0BC	99	no	yes	0	0	0		
APU25_11250	FE61E312F818DCF31F6E4D639AA3AF1D	88	no	yes	0	0	0		
APU25_11255	EEDBE49965900E4819D7540EDE81229E	292	no	no					
APU25_11260	12E375B291C2C4B787FEB30E8FA77FD6	944	no	no					
APU25_11265	7FB79569468EE7A0AC4FF24FE9B5E296	280	no	yes	4	1	0	1	GO:0046872
APU25_11270	CEE72EB3B60303D1AF26AA0696A86F50	141	no	yes	0	0	0		
APU25_11275	1D94FB5AD90D6D0ACC39E5BD91553798	107	no	no					
APU25_11280	9660D12FE0D024F3A701050B122DA045	432	no	yes	8	2	0	7	GO:0003677,GO:0003697,GO:0005524,GO:0006259,GO:0006281,GO:0008094,GO:0140664
APU25_11285	7E2A22023F757CB8BBE19D03E419BE88	144	no	yes	2	1	0		
APU25_11290	233CA4E3EA608E3A4E28DAFE2C2B39C2	277	no	no					
APU25_11295	FEEEAD170B308E5078C5DB687AA9FF73	304	no	yes	4	1	0		
APU25_11300	DAC5F4A6762F6F2A54AADEE5437DFEE4	373	no	yes	4	2	0	2	GO:0005515,GO:0043124
APU25_11305	22153E8B32A438FAE5710501C4EF0E7F	344	no	yes	0	0	0		
APU25_11310	B18B2F79DA1DC1446D7F58868E3EDB95	111	no	yes	0	0	0		
APU25_11315	2C29FA79D2D0C7B2714C8C5A6922B022	1310	no	yes	11	3	0	10	GO:0004521,GO:0004540,GO:0004672,GO:0004674,GO:0005515,GO:0005524,GO:0006397,GO:0006468,GO:0030968,GO:0046872
APU25_11320	E15BE6A55C01050AC252CFE3B187F14D	584	no	no					
APU25_11325	B63B07B4A05D4929B22A3EF1437FF5AF	621	no	no					
APU25_11330	EC43B26F7B1F4275CDECD5FD214CBA4D	945	no	yes	4	2	0		
APU25_11335	7395A5EFED0929686AA950ACA1173F64	444	no	yes	4	1	0	4	GO:0001522,GO:0003723,GO:0009451,GO:0009982
APU25_11340	F259F756D1D261CC78FA65AA218DE61F	410	no	yes	6	1	0	3	GO:0003824,GO:0004084,GO:0009081
APU25_11345	128D7EDE4484807BF08A7CF579DD50FE	362	no	yes	4	1	0	3	GO:0008654,GO:0016020,GO:0016780
APU25_11350	D21CC53B4E28D44E8003615DBA904E00	404	no	yes	4	1	0	3	GO:0004672,GO:0005524,GO:0006468
APU25_11355	103059F851054D3B080479BEC0200331	528	no	no					
APU25_11360	977F47CB35279F1CDA7267E6B741FF3B	139	no	yes	3	1	0	3	GO:0001682,GO:0030677,GO:0033204
APU25_11365	4BF0ED27BF5A26964EA7FE6B22772840	619	yes	no					
APU25_11370	7C9F7100C913122C93582D7436DA2594	568	no	no					
APU25_11375	F2443C5D91D8955080AC9E4B480E9BCD	559	no	no					
APU25_11380	6606C9AFD6CA40B9B1E6C99336756428	322	no	yes	3	1	0	1	GO:0005515
APU25_11385	CC6A43F213E15295E7DD76A034B7B852	148	no	yes	4	1	0	1	GO:0020037
APU25_11390	510A292EFC9073CF40D515A274463169	1405	no	yes	3	2	0	3	GO:0009058,GO:0015995,GO:0016851
APU25_11395	47FD68DDAC9745D1E227E3748BB96B25	791	no	no					
APU25_11400	74F66CE33114DB92CF0655C23CBA51F5	2176	no	no					
APU25_11405	E024260D8DAB1BE9C21267787FF351F8	246	no	yes	0	0	0		
APU25_11410	3ADD6CEC7DCF52FC9BDF672D9ABC0C34	262	no	yes	6	2	0		
APU25_11415	B2144AC62FB66B05EAAFDFF3C84EB61A	256	no	yes	3	1	0		
APU25_11420	D2FB73FED7A3FAD3FE1CD66E52F035C4	1162	no	yes	7	4	0	5	GO:0005524,GO:0016301,GO:0016310,GO:0030246,GO:2001070
APU25_11425	DCDE4BD5DBDE6D8619B5E3AB03398A16	465	no	yes	3	1	0	1	GO:0071949
APU25_11430	7EA358F0058408F999FFB8A1F1697FFD	121	no	yes	2	1	0	3	GO:0003735,GO:0005840,GO:0006412
APU25_11435	7C1BF9C98FB7FE301202D1E161AD5303	893	no	yes	3	1	0	1	GO:0006629
APU25_11440	887C6FEC5E37966732805F53D2D335DD	224	no	no					
APU25_11445	090FDA9AB330AB7E35460FAF2391AED6	337	no	yes	0	0	0		
APU25_11450	C9C5A1F7D00E4EF0E1C893AD738C5410	79	no	yes	1	1	0		
APU25_11455	C7646C4290AC2CA31D8A6787BDBD1975	599	no	no					
APU25_11460	3793A3D73EFF2A1B62FA821D1D527BC3	421	no	yes	5	2	0	1	GO:0005515
APU25_11465	626933BED0258572C7273360FD15DFF9	275	no	yes	1	0	0		
APU25_11470	2F87473A2BA9F3DC2614A502AF9A6459	467	no	yes	6	3	0	3	GO:0008033,GO:0016740,GO:0016783
APU25_11475	5559892CC0F8E6B9D7BD4CFCCF12C817	347	no	yes	2	1	0	1	GO:0046873
APU25_11480	1A8EEBD3A3682E495734A28166E80014	530	no	no					
APU25_11485	C841F444BEF0A2F23CF705F05D5712D0	315	no	yes	3	1	0	1	GO:0055085
APU25_11490	D081E62DD17FF0AF9F607A68B246C3A3	488	no	yes	3	1	0		
APU25_11495	A5218ED07D6CF83A4A88FB78EBE9D6E4	106	no	yes	0	0	0		
APU25_11500	2E0C703DF6B95F892BF4F3098AE6ED04	658	no	yes	3	2	0	2	GO:0004373,GO:0016757
APU25_11505	51035F4641C55FEB90305F1950EFA7EF	371	no	yes	2	1	0	4	GO:0003841,GO:0008654,GO:0016020,GO:0016746
APU25_11510	94887C3B1625B1C9A531DE5D7B8FAB01	452	no	no					
APU25_11515	7A0163052ECEF0A88F5461E5FF35691D	301	no	yes	3	1	0		
APU25_11520	241B73E3BF7B5010BB9E4DB7535005E1	240	no	yes	1	0	0		
APU25_11525	2A796160DFD3C5CAA7CDDD8CC18A6E8B	526	no	no					
APU25_11530	33EDC40898DCDE2A9FC6236B188D35C8	362	no	yes	4	1	0	1	GO:0016799
APU25_11535	DC9FBBD454493AAD63A4161FA3574D38	415	no	yes	5	1	0	2	GO:0006470,GO:0016311
APU25_11540	BFD41ED93FB1DA306BEC9618DC52E484	827	no	no					
APU25_11545	80C729F890FE4BB937C714BA53FDF798	414	no	yes	2	1	0	4	GO:0003975,GO:0006488,GO:0016020,GO:0016780
APU25_11550	BAFD26FEFEA09CB7EA355DFEE01C77F1	387	no	yes	7	2	0	4	GO:0003677,GO:0003899,GO:0006351,GO:0046983
APU25_11555	F7D52B546A777CCE1BF4D62C086264AF	589	no	yes	1	1	0		
APU25_11560	CF4F12D52E31F35511C4B7025C6C98D1	466	no	no					
APU25_11565	9DAC5BF625B8837C5A5E5D8F3B5CAE7F	523	no	no					
APU25_11570	682393EA7DB365AB84FD6C910A23E3C4	145	no	yes	0	0	0		
APU25_11575	89872C3A4751A537110971357EAB2AFC	697	no	no					
APU25_11580	FF17E54265B18D3C2C050AB67A9D9781	164	no	yes	1	0	0	1	GO:0005515
APU25_11585	E36515E8B8ECEE70731EF8231220A75C	510	no	yes	4	1	0	3	GO:0004722,GO:0006470,GO:0043169
APU25_11590	D61C220F8714668EE72D99EB12CEF216	457	no	yes	4	1	0	3	GO:0004722,GO:0006470,GO:0043169
APU25_11595	7DB02BDD8B5C2F424F1C614E128664C2	232	no	no					
APU25_11600	2F5B770292CA45FF1626BA949C8FC757	341	no	yes	1	1	0	1	GO:0016020
APU25_11605	4874583E25330E113368E0C0D02ACE7B	480	no	no					
APU25_11610	115C865B632BE3AA9080FF21052C4773	548	no	yes	2	1	0		
APU25_11615	035B2F3FB60520E08F71F58EF07B6C56	343	no	no					
APU25_11620	9ADB4487BE7E58A9291286F98722D577	346	no	yes	6	2	0	2	GO:0003824,GO:0004488
APU25_11625	00FA6A17731E268BA2A5BFABDE535155	572	no	yes	9	4	0	3	GO:0003824,GO:0016747,GO:0051536
APU25_11630	6B58C3B66360FC48DBC772DA56D50ABB	180	no	no					
APU25_11635	826CC89E12DD077699AD39CCAA44BBC8	478	no	no					
APU25_11640	A542DBB6DD75DE106BD72D650A98D376	209	no	no					
APU25_11645	052C8F84105D3C6AEC3206882801D812	272	no	no					
APU25_11650	BE667AE942CF0D933B00D146567B124E	402	no	yes	1	1	0	1	GO:0019915
APU25_11655	E6B15C408A288D29F52FDC7C315806BC	659	no	yes	2	1	0		
APU25_11660	A4F4386A5A173C45BFE26D92968A4FBC	721	no	no					
APU25_11665	9FDCF9D663090FE5E5418B146DE127DD	1158	no	yes	0	0	0		
APU25_11670	303F15C70DC8A821D7C0271862B4EE22	399	no	yes	0	0	0		
APU25_11675	A6940F38B1E4211B68F76458AC51D597	372	no	no					
APU25_11680	4E4C9284AD8B6578D8DF7C7F6255808F	700	no	yes	6	2	0	5	GO:0005524,GO:0016020,GO:0016887,GO:0055085,GO:0140359
APU25_11685	7653E289DAFDB268B3DDF3B8329A361B	405	no	no					
APU25_11690	BEC7E7ACD9DCAE1D4F7B172D490731F1	116	no	no					
APU25_11695	A0DC9E59A514D9ACEC20B1CD76B7819D	499	no	no					
APU25_11700	B0E4524D7DBF47FF1AE4866EF62DA160	608	no	no					
APU25_11705	4350EC9D4423F8A34B634AF8800C4C13	239	no	no					
APU25_11710	CA7C816BAD008F9F3C92B81E8D7F1955	328	no	no					
APU25_11715	358C7188D326B8AF4C2E8839A9796307	278	no	yes	0	0	0		
APU25_11720	571AA3B8D97BC0F33A661F7A0AF33EB5	77	no	yes	1	1	0	5	GO:0003735,GO:0005840,GO:0006412,GO:0009507,GO:0019843
APU25_11725	1C4859E23F5ACB3700ECECD7749C0A1E	243	no	no					
APU25_11730	D3A0799A2D33A2552E3068CC180B303C	179	no	yes	0	0	0		
APU25_11735	9B2028434D046654F5E250601ADDE42B	324	no	no					
APU25_11740	A86FE529E3FB93E5DB49222628E71B7F	125	no	no					
APU25_11745	9596E3ECBBA9E7C1A50ACFB19F97F902	428	no	yes	2	1	0	3	GO:0016020,GO:0016126,GO:0016628
APU25_11750	14DEB723397830E31B1609F7DE4C99C3	542	no	yes	5	1	0	1	GO:0016491
APU25_11755	969E07520352366285F39690932FEB22	482	no	yes	2	1	0	4	GO:0000287,GO:0006190,GO:0008253,GO:0009117
APU25_11760	F6C8E1E27A0D3D3625F16E248FB0F935	460	no	yes	4	3	0		
APU25_11765	51821FD65D18F9257166E46403F39175	172	no	yes	3	1	0	2	GO:0006457,GO:0016272
APU25_11770	648C9587D61F41B5EEF75279A4019564	536	no	yes	10	3	0	7	GO:0000166,GO:0004812,GO:0004827,GO:0005524,GO:0005737,GO:0006418,GO:0006433
APU25_11775	6C88A7AB593D55831616AA3550305BFE	734	no	yes	9	3	0	1	GO:0004802
APU25_11780	7ABBCB2628C221B6C650327E59F952FE	576	no	yes	7	4	0	3	GO:0000287,GO:0005975,GO:0016868
APU25_11785	DF7829ABDA35B311C792A1B4C9929485	315	no	yes	0	0	0		
APU25_11790	2AFC93829860695BC6A548B46D0132F2	406	no	yes	4	1	0	2	GO:0003824,GO:0006281
APU25_11795	5978F075C2E55032294B59408CF4A8DA	400	no	no					
APU25_11800	7F2C17EDEE66454DAA7BEA6D786F51DF	355	no	no					
APU25_11805	DFE2F184A767CAF67B58D20357727595	1175	no	yes	6	2	0	7	GO:0003676,GO:0003677,GO:0003887,GO:0006139,GO:0006260,GO:0006261,GO:0008408
APU25_11810	A76EFE473C3040429DD51BF943AE10F3	467	no	yes	6	2	0	2	GO:0016971,GO:0016972
APU25_11815	64BBF58BE898B4C4CBECC6662538A1FA	241	no	no					
APU25_11820	A625C55D3260F9046E02A191072AA7E1	141	no	yes	2	1	0	2	GO:0016020,GO:0045271
APU25_11825	F315EE35EE583F6DFC25118AC71A54F1	857	no	no					
APU25_11830	49CE7E9276A939973EE814C601183579	181	no	yes	0	0	0		
APU25_11835	7CE08855462DBC634A510AD7E8C96709	261	no	yes	0	0	0		
APU25_11840	9B03151B9ADC156526B77735C30A6D24	495	no	yes	0	0	0		
APU25_11845	20C09EEFA010AA44E1EC391C2DE44F8D	611	no	yes	4	2	0	3	GO:0004719,GO:0005515,GO:0036211
APU25_11850	DB39B2A47B4B69A521D0B56825BED48B	507	no	yes	4	1	0	2	GO:0004842,GO:0016567
APU25_11855	B8BD747136056C54DE7F9BC8A9A00C91	1030	yes	no					
APU25_11860	8C10934C4B74BD4330A7D4EB1F42FC42	239	no	no					
APU25_11865	2D8E369CFE40D8421D317DBED7967AC4	970	no	no					
APU25_11870	6C7533931FE8B5511B4A7618FC441D45	289	no	yes	4	1	0	3	GO:0008168,GO:0042372,GO:0052624
APU25_11875	8EB35BF94C7684901CA6BCDA850A9F3F	385	no	yes	6	2	0	5	GO:0003824,GO:0009107,GO:0016992,GO:0051536,GO:0051539
APU25_11880	7DFB451CD3EF49FDCB2ED7A521A53324	662	no	no					
APU25_11885	788882F5BBE1E45815691146BF9D56E0	335	no	no					
APU25_11890	A586364AB5360C15D9D2AC7B925C6BE1	2048	no	no					
APU25_11895	AE4519B8801C2045CA37B4A6DF216AD2	526	no	no					
APU25_11900	8436C2FA22E218B281B4F30A2915D24C	1189	no	yes	7	2	0	4	GO:0003677,GO:0003824,GO:0004518,GO:0016788
APU25_11905	8EAF7A5BE3562CACF7BE8A038F27EC6E	1903	no	no					
APU25_11910	8B14157501EA8595CC877FCB38E524A0	499	no	yes	7	3	0	5	GO:0005524,GO:0033180,GO:0046034,GO:0046961,GO:1902600
APU25_11915	2B0F5581DEF6F800766E5D87F6A0B507	799	no	no					
APU25_11920	8E8E2B6462933A5D8B60A50A9AC51A7D	579	no	no					
APU25_11925	E3393A5D79D11E11AE54764BDB4CAD3B	1070	no	no					
APU25_11930	DCBAB2590786B5740795C36D3B38B713	151	no	yes	2	1	0	3	GO:0006614,GO:0008312,GO:0048500
APU25_11935	14212278FDABF5279B7036C3823A5E65	295	no	no					
APU25_11940	28C1ADE77A6C3483D9BFE2761513B54B	347	yes	no					
APU25_11945	7EA0DF2BCEA649B3C5BE0470897F8C05	747	no	no					
APU25_11950	A76B9BC27EEA1F3BF067DDDA2A7EFA2E	158	yes	no					
APU25_11955	FDC8D8DAAD831169D215E779B371ED79	190	no	no					
APU25_11960	54E70BE5AA46F16E8AFC414AEBDABEB6	979	no	no					
APU25_11965	0432A137C97B0B478B2DABBC7B1E5982	913	no	no					
APU25_11970	C99FD412CB9D64E05C6E46D5641D749F	413	no	no					
APU25_11975	F35280BFA7832F5189861FF296261B99	537	no	no					
APU25_11980	4359C3BC98082FFD24B18C0771B305F9	206	no	yes	1	0	0	1	GO:0003713
APU25_11985	6445270270C5681164EDE85FF32660A7	591	no	yes	8	2	0	2	GO:0003676,GO:0008757
APU25_11990	57EE96D79B03651F90922BD61734245D	543	no	no					
APU25_11995	57FA25D53B41E0A6E25B0E415747EC35	344	no	yes	1	1	0		
APU25_12000	E0BC87FBD8F7922812AAA6D600A3BA30	144	no	yes	2	1	0		
APU25_12005	B40BE4FF8A811FD1EBF448FB07E4310E	348	no	no					
APU25_12010	88AF780CEBE96E0A42692E805C931288	451	no	no					
APU25_12015	04179B07522FEA8A9065B9E04AC8CAEA	268	no	yes	3	1	0	1	GO:0016491
APU25_12020	358E0FB40A7A2B177202FE7B9AFFBE17	1744	no	no					
APU25_12025	053BEB5E7631F133665DDA715396CE73	211	no	yes	0	0	0		
APU25_12030	6B2B96201A8DCAA852D4BC73C8AE152C	108	no	yes	1	1	0	2	GO:0007064,GO:0031390
APU25_12035	C1D653A24138A8B6AEADD17FAB8BAE90	396	no	no					
APU25_12040	1194A5D97A451B4790A449F8B596F7EB	662	no	yes	1	1	0	1	GO:0016747
APU25_12045	6E6D95B7A24B79464207BC70350A63AC	883	no	yes	10	4	0	1	GO:0005515
APU25_12050	14DD3C7A1ED7AAD01653210865FE0BD8	237	no	no					
APU25_12055	1696618CA2E0EBC9AF9F3C8635DAB771	112	no	no					
APU25_12060	A1C4F257269C1BE1FE4627BAD9E2C328	270	no	no					
APU25_12065	E077AD8D92EC9EA21C58DF9DF4F86052	454	no	yes	1	0	0		
APU25_12070	95BBB1B48DF4D6FBA1D67B81FC49FC9A	248	no	yes	2	1	0	4	GO:0003677,GO:0003697,GO:0006355,GO:0006952
APU25_12075	9C5DAF9FBEB8399F8C4CFF134CED85C2	1098	no	no					
APU25_12080	4FF45E5CC0B0B11C57EE2EA502FB0CE8	642	no	no					
APU25_12085	B01C96DE1B8698F7D794E2435065522D	1352	yes	no					
APU25_12090	BEC6BC11BEF59611D57B552F607E6A85	270	no	no					
APU25_12095	1746180BC5AF9552FC181DEEB0307CAE	253	no	yes	3	1	0		
APU25_12100	E789F202347785500A36D0EB7B192032	328	no	no					
APU25_12105	F3699DC54253DB3AD725E7A36F9BC16A	696	no	no					
APU25_12110	EAE3DA33BFF5FB69AE06B68526D2C67D	623	no	no					
APU25_12115	FF96FCA69CF2F3263B3D7D31B152C553	199	no	yes	1	1	0		
APU25_12120	A3450F76999E65FE370AD0FEC76D318D	117	no	yes	1	1	0		
APU25_12125	48247CA497FC5C79AE77E63F5DD8C73B	221	no	yes	2	1	0	2	GO:0015986,GO:0046933
APU25_12130	D59EDF93AAEF192D28608F10CAD36117	264	no	yes	6	2	0	3	GO:0004784,GO:0006801,GO:0046872
APU25_12135	97D2DC420269988D3B8EF4DD8AC4A85D	140	no	yes	1	1	0		
APU25_12140	B5BC45C3DD9541D38A5C6DD032E94B8E	158	no	no					
APU25_12145	8083D7BB5172DF60CBE1E258752F34EA	191	no	no					
APU25_12150	5C036F3E1EFC5D6E1A3DE1750FCF9098	133	yes	no					
APU25_12155	79D034537D8ED5B546E8D6FE8427E5C8	78	no	yes	0	0	0		
APU25_12160	BFDBB6529B82A0659A222B5EB431C58C	121	no	yes	4	1	0	6	GO:0001228,GO:0005634,GO:0006355,GO:0016602,GO:0043565,GO:0046982
APU25_12165	91B0CCAED4F8801CE0B738A4E630F7C2	1203	no	no					
APU25_12170	7B64FCF623D3115E84E846C772DDB1DF	250	no	yes	1	1	0		
APU25_12175	740FFD165937295C0CEE2BBAAFF9094A	246	no	yes	3	1	0		
APU25_12180	F85F1C0233A5B2098B7B6CEED1A17232	330	no	yes	6	2	0	3	GO:0003676,GO:0003723,GO:0003743
APU25_12185	DC1DFE9C56C9F188619870C8B20887E5	123	no	yes	1	1	0	3	GO:0009507,GO:0009523,GO:0015979
APU25_12190	59BD9374A2E5FC2DE9FA2AC2D33CCC0B	900	no	no					
APU25_12195	0A4A12EA611C7042A6D09F6CA0D022F3	2266	no	no					
APU25_12200	7EC0B89EE84909F6E0DBAA985CCAB240	1499	no	no					
APU25_12205	7C624E9567C5F02411E8C4143EBEAFEE	217	no	yes	1	1	0	1	GO:0007034
APU25_12210	8C2FA58E61D732B4E3C3C1B30955D0FA	163	no	yes	0	0	0		
APU25_12215	FE771BF065ED43CBEE09E6261CA67D8D	175	no	yes	0	0	0		
APU25_12220	2DB338417B68DAA3FB2BEDDBD464FB2D	621	no	yes	9	2	0	6	GO:0006099,GO:0008177,GO:0016491,GO:0016627,GO:0022900,GO:0050660
APU25_12225	993517316FF827BC7FD0E991B891BEC0	444	no	yes	4	1	0	3	GO:0004722,GO:0006470,GO:0043169
APU25_12230	052DA1D7F63CCF16CC18815D5D362055	342	no	yes	6	2	0	3	GO:0006352,GO:0017025,GO:0070897
APU25_12235	3DA8A4D9CE958D83B68CF3869F8E1930	263	no	yes	4	2	0	1	GO:0005515
APU25_12240	C1027658D703AE7E52B1049A56C5D387	88	no	yes	1	1	0		
APU25_12245	116AE8BA6B75C37091656644A811F709	1319	no	no					
APU25_12250	699640EA489CAEFD61DD61EABCF2A129	305	no	no					
APU25_12255	CAF345513D0A45C1E3936C8A64FB851C	130	no	no					
APU25_12260	966AE85E53DF0973C4E83112EBBA11C2	475	no	yes	4	2	0	2	GO:0003677,GO:0006260
APU25_12265	787E6C94C2284DCC995F1EBE2BC5DD7B	651	no	no					
APU25_12270	01282AA9CFDF9DEA3617801A87FEA083	305	no	yes	2	1	0	2	GO:0009765,GO:0016020
APU25_12275	642BE736D53374604583B73CBA4326B5	417	no	no					
APU25_12280	416F56BC539997B7541B6B6EDD6168FE	721	no	no					
APU25_12285	5E0D38ADAF7FE3BBFA2654BF0E3AAE88	1045	no	no					
APU25_12290	49056CFEC1E85E994F595A32561B26E9	646	no	no					
APU25_12295	8031B67FA005D1812903FFADC26ED979	1145	no	no					
APU25_12300	886A1E2024134EE89227CA2A6B8E5238	278	no	yes	5	2	0	4	GO:0005515,GO:0007021,GO:0007023,GO:0043014
APU25_12305	0482D52D087D78D71D0338A03CEE2285	515	no	no					
APU25_12310	1FCFA6A87151698AB1C0CB545D9DB6E4	211	no	no					
APU25_12315	BB815F801DBF5F64B017220B5F0604BA	437	no	no					
APU25_12320	BD2D77A8F1FE48C351D616B36C737960	810	no	no					
APU25_12325	C3CB73495B3C5A374FB97612B3E0C9E2	552	no	yes	2	1	0		
APU25_12330	96FF16F77DD22543C2D35C8157AC0395	216	no	yes	0	0	0		
APU25_12335	65B156B58A568E92415139BF4B30525A	1467	no	no					
APU25_12340	B93534B88A36B9546A8635002414BF51	77	no	no					
APU25_12345	0BF7B31AAF4A52768F6860A687D6E299	1278	no	no					
APU25_12350	5CACE7D56839CF6D399BF47E274790A3	1097	no	yes	3	1	0	3	GO:0000184,GO:0003723,GO:0005515
APU25_12355	FD0AF49E0AFFCBEA448FECD9F1711669	223	no	yes	1	1	0	1	GO:0005634
APU25_12360	B3B80EB1B19FD25AA7D1977D7246E425	372	no	yes	1	0	0		
APU25_12365	429C940156CDD38CD32CF0136C5AC9A8	2987	no	no					
APU25_12370	938AFF1E07BD1E7203FC9A561E1F83AB	466	no	no					
APU25_12375	1BADA8DB3C34E3FA8B292BABCE9B0E35	333	no	no					
APU25_12380	0486D9B8DD191526582E3C6E0A7F7348	342	no	yes	5	2	0	3	GO:0005506,GO:0016705,GO:0031418
APU25_12385	087127F4A0BB16BA49B2BF0D748EEEC0	105	no	no					
APU25_12390	8C6B47A9FF05D3A666BFF4F68F2EEB2B	279	no	yes	1	1	0	2	GO:0004408,GO:0005739
APU25_12395	43B64516226826D02FD52D6FC6DF5D58	416	no	yes	7	2	0	1	GO:0005515
APU25_12400	296A9BD45FEF7096AE89710F869A3997	232	no	yes	2	1	0	2	GO:0009765,GO:0016020
APU25_12405	833FFF72DC6E33C683D873FF18D42B8A	273	no	yes	2	1	0	2	GO:0009765,GO:0016020
APU25_12410	A29E9FB3F6005B5511E6B5B6458794FB	535	no	yes	0	0	0		
APU25_12415	7F4207261916B19EB981BE4D76AC7EA4	347	no	yes	5	1	0	1	GO:0005515
APU25_12420	ED29E2D303704CB1A8304294D955F6A3	1124	no	no					
APU25_12425	FAC29FBE868AB4813655B99E334BAFA1	541	no	no					
APU25_12430	CF9773A5FC27B9929BDDBB77A8FD0138	365	no	yes	1	1	0	1	GO:0016020
APU25_12435	F2FD2E2E4745579D183A1A1D638B9B32	354	no	yes	4	3	0	2	GO:0003677,GO:0006260
APU25_12440	A76435C884455DB4BEBEB05501290134	370	no	yes	8	3	0	1	GO:0005515
APU25_12445	9655C82A21FE1146981735ABAD450634	375	no	yes	2	1	0	1	GO:0006364
APU25_12450	79FB67000289E799047A8529A11CBB07	724	no	no					
APU25_12455	0627A01AED423D7FF4E9560102C357B4	277	no	no					
APU25_12460	AD4CBD350EB23A04127DFDAEA8436249	742	no	no					
APU25_12465	71A7CBAFCB40399DB632959A40184AEC	600	no	no					
APU25_12470	294358CD664D2136C83E8D0456D2FA4A	299	no	yes	4	2	0		
APU25_12475	8C365A937C335775204E4A156AD78C1D	331	no	yes	3	1	0	5	GO:0001522,GO:0003723,GO:0006396,GO:0009451,GO:0009982
APU25_12480	829ADEBAA6624694A47ADDE918ED9E1E	236	no	no					
APU25_12485	41D183A2B50BAEF0FECD3E402C9EB24A	305	no	no					
APU25_12490	6E007D2CDE8E0A26350223C37C2A17C0	159	no	yes	0	0	0		
APU25_12495	03F1439DE52604256731F4C46B24FCAE	926	no	no					
APU25_12500	CA800870BDA187CD64FCC91BE0C812DD	393	no	no					
APU25_12505	94377210013DA8459A09119F4524C36A	570	no	yes	3	2	0		
APU25_12510	6E9D594F164A090FA363ECAD4C31879C	181	no	yes	0	0	0		
APU25_12515	DFD57815B6415DF9D66EC3254E7C7A92	96	no	no					
APU25_12520	36FC626FACB426669589CB78E60B55C8	896	no	no					
APU25_12525	3EAF3BE16BBFDE1DD9EA5F47930AEAC3	396	no	yes	3	1	0	2	GO:0003677,GO:0006357
APU25_12530	8C334468A0428C3D04DF299BBFC6F9D4	500	no	no					
APU25_12535	5FC619211EEA39A9507D3C81D6B15B73	674	no	no					
APU25_12540	69D2F558AAB6BA7D229253DE0B7D803C	164	no	yes	4	1	0	3	GO:0003735,GO:0005840,GO:0006412
APU25_12545	7669456A068F2E2C25474390780589B4	226	no	no					
APU25_12550	1F943DB0AECCA93356A67B652BD200FF	1089	no	no					
APU25_12555	6EE6CF2C5D78F651FA593758777EA3E1	283	no	yes	6	2	0	5	GO:0003676,GO:0003723,GO:0003743,GO:0005737,GO:0005852
APU25_12560	83EA64B389BD2AF00C8B541B141FCC14	1159	no	no					
APU25_12565	3CDB1352970987E274415EFFB37FF2BA	1106	no	no					
APU25_12570	9DEFA80C9C420FEB2D2DAC821D9269F8	447	no	no					
APU25_12575	1A8E79C214F22AE48FAD0FB6065B7ADD	221	no	yes	6	2	0	2	GO:0016020,GO:0016192
APU25_12580	5E0C99483C6E5C2668697767ADD882B2	306	no	yes	2	1	0	1	GO:0008270
APU25_12585	6EE423AA10406D5C4BA0E8343D4869A2	830	no	no					
APU25_12590	D37E6940180592BF13F8FC98BE2EE1B0	215	no	no					
APU25_12595	34E3CE91E8EEC33873B871DC4002770E	104	no	no					
APU25_12600	26F424008DD656CDAD24D054C352F4F7	1079	no	no					
APU25_12605	B9087FC0624561D0C2E31EFB27915130	717	no	yes	7	2	0	1	GO:0005515
APU25_12610	D19260887E0E4B66ADD1124347D1DA04	807	no	no					
APU25_12615	25ED3A72CF253B8F4756BF7141CDDD2E	1401	yes	no					
APU25_12620	7CD336D723EB7DB66B70E8922A49E664	563	no	no					
APU25_12625	BF73D7BB6D399073DDF3CFCA11FC5ACF	1194	no	no					
APU25_12630	B4DF1DD1AAA2A8D9AD9CC180F98BAFD2	684	no	yes	4	1	0		
APU25_12635	1AA4A50648E293BD54EAD1DFE424947C	530	no	no					
APU25_12640	0828FBFC6E4940AEF64EB5E09D68CC10	411	no	no					
APU25_12645	36B3901761F5D60662CF041DA3AB4ED6	316	no	no					
APU25_12650	393A25C2D129B61A15C3328DD1DA1B0D	200	no	no					
APU25_12655	5F8FF5B4F83894E02CF3B8BACEBB9A31	310	no	yes	0	0	0		
APU25_12660	62BD901BDA3578E68F4FA741009DC77F	293	no	yes	1	1	0		
APU25_12665	B11DDAF38AE64DBF0BF7FC9061BEEC78	193	no	yes	4	1	0	3	GO:0003924,GO:0005525,GO:0006886
APU25_12670	94DA39C704AFFB8771448AD9C9417F3B	326	no	yes	0	0	0		
APU25_12675	A6AB0C53683E3170D8565D8004352836	286	no	yes	6	2	0	1	GO:0005515
APU25_12680	AA6ED744B98F79AF7A9EA0B7C21D05AB	140	no	no					
APU25_12685	25738C3C3970D83F7D0722D8B3EEA27B	449	no	no					
APU25_12690	D73045E6F84A166619F4174FB8F68DF8	777	no	no					
APU25_12695	9E638B6DAFBDE49717753E16FADFBE49	150	no	yes	0	0	0		
APU25_12700	D9F05DC281009DEDF11B7DECC5FBA739	601	no	no					
APU25_12705	C73B0FA889881AE10D4099D743E03208	652	no	no					
APU25_12710	0796BBB370B6A3E381798F07E2461E6D	309	no	yes	2	1	0	4	GO:0000027,GO:0000470,GO:0006364,GO:0019843
APU25_12715	F1D93D2909B1E532A44F98280DAC72EF	661	no	yes	2	1	0	1	GO:0003700
APU25_12720	8773A4C3D5CDB0D61AF4F57163A798C1	265	no	yes	3	1	0	5	GO:0003865,GO:0006629,GO:0008202,GO:0016020,GO:0016627
APU25_12725	5FA411A17215B532A6A95E992722768F	153	no	yes	7	2	0	4	GO:0003735,GO:0005515,GO:0005840,GO:0006412
APU25_12730	12A8A1A293DC8F3FB413C41690C23847	557	no	no					
APU25_12735	B36A870DAB33D18E86F26535A14EB8E8	367	no	yes	5	1	0	1	GO:0003677
APU25_12740	7AEAA107B867F42AEA8B3DE4E587F6C9	517	no	no					
APU25_12745	A3FA61C36835BC00FA381B12F83D3868	572	no	yes	0	0	0		
APU25_12750	D3A0F17C7569BE9C34AC919612BB34A5	353	no	yes	5	1	0	4	GO:0003677,GO:0005524,GO:0006281,GO:0140664
APU25_12755	D7B9A2BF39CF41F080B8C04F75E605CD	430	no	yes	3	1	0	4	GO:0001522,GO:0003723,GO:0009451,GO:0009982
APU25_12760	6F8D5BBC323BABBF3F518401BAA50230	142	no	yes	1	1	0		
APU25_12765	7212EB3F01E86F0710E0470E00C87A37	612	no	yes	5	1	0	4	GO:0004497,GO:0005506,GO:0016705,GO:0020037
APU25_12770	E34A354F7A5A5EC8DA136C4CAFBD32E0	366	no	yes	2	1	0		
APU25_12775	CFE2D17C58E5B0E06F086A4B18F84DA4	558	no	no					
APU25_12780	D35E54254939A6B24876331F32E06569	363	no	no					
APU25_12785	0E1CFE0CE4446739F7728622F1E5D59B	165	no	yes	0	0	0		
APU25_12790	97FA93D2003FDCD9A4C1CA7E98C030A1	286	no	no					
APU25_12795	824A2AEAEFC9298498E9D2C35EC9E3E4	232	no	yes	4	2	0	5	GO:0005484,GO:0006886,GO:0016020,GO:0016192,GO:0048193
APU25_12800	C445453220A71A991AB369F8F6F2FEA7	1737	no	no					
APU25_12805	089CA1C5B4532549D187515F8BDBE6DD	580	yes	no					
APU25_12810	696B8D18667C867EB0B55DDE141E5885	244	no	no					
APU25_12815	297A2C2A8004FAE4B8BA6A8D4656E730	254	no	no					
APU25_12820	86F160E2DADCF177950E895CA5C0D99C	199	no	yes	1	0	0		
APU25_12825	B1636D1A5278E7A6A8F6C023EEDB206E	450	no	no					
APU25_12830	EEF90311D0AAC5153AF00676DBFF1BCE	1774	no	no					
APU25_12835	671AB22DD2899347505993577620E22C	293	no	no					
APU25_12840	016561C8396E1B3AD620BCEA44272384	385	no	yes	2	1	0	1	GO:0003676
APU25_12845	7730069BB8CB52E9E9FA90316672E76B	628	no	yes	5	1	0	4	GO:0004672,GO:0004674,GO:0005524,GO:0006468
APU25_12850	ACED6FAA206920223377344B17FE1533	587	no	yes	5	2	0		
APU25_12855	C3CD5CA680088BB167A91F305EBE783E	252	no	no					
APU25_12860	A8C979A8D8F35789E49E10FB71996C7D	64	no	no					
APU25_12865	529A1B36BE53F348EC22F67E4E2B13D0	117	no	yes	4	1	0	1	GO:0015035
APU25_12870	63F98D739892B0B2DB47726A76011D2E	100	no	no					
APU25_12875	AA999986230FA40755187D34F3297FE5	85	no	no					
APU25_12880	A806B8817D60F0594E5D30CB1CAAFBAC	129	no	no					
APU25_12885	54EFF7EFE260810A08D5DF3F5A96D847	369	no	no					
APU25_12890	3145E8FAFA2FA9DE8A7A9A4D2EE1BE02	1162	no	yes	2	2	0	1	GO:0005515
APU25_12895	91903D3D54FC3C3CA5FAE3CDC03AC077	189	no	no					
APU25_12900	0AC582281CCE6E39C830B2FBE08E6FD9	302	no	yes	4	1	0	1	GO:0003676
APU25_12905	27B31C7E19ED60016E05E03BEA2FCF5E	554	no	no					
APU25_12910	5B67ACD09279989FB5A0E5915031901E	1467	no	no					
APU25_12915	1B102E881C529205952CBEE5C93428B9	1103	no	yes	5	2	0	5	GO:0004252,GO:0005524,GO:0006468,GO:0006508,GO:0008236
APU25_12920	E35CF99901D939FC79A1932400843F37	1108	no	yes	7	2	0	6	GO:0004252,GO:0004672,GO:0005524,GO:0006468,GO:0006508,GO:0008236
APU25_12925	90D5AAB2F1C03EB859B2043DA03D292C	654	no	no					
APU25_12930	F6EF61D7CA2A6D36E5A8C50BEA65D71D	194	no	yes	0	0	0		
APU25_12935	3AA3154CC1B1630D3EF59C3462231F11	501	no	no					
APU25_12940	5A70C864EFF8A1C0EABCD9FF9513068B	193	no	no					
APU25_12945	DE301A41A248B2A6EA1F9174CC3C1531	364	no	no					
APU25_12950	0C3BE7E795BCBC406D87A7842CEB4889	299	no	yes	3	1	0		
APU25_12955	F12A99A3E2FAE2F2EDF108258B6C5822	195	no	no					
APU25_12960	148F0DB25D95BEF591D29C5AFB5BCB94	239	no	yes	2	1	0	1	GO:0000049
APU25_12965	026E473150BF49247813071A92F8AA75	245	no	no					
APU25_12970	A48EA11B4F7B6C939E6A14C291D3C855	207	no	yes	0	0	0		
APU25_12975	7F6B64340A662BD0C45D8DDF7152C989	397	no	no					
APU25_12980	24A45772515969F7B802E49865150F31	539	no	yes	3	1	0	3	GO:0008519,GO:0016020,GO:0072488
APU25_12985	529CD2D27C757D43B00EEEFBD25EC9BB	258	no	yes	4	1	0		
APU25_12990	907C10E0420FC6EC73DFD3FC0F213088	78	no	yes	0	0	0		
APU25_12995	4DFA0A181DFD91043AC22BA452ACC554	156	no	yes	3	1	0		
APU25_13000	3BAC0F5A2F39F7B9C642F733816D9006	749	no	no					
APU25_13005	AF47A78E9886EFC0EBE5CB51D6A412E9	687	no	no					
APU25_13010	00CA8A9DC3DBC202B5AD0C1D4823EC54	745	yes	no					
APU25_13015	0DBCE3B68DCDD3FE0640C2DE959CC3DF	218	no	no					
APU25_13020	3B458B5788F10B31F73B17306E5F4D62	512	no	yes	4	2	0	4	GO:0006633,GO:0016020,GO:0016746,GO:0016747
APU25_13025	86D9FE5D9E3743975D556F0943337C56	715	no	no					
APU25_13030	CA243B8907FB52EB254D444D7295F540	728	no	no					
APU25_13035	4DB5ADB974F7F44747AF55AF1FC21872	142	no	yes	2	1	0	1	GO:0006888
APU25_13040	32557A06CE78E245046BB758AB203587	632	no	yes	1	1	0	1	GO:0016020
APU25_13045	73FB960AEF6F34BA1B115A284744FDE4	889	no	no					
APU25_13050	C4DF170F562F9CA22DAAF82BDF47BC4D	166	no	no					
APU25_13055	3ECBF68EEA216A7B37B70234AFF32AC0	308	no	yes	5	1	0	1	GO:0071522
APU25_13060	0C6D51067C5E9CAD41943D482720C389	637	no	no					
APU25_13065	CDA1D77B070F4874A7C5F09F89E0EC65	769	no	no					
APU25_13070	D2D4BB9AA31CC796B23887FCA4222F00	1709	no	yes	8	5	0	3	GO:0000127,GO:0003677,GO:0006384
APU25_13075	A49B7E094BC0FC82EA82AC6A2AA8B4DB	791	no	no					
APU25_13080	09F16C62C40ADE33FBEB447DABB940A7	360	no	no					
APU25_13085	FEF35CEA61C69AF410FA1DFFF9232943	344	no	yes	3	1	0	4	GO:0003735,GO:0005840,GO:0006412,GO:0015934
APU25_13090	0FE19FADE6FB7E6A3EC94EACA5B28B67	610	no	yes	5	2	0	3	GO:0003676,GO:0003724,GO:0005524
APU25_13095	750363D6668A732041EB4061FF1AB8F6	183	no	yes	4	1	0		
APU25_13100	3130226C2C9C94854DCE0266DCF6D5E1	321	no	no					
APU25_13105	8D8F68AE1F9807166C0C43BC4D39CCD2	341	no	yes	4	1	0	2	GO:0010349,GO:0016491
APU25_13110	24B1A55AA05BDE93C6F5F06B2710B9CF	781	no	yes	7	2	0	5	GO:0005524,GO:0016020,GO:0016887,GO:0055085,GO:0140359
APU25_13115	A84C9564BC1F29C0C7CB131A4128D5BF	915	no	no					
APU25_13120	E77AB04F74207BEC22996BDE3AB326AB	657	no	no					
APU25_13125	B21A121784592CB3708DAED71D084B8A	280	no	no					
APU25_13130	8A0CF421A5F8F38D4C978D6B6D9994E5	630	no	yes	6	1	0	5	GO:0004347,GO:0006094,GO:0006096,GO:0097367,GO:1901135
APU25_13135	1BE102D27E79D53F64A5BB451EC269EE	118	no	yes	0	0	0		
APU25_13140	994747B6F27AF489F324DAE6341351E4	427	no	yes	0	0	0		
APU25_13145	DD4AF4A9B42F4AB9BF7E2D6C5D2BD971	490	no	yes	10	3	0	5	GO:0003924,GO:0005525,GO:0006614,GO:0008312,GO:0048500
APU25_13150	953E87C4A85F169C7E91351723B400A4	336	no	no					
APU25_13155	51E10F30956876D1CDC0AD270D91C155	218	no	yes	3	0	0	2	GO:0004252,GO:0051604
APU25_13160	89BA7C81603D0781D768B1A4DFC8A86F	192	no	no					
APU25_13165	2515B469470DB661295CAE73DB870F88	163	no	yes	3	1	0		
APU25_13170	DD1A8225C2B8F231584C20DEBFCAAAA8	313	no	no					
APU25_13175	3C939D1E7DF399317CD96EBEE521E40C	385	no	yes	3	1	0	4	GO:0001522,GO:0003723,GO:0009451,GO:0009982
APU25_13180	7FB980E40DCE053140A898545BACF7B4	527	no	no					
APU25_13185	26E7BD709B2587EA397F0A5E61762178	129	no	no					
APU25_13190	D04A0C691BAECAC8DE73474C71A1E77B	105	no	no					
APU25_13195	305A2367CC4FAFA2EE3D3D356F2311C1	76	no	yes	0	0	0		
APU25_13200	FBF62B4BEA1042651D1B96D9E49CAB4B	786	no	no					
APU25_13205	2CFD727406BC648F001B0F74AA9DFB2A	778	no	yes	6	1	0	3	GO:0005515,GO:0005524,GO:0006468
APU25_13210	8C7D3FD5BC4F87A262D876A5BCE64717	383	no	yes	4	1	0	1	GO:0005515
APU25_13215	39CBC4E22389A02CC1FEC18599A429F2	293	no	no					
APU25_13220	D51D39F433E991AB0E439B2F2D547D5E	256	no	no					
APU25_13225	1AF11E5BC3ACAC18A67B52EB4D6DBE90	80	no	no					
APU25_13230	CEE8BE54EDC902E768E5A9C8554EF57D	95	no	no					
APU25_13235	36C0AFB102FD4F0F4E69EEFDE76B942E	751	no	yes	5	1	0	3	GO:0000462,GO:0005515,GO:0030686
APU25_13240	7677C73C128C8AAB8F8BCE0CAF44DC04	342	no	yes	7	2	0	8	GO:0003824,GO:0006099,GO:0006108,GO:0016491,GO:0016615,GO:0016616,GO:0019752,GO:0030060
APU25_13245	41009904DD6B63B2A93076BD5B512837	548	no	no					
APU25_13250	7C73A0C8F06661A71023D514DAFDDB77	452	no	yes	1	1	0		
APU25_13255	C155BD07BE71D2212F58751460B36CA5	315	no	yes	6	1	0	4	GO:0003723,GO:0003735,GO:0006412,GO:0015934
APU25_13260	48490D3F0D92A6E19A24EB17A9CF3E33	372	no	yes	4	1	0		
APU25_13265	8AF0E4A4CAB69349DFD13E55496732FD	288	no	no					
APU25_13270	7F49958A4D4CEB7697D06BBFF98325FC	440	no	yes	3	0	0		
APU25_13275	715E862B0FE7B22CBD64CCD2BF7A9665	1944	no	no					
APU25_13280	B608996ABCF779B6194558966A99F480	520	no	no					
APU25_13285	24E65C146138F92E53ED13502C068CF1	584	no	yes	6	1	0	4	GO:0005524,GO:0006457,GO:0042026,GO:0140662
APU25_13290	FEC5261E30367E91DB3426597A934A58	165	no	yes	0	0	0		
APU25_13295	8562149CD4662D6B6FAC60687D8346A3	654	no	no					
APU25_13300	E8CEAFA0563F16C7A3A00776EE28532F	137	no	yes	0	1	0		
APU25_13305	459187EC610FA55926EA37AB182CA7E0	399	no	yes	5	2	0	4	GO:0003856,GO:0005737,GO:0009073,GO:0016838
APU25_13310	7D333D962344697590B1B5C41389E7D6	771	no	no					
APU25_13315	937F845FC47D64050CDE48C2306328AA	473	no	no					
APU25_13320	0F4078F4F794A6DC3706A53E4F673DCB	699	no	yes	4	1	0		
APU25_13325	AB0C823AEE1DDADC6777DEDE88E39953	501	no	yes	3	2	0	1	GO:0016757
APU25_13330	F3C0C0C0F9ABBA78C964A78DC2E420C5	183	no	yes	4	1	0	3	GO:0003924,GO:0005525,GO:0015031
APU25_13335	47380CFD5D9F06363250046282BDDF6D	475	no	no					
APU25_13340	15C1347D4C47ACEC6213945A42909505	341	no	yes	2	0	0	1	GO:0005515
APU25_13345	6AE33CC7668556B1B7725E60351FEDDF	271	no	no					
APU25_13350	2F408564E9C938A1FEDF2D03F3E65DC2	333	no	yes	5	1	0	2	GO:0006508,GO:0008234
APU25_13355	FB4FBC53199315A3ADFB2316C795928D	342	no	yes	2	1	0		
APU25_13360	6135EB7D8BCEB65DFB787AC8E5200B37	373	no	yes	2	1	0		
APU25_13365	2DF1C6C57799F2E1CD493BCC7346F866	196	no	yes	0	0	0		
APU25_13370	6A3F7312545B281AE816B31C0B234027	408	no	yes	3	1	0	1	GO:0016020
APU25_13375	4780C5278B3281653B4AF6B12C63CBAA	191	no	yes	2	1	0		
APU25_13380	A2EF08BA52646076D39ACFC0FC947D11	160	no	yes	6	1	0		
APU25_13385	8368E4E40901FB2301B34D40265A3FF5	812	no	no					
APU25_13390	C6654C31693135BE7C996104876B683B	334	no	no					
APU25_13395	89BF090BAA59FE3994BB26A23798AD2C	634	no	yes	3	1	0	2	GO:0005524,GO:0006468
APU25_13400	4843B56032AB8EDE190D45ED1476901A	803	no	no					
APU25_13405	14AF4530252F28E150F8295D9FA9F69F	789	no	no					
APU25_13410	E8AC6B86B336972109D3C0AA12867387	365	no	yes	7	2	0	3	GO:0005737,GO:0009001,GO:0019344
APU25_13415	B8B625707B15AE5B1900F7B0C096EA14	384	no	yes	7	2	0	4	GO:0005737,GO:0009001,GO:0016740,GO:0019344
APU25_13420	1EACC8601E12867BE19085FD4F6F4C2D	684	no	no					
APU25_13425	63F3B0FAD09F1F4BA0FF2B96829A82EC	319	no	no					
APU25_13430	73A4237D74F756D263B786B86F0ACD1B	540	no	yes	7	2	0	4	GO:0004791,GO:0005737,GO:0016491,GO:0019430
APU25_13435	9D522AC80F79A8F661C62EB1F1865EFB	674	no	no					
APU25_13440	C5683E0650497B70D7F0B0B61D41D068	528	no	no					
APU25_13445	FDE889D668A889497377772AFF5AECA9	341	no	yes	5	2	0	2	GO:0005506,GO:0009055
APU25_13450	BFBB50E1B2A5589A36A42AD42B0FAD40	1447	no	no					
APU25_13455	5592C24E94618ECF7DDE12D8C0FAF8DF	429	no	yes	8	3	0	2	GO:0005524,GO:0016887
APU25_13460	4F37FA7F4B833C41772D843BDEAB21DD	189	no	yes	2	1	0	1	GO:0008233
APU25_13465	6F92B3BD68A7B8D707ED21B449208B43	319	no	no					
APU25_13470	E1110BC8A4D732807313A8D357258EDD	222	no	yes	2	1	0	1	GO:0005515
APU25_13475	339303E91D0DDCFDE0CA8A4C8C2B8EF4	186	no	yes	3	1	0	2	GO:0016971,GO:0016972
APU25_13480	E36DC25253AA285EA68E49D4DF1D8B72	346	no	yes	2	1	0		
APU25_13485	9A68306821A50A02A6263E432D7653B8	369	no	yes	5	1	0	3	GO:0000154,GO:0000179,GO:0006364
APU25_13490	190A101BB7DC821958F614529BF63D38	355	no	no					
APU25_13495	71FBF0B5A24AD4733DDE8061D231AFD6	904	no	no					
APU25_13500	34A782DE1FF36C1856DB29C34CCB79BF	1286	no	no					
APU25_13505	F39F9A4A375D704EDD49EEF2B21F6D59	85	no	yes	1	1	0	2	GO:0003735,GO:0005762
APU25_13510	B80B988887F51A0E8C314529E6E72483	437	no	yes	4	1	0	4	GO:0006783,GO:0008495,GO:0016020,GO:0016765
APU25_13515	7E9D6584BCF3F723DE96C0F9595BDB4A	282	no	yes	4	2	0	6	GO:0003743,GO:0005515,GO:0005852,GO:0006413,GO:0008233,GO:0031369
APU25_13520	400B8C4CBBA61041EE9A5A3FF0A35EDB	630	no	yes	1	1	0	3	GO:0005471,GO:0006862,GO:0016020
APU25_13525	3A5E4905D5CC2F7B5E5913E36B634D82	466	no	yes	5	1	0	1	GO:0005515
APU25_13530	273B9EAFF9894251E3D1051C05C1D90D	195	no	yes	5	2	0	3	GO:0003735,GO:0005840,GO:0006412
APU25_13535	B0DA94FF824DCBDBFE6E75DE061BC87E	236	no	yes	0	0	0		
APU25_13540	92E26EDE00580179E5651756B18528F8	106	no	yes	0	0	0		
APU25_13545	1017A8CF8A6B7B1E3139BA39F71AA2E1	1774	no	no					
APU25_13550	50C2D4A2D99174CA58ED10560DACA891	886	no	yes	5	2	0	3	GO:0006352,GO:0017025,GO:0070897
APU25_13555	BB374A57DBEAA874742CA2F504FF5F34	146	no	yes	2	1	0		
APU25_13560	2E6BEF118B7684FF9595BA10AC0E4550	419	no	yes	4	2	0	3	GO:0006694,GO:0008168,GO:0008757
APU25_13565	B79498FD8AF0B47BFB516BE0C7F43AAA	231	no	no					
APU25_13570	09ED799E98BFE6656F827FBC3C9B3F94	801	no	yes	2	1	0	3	GO:0004576,GO:0009101,GO:0016020
APU25_13575	3DFD69375C3D9C662523D3EA8B9A6929	508	no	yes	5	1	0	1	GO:0046912
APU25_13580	FDA85DAEFC7D2E501F5DEE94CC6A64C5	377	no	yes	4	1	0	3	GO:0004672,GO:0005524,GO:0006468
APU25_13585	55BF9BDE04BE77EBF04C8A2EC1B4D8A6	567	no	yes	4	2	0	1	GO:0005515
APU25_13590	92696D9D3BA8DAD2FD382EFA6D66799F	247	no	yes	3	1	0		
APU25_13595	BFABB6B1C2AB3FE372603E4734B9A3E7	201	no	no					
APU25_13600	4181735BE0045306C8952B7E47F9FF32	1005	no	yes	6	3	0	2	GO:0006886,GO:0031267
APU25_13605	457EADEBB671CEC971F2F561179FD378	256	no	no					
APU25_13610	C8360AA048EFA42153A6F057AB5EA4FD	221	no	no					
APU25_13615	F7741AD5853079002E910453DE4134C3	224	no	yes	2	1	0	1	GO:0009617
APU25_13620	7FAB1AC14F243949CBFB2B6918195B72	284	no	no					
APU25_13625	C50227574B0615BEA874F7D99AB7B755	775	no	no					
APU25_13630	6F865CC968A1C462DBA721D644086D8B	818	no	no					
APU25_13635	309530FBC794B2CDF39EB70E1E81314F	121	no	yes	1	1	0	3	GO:0003735,GO:0005840,GO:0006412
APU25_13640	4EEF9B57FDFC2B3CD710C9D6AF74C9A2	498	no	no					
APU25_13645	3573F1168ACCA187694578D5F0FDA35D	521	no	no					
APU25_13650	CB9BD79AE6D99FC30CA847424D1CFF03	493	no	no					
APU25_13655	2C621B97EA6DE3CBA586BA4CA544B46B	425	no	no					
APU25_13660	AC743992B4FA8C0DC40D3997D8F2FA89	850	no	no					
APU25_13665	B9757484DA8B9CEFF77DF72AB73EE3CF	229	no	yes	3	1	0	2	GO:0070037,GO:0070475
APU25_13670	647A02B52BB33F1C0930C20CC9AD3962	592	no	no					
APU25_13675	E3820019D5CD17B0F81479DD8786E4C0	2171	yes	no					
APU25_13680	D95643525519F718EB42E52123A24C05	274	no	no					
APU25_13685	7B9DDBB7399C7315C69554BC6A94BAF3	182	no	no					
APU25_13690	81BA60CDE9F25723F44C77EC8B07D48C	230	no	yes	4	1	0	3	GO:0005524,GO:0006457,GO:0044183
APU25_13695	A5E9899CE8DF61F4576D70CA1DDD7C59	563	no	yes	7	3	0	4	GO:0004733,GO:0008615,GO:0010181,GO:0016638
APU25_13700	4ADACA8E520AF454D594D069108E938E	335	no	yes	4	1	0		
APU25_13705	5FA58FB14B5214B6AB94C93F863E6700	530	no	yes	1	0	0	1	GO:0005515
APU25_13710	11735E8D0D5430212E76419F50A50832	240	no	yes	6	2	0		
APU25_13715	A21E7E8306034F125D3EC84572341C47	113	no	no					
APU25_13720	29FFF743E5C811CC157F4EF0058CB2EF	219	no	yes	1	1	0	1	GO:0016020
APU25_13725	C40332229111FD78480991C9881997C6	163	no	yes	3	1	0	1	GO:0005509
APU25_13730	81DF2AA0B338EFC5BB17D0EECD80ED61	239	no	no					
APU25_13735	94E2ECABA4742B3E8A107C95E58AA114	273	no	yes	0	0	0		
APU25_13740	DCE8A9BE8159E7B8FD3E9CB3153ED56C	206	no	yes	3	1	0	2	GO:0003924,GO:0005525
APU25_13745	C202CBAB8CB1B9854331C0E528051A97	924	no	no					
APU25_13750	19929BFFD0518DD2D6BB0D3875D47096	1003	no	no					
APU25_13755	0A2F8642F4D53290C88E64568AE2BB28	423	no	yes	5	1	0	3	GO:0004659,GO:0016020,GO:0016765
APU25_13760	C7E76A6602364CB6BF969A922019FDE0	388	no	yes	5	1	0	3	GO:0004659,GO:0016020,GO:0016765
APU25_13765	A4D5EFE7B6502984260BFBF5AAC2F7BE	496	no	yes	8	4	0	2	GO:0005515,GO:0016787
APU25_13770	5D5BD38680F949197B0A1F4843A67756	396	no	yes	6	1	0	4	GO:0004842,GO:0005515,GO:0043161,GO:0061630
APU25_13775	EF2C01A14103C55FECC536680F855C95	678	no	no					
APU25_13780	5A187E04FF8D70400A7FC6ECF866385B	1787	yes	no					
APU25_13785	085CFB50833A7FD58E5C7A5F9B15FE44	380	no	no					
APU25_13790	AA9F773CAAE792252110DFBB82FB76DE	496	no	no					
APU25_13795	B62522FAB9DBB86CEE6B4435AD86080E	334	no	yes	2	0	0	1	GO:0005515
APU25_13800	DD1D7FAC51CAD7D6CBA5733F2CC7A06F	269	no	yes	1	1	0		
APU25_13805	DCF26216BC8EF8068A5FA057702490FF	615	no	yes	2	1	0	2	GO:0005643,GO:0017056
APU25_13810	7D8553B98E44BCE21C4F3F058C96AC7E	229	no	yes	0	0	0		
APU25_13815	D98C66EBC8DB88C6A9620741BD684DD8	227	no	no					
APU25_13820	E82F5F0B96BDE34F19A724FEEAF53A30	363	no	yes	2	1	0		
APU25_13825	76824E5CF30601F0712387CCB5C8C75F	693	no	no					
APU25_13830	35819943DF60368F76A701B81D823C06	502	no	no					
APU25_13835	FDD1719F8E9ECF4416B9E3AB9ABAC2F2	238	no	yes	4	1	0	3	GO:0009249,GO:0033819,GO:0036211
APU25_13840	F884B9235EFEBF02727998764ECAE68A	404	no	no					
APU25_13845	11BFBC56F722AE70C9EBA82E4E1AA848	217	no	yes	2	1	0	3	GO:0009522,GO:0009538,GO:0015979
APU25_13850	178D0D18928E8F8EF281499A22FF8649	437	no	yes	8	3	0	2	GO:0005524,GO:0016887
APU25_13855	6898661E6C11817EE0DDE5A5A5AFADFF	789	no	no					
APU25_13860	7ECEAFC3CF09FA492885722769F4DA92	130	no	no					
APU25_13865	78253C47908F417874555E2FFEACB872	876	no	yes	5	3	0	3	GO:0006606,GO:0006886,GO:0031267
APU25_13870	69DB3C207954CAB23261CC5A1AC1147B	492	no	no					
APU25_13875	C80B0B4DC67DD515082E8CDCC59FC72E	481	no	yes	1	1	0		
APU25_13880	F4550C0ACE4D67BEB8B55396467C8B50	489	no	yes	2	1	0		
APU25_13885	781CE285E62A04063B3384167CB21C11	518	no	no					
APU25_13890	58C694AFDBDF09D753933F7D68DCF5F7	531	no	no					
APU25_13895	643A9E4084F60D84096AA4A57B246CCC	393	yes	no					
APU25_13900	DF2EF689E550BF35E77D4DE0A11A34F3	121	no	no					
APU25_13905	B6A15F4B40CA1DAD1DC4EEBD95099AEF	89	no	yes	3	1	0	3	GO:0003735,GO:0006412,GO:0015934
APU25_13910	29EC55CA71FE9DFF3F8AB85D445759E1	129	no	yes	5	1	0	3	GO:0000166,GO:0006352,GO:0030880
APU25_13915	A564326509ACE1F1DD9BB3E1C03BD0D9	372	no	yes	4	1	0	5	GO:0003677,GO:0003824,GO:0004518,GO:0004519,GO:0006281
APU25_13920	094474EE1B8CDCA2C0B68B10A4EB9A2F	392	no	no					
APU25_13925	F116A3C49C5E8EF43578796A0D9E77A7	502	no	no					
APU25_13930	88EFF1B33C71EDFEB5097726697B7A0B	142	no	no					
APU25_13935	ECAE31E5B105FAD055362D64C27AC1DC	408	no	yes	1	1	0		
APU25_13940	CD045182AF10D7BD8D7C4FB1E5C72CFD	449	no	no					
APU25_13945	B1D791DF1172091E7D01F47C2FF9E106	291	no	yes	1	1	0		
APU25_13950	CDC9EFEBD9E1C367D2D65B3EFC0F595E	505	no	no					
APU25_13955	4330F34792DE824B4B05908BE5C40845	193	no	yes	3	1	0	2	GO:0030008,GO:0048193
APU25_13960	CA847A62C946E66119D856E6372BE983	753	no	no					
APU25_13965	BD910DC95EF187FC08A75A593359CF03	143	no	no					
APU25_13970	9CA60C943D95089CCE93FD1252CF6B4E	290	no	yes	3	1	0	3	GO:0003677,GO:0030527,GO:0046982
APU25_13975	55B00100B5BA846FC9E451C6075D2F2E	499	no	no					
APU25_13980	7496A82FA1FF8C878F979B2C3C11BB15	1173	no	yes	12	4	0	2	GO:0005524,GO:0046872
APU25_13985	88712AB3EE211F84754C2E0126225D14	268	no	yes	5	1	0	3	GO:0004164,GO:0008168,GO:0017183
APU25_13990	AE88206474C1CA3D21AAE7C37A13DEF2	547	no	yes	2	2	0	2	GO:0000398,GO:0030628
APU25_13995	EC942A093F23598E7FD9D6E48AAFE771	479	no	yes	5	1	0	1	GO:0005515
APU25_14000	527366D212DEAEA3E562387060102446	335	no	yes	3	1	0	1	GO:0008270
APU25_14005	CD244A9C03D5AE82269EDED08FDDE956	423	no	no					
APU25_14010	916395D725B31C511DD275C1A4816BF8	271	no	no					
APU25_14015	D4A8922E5B657315823DE2897B7B8AB7	167	no	no					
APU25_14020	359B2377A4A7A49581DD7012FDDA586E	604	no	no					
APU25_14025	8E98D274CF9ADA49F0C1C830937B2B62	139	no	yes	2	1	0		
APU25_14030	48D108381D33151C9C05965548FBE5C2	692	no	yes	1	1	0	1	GO:0006914
APU25_14035	2B9EAC0B0355D8F4DC11710C5DFB63FB	548	no	no					
APU25_14040	FD122B4962B640F789AFC9C73EECC484	275	no	no					
APU25_14045	08F1F4BA058B6BCEA21231440556DE64	1195	yes	no					
APU25_14050	D694624796821E7FF0EF15646233C658	400	no	no					
APU25_14055	9FCFE65D43C79C7F7C4614BCE5FF5F35	1293	no	no					
APU25_14060	237BFF84E3AEF8019B9938A2591E2AA3	112	no	yes	0	0	0		
APU25_14065	09D8127CDF41175BC00D0BA61CBD00C3	267	no	yes	0	0	0		
APU25_14070	10C30E9EF1AC10A09F9D59D2841DAD0D	218	no	no					
APU25_14075	6347787D09FA9B6E2793A32846A9C54D	183	no	yes	2	1	0		
APU25_14080	FEBF8CAB4BBA5A49950EA0BF72ECA869	545	no	no					
APU25_14085	8C113E86FADCC74261031308E957E774	1125	no	no					
APU25_14090	A08AAD92F1A1B0691E24FA9C3A6E6F96	360	no	yes	4	2	0		
APU25_14095	CD1BDD4566C53B9ED3FCE7416336DDAB	1099	no	no					
APU25_14100	F8AB0CA45FD8924B94A54D3DC79EA54C	286	no	no					
APU25_14105	51BEEFC11AE1C048C440D82F0B77D3C2	425	no	yes	7	3	0	3	GO:0004190,GO:0005515,GO:0006508
APU25_14110	AC4654BADDB29B2A7E42D38314122C84	1246	no	no					
APU25_14115	F8D4CBBF1A7BBB29E1D0AA27009D591C	315	no	yes	4	1	0	1	GO:0005525
APU25_14120	CFA8EDC64DCDFC7A35F99A3899F7B0CD	359	no	yes	3	2	0		
APU25_14125	CA643A3707AF37BB960A02D9D93F4586	206	no	yes	3	1	0	2	GO:0016209,GO:0016491
APU25_14130	9A65F31E5A0C45A61DC576D0619CA42B	379	no	yes	1	1	0		
APU25_14135	27E981F11D629EB08E2D1ADF802897E9	765	no	yes	5	1	0	3	GO:0005509,GO:0005743,GO:0043022
APU25_14140	0509229D1272D9955C131ECD7373AA4C	505	no	yes	3	1	0		
APU25_14145	9E1A5D8E357C0A1683C7450C04B0D79A	194	no	no					
APU25_14150	795C53A36CFCF3BE72635085868F2435	517	no	yes	4	2	0	1	GO:0016787
APU25_14155	792646AEBC33F7725FB08A6266041F4F	78	no	yes	3	1	0	2	GO:0017183,GO:0046872
APU25_14160	4FADB612C9B2A800D603A28EAC12E59F	536	no	yes	1	1	0	2	GO:0016020,GO:0042765
APU25_14165	7BA8A6AFB907949DB19C0B9EA65EE5D1	130	no	yes	3	1	0		
APU25_14170	D49B6EDA4228F1AA3A48F7523F13F082	381	no	no					
APU25_14175	B4D84F16228C18B02F9D1A3251020D52	338	no	no					
APU25_14180	E07675DF14C432545FF48A8CF06637D0	264	no	yes	3	1	0		
APU25_14185	D9361B84E205256D6EF5D722311A416C	937	no	no					
APU25_14190	308C1BEFE0685BF9248B8BC8727B3B79	418	no	yes	5	2	0	4	GO:0005975,GO:0016791,GO:0042132,GO:0042578
APU25_14195	AC493FC447405E879EB02C295D0DFF5C	612	no	no					
APU25_14200	98C7520C1F7976866E5008944F6BB8D3	120	no	yes	3	1	0	4	GO:0033180,GO:0034220,GO:0046961,GO:1902600
APU25_14205	361D4807EDAF84613F21695C287211B3	456	no	no					
APU25_14210	03A548EF582D8EC9BB0C0CD94455203C	808	no	no					
APU25_14215	3A2546B6C5572E43CE4EAAF9D937BFA5	278	no	yes	0	0	0		
APU25_14220	A0AB5976ACD5C4135ECC017C91068E2E	491	no	no					
APU25_14225	83EAB819F84A61C4934CD2CAB56C9E6E	539	no	yes	2	1	0		
APU25_14230	7A8DDC418606EB3E1906E3E4C4A84273	531	no	yes	6	1	0	2	GO:0004491,GO:0016491
APU25_14235	724B509CE3EF2BA9DFA01C3323758FB7	325	no	yes	0	0	0		
APU25_14240	D69152E6C3C4D4131C4C9090F651088F	1073	no	no					
APU25_14245	13743CC259E542AC601D32296F34A4B9	988	yes	no					
APU25_14250	79DE04CDD8CD2AFEF71E11EB0510E8F4	298	no	yes	2	1	0	3	GO:0006364,GO:0019843,GO:0042134
APU25_14255	8A4B658DDE743B97A542FD4BC4A2107A	433	no	no					
APU25_14260	3B184269A4A10D4F6CEC5802D68EB7B8	246	no	yes	1	1	0	3	GO:0016020,GO:0016485,GO:0043085
APU25_14265	9887F0AC2307FEE92509D9B70154F8C6	694	no	yes	6	3	0	2	GO:0003924,GO:0005525
APU25_14270	18F9EF56EB43F2E2CFAAC0397494D6B7	124	no	yes	0	0	0		
APU25_14275	7E47D001DABBB1EFCF4B352F3694F6A1	440	no	yes	2	1	0	2	GO:0016020,GO:0016757
APU25_14280	D0734C33F15AF08D57BED33604BFEBB0	173	no	yes	2	1	0	2	GO:0006366,GO:0046982
APU25_14285	619389E16DF755388384ACC800448ADF	409	no	yes	6	2	0	3	GO:0003676,GO:0003724,GO:0005524
APU25_14290	F8E504A51D258AB2AE44AB8B9C5ABB74	491	no	no					
APU25_14295	D4F1C7376E8EAA468D79FEEF631F192A	388	no	no					
APU25_14300	FFEDC3F7ECB0DB8A092A92B6D5B6C193	388	no	no					
APU25_14305	17DA08BE0A611E18822C17141C4D957F	273	no	no					
APU25_14310	78BEC76E8A80E6E46CBB017863253349	212	no	no					
APU25_14315	8D4EF4916A2D948FB2C64DC33D3FEDFB	591	no	yes	5	1	0	3	GO:0016830,GO:0019752,GO:0030170
APU25_14320	D1623E95F5F6E7F59BDABB409FFFCA6D	137	no	no					
APU25_14325	FF3F45A0485624AEF1F06C8DB2A0DDCC	266	no	no					
APU25_14330	A1B9A215A06C172BCDEBB17A7907CDFD	331	no	no					
APU25_14335	AECA237748C5835E61F591F78FF579CB	196	no	no					
APU25_14340	062962C62D21EFF822C9C02BD4446167	476	no	no					
APU25_14345	0E79C145702406BB0E3DEFD2ADC8069C	439	no	no					
APU25_14350	9DEBEE6161EBA48879C09443083D8BB7	446	no	yes	1	1	0		
APU25_14355	AB36D9D11D9E647D176E6EDF8842DB22	306	no	yes	3	2	0	3	GO:0006364,GO:0016740,GO:0106388
APU25_14360	1256528D751068E0A9FA155D2CEEFD52	447	no	no					
APU25_14365	F04F5FB049D98AA43D98CF8732E97C04	220	no	no					
APU25_14370	9953A70A3741B248D8F0204E5CDB99CB	411	no	yes	3	0	0	3	GO:0003677,GO:0003700,GO:0006355
APU25_14375	A6270F40DCE7D5C75FB882B9368D465C	841	no	no					
APU25_14380	1FAAAFCB79126A709701E72332C4A610	243	no	yes	3	1	0	1	GO:0006352
APU25_14385	71B2E21A2BA2BA4D7D0F5E30C1867A1C	213	no	yes	1	1	0		
APU25_14390	1B14CCFD76519009F06CC8D82DBFFE1E	416	no	yes	3	1	0	1	GO:0005515
APU25_14395	DD14F28A6163EE181EA7D9A193FE0BDC	2751	no	no					
APU25_14400	AB4B78BE3477874F3BC1815CC15C3A03	418	no	no					
APU25_14405	D5BF744C6F84B12D9615B9B7D09D22AD	500	no	no					
APU25_14410	C92442B6EE9C44FF2B525B682A714621	352	no	no					
APU25_14415	404EDCD28301B02C84C7DFD4AE1D2CF9	510	no	no					
APU25_14420	4D19F3BD50F58DD8D678753EF682D5BA	370	no	yes	2	1	0		
APU25_14425	662A067DC764996B27ECF35DE0235553	510	no	no					
APU25_14430	2DABA816AA9EA7352AE121109F64A3CB	101	no	no					
APU25_14435	5530E52A7E27B3F0CAC587185DA9AD31	896	no	no					
APU25_14440	E96F12866B379ED2DE655D8E66611DF1	142	no	no					
APU25_14445	032073E6E2154D37D53A3A0E5D166151	306	no	yes	0	0	0		
APU25_14450	29617CF63DC277970655D932E34B5B52	543	no	no					
APU25_14455	E245240B9BECBBA473FB90E80C35DBEB	847	no	no					
APU25_14460	3B966D1CE8E4B01A863DFE93F8DC19C4	810	no	no					
APU25_14465	434D62A963D2E3AE0900335C03BAE591	804	no	no					
APU25_14470	759A8F0CB8D2E987C46C580178F4BCF4	559	no	yes	4	1	0	3	GO:0016020,GO:0022857,GO:0055085
APU25_14475	E2BB43B54F76E87A618659AC2122850A	325	yes	no					
APU25_14480	0AC92CEDE66B6B628836116C79DD9A1A	184	yes	no					
APU25_14485	A9059CC35E904684DC707B4F0D26546A	176	no	no					
APU25_14490	3D86E533FC87C6E357F4FDD95DB3BB65	251	no	no					
APU25_14495	F90F73732E9DA44921B03253D0D23642	157	no	yes	0	0	0		
APU25_14500	EB80335ED0F60539FE8CB3129FD922E6	545	no	yes	4	1	0	3	GO:0016020,GO:0022857,GO:0055085
APU25_14505	CFF5CF3DBA00BE5CC980975C8C940261	456	no	no					
APU25_14510	60A866E20EF8A7DD5C80511980166EE3	210	no	no					
APU25_14515	6F264A010A4D7BE2230D368077219FD2	154	no	no					
APU25_14520	18ECE5950B325EA81941E7F225C370B1	278	no	yes	0	0	0		
APU25_14525	6D9DC86164C864A77DBC432720780027	722	no	no					
APU25_14530	B804335D7B0ADB3DAB72A69C7EFDCDB7	96	no	yes	0	0	0		
APU25_14535	5AD6A6F2B52AD796D834FB39BCDA96F7	450	no	yes	1	1	0		
APU25_14540	F0C77806596A1FD540DFBC778843791F	521	no	no					
APU25_14545	FED104B48D52B515C63FB23A8A9537C8	518	no	no					
APU25_14550	67F5191E6BC651A222CE0CB9BB174E6E	147	no	yes	3	1	0	2	GO:0006457,GO:0016272
APU25_14555	F175686E16FFB3BFE7C50A08402C68A0	980	no	no					
APU25_14560	59F42274A9594D7A6E5AF5F905F2999B	367	no	no					
APU25_14565	610B1FEF1ECFFA8CECD2643AAF64632D	222	no	yes	1	1	0	1	GO:0016020
APU25_14570	A5FC6DE234776D0943FF417675216591	76	no	no					
APU25_14575	ECEA7B4EC3AABC60BD3ABA28E7C92826	518	no	no					
APU25_14580	3F18628B5C783A0B4C9FD136471FB130	115	no	no					
APU25_14585	B58C5D01B0BBA1561662CA9A0CF15150	540	no	yes	5	1	0	3	GO:0005737,GO:0016787,GO:0016810
APU25_14590	6292CE32240C5D971D7722C14F9E0F09	402	no	no					
APU25_14595	2453FF31FEB72139F250CC4A7B2F1D82	213	no	yes	0	0	0		
APU25_14600	986890A4A056510275BEDDACFC2C4D13	70	no	no					
APU25_14605	F60AD0ABA19BB74731562F34D2621989	410	yes	no					
APU25_14610	7D8D553365AC01CA92CC641A84710792	487	no	no					
APU25_14615	199B47D3D342078F1FC7364A581CCB30	327	no	yes	7	2	0	4	GO:0003677,GO:0005524,GO:0006260,GO:0016887
APU25_14620	9E29B9932C91CE352B0035A85B1A8CB3	1203	yes	no					
APU25_14625	7E55EDA589A0CE3F84C27CD7DEBD3DBF	432	no	yes	4	2	0	1	GO:0016787
APU25_14630	B1B6289B13516477CEDB552E36649DBA	235	no	yes	4	2	0	4	GO:0005839,GO:0006511,GO:0019773,GO:0030163
APU25_14635	404484DF1596717EFF3584E8C0AC6F91	260	no	yes	1	1	0	2	GO:0000228,GO:0006338
APU25_14640	FA77E1382B7BF1C03A5A8874EA6A4261	373	yes	no					
APU25_14645	C21928E9AEB4B8BC1F82F87F32A75788	200	no	yes	4	2	0		
APU25_14650	D15668F5C01C33A59D84A46E85DE9DB7	560	no	no					
APU25_14655	AE53ECD752CB445C814D01D325AB8E28	594	no	yes	4	1	0	4	GO:0001522,GO:0003723,GO:0009451,GO:0009982
APU25_14660	A4E57ABD50DE134E1089C42B2F3483F5	1991	no	no					
APU25_14665	D88DF36B3E9452D65B10C199AFB49B79	1012	no	no					
APU25_14670	9D626BF51BE176BF4C9EF6A89E1B2A3E	472	no	yes	1	1	0		
APU25_14675	5ACC556684980444D5C7E97C1D0B1273	516	no	yes	3	1	0	1	GO:0008194
APU25_14680	39D14BD843B27693B7BEF1252A6DC027	409	no	no					
APU25_14685	F48336222DCE3F6AAC184CDA940DEFE4	1103	no	no					
APU25_14690	E9226CFA0DEC8BD4E3CF4F140C600763	409	no	yes	7	2	0	2	GO:0006508,GO:0008234
APU25_14695	0D9C719D453AD358B8E9EE79B7A76E98	281	no	no					
APU25_14700	62E6D49E492AF5816420661B03077D44	426	no	no					
APU25_14705	4B05DBD7D2830F91733ED71BBAD3FCBE	525	no	yes	6	1	0	5	GO:0004326,GO:0005524,GO:0009058,GO:0009396,GO:0016881
APU25_14710	1B488835C12400E3988780C0F26DD41A	631	no	no					
APU25_14715	128AA236A109BE7CC6BF356E95053408	67	no	yes	0	0	0		
APU25_14720	B2A491F4A0525CB3DC73889DA8813AAA	614	no	no					
APU25_14725	47FFDF7D2DC4D09AD4A7D4B73862E2C9	427	no	no					
APU25_14730	123AC8E722B88888DD42DF54CD5C38DF	538	no	no					
APU25_14735	7A853984EE1E41C46CCE32B7F75BB49D	213	yes	no					
APU25_14740	8AD081C231694565B9D1A68BACB4AAEE	87	no	no					
APU25_14745	5A3AB4FAF567A377C4D1C175DBF7A010	211	no	yes	0	0	0		
APU25_14750	D2347C9B118BBD4CF255DA967699F7FE	253	no	yes	3	1	0	3	GO:0004359,GO:0042819,GO:0042823
APU25_14755	985416A4333FE2A225C795ECAB293CB5	472	no	no					
APU25_14760	3A0DC74DED0C526DA5DFA6886BAE8EBF	480	no	no					
APU25_14765	0DE9368E2A0748184223122E9B714308	1026	no	no					
APU25_14770	B3A80EE22966F32D3F489FA6A883F4A8	385	no	yes	4	1	0	4	GO:0004151,GO:0016787,GO:0016812,GO:0019856
APU25_14775	15C0EB712C856323603472191859225E	263	no	yes	5	2	0	3	GO:0003677,GO:0006275,GO:0030337
APU25_14780	7221A180B4F7D0D3AF4422722C60ACBE	324	no	yes	4	1	0	3	GO:0004722,GO:0006470,GO:0043169
APU25_14785	90F829AB8138D2C7B6C6828ECECE3179	632	no	yes	5	2	0	4	GO:0005524,GO:0016020,GO:0016887,GO:0140359
APU25_14790	E9C71F2D99C3D7FBE4B03EDD9CF82AF0	168	no	no					
APU25_14795	222E6EC7D450DB40EE60875C3A9A6DF1	640	no	no					
APU25_14800	AE445D02C7C07CEE2C519A74FB688809	231	yes	no					
APU25_14805	FF83E0DEEDCB31909BB7A2470A26A8F6	1091	no	no					
APU25_14810	CBE535C2240DB155FD58FBAB192F378B	293	no	yes	3	1	0		
APU25_14815	5E4843F51F31B5FBDAD132726538C7C9	756	no	yes	3	1	0	1	GO:0005515
APU25_14820	1646090313368AAA912BE51C2593CDB3	357	no	yes	3	1	0	3	GO:0030488,GO:0031515,GO:0160107
APU25_14825	F87DD8A5326FAEFB369B592D5B474441	727	no	yes	13	3	0	9	GO:0000166,GO:0004812,GO:0004818,GO:0005524,GO:0005737,GO:0006412,GO:0006418,GO:0006424,GO:0043039
APU25_14830	375735BED273389D589B25CFA5DFB5BC	413	no	no					
APU25_14835	D7488132B30A67598AAC84FF092384F4	285	no	yes	1	1	0		
APU25_14840	3A154316BEADBF19BAEBDF72943EABBC	133	no	no					
APU25_14845	2D2D2FD6583A9E0980F8B6F378D081C7	131	no	yes	2	0	0		
APU25_14850	A400127664ECD6035E41FF2D60AE5F9E	482	no	no					
APU25_14855	6D54AA027009A1E2046771432B5A8BEB	324	no	yes	3	0	0	1	GO:0004725
APU25_14860	47776E770E15B8FAD3CD7A3C89C945DD	104	no	no					
APU25_14865	EA649B5283BAE5C35825FD2558B6DE25	419	no	no					
APU25_14870	753FD38A0D0A3F201C50F6548B83045E	136	no	no					
APU25_14875	C0E879CA044DE3BBE2E8DE4265522C81	243	no	yes	1	0	0		
APU25_14880	1221C7C8EAB9EF02F0D8C9EECA6619BE	361	no	yes	3	1	0	2	GO:0008460,GO:0009225
APU25_14885	3936B846C52E8A69C998DAC18E6F80F2	343	no	yes	6	2	0		
APU25_14890	02A6A31A7EE45AAB035F95D03D817919	343	no	no					
APU25_14895	032F7E202C0B103C0200E4E76446989E	509	no	no					
APU25_14900	39ABD1E016CB1CAE8E82E22F3CE16C42	154	no	no					
APU25_14905	3313E9345B0A96B2955E81A517507E73	268	no	no					
APU25_14910	FA335841E97EBE72786EE16CAB836108	251	no	yes	3	1	0	3	GO:0000103,GO:0004020,GO:0005524
APU25_14915	E7CB6F3A9543949D060B1B7768F8C6C7	140	no	yes	0	0	0		
APU25_14920	EC713D6DE211506389847908A34634A1	408	no	no					
APU25_14925	B561E917E91199BA46C7B8F13083C0F1	244	no	yes	1	0	0		
APU25_14930	9CED0B6F0C5AFE7A29D2A306E3F0BF9A	407	no	yes	3	1	0		
APU25_14935	E37EB0446942F0471D5E4BAC70E7387A	707	no	no					
APU25_14940	C5AB22892FA07407133E866AEC69AEC8	483	no	yes	6	2	0	3	GO:0003676,GO:0003724,GO:0005524
APU25_14945	18150B771BB40A5AE5537E391BEF0E3C	344	no	yes	6	1	0	3	GO:0000154,GO:0000179,GO:0006364
APU25_14950	45FDECE0B2A06C3014D184B5CD44B6E5	378	no	no					
APU25_14955	00DB55D45DA1D102E0161421096BF996	434	no	no					
APU25_14960	79BD0E59CCA4D2964CAAAED919D06C87	337	yes	no					
APU25_14965	3794005FE19A1F1F8D3263C9AF8F9EDD	400	no	no					
APU25_14970	3BCEF8D322003FBE81A35E1D538DE33D	290	no	no					
APU25_14975	A13374829EDB41DCD5631BB0D5DF66F5	398	no	yes	8	3	0	2	GO:0005524,GO:0016887
APU25_14980	6DD63A6DD9FBE09FEF99288C97A4D81A	267	no	yes	2	1	0	2	GO:0005838,GO:0006508
APU25_14985	AC67B4B66A3979CB709232AC5E8BABC1	492	no	no					
APU25_14990	7F1B34CE5FBFDB715661CEE2E8FEF9B4	490	no	no					
APU25_14995	41FB1D37A9BA9B4E2CEC3872B84287FA	270	no	no					
APU25_15000	1C0CE8B52AED75F2C4CF27F348F1DBFB	240	no	no					
APU25_15005	5A14075503E6BB7996800C3F449D1817	637	no	no					
APU25_15010	462359606A20C5FB919C314591670D28	527	yes	no					
APU25_15015	0C1C34BFEE3AE73DE6AB951DB10921F3	363	yes	no					
APU25_15020	9BD775092CA954D86B4D8703491308E5	561	yes	no					
APU25_15025	8E0A32B8D432E209559DB58C380D5D4E	524	no	no					
APU25_15030	9A4B18452EE6C236338D46AFAB30DECE	226	no	no					
APU25_15035	B74547D5B1589B9CD759863CDA3DA2FA	389	no	yes	4	2	0		
APU25_15040	8BA83E9ADAEEB1796D2E3BDFC71A1BE6	298	no	no					
APU25_15045	82915CE44C579455E18C75CB86E03C90	134	no	yes	0	0	0		
APU25_15050	C2974A953D85C8DA02336829A5C87B7E	1268	no	yes	7	2	0	1	GO:0005524
APU25_15055	B8B0107D4CD9B1083B1BEEBF1549F40C	941	no	no					
APU25_15060	437EE33510F0957D7216A13C5D4972F4	253	no	yes	0	0	0		
APU25_15065	08912374AF059CE08193ABBBA6856F87	302	no	no					
APU25_15070	F0EAD3A2A95ABB9562E7A005B35F4CE7	300	no	yes	6	3	0	1	GO:0003723
APU25_15075	50BB16ADF0374C80A5E22674F57BAD60	247	no	yes	2	1	0	3	GO:0003712,GO:0006357,GO:0016592
APU25_15080	DD2D6430F82A6A6FB09A621C29C3D6D6	203	yes	no					
APU25_15085	11CC250911DDC34F48BF00DBD15E152C	439	no	no					
APU25_15090	C5CDF78016E407FA538B1987DD4AD9E7	807	no	no					
APU25_15095	357B225CD673B9C5C6EA7E835F3CE28E	149	no	yes	3	1	0	3	GO:0003735,GO:0005840,GO:0006412
APU25_15100	E2FDC5971D2EFC5911CCECF6458E2DD1	475	no	yes	3	1	0		
APU25_15105	BE413B0784FD199C3519F8A9EDDC5D4F	336	no	yes	3	1	0		
APU25_15110	015BB0B4D3F49ADADE17923565C565DB	284	no	yes	1	1	0		
APU25_15115	BEE52BBA9552DFB1FDF518A7E85572C0	421	no	yes	1	1	0	3	GO:0005524,GO:0009029,GO:0009245
APU25_15120	F18BBD8A15C1F645B22DC8B78A6BB97C	111	no	no					
APU25_15125	8DE369B27AD7D050068DFAAA9B91B7C7	463	no	no					
APU25_15130	5EC5782EA76CFC1BE1F793BE363CD9DB	74	no	no					
APU25_15135	0AD60E67181E73542DDC1B3647206727	380	no	no					
APU25_15140	3911C858F16CB59B067428B40A1A7496	583	no	no					
APU25_15145	3D3E217FF2EC5A8EEB5BF76138EA345A	1328	no	no					
APU25_15150	FEE0708DC4653F210E54C8DF3E684897	185	no	yes	3	1	0	1	GO:0000062
APU25_15155	E1EE446DE002A96799586682577254F9	291	no	yes	5	1	0	4	GO:0005524,GO:0016226,GO:0051536,GO:0140663
APU25_15160	2FF63FE385C9F3795C51152A83022DCB	260	no	no					
APU25_15165	02BBB24C3D11CE934842B178D50707AB	187	yes	no					
APU25_15170	AE2AFCD5D10DA62201F9A12BB49310C7	241	yes	no					
APU25_15175	9C6AC6665081D5980806ACAC316B3AE6	1207	no	no					
APU25_15180	8F35FB8E234C7CF1CBDD1E1AED718E21	183	no	no					
APU25_15185	85EA0C5247EEE5ADA3E0BEFB09571F44	349	no	no					
APU25_15190	2DBF6C31730CA70A5B710ADFEDF543FB	533	no	no					
APU25_15195	F052C095ACF2A86B4FD00BB179BC6AA1	206	no	yes	0	0	0		
APU25_15200	DCAF7CB1FF88730B7411FD840B8B13D6	311	no	yes	0	0	0		
APU25_15205	0BB1977F5182CC00EF38DC9F69333806	1976	no	no					
APU25_15210	E03E025AFEF1B8934ACAE73F450D6876	903	no	no					
APU25_15215	B4244A52BB37B4108C9F91965857DF0F	672	no	yes	11	3	0	2	GO:0003924,GO:0005525
APU25_15220	819A3C0FA8970F723480521721B9B139	184	no	yes	2	1	0		
APU25_15225	51AF1EDFAD35A861A0295BB95F405C3D	435	no	yes	3	1	0	1	GO:0006629
APU25_15230	C8A2056CF873627750413C084AE23834	438	no	no					
APU25_15235	9AEDD359CD6F8AF6CEE3258289CCD473	497	no	yes	3	2	0	2	GO:0000413,GO:0003755
APU25_15240	2CCB549A35C924782478074638C7C41F	751	no	yes	4	1	0	3	GO:0004672,GO:0005524,GO:0006468
APU25_15245	7F12E0F4021D09C448A280FE9E446A12	360	no	yes	0	0	0		
APU25_15250	21515C4A24E52244FB6678E8FA7988EE	278	no	yes	2	1	0	1	GO:0016747
APU25_15255	A69AEB1487C9244DBEE5E10FEF37605A	945	no	no					
APU25_15260	DD58CDA037760A2C8A8026E4D2C0E117	613	no	no					
APU25_15265	8D8C1DD056AE30975D2FD5B7EFA02BAC	469	no	yes	4	2	0		
APU25_15270	242CF11616690E27F75B9D722E012BED	654	no	no					
APU25_15275	BA09859B76EFA0205A1AE11BD23B5749	452	no	yes	4	2	0	1	GO:0005515
APU25_15280	DA10F3E3AD5ECAF1134ED76DF16A46F3	442	no	no					
APU25_15285	9E7472D900AB798BB3E9681F2B64160E	362	no	no					
APU25_15290	B06965E1F614231F7475C4C0C2BF71C5	290	no	yes	3	1	0	2	GO:0004722,GO:0006470
APU25_15295	B4F4FEDA986C351677DB76F7CBDCC5EC	547	no	yes	1	1	0	1	GO:0016020
APU25_15300	E2842D1FBF1966DA6DCABE13153CDAF9	224	no	no					
APU25_15305	C63EC4D8873BD234BD44ED64EE433369	792	no	no					
APU25_15310	E260D6566C4BA8408AF5F4FFF04F7CA7	753	no	no					
APU25_15315	8D0664541071B5BAE69BCF3EEE840EE8	178	no	yes	0	0	0		
APU25_15320	3DB73F4818CCAF381FC8CCEC08318D75	353	no	yes	4	1	0	3	GO:0004672,GO:0005524,GO:0006468
APU25_15325	B29CDC7F8E338F2EAAA862D91CB4869C	349	no	yes	2	1	0	2	GO:0005524,GO:0006468
APU25_15330	46F673DA1C66E8282D02323C480163ED	374	no	no					
APU25_15335	AD21B8083279EC22B8E37A547E4DD240	342	no	yes	1	0	0		
APU25_15340	08226FC9A3DA91F9F35243DC771924B1	529	no	no					
APU25_15345	E35D25516F02FE2EC91961B69207957C	200	no	yes	1	0	0	1	GO:0006383
APU25_15350	3B4A7717D42556E9710025B45293A952	739	no	no					
APU25_15355	86C843A4F879E685E823783E92730A40	456	no	no					
APU25_15360	764060C0479BD9D27A12BB425F22AB2A	344	no	yes	2	1	0	2	GO:0016866,GO:0071669
APU25_15365	1E4E6A5EA54478CE45C8990D8D2FDDCF	759	no	no					
APU25_15370	881B9A2DD47E84F94544AD8C84495CBD	183	no	no					
APU25_15375	C7097A403EA186C12906C1600096E755	338	no	no					
APU25_15380	26884669D47EB9E280E93C8005E0FE6C	658	no	yes	8	2	0	1	GO:0003677
APU25_15385	2CBB343DA6E03CBA40CBA0507A67FD4A	198	no	no					
APU25_15390	DF951FDF5C6392464AC389AC0204EE81	70	yes	no					
APU25_15395	FFC6A49C937CE2D6A3B47B66D3048539	159	no	yes	4	1	0	1	GO:0005515
APU25_15400	F4DD76F6EF8D1D441B9AF240D2008326	978	no	no					
APU25_15405	8FE24F9EBB3BA9D6C312817F159FBB25	547	no	no					
APU25_15410	A0E8A294A389A4B897D984618EA429BF	683	no	no					
APU25_15415	784BA341D24284A06060C3B868235877	1158	no	no					
APU25_15420	EC3644BD94D93982C96B917B25ABA833	205	no	yes	3	1	0	3	GO:0008418,GO:0016811,GO:0070773
APU25_15425	1A66380EC95A0DC5732D14D03B78B24B	89	no	no					
APU25_15430	19F2E63F69B6E055E3BB11AB89C75C31	401	no	no					
APU25_15435	654071BAF66BA24A96460FEF246C62FD	297	no	yes	4	1	0	5	GO:0001510,GO:0008033,GO:0008168,GO:0008175,GO:0032259
APU25_15440	65148AE3A949C6F6C572B2E4B28798F8	177	no	no					
APU25_15445	695B8C409D2E63FBFF70589BA69A5FFC	284	no	yes	3	1	0	2	GO:0004252,GO:0016020
APU25_15450	C97C06A116CB1DC0A37ECB416A8EDA9B	316	no	no					
APU25_15455	DC628A0FB2813C15264642EFA0C95AB3	1094	no	no					
APU25_15460	BFC67636291A036F68DBF946909B951E	440	no	yes	10	2	0	5	GO:0003924,GO:0005200,GO:0005525,GO:0005874,GO:0007017
APU25_15465	8240EA6A501FF534D772D275638A410D	368	no	yes	3	1	0	2	GO:0004722,GO:0006470
APU25_15470	68C77FCC1FCC2FD24BBCC406665B9179	1405	no	no					
APU25_15475	DC5B2A41C691826EDBCBB9ABD630F448	2959	no	no					
APU25_15480	A913FBA970C1E50678F3976C5A239DEB	247	no	yes	3	1	0		
APU25_15485	D7C22BAF8334A42EF786C92CB34AEA46	234	no	no					
APU25_15490	61F52F029CAA20549EF47B2DB2115524	746	no	no					
APU25_15495	87581883976735783FB2D974C84BA6EC	566	no	no					
APU25_15500	D6C88BAF7729B84D9DFB51A473FAC1C3	733	no	no					
APU25_15505	ADE7FCFA26AA2C7C2FB53F5083FE942F	706	no	yes	5	2	0	1	GO:0005515
APU25_15510	F1D4CF28FAF773989547C17D162486F6	86	no	yes	2	1	0		
APU25_15515	27D32761B05C5C5D3FBE54D8DEAAA485	411	no	yes	5	2	0	1	GO:0000049
APU25_15520	0EDACF33DE92440AD3896882F85698D5	278	no	yes	3	1	0	2	GO:0004797,GO:0005524
APU25_15525	794B653E5BF7335CE30B8E6D708F0C4D	512	no	no					
APU25_15530	998A6FE8C188D55AE714DB57E9B58C95	329	no	no					
APU25_15535	25B8BA39B8BEFD06FD998F30DFC38986	793	no	yes	8	5	0	2	GO:0003676,GO:0005524
APU25_15540	AC09E485A86A234EE242B7AABF4816DD	288	no	no					
APU25_15545	7395352D78DB39DC109AA2029424542A	257	no	yes	4	2	0	3	GO:0000213,GO:0003676,GO:0006388
APU25_15550	0F96B742B54E836B688E25ADE959CD82	374	no	yes	4	1	0	2	GO:0006357,GO:0016538
APU25_15555	F3EE397D97EF31860AF5CE71D2BD1070	181	no	yes	3	1	0	3	GO:0003735,GO:0005840,GO:0006412
APU25_15560	6C46A2102705BC9B61FC95841BF78985	280	no	no					
APU25_15565	B65F6B5790BBFE3971EEEAA0CD2AEDB5	69	no	yes	3	1	0	5	GO:0006605,GO:0006886,GO:0008320,GO:0015031,GO:0016020
APU25_15570	3BB48C4B08B4A383B3825D37A9AFEA8C	488	no	yes	1	1	0		
APU25_15575	2C60224A9A6BE3D95BDAF0CC15F42798	1056	no	yes	6	2	0	2	GO:0005507,GO:0016491
APU25_15580	A8385C9266C592D5CBFFA4BE9CCFC1E8	195	no	yes	3	1	0	2	GO:0003924,GO:0005525
APU25_15585	3A6DA25FA584ED8A1DA12D8280CBF2C1	559	no	no					
APU25_15590	9AFE706864DED435BD292C9C59762A67	400	no	no					
APU25_15595	3DB72DC82F2C86D6BA7B324D43EBC508	325	no	yes	1	0	0	2	GO:0003700,GO:0006355
APU25_15600	4B879E2C98B459ED7586DC98CB5B292D	621	no	yes	4	1	0	2	GO:0005524,GO:0006468
APU25_15605	6D7FE3D36E8495D59FE0BECB84E0D217	1225	no	yes	2	1	0		
APU25_15610	AD672BB5C081613202993BE5E38EC10A	717	no	no					
APU25_15615	A37D522A4C0463CC793E1E2DF3818C5D	167	no	yes	3	1	0		
APU25_15620	8FD20440A134576A823221093BF102FE	667	no	no					
APU25_15625	C1491BBD1F622824D3C65FB85DE3365A	239	no	no					
APU25_15630	0F85088E31090DAC7B80C171274CED08	337	no	yes	0	0	0		
APU25_15635	4E33157AA6AF638F2C029C67946AD124	294	no	yes	2	1	0	2	GO:0016020,GO:0017004
APU25_15640	01633E0DE835A0A269D5513ED2C5F034	200	no	yes	2	1	0	1	GO:0004112
APU25_15645	C1B12B63A2442EF8298E1E33B0247362	1394	no	no					
APU25_15650	C49406441E40E15C6966994897EFEC67	199	no	yes	0	0	0		
APU25_15655	97D9EE76BA31A02A75F6C308FD9B42FF	421	no	no					
APU25_15660	41602F44875F815EB4A11060471F88C4	86	no	yes	4	1	0	3	GO:0000398,GO:0003723,GO:0005681
APU25_15665	5EA298DCDF2D2C87A2F3157366EEDDF9	445	no	no					
APU25_15670	FA5AC48A0341E02F072FCC0AB17BDAC8	491	no	yes	7	2	0	3	GO:0000287,GO:0003924,GO:0005525
APU25_15675	3989F4ABE30954C95BE454A848BC0FC1	1196	no	no					
APU25_15680	B3B0F2E011D887EA85009F5BDC46F3CD	633	no	no					
APU25_15685	A9E9A0CFF841D0807F5F16EB50F9C957	527	no	yes	3	1	0	5	GO:0003989,GO:0006633,GO:0009317,GO:0016743,GO:0016874
APU25_15690	F794FA5F50CE37D505155763326A17B7	467	no	yes	4	1	0	4	GO:0003824,GO:0004306,GO:0006646,GO:0009058
APU25_15695	2925A9DB12F80D8876DB8A6AC5CD9DDA	140	no	no					
APU25_15700	C5A0EE45C3C348E351A6775E16CDBA18	333	no	yes	2	1	0	3	GO:0003676,GO:0005681,GO:0008270
APU25_15705	6FBCD54E7A9B63C15C35CAC1CEA586AF	440	no	yes	1	1	0	2	GO:0006488,GO:0106073
APU25_15710	C658CEBCB98AF12646A2C5A8BF8CE102	353	no	no					
APU25_15715	0F43FA65D40560F237E4357875BE216D	348	no	yes	4	1	0	2	GO:0004659,GO:0008299
APU25_15720	01CD104401351F6AB0CE1D0F96CE1753	957	no	yes	1	0	0	1	GO:0007030
APU25_15725	BBBAC71C9DCEA1D9DB969FF9BFCDF923	429	no	yes	6	1	0	3	GO:0000287,GO:0005986,GO:0050307
APU25_15730	E988B53CB4FBEBC9F78A57E6F4BDF710	86	no	no					
APU25_15735	FAE07D6729345BD84F94F0B595D80498	1059	no	yes	3	2	0	1	GO:0008289
APU25_15740	ACD21D5F22F88621C168C3F2531F53C0	126	no	no					
APU25_15745	0FDB4AC2AFF08A9A2CB30B8F39CD98C8	645	no	no					
APU25_15750	F1788154E640BD941FFE40B564420A8B	288	no	yes	0	0	0		
APU25_15755	AABDEB0C4BB469F16C1410A07BA74FFD	214	no	yes	2	1	0		
APU25_15760	E2D0167FD0ADC957A1F07E4C88D45412	311	no	no					
APU25_15765	E0BE26EE6E4A62137F299593B1C7239E	764	no	no					
APU25_15770	8E57C93ABE6F9CA237A326D5CEA79911	459	no	yes	8	3	0	4	GO:0008137,GO:0010181,GO:0051287,GO:0051539
APU25_15775	D1BACEF3A46EF49B3B532BD627326F93	321	no	yes	4	1	0	2	GO:0009055,GO:0020037
APU25_15780	230494984E394289BF8EC1B7271DE2ED	604	no	yes	5	2	0	2	GO:0004368,GO:0006072
APU25_15785	B316A67C09276E2212B645700A64930B	541	no	no					
APU25_15790	2F6EDC7B473ED8118FEB89890A755C88	371	no	yes	4	2	0	3	GO:0005509,GO:0015631,GO:0046785
APU25_15795	6C5B11C6660EADEFA9BF54E18AEAE2A0	292	no	yes	4	1	0	2	GO:0005198,GO:0005515
APU25_15800	9AD0DC45910CD99C1274986C26EA6C99	246	no	yes	3	0	0	1	GO:0003735
APU25_15805	E36DCC9CC444D0E0F90B7BEBC70C3C6F	1246	no	no					
APU25_15810	8BC95310CFB7F0DF121D28654D3F992B	345	no	yes	2	1	0	1	GO:0016787
APU25_15815	0E5191E9500C97707E4DC7B5C4E7A75E	700	no	yes	7	2	0	5	GO:0005524,GO:0016020,GO:0016887,GO:0055085,GO:0140359
APU25_15820	AD25494A749B40099BC21C9F840E96C9	516	no	no					
APU25_15825	790C0513BA658B18C177E830573365A1	217	no	no					
APU25_15830	4AE45A0581BB2E59DC4ABC20CA022B93	745	no	yes	12	4	0	4	GO:0003677,GO:0003918,GO:0005524,GO:0006265
APU25_15835	A597BC8631BA382792AB9527F1160FA7	457	no	no					
APU25_15840	54FF244C12119E2F8020328073BC081F	153	no	no					
APU25_15845	A84AEA7E5B14E9B1A4E8C20F37B9362F	129	no	yes	2	1	0	3	GO:0015031,GO:0016020,GO:0043953
APU25_15850	A7B5CC800A3B7E30CB1F20CBE99792E0	315	no	yes	5	2	0	3	GO:0008839,GO:0009085,GO:0070402
APU25_15855	0E720C463D8C09760C0AE4058A5D8296	866	yes	no					
APU25_15860	1CDCC62532C4181E73CC4BE9033415B7	368	no	yes	3	2	0		
APU25_15865	8A8BEF27803D328EF5C8870A8422B8B6	106	no	yes	3	1	0		
APU25_15870	2198A34EDF4D2F514DCBC3BE8B3BC3F0	465	no	yes	6	2	0	2	GO:0005524,GO:0008094
APU25_15875	52949B40F2B56936FA974B9598B7974A	277	no	yes	3	1	0		
APU25_15880	125237740330C508FAA90C5C63F274CC	825	no	yes	0	0	0		
APU25_15885	45A2FF313C5494379B6E027F7CE26735	193	no	no					
APU25_15890	9292492FB6356E93DDAC072025E5BAA4	186	no	yes	1	1	0	1	GO:0019787
APU25_15895	C013B42EF449F79B4E8B467713FFAE8F	237	no	yes	2	1	0	2	GO:0006888,GO:0016020
APU25_15900	F05386D9937D5D248B879ABA369A065D	271	no	no					
APU25_15905	504747AB7DB21982D8FE04EFE877668B	896	no	no					
APU25_15910	CDDB1C1F7FAE5573375C433A03263494	210	no	yes	0	0	0		
APU25_15915	DD8A9911F35F9F47E5135830A8C355EF	249	no	yes	1	0	0		
APU25_15920	1D3CA9984FEB003CE13B082B582C44E1	78	no	yes	0	0	0		
APU25_15925	56283A502BB5A108BD933D996D608641	148	no	yes	3	1	0		
APU25_15930	E37F965C47702E141492BBBF7907BB39	402	no	yes	3	2	0		
APU25_15935	9AD1B24578BCCD4E395EB4805B463B98	540	no	yes	4	1	0	6	GO:0006812,GO:0006816,GO:0008324,GO:0015369,GO:0016020,GO:0055085
APU25_15940	BAE0D39A39DE17D3DCD201C3FE64F2FC	131	no	yes	0	0	0		
APU25_15945	E6423979314C5B15736A13AF72FB4662	447	no	no					
APU25_15950	37395515DB05CF157E3A70347A9434EA	913	no	yes	2	1	0		
APU25_15955	440909528D92C2245781CB18B24797EC	1626	no	no					
APU25_15960	F0919A4157DFBFE576925184D1B52A94	619	no	no					
APU25_15965	4539B154335DB7596DE774952FB9E471	705	no	yes	0	0	0		
APU25_15970	6EE451ACCB674D0E0626294F5A10898D	157	no	yes	5	1	0	3	GO:0000413,GO:0003755,GO:0006457
APU25_15975	2461756ACE7EBC4BB4EE095F610637B5	212	no	yes	0	0	0		
APU25_15980	0663B057F5D0B084A46A8A913D1836F3	227	no	yes	1	1	0		
APU25_15985	B1B3592CEC4BE5054B909E704FFB90C6	1066	no	yes	2	1	0		
APU25_15990	682E4509457A4BF387AF11641B1F3C32	253	no	no					
APU25_15995	6A3C2846235FFAF4A24A382D00CA56A1	1288	no	yes	9	2	0	1	GO:0016747
APU25_16000	ECA792454550FC7B0BA3BC24E1315775	190	no	yes	0	0	0		
APU25_16005	9D849681088F02802D095B81C0FA3878	187	no	yes	2	1	0	3	GO:0004671,GO:0005783,GO:0016020
APU25_16010	58A00FDEBDAC7DF9A04CD490993B791A	142	no	no					
APU25_16015	056EB4BF014CF77104F703AB64C2AE8C	82	no	no					
APU25_16020	C77A521B526991C3FB8A7449B70E0F76	124	no	no					
APU25_16025	B3360C6F76DF1302B34A9540D860A723	1410	no	no					
APU25_16030	BDDEAB8C4619FA2D6F2D7CFA622C8B20	130	no	yes	1	1	0		
APU25_16035	060C01F57C0E6CF6A700D7E812A8B37D	455	no	no					
APU25_16040	8037F00358E9AD4FB86FD28377B4115B	205	no	yes	0	0	0		
APU25_16045	958E34ED90ACD9773D16B4200D3342F4	657	no	no					
APU25_16050	46DC4ABF86A18768637677D02F58A02B	354	no	yes	1	1	0	2	GO:0004605,GO:0032049
APU25_16055	57FC44ABE9A1F134EA03EA875D870C96	169	no	yes	1	0	0		
APU25_16060	20F3B4B7D03D41ABD9FCBB2ED6209FFD	779	no	yes	3	1	0	2	GO:0004722,GO:0006470
APU25_16065	7749232B8620EC507DEA3B64C8B9FE14	379	no	yes	2	1	0		
APU25_16070	DBC2CDC1AFED8B4B01A035A64C758B13	267	no	no					
APU25_16075	3D98245759B9224F75A3B7973B5BB4F8	920	no	no					
APU25_16080	35D640506D7A07ED43CA94C132CAEDAE	227	no	yes	3	1	0	3	GO:0015986,GO:0016020,GO:0046933
APU25_16085	9942246B72D9706A4A09E2C3CAD71802	441	no	yes	4	1	0	3	GO:0008483,GO:0009058,GO:0030170
APU25_16090	003BFF5C9A89D33CB815F234418956B7	286	no	no					
APU25_16095	435C89E5AB2551F7A7E37BCD75BCB2BA	210	yes	no					
APU25_16100	57BFFCA8B28F329AFBCF1512B83237CB	299	yes	no					
APU25_16105	74E16E937FD72AB38744A18ECC9B15EC	314	no	yes	0	0	0		
APU25_16110	E6C573F2CD93D93FBB20945E581A868F	558	no	no					
APU25_16115	685037BD50DA2095305A14528B523B44	853	no	yes	5	1	0	4	GO:0004672,GO:0004674,GO:0005524,GO:0006468
APU25_16120	72B57E84E24C6434C75D47503886811D	314	no	no					
APU25_16125	802526C54F33823B3F08F68A979FC3B7	242	no	yes	0	0	0		
APU25_16130	8FECF2BCB5A0DB5657DBAF99AFBCD628	466	no	no					
APU25_16135	84559C4CFFFBFCFAB90648EF8EE6E34F	415	no	yes	0	0	0		
APU25_16140	D6958FF0B41866245EFACDEAE3D508E0	731	no	yes	0	0	0		
APU25_16145	29412E5B97BACF5D56DBD3A63C6FC2DF	1385	no	no					
APU25_16150	D8ABC8C1EB0E53F7BBEE6AD4EF2D2106	418	no	no					
APU25_16155	21AFD975953EFDE3EBF632E48DF91919	1578	no	no					
APU25_16160	34DB9ADF0061FCE41BBDC0A68C9398A8	479	no	yes	0	0	0		
APU25_16165	8C7622D524ED269D9790D3E35F2F56BD	144	no	yes	2	0	0	1	GO:0003677
APU25_16170	A3C487032A14AA9CB70B7DBBDD1604F7	545	no	yes	8	3	0	3	GO:0003824,GO:0004474,GO:0006097
APU25_16175	95150C7191BE43F30976E54FEA9D9733	311	no	yes	2	1	0	1	GO:0004518
APU25_16180	B89C3FCB45A48523C8AA34FBCEA34F1D	524	no	yes	1	1	0		
APU25_16185	4F46CE0C2A5A0AEC794A6DEAE5763ABE	683	no	no					
APU25_16190	B7DB97FE4B9BB102E6D46448C2B0382C	197	no	yes	4	1	0	2	GO:0003684,GO:0006289
APU25_16195	0105DBDAF62643B66F8C697E050DA896	473	no	no					
APU25_16200	5C17FB1C57C172C8D38692240D99BD63	242	no	no					
APU25_16205	259C22EFDF17ED6B782D20D1BEF1CE68	464	no	yes	2	1	0		
APU25_16210	0879B861C599B816954FCB6D6EC080EB	552	no	no					
APU25_16215	4707CBDD90CF1B2A8EC46D42995C8D9A	438	no	yes	1	1	0	1	GO:0005515
APU25_16220	425D973FE82590550C8DA6838D05707F	971	no	no					
APU25_16225	84E09AAC4D3B302C4AF4A70806347124	411	no	yes	6	2	0	3	GO:0004252,GO:0005515,GO:0006508
APU25_16230	435964359C170263A6CF381AF584CD54	482	no	no					
APU25_16235	3BCFBA7B7F7CAD6FEC610CEB28967C24	137	no	yes	3	1	0	1	GO:0003735
APU25_16240	91D0AEABF4E3B04B4ED968D9DEC36E27	67	no	yes	0	0	0		
APU25_16245	05808A79720A56E13FB01D4B1519E98D	213	no	yes	3	1	0	1	GO:0004045
APU25_16250	5D48BDCEBA3B5F0A75C8C2F32500D8A6	538	no	yes	6	3	0	3	GO:0003993,GO:0016787,GO:0046872
APU25_16255	43107F89C3E2E46B8B4D8F269FA26EA5	306	no	no					
APU25_16260	4B413A764F08BDE4C9A373A734717AC1	366	no	no					
APU25_16265	FC42EF7DD8CB7F5B922DA59C71D571BB	297	no	no					
APU25_16270	A81DA32B43197C090DA38938A29F3196	419	yes	no					
APU25_16275	EEF3CFD85F17518352B0C669B91A7015	292	no	no					
APU25_16280	41406019A22811B9DCFC6BC6CDC50563	526	no	yes	4	1	0	4	GO:0003676,GO:0003723,GO:0004190,GO:0006508
APU25_16285	1AF9B8EC30EE0F9B6D52134F64A1DE52	303	no	yes	3	0	0	3	GO:0000427,GO:0003676,GO:0003723
APU25_16290	919396034765173E6BC28DDF657BB33C	432	no	no					
APU25_16295	B64AB908140A4A435C1279299A21684D	327	no	yes	3	1	0	2	GO:0008168,GO:0032259
APU25_16300	F6B0976D4B0F3BBEABD5DC1229DEE0D3	243	no	yes	2	1	0	5	GO:0005509,GO:0009523,GO:0009654,GO:0015979,GO:0019898
APU25_16305	6108D2220E6CE7EA376BF17095688A4B	1027	no	no					
APU25_16310	48083D35809A4B7D702685AD093DF975	739	no	no					
APU25_16315	6824EECADE83A873160B6C3FB796CD46	179	no	yes	2	1	0	3	GO:0004017,GO:0005524,GO:0016887
APU25_16320	3B583FA75BB28FDBADB50610E4967871	297	no	yes	1	1	0	2	GO:0005789,GO:0006888
APU25_16325	6F43830172F4405A5CE04C84486DE401	830	no	yes	0	0	0		
APU25_16330	A798BB9AC24FA8FC81D132E3F0466A02	635	no	yes	5	1	0	1	GO:0016192
APU25_16335	1179A0A99827A2FD5075FF04AECCDA45	485	no	no					
APU25_16340	4F618AB0AD864DB6253A7ACB45964AC5	329	no	no					
APU25_16345	C5C2A81FD0AAD66AD98A3D27E3BE9959	83	no	yes	1	1	0	1	GO:0016020
APU25_16350	DFD3D744B94FDFB716E561D8A682D100	219	no	yes	3	1	0	2	GO:0008270,GO:0016787
APU25_16355	95F029E7F59E92D6C55923026CA7AE7C	1179	no	yes	4	2	0	2	GO:0006886,GO:0031267
APU25_16360	2A4E85B7249995CD560D095EEF9241BD	297	no	yes	2	0	0	2	GO:0005673,GO:0006367
APU25_16365	31BBD99D4AF5B2F946213046CCD6B44D	301	no	yes	3	1	0	3	GO:0004176,GO:0004252,GO:0006508
APU25_16370	19B913EF973EDF42273F2DC424E97B29	578	no	no					
APU25_16375	37AD079C5468A09F4098B189AD67C91F	142	no	no					
APU25_16380	6948922CF4D270345A794E5BA04E81C3	206	no	yes	0	0	0		
APU25_16385	8E7F6BA637241A23101F797D71C57A61	76	no	no					
APU25_16390	469BF8A082875CA9A10C1B7147DC67C5	107	no	no					
APU25_16395	9D8236FC77BCD9FFDFE3A5FB202E38A5	74	no	no					
APU25_16400	1EF2C26F6BD8F677002D2FAA454E7AF3	342	no	no					
APU25_16405	947D0F777A046487D64B5B0303BCEC7B	278	no	no					
APU25_16410	3EE6B3AFBB1A5D269247FD4418412788	70	no	no					
APU25_16415	B7C0FB8D214EAEA7F6EF13A5399B6CBB	113	yes	no					
APU25_16420	760A101C2415391CEC50C7D3AFF22CF8	1464	no	no					
APU25_16425	42FD72957D4F9A3FFF907CC9B40992FC	269	no	no					
APU25_16430	8FA616227375DD0B2F6A8FCDB439871E	128	no	yes	2	1	0	3	GO:0003735,GO:0005840,GO:0006412
APU25_16435	0083E11D6F4F66DE012667058FC1EF8D	157	no	yes	2	1	0	2	GO:0016757,GO:0080147
APU25_16440	E179D644675F469B9BB71DB9F6A8C697	184	no	yes	2	1	0	2	GO:0016757,GO:0080147
APU25_16445	9138A2C5CCF087B5553BB57B04B8C2E2	93	no	yes	2	1	0	4	GO:0000124,GO:0003713,GO:0006406,GO:0045893
APU25_16450	697C6712A007B48E4117A33EF81AC5F2	792	no	no					
APU25_16455	0328A636DFA575423000ABB962C7677C	301	no	yes	2	1	0	1	GO:0010181
APU25_16460	BC5C066B66912B98C603E2D48565DC7F	313	no	no					
APU25_16465	9B58FC13C1F8FAF544E9E99C9D06C524	197	no	no					
APU25_16470	D9C625B3C61C31656C7ADB1A958A63A4	755	no	no					
APU25_16475	5580E28D6964F397D0B82D799CD8241A	722	no	yes	6	2	0	3	GO:0000160,GO:0005515,GO:0009640
APU25_16480	83ADBC4E29073EA97EBA999E6F8D7815	717	no	yes	2	1	0	3	GO:0003729,GO:0006397,GO:0035145
APU25_16485	31E1FECA8D18B0FCBBF5539689AADF40	148	no	yes	1	0	0		
APU25_16490	7E7265F69C0E09C89E6FC2A3C164B784	392	no	yes	2	2	0		
APU25_16495	BA9732FCF8789CAEBDEC32C787713D3F	598	no	yes	2	1	0	3	GO:0000145,GO:0005546,GO:0006887
APU25_16500	625E290A73DC97CA2F5317C327B8F476	463	no	no					
APU25_16505	8C9B9E420EB374021AEA879F1FDA52E6	653	no	yes	1	1	0	1	GO:0016702
APU25_16510	53D5AD5FEB387924362447BDA954DEEF	420	no	yes	5	1	0		
APU25_16515	786700CC2E63C0E7804C99331E3D0338	251	no	yes	0	0	0		
APU25_16520	FB15E0F559C4FC8DF44B5277396ABD9B	344	no	yes	3	1	0	1	GO:0006644
APU25_16525	A3011C458CFBBF960CECCD2BF62B3D55	256	no	yes	0	0	0		
APU25_16530	DFB35C78D6C35E6A9E5ADAB70AB4F0D1	444	no	yes	4	1	0	3	GO:0004672,GO:0005524,GO:0006468
APU25_16535	1ACCC5DD936FED25D1508361237795DC	504	no	yes	3	1	0	1	GO:0008194
APU25_16540	041D6E5F906B772CCF75F594F5BBC52B	396	no	yes	7	2	0	3	GO:0008531,GO:0009231,GO:0009398
APU25_16545	B6C97E7481E3EF93B2B09D716A73ED8D	386	no	yes	3	1	0	2	GO:0004109,GO:0006779
APU25_16550	B3112D104C6876EE93A454B39095686C	174	no	yes	1	0	0	3	GO:0006886,GO:0009570,GO:0090391
APU25_16555	F5DA30FA563D5BEB8623B49A8B503717	178	no	yes	1	1	0	1	GO:0016020
APU25_16560	8F601723ECC87C621168B421714A2F1E	1129	yes	no					
APU25_16565	5E1134751CC1FAA5272ACC9368B7DA95	989	no	no					
APU25_16570	D35554BF8BBE27DF66D37175095A83D7	993	no	no					
APU25_16575	01313E14ABE0600C87DA54266605AAC0	590	no	no					
APU25_16580	F11DD1DA6BFDAFF6B9DDC8E779C1E5C9	351	no	no					
APU25_16585	CE8E138871C2706C0A50B27955C32E8F	264	no	no					
APU25_16590	E5DC14D9833CC4B75BC144996612B980	351	no	yes	0	0	0		
APU25_16595	6C55E6A06E2F5F6448D23BDE23C5C254	445	no	no					
APU25_16600	9BEA72E30A1B5D8327A2C4868B8E83B3	924	no	no					
APU25_16605	00D4CF5B651554E1A14A266DAE9B8755	670	no	yes	5	1	0		
APU25_16610	936B83560E54EAC0BDEFF5758D8A772D	385	no	yes	3	1	0	2	GO:0006694,GO:0016616
APU25_16615	63F964191CE510EB493D2BE9399BA972	351	no	no					
APU25_16620	607A0412A5F9F1473B2D98067836F09E	418	no	no					
APU25_16625	D6A065BFA3D90E07BD740F367515D400	146	no	no					
APU25_16630	B036FC7DB8F663CB492B3BC494F657F0	270	no	no					
APU25_16635	D17E0A298CC5FE53E896F964F9F65EE7	437	no	yes	4	2	0	1	GO:0006914
APU25_16640	0095C42BB8C1DFFE79C0A5B58FDA9952	304	no	yes	2	1	0		
APU25_16645	85BC8668E490F9298DEB28C03F09B98B	239	no	yes	0	0	0		
APU25_16650	C0CAC50D77BB7DBDF57C7BF42EDF28B6	391	no	yes	3	1	0	2	GO:0004853,GO:0006779
APU25_16655	A4C706608E27B268A2969E19F845A2D4	113	no	yes	1	1	0		
APU25_16660	C57AE6711EF036BE1426A86075F3EBA4	453	no	yes	6	3	0	5	GO:0005515,GO:0008299,GO:0030604,GO:0046872,GO:0070402
APU25_16665	AC73CD68680124DA141F3588742F88D0	350	no	yes	3	1	0	3	GO:0004672,GO:0005524,GO:0006468
APU25_16670	0651D1EFF84467BBEC0D1187ECB6F78C	131	no	yes	3	1	0	4	GO:0003676,GO:0003899,GO:0006351,GO:0008270
APU25_16675	ED65B4BEDFF57CDCFC702AFF5927AF1E	245	no	no					
APU25_16680	83C0006837E4A7B8B15C23D250B073F2	331	no	yes	3	1	0	4	GO:0006744,GO:0008757,GO:0010420,GO:0061542
APU25_16685	8A8154BE8584604F4A69DF1735DC81A6	468	no	yes	3	1	0	2	GO:0003676,GO:0003723
APU25_16690	4225A9542851981493F70590653A3BC7	750	no	yes	2	1	0	1	GO:0005737
APU25_16695	21E962EE21447BF94CDA1FEF62000B04	530	no	yes	6	3	0	2	GO:0016274,GO:0018216
APU25_16700	2F84758B04AABF5F9ECD691673CD57A9	879	no	no					
APU25_16705	36F62579BB16EBFB54AE14374921E0E9	678	no	no					
APU25_16710	35B1749586F67AF9CFA889375B05799A	383	no	yes	3	1	0	2	GO:0047918,GO:0051287
APU25_16715	6E32AEB0F4B9BE3A5A64189074D3B996	219	no	no					
APU25_16720	981D255C96C253655979D4E6B3B9AACA	733	yes	no					
APU25_16725	1B3222C16CDD3AAF9814F67321CB815B	1013	no	yes	3	0	0		
APU25_16730	3B9A74A73412A05CC7FB2831409B7999	436	no	yes	0	0	0		
APU25_16735	8946B02D97B97FC4B7ACA39A18381734	384	no	no					
APU25_16740	ADAEFD25A31C703A8CD843BC9E1667F5	325	no	yes	0	0	0		
APU25_16745	91714411D5AD3779234D1FC9FE4B8700	120	no	yes	4	1	0	1	GO:0006633
APU25_16750	B623B016320C2DA40CE195C697D04EC0	197	no	yes	6	2	0	4	GO:0003723,GO:0003735,GO:0005840,GO:0006412
APU25_16755	73337ADFE5F13188C6548F5BE805309F	262	no	no					
APU25_16760	664D582AB5C36B0520CC0FA4FAA57FFD	284	no	no					
APU25_16765	AA82C9EBC496298C066CCB0225957A66	1915	yes	no					
APU25_16770	16E61E400EC1BBA4333DFB256AE6F02E	217	no	yes	2	1	0	2	GO:0003677,GO:0006355
APU25_16775	9708ADCB6F31F99AD0830B07A03D1B6E	526	no	yes	1	1	0		
APU25_16780	45FDB1F90FD4A0FC230CDAC7058ACE57	244	no	no					
APU25_16785	6C86C147E937421B244D7F954175E813	193	no	yes	2	1	0	3	GO:0009523,GO:0010206,GO:0010207
APU25_16790	D42CCAD1904CFA18CF216048B38F1308	268	no	no					
APU25_16795	D60B3F011C784DF5DF2BEBB4A70FF723	368	no	no					
APU25_16800	E639231B056D80F6FD34007280C37F8B	174	no	no					
APU25_16805	5B05B0133753A2CA08042E2C0674C8D8	299	no	no					
APU25_16810	60058E5AB01279194A7DEDEC2EA48F34	272	no	yes	1	1	0		
APU25_16815	F85B67F7EC99E50D49659B32BB9996D3	659	no	yes	7	3	0	4	GO:0005524,GO:0016020,GO:0016887,GO:0140359
APU25_16820	D45358D0E8EF1B2D506C327D28C39EEC	214	no	no					
APU25_16825	81CA39D9C75A667AFD5D454FBB9807F4	153	yes	no					
APU25_16830	AA6B35E314E98E33A06C3F9379BBBDAA	121	no	no					
APU25_16835	25F19BD61A6004A802273B778F9FD2DF	445	no	no					
APU25_16840	74249957A864AEC7DB4535D8F9800C29	531	no	no					
APU25_16845	91FD382CAD19A98DBF44CF8295D3D141	174	no	no					
APU25_16850	B6E1FC682E4726FD3E74D11C033FFD44	236	no	yes	4	1	0	4	GO:0004550,GO:0006183,GO:0006228,GO:0006241
APU25_16855	E432B55A5658C5D0EEDB4C4ED4A1090E	467	no	yes	1	0	0	4	GO:0005643,GO:0006913,GO:0008139,GO:0017056
APU25_16860	3CC05E7C1FA5E4B076428866B74F6B3C	608	no	no					
APU25_16865	FB960CEC2CD0537132A1609EAE8F4D5B	163	no	yes	3	1	0		
APU25_16870	6AE829E275099152FE41761EF88A86F4	802	no	no					
APU25_16875	1CFE58C93CD8859733C831B38A2E7FBB	238	no	yes	5	2	0	2	GO:0000062,GO:0005515
APU25_16880	072E420E2F6211431B5E3D1C12D06BBC	95	no	yes	1	1	0		
APU25_16885	E46E0907FC68F37D1AD6588BFDCA3BD0	413	no	yes	6	2	0	2	GO:0003824,GO:0004488
APU25_16890	E85279BBBA483EFCCD806B8D42489524	174	no	no					
APU25_16895	DF9E5A69C97D7A4E5F8107BCB2BC006D	217	no	yes	5	2	0	3	GO:0005484,GO:0006888,GO:0006890
APU25_16900	B084D8885FDA1AD9B5D456B6F11F0B94	99	no	no					
APU25_16905	1E99C6280EDD12E50EF6BFB30B84E4F2	343	no	yes	7	2	0	4	GO:0003677,GO:0005524,GO:0006260,GO:0016887
APU25_16910	58ECF5C7FC173DA1B93EB7DE5F58ABA0	463	no	no					
APU25_16915	FC1A8441552A0400A0C50EED417A9B34	98	no	yes	3	1	0	3	GO:0006614,GO:0008312,GO:0048500
APU25_16920	1F1EE29E7F57361453210EA7BC1AE631	169	no	yes	1	1	0		
APU25_16925	F562CF3AAF327C04F076424C98E2138D	152	no	yes	3	1	0	1	GO:0016747
APU25_16930	90AF8FD72630B1642143036601A6D4E5	157	no	yes	1	1	0		
APU25_16935	2A3CB0EB13AC6AA579A5DF978997A74E	349	no	no					
APU25_16940	464FF3DFEFC6CB8CF1E421EE6D69993D	142	no	yes	3	1	0	1	GO:0043622
APU25_16945	E47932FF878AEBB23B79EC88C05910D2	901	no	no					
APU25_16950	2974448640858623004AEF3C766FCCA9	224	no	yes	4	1	0	1	GO:0030145
APU25_16955	53B71C13DFF03C451AE089C37534B2DA	476	no	yes	10	3	0	2	GO:0006508,GO:0008234
APU25_16960	0CDC3F8CDF3C29A4A2CAA3B29CEB3574	418	no	no					
APU25_16965	3C5D90E83BA754AEC422967619A277E6	542	no	yes	3	2	0	1	GO:0005515
APU25_16970	4960628463D3422FAB1497BBB6F6C372	760	no	no					
APU25_16975	4C56D92A8F17F5AB15F96CB900B0C8E2	356	no	yes	2	1	0	1	GO:0005634
APU25_16980	460A750565FE9EFE81D94CFFEAD2EFDB	267	no	yes	4	1	0	1	GO:0003676
APU25_16985	58D5F9B38FD1BF75B9C44BC20FAF45EE	285	no	no					
APU25_16990	261A48836CB14D92CA439F7F3C0D5A8D	488	no	yes	7	2	0	5	GO:0000287,GO:0005737,GO:0033353,GO:0043874,GO:0046872
APU25_16995	DC87B2C6F974949AF2BFBA00CB8561B7	363	no	yes	1	0	0	1	GO:0005515
APU25_17000	673B301B291123E7F0C612878F1AD26F	19	no	no					
APU25_17005	D3FCCE4150B3FE41D3CCDE47B1A6B5A1	2120	no	yes	2	1	0	1	GO:0006325
APU25_17010	E71087501938091B88B94E3D79424947	235	no	yes	2	1	0		
APU25_17015	6AC7B2E7403D8C9F4EA1697DA6EA3D83	248	no	yes	2	1	0	3	GO:0006629,GO:0016020,GO:0080132
APU25_17020	32A8EFA2F50C4280C085EF47C2149560	366	no	yes	1	1	0	1	GO:0015031
APU25_17025	166BDB7E5FAC639C1C13CF1D2CFA3FDA	206	no	yes	3	1	0		
APU25_17030	80924F2F66D118CCEDF07AF39789251E	291	no	no					
APU25_17035	5DD9CE8730DB7AC7584CECB877481D7D	1315	no	no					
APU25_17040	B99224DFD6B3EE2C581E4CB734DAC3E8	827	no	yes	5	1	0	2	GO:0004842,GO:0046872
APU25_17045	C40F8A9DBA96EBAF2F69087D8D07E081	255	no	yes	2	1	0	5	GO:0005509,GO:0009523,GO:0009654,GO:0015979,GO:0019898
APU25_17050	55C7E1CEF30E97FDF5F85FF840030C1B	251	no	yes	1	1	0		
APU25_17055	D78284D89C476D282A87A3B43DC0C832	344	no	yes	2	1	0		
APU25_17060	2DE86DC2E61908DCC771D1E550247BDF	328	no	no					
APU25_17065	2936C79918224F04FF35D3E5BC750B73	678	no	no					
APU25_17070	F28A88BC43CBE35F32A2C96EA4205E0C	245	no	yes	2	1	0	2	GO:0005672,GO:0006367
APU25_17075	7EEC16B289FCC7420F775EFE295DC22F	651	no	no					
APU25_17080	DF50CD3CEE618456930B2EA0FD7BEABD	307	no	yes	1	1	0	1	GO:0003677
APU25_17085	1E1DC7A56F486C05DFDBCA1F9AB6D689	306	no	yes	1	1	0		
APU25_17090	BE0558819EB4B909E80BF05F782E109C	441	no	yes	4	1	0	1	GO:0008641
APU25_17095	40105DF667D7F16ED789C58E6EBE4771	1066	no	no					
APU25_17100	5B265C07AEF2F303D125583517D48D80	277	no	yes	1	1	0	2	GO:0004408,GO:0005739
APU25_17105	310B2232C81FBB61968EAC1BA1EE1E19	477	no	yes	7	3	0	5	GO:0003677,GO:0003824,GO:0006281,GO:0006284,GO:0016798
APU25_17110	78D32D8EDF6B8ECAF5ED3E40F2E0B688	504	no	yes	2	1	0	5	GO:0005783,GO:0015035,GO:0016972,GO:0034975,GO:0071949
APU25_17115	2801B44D1715C3736F0F0DD3EC254F76	160	no	yes	0	0	0		
APU25_17120	F142C9E696DCEC986FA15C5FAC993272	312	no	no					
APU25_17125	734C8D124B476E5D38DF75D953CD921F	918	no	yes	2	1	0	1	GO:0006629
APU25_17130	5EB96146DCC8B02C8DC63A76CFF0818B	392	no	yes	1	1	0		
APU25_17135	0DC1B37C74FF4C37B3EB346446AD4EE7	244	no	yes	5	2	0	5	GO:0004017,GO:0005524,GO:0006139,GO:0016776,GO:0019205
APU25_17140	510D4EAF01B8604A4604066C5851CB55	751	no	yes	2	1	0	1	GO:0006629
APU25_17145	310B0EE790FB2967E83064EC00022025	555	no	yes	2	1	0	4	GO:0015297,GO:0016020,GO:0042910,GO:0055085
APU25_17150	D2C5CF1B3FC75D264C7A5C3CDC54E767	825	no	no					
APU25_17155	C1D8B64F9E7C00C93D4F902F4571410A	360	no	yes	3	1	0	1	GO:0019239
APU25_17160	5599C2C9B9FD9DA3DA9E7E635A024A93	1478	no	no					
APU25_17165	271D37213C20128D619960C105537AC0	454	no	yes	4	1	0	1	GO:0005515
APU25_17170	39532A4A6AC10C0B84F93871E5512245	716	no	no					
APU25_17175	933860EADBA8357D2AFB189BDC93420F	516	no	no					
APU25_17180	291FEFDCB90AAC1B475FF68EC9752E5B	283	no	yes	4	1	0	3	GO:0005506,GO:0016705,GO:0031418
APU25_17185	F38B920E26468591016435AEDB2F9543	496	no	yes	4	1	0	2	GO:0004185,GO:0006508
APU25_17190	2C4E8C5214423BEEA061D28011E329EF	441	no	yes	3	1	0	7	GO:0003676,GO:0005524,GO:0006281,GO:0006310,GO:0009378,GO:0009379,GO:0043231
APU25_17195	C54B5366F583FFBA98857A093F219C6F	259	no	no					
APU25_17200	6E34D39303B0A06EF12879A013476848	425	no	yes	8	2	0	2	GO:0005515,GO:0042254
APU25_17205	249D76C1F3DCF5C294B72C4580A689C7	729	no	yes	8	3	0	6	GO:0004176,GO:0004222,GO:0005524,GO:0006508,GO:0016020,GO:0016887
APU25_17210	A75026B32AB8576026B0E8D53D6D6030	766	no	yes	3	1	0	2	GO:0009101,GO:0016757
APU25_17215	90880E6A4F68D9B845821F187A5EF711	358	no	yes	4	1	0	3	GO:0003746,GO:0005515,GO:0006414
APU25_17220	620673CC1BD29AA8895574326F60593F	537	no	no					
APU25_17225	3CEFC00811A1310255DEFEBEEB61C8A6	610	no	no					
APU25_17230	07A668EC2CF3A3CBF570A36C8CD337EF	523	no	no					
APU25_17235	66F615A8104DFF2C6758C78D4CC48809	421	no	yes	4	1	0	3	GO:0004672,GO:0005524,GO:0006468
APU25_17240	CE61E65E54DF434511A24FA2F227181B	254	no	yes	2	0	0	1	GO:0005506
APU25_17245	EDCAB05D072972A964892D97FB76A390	628	no	no					
APU25_17250	10549E9214A71E09AC4F2955FD3E340D	493	no	no					
APU25_17255	765A11E9E934FE03EB6F683E54051205	1089	no	no					
APU25_17260	10E9551E13B99FD7DC359207E55B9D57	807	no	no					
APU25_17265	A5DCC4127C66DEF90607571FE1FAB2ED	238	no	yes	3	1	0		
APU25_17270	6E716FAA4E340A366296E6172DEA8708	221	no	yes	0	0	0		
APU25_17275	2F6EF70D957956932D82BAD97D49CC6F	558	no	yes	8	1	0	4	GO:0005524,GO:0006457,GO:0016887,GO:0140662
APU25_17280	3067E83B0F64EC1AC73130219E4C6521	287	no	yes	3	1	0	1	GO:0016020
APU25_17285	F46B17BD5707F35654BE623272B9A1F7	240	no	yes	2	1	0	1	GO:0016020
APU25_17290	A62C4199D8BAB0B734055130A5CE9AA2	673	no	no					
APU25_17295	C13BB0C3FDD70354E244B25A24BD980E	848	no	no					
APU25_17300	5A89121A13C08E8140A6103BB43532CC	458	no	yes	2	1	0		
APU25_17305	97184FFD13BB645005664FF8FEB6DBB6	312	no	no					
APU25_17310	DB3771243259B669E733602528820DC6	377	no	no					
APU25_17315	A70908074B89221AEBA603DB98A79888	658	no	no					
APU25_17320	296320C85C611AB75F1B4348542DAC29	1100	no	yes	3	1	0		
APU25_17325	9C17C920433DE271A8911F3F79987EE0	449	no	yes	1	1	0	1	GO:0016020
APU25_17330	6B415C197E5A41DEE310F5C42CD07DDD	165	no	yes	1	1	0	3	GO:0003735,GO:0005840,GO:0006412
APU25_17335	271740AFFD2B65836413E6BC11573869	657	no	no					
APU25_17340	EEAA4AFE6A4135D49B267093CDB0B967	341	no	yes	1	0	0		
APU25_17345	3731AD94D6D9060910AFC9889D95C729	540	no	no					
APU25_17350	23074DF58D0F74826FFF3BE039BA967F	271	no	yes	5	2	0	4	GO:0005839,GO:0006511,GO:0019773,GO:0030163
APU25_17355	B823B7F8AC70BCD39305D8AB7D4DBC3A	1009	no	no					
APU25_17360	942DE9711A5A93997DDB1618028D59C7	587	no	yes	2	1	0	4	GO:0015297,GO:0016020,GO:0042910,GO:0055085
APU25_17365	8827C8248A599E347DAA73A2E260CD1A	669	no	no					
APU25_17370	D1DEDE3DD8F4FC4E641C3B16896B8B96	586	no	yes	4	1	0	3	GO:0016117,GO:0016491,GO:0016719
APU25_17375	F9EDD02167C18F44E65E93471E178A14	590	no	yes	5	1	0	1	GO:0010960
APU25_17380	CAB43EA9037475CFBE650873A4A1F350	228	no	yes	6	1	0	1	GO:0019120
APU25_17385	26D786C415695C04A8C751F0726F70F8	1232	no	no					
APU25_17390	EB0559F87E3506650855DA359FCA803C	453	no	no					
APU25_17395	3EA261D5B70ECC5D2568B1845C622D02	459	no	yes	3	2	0	1	GO:0016491
APU25_17400	1D049378E6141A8CE861EDC32AE28AF6	1403	no	no					
APU25_17405	5EB1557C0669A24772BB50BF300BB70E	310	no	yes	5	2	0	3	GO:0003684,GO:0005634,GO:0006281
APU25_17410	3F5684A490069B6A8F17F48872B5B0EA	317	no	yes	3	1	0	1	GO:0008168
APU25_17415	E0C00B733FD33438440B33C33C10425C	698	no	yes	3	2	0	1	GO:0016757
APU25_17420	3B23767ABBF087142B36580DDCDCB131	2294	no	no					
APU25_17425	3D211F149D14CFAD9852DECC6875C68D	323	no	no					
APU25_17430	DABC481904CA50080330D9BF7F293E3B	665	no	no					
APU25_17435	1EC3DCAA1D604C67570C8445E8AABF53	318	no	yes	0	0	0		
APU25_17440	1733F5891668E2B525A3134C7AB9F8E1	1483	no	no					
APU25_17445	1F4B2234737EC312B6319258921EF9F8	236	no	no					
APU25_17450	7E95E567B7FA078F7BCFB5BC42FD8B11	217	no	no					
APU25_17455	8C0581D48EA9734B4C555E9227199361	1163	no	no					
APU25_17460	3419E32175C20E39AA70660D81977565	619	no	no					
APU25_17465	CC490C5B8B9C86B758F7B159A6738A65	111	yes	no					
APU25_17470	56E300E1F792F952AB026FAAEA0DB436	115	no	no					
APU25_17475	360CC7E236A8C2EDF3F1BA01A576146D	263	no	no					
APU25_17480	3106ABD7693832FF1A22B4D4A1CC320A	615	no	no					
APU25_17485	C323A25E4D9EC53825D5B56A23359F87	188	no	no					
APU25_17490	34399B3512CC751025EDD216B630E441	506	yes	no					
APU25_17495	8D175E92A776AF5405C543804C362B91	126	no	no					
APU25_17500	6D8CF2A0B7E2E348FC7DDFB1412BBC80	358	no	no					
APU25_17505	3478CC3725820756DEA95DAD59015354	207	yes	no					
APU25_17510	C834A5F53218BD5D82D9755EA849DD9B	689	no	no					
APU25_17515	74C5C9140F3744D17C31DECA7B345D7F	891	no	yes	7	1	0	3	GO:0004672,GO:0005524,GO:0006468
APU25_17520	40C49E4807728B69BA7EFB667822898B	1330	no	no					
APU25_17525	FDCD7436A4A6C6D3A66C9C6C5A38F554	452	no	yes	4	1	0	3	GO:0003779,GO:0007010,GO:0051015
APU25_17530	090B4180D329EA1AEA3035D5404C20D8	371	no	yes	3	0	0		
APU25_17535	D6B12062653B7DFAA10CF820977D6F6E	598	no	no					
APU25_17540	94699380C4FF16138A791D211209C2DD	307	no	no					
APU25_17545	A4EED2DD8E4FDCFDE72D833C10B123BF	452	no	no					
APU25_17550	3B646FB528BC6ACA22C4218871E829EE	594	no	yes	8	2	0	4	GO:0000105,GO:0000107,GO:0004359,GO:0016763
APU25_17555	46A51B1A22E7CBCB1786E834F8B494C4	277	no	yes	3	1	0		
APU25_17560	B9C0691D8066744D8BB2C91A6D643D1E	822	no	no					
APU25_17565	1BB36D741C570E60B4464BFBE2223BF2	307	no	yes	2	1	0		
APU25_17570	8297E6BACCA355B878F911A0291FCDCD	304	no	yes	3	1	0		
APU25_17575	C1C00412C813B629D417B7583CD707D0	688	no	yes	3	2	0	2	GO:0006891,GO:0017119
APU25_17580	67AE13EBF000A713D8A551179F60055D	279	no	no					
APU25_17585	6345A9148861F173BE8E0AF6CCF0CA9E	329	no	yes	2	1	0	2	GO:0016746,GO:0016747
APU25_17590	084A09780B83213017C0342A0B5534E4	365	no	yes	1	1	0		
APU25_17595	4F41CB1237BCCE186E54528E6C6E6166	1437	no	no					
APU25_17600	78A4C05E2094E78EC3BB4C7FCC797063	265	no	no					
APU25_17605	C6BA7DE76BF6C9976CEAB8E971D7C396	1798	no	no					
APU25_17610	11C48DA574AE4C91A08106BD6BD3DA47	307	no	yes	3	1	0	3	GO:0003824,GO:0006281,GO:0006284
APU25_17615	32E2D442B6FDD640860159EE3DD61A35	323	no	no					
APU25_17620	27991B4C8A40250AEA21CCC9012A344C	284	no	yes	2	1	0	2	GO:0016020,GO:0051119
APU25_17625	B16E5DF4FCD891E45409AB69F17CE9F2	195	no	yes	1	0	0		
APU25_17630	D2818E88C09181D467873D9E28CAF205	119	no	yes	4	1	0	2	GO:0000036,GO:0006633
APU25_17635	68BC8B7C02BB223EDAF2E8497769E7DB	648	no	no					
APU25_17640	576496578BD33ADB32204285BAF44C95	560	no	no					
APU25_17645	61A75EFB570A2920AF43EAED6C88D237	234	no	no					
APU25_17650	D0CAFCA09C3119C081C429C1BCD5F8D4	148	yes	no					
APU25_17655	8FDB03567E7513601113584B3F6E4986	592	no	no					
APU25_17660	6BEC6E0170B1B4AB85A15E2EB92F74B2	961	no	no					
APU25_17665	3CC8089E5E6BF1AD445DC2515BE9C339	435	no	no					
APU25_17670	2E6EFCE091D4257548DDCEF3B7814B46	163	no	yes	0	0	0		
APU25_17675	5AD50613184C73D5B0E087BEF5307209	338	yes	no					
APU25_17680	9B94B6D325303D6BD3031C212274EF08	708	no	no					
APU25_17685	6272529B719BE1AF1422A507C48A1160	186	no	no					
APU25_17690	DF57765D8F1A135B1A2872E96B0DEA8B	128	no	no					
APU25_17695	A91661B0395A934771369C55B7913620	437	yes	no					
APU25_17700	9A184E552FB109B0A6402B315AE62819	384	no	no					
APU25_17705	91C2BBBB27743CBE2BCD9FE6EE1BE529	67	no	yes	0	0	0		
APU25_17710	184DE19BE63C7F947AE8E05C27AF38E7	138	no	yes	3	1	0	4	GO:0003735,GO:0005761,GO:0005840,GO:0006412
APU25_17715	0224409163B041C62D249CDC8A66DA93	633	no	no					
APU25_17720	38CC06273B5618F6F8D498FC345A402B	314	no	no					
APU25_17725	2135BF91013C46EB1E26A16036F982C0	325	no	yes	2	1	0		
APU25_17730	96022C41BDE3BEA14EF18843BCB52A53	581	no	yes	5	2	0	3	GO:0004252,GO:0005515,GO:0006508
APU25_17735	0871A5ED5309A18B44DFEEBD89E48E2F	307	no	yes	4	1	0	1	GO:0005515
APU25_17740	3283436D42365C8F258ED97ACEC8B40E	230	no	yes	2	1	0	3	GO:0033178,GO:0046961,GO:1902600
APU25_17745	76BEAA803E8F989A056DE500DB8460B0	357	no	no					
APU25_17750	82E017239215F9F5BC59CFB9B80468B8	628	no	yes	3	0	0	2	GO:0008146,GO:0016020
APU25_17755	3565E8661DE3BD2C740ABC8B6FAEFA4A	919	no	no					
APU25_17760	DAE87D42FEFDD1D5B982256CC0898927	629	no	no					
APU25_17765	816A4896E681FB81D3B23B8C17DF1C20	587	no	yes	1	1	0	2	GO:0006364,GO:0030688
APU25_17770	1D00B575167E7B673CC10FFE6407F860	431	no	no					
APU25_17775	D6DCC66D4E396E6ADD8B0CC375F08FC2	117	no	yes	3	1	0	3	GO:0003735,GO:0005840,GO:0006412
APU25_17780	D94EDA7868FE713AE3EBD1EBF8B21AE9	522	no	yes	2	1	0	1	GO:0016020
APU25_17785	300A9287AF99759F4D89BE5A52D8AD69	424	no	no					
APU25_17790	DBD7C44B582AE80C794E5EB78957F9C9	615	no	no					
APU25_17795	A362E3D48003F8E42B6BAC79699C9973	520	no	yes	4	2	0	3	GO:0000808,GO:0005634,GO:0006260
APU25_17800	C1DC8D8C090AB1EBD9B36D6C7A195966	1466	no	no					
APU25_17805	7E7D396731240019EC2C4CC085C1A0BE	322	no	yes	2	1	0	3	GO:0015095,GO:0015693,GO:0016020
APU25_17810	AF7B89338B267AC5873B470111D03EF0	226	no	no					
APU25_17815	A3F485D694A661A77B90F90EC08C9013	395	yes	no					
APU25_17820	B94F7EBC039E58F21B669EBA1B71A518	514	no	yes	3	1	0	5	GO:0006388,GO:0006396,GO:0008452,GO:0072669,GO:0170057
APU25_17825	2806D0AE2F46B77BBF6A1A6388D2FFC0	640	no	no					
APU25_17830	2BF764F8D4B0B132814581A5F2E3B27D	327	no	no					
APU25_17835	DCFFDBE06057811BA30C2A4DCCC2A2A2	145	no	yes	3	1	0	1	GO:0015031
APU25_17840	D1FED25A9712506075A4EB9D6044AF77	231	no	yes	0	1	0		
APU25_17845	73873F114B58532597443A50D2B9CD35	197	no	yes	3	1	0	1	GO:0002953
APU25_17850	8D476875FB124E040F21E400C96F7FF1	224	no	yes	2	1	0	1	GO:0043565
APU25_17855	F447D59CDEC75753D07BAADB78B28E74	186	no	yes	3	1	0	3	GO:0003735,GO:0005840,GO:0006412
APU25_17860	EB3F265B55080800104DC47A2C8F7F8F	245	no	yes	1	1	0	2	GO:0042256,GO:0043022
APU25_17865	B6E24A7D87BE4CB51D58C4022108F8B5	360	no	no					
APU25_17870	844D8BEBC411C52E37C198710FA94201	284	no	no					
APU25_17875	93D5D0C472998A30FB1A17316F78CF38	410	no	yes	5	1	0	1	GO:0016740
APU25_17880	9B498E12274B46F66CF98FB4CC800A29	322	no	no					
APU25_17885	30E76AAABBF94467853728AFD40AF336	279	no	no					
APU25_17890	5CA1408F9FEF7814EEB2025444FDECEB	227	no	yes	2	1	0	1	GO:0005515
APU25_17895	CF9C616CBA9277C6FDD9A38DEDE17772	565	no	yes	1	1	0	3	GO:0016020,GO:0022857,GO:0055085
APU25_17900	B30E1D8BED6B7811EFFB31ECCEE336AF	325	no	yes	2	1	0	2	GO:0003723,GO:0006400
APU25_17905	69046DFA94771F5B7B71D377CA7C4C44	188	no	yes	1	1	0	2	GO:0042721,GO:0045039
APU25_17910	E2F739FD33620495FC824F430FF81DDC	361	no	yes	4	1	0	4	GO:0000166,GO:0005524,GO:0008033,GO:0016879
APU25_17915	64B999792F129C3672CB26E3FB383ECE	176	no	yes	3	2	0	1	GO:0005509
APU25_17920	9F77C53A82182555BAE8FCBD7D35F8FC	593	no	yes	1	0	0	2	GO:0009737,GO:0030244
APU25_17925	E83EA7C9A0F618DBBAF0A8A12FCF6DD9	384	no	yes	3	1	0	1	GO:0008146
APU25_17930	203B1ACA855B2E06EE7D01896D296E0A	610	no	no					
APU25_17935	A11C8801B1D837B24366F78E31E44647	85	no	yes	2	1	0	1	GO:0016538
APU25_17940	05A5EEA23234D1BCFA80ED1712C76879	149	no	yes	6	1	0	1	GO:0005515
APU25_17945	4A2F3A53805E0AD509AA3E088F1090E7	618	no	yes	7	2	0	4	GO:0003676,GO:0003724,GO:0005524,GO:0008270
APU25_17950	190C839311E11BE40CFC954FCC3DBA90	542	no	yes	6	2	0	1	GO:0005515
APU25_17955	CDA3AB2917B026BBD222605915604B87	394	no	yes	1	1	0		
APU25_17960	AADC7CCA416D171861078736D4C54896	367	no	yes	4	2	0	3	GO:0004315,GO:0006633,GO:0016746
APU25_17965	B0E4F0CE41C9D7104C22F1712D01CC33	384	no	yes	2	1	0	2	GO:0005634,GO:0006334
APU25_17970	7C938A776C07BD49A7F7FBA3DB541914	189	no	yes	2	1	0	1	GO:0010206
APU25_17975	13D55C31377DC3F7BF8AF3F87339E913	393	no	no					
APU25_17980	B85C46B27A618192E5BCB3BB21065AB4	501	no	yes	6	2	0	2	GO:0005515,GO:0046872
APU25_17985	02B15CAC4AEE77465ACA985FB0C39427	516	no	yes	2	1	0	1	GO:0016757
APU25_17990	D26A578199576242F603A21B4AC1A0BA	348	no	no					
APU25_17995	99CC2C991956749BCE7A23D1D891800D	688	no	no					
APU25_18000	6B18A05451844FEEE663E4B3EEC647C9	599	yes	no					
APU25_18005	410EC65BCA4B815000ABA35F9E71A2F8	163	no	no					
APU25_18010	C7574FF7939A229EEC48032180C38EB2	289	no	yes	5	2	0		
APU25_18015	7A244ED952A7F1A51B179B57496B6899	496	no	yes	3	2	0	2	GO:0000398,GO:0046540
APU25_18020	C64E57B23715FDA445B1FC647E7D9632	419	no	yes	8	2	0	3	GO:0006886,GO:0016192,GO:0030131
APU25_18025	AAA51C200BFB643B8D03D4EA0D59758C	261	no	no					
APU25_18030	0D90E14857D162A19A8790DAA16BEC48	832	no	yes	4	2	0	2	GO:0003723,GO:0005515
APU25_18035	C5CDA8E47CB66B9386C6BDA5A1E32BF4	697	yes	no					
APU25_18040	96E982D0A4205956C99B47CFE4045440	451	no	no					
APU25_18045	5A3904BB6F2D57A25984758E92503412	149	no	no					
APU25_18050	E8D30435C315D34D3BEF206986AAA8CB	217	no	yes	0	0	0		
APU25_18055	4BAE44A4C6AFC24570286E1122A95EBC	790	no	no					
APU25_18060	76F02FDF48AE22DC36F236AAE890A8D9	1754	no	no					
APU25_18065	984915E67AA9A817DF48E1F41F302592	137	no	yes	0	0	0		
APU25_18070	09F92C1A0D87D58FF98FBC73E469EC39	125	no	yes	0	0	0		
APU25_18075	1C8482418A57F9696BC25A7EFC968C7A	207	no	no					
APU25_18080	B26000629A608D3B8E045EB2912683F3	366	no	yes	2	1	0	2	GO:0003676,GO:0043231
APU25_18085	C12375874F704D2C3D3DB9770325DF05	120	no	yes	0	0	0		
APU25_18090	78030729F2CB40DEDD57178B8DE70A46	124	no	no					
APU25_18095	39DEC52F7DC74D21F4A54E5D45FB1DD2	83	no	yes	1	1	0		
APU25_18100	61A8AF134C96EE9915F2790A8DA30C80	1171	no	no					
APU25_18105	4F3A1B67755D129F87F7D419EACABBEE	460	yes	no					
APU25_18110	D1357C04DC05B7B26162EE82C9CA1E0B	569	no	no					
APU25_18115	FEC41595392D361791C2739C2F373F9F	155	no	no					
APU25_18120	7873ECF554E05A461287E2F655F28D44	480	no	yes	6	3	0	1	GO:0005515
APU25_18125	290883092B65CA3E936E33E3B796B2ED	138	no	no					
APU25_18130	A8AF6D659858B0EC5B1D974DCA54D877	93	no	no					
APU25_18135	B231F6A31A4420C9E49EEF8FDA28D4D5	906	no	no					
APU25_18140	467F346C87640E25BA7F8C614C4302A8	341	no	yes	3	2	0	3	GO:0009535,GO:0009773,GO:0016730
APU25_18145	D9709523E8436612F013DFE6FF828628	83	no	yes	0	0	0		
APU25_18150	5BCE97ABB524339C9D063D4A8AB11763	429	no	yes	6	2	0	5	GO:0005524,GO:0016020,GO:0016887,GO:0055085,GO:0140359
APU25_18155	6C5F54277B4B29DAA40180F4682999D9	325	no	yes	1	0	0		
APU25_18160	B8A71E3CD35720924E6E4D6A81F03B78	251	no	yes	0	0	0		
APU25_18165	D8923FC3FF7FB475D1133DC15729CA1B	160	no	no					
APU25_18170	3E1EE286FEFF128BF31FEA83B252794D	350	no	yes	6	2	0	5	GO:0005975,GO:0006072,GO:0016616,GO:0046168,GO:0051287
APU25_18175	2F717CD3C8F64E8C72C14BF1EEEC149A	1024	no	no					
APU25_18180	8DC29D54BD7CD54A5C0DFB3894E0016A	530	no	yes	1	0	0	1	GO:0003682
APU25_18185	980F47A6E1DEE66C602D0F4962EE06CF	791	no	no					
APU25_18190	72B4FDC9FE502F25A91D5C6E219C1546	457	no	no					
APU25_18195	DE9D28599497ACFD3511BA8F9A3B6607	181	no	yes	1	1	0		
APU25_18200	24785E067E2C7F0F682F45CF017670BC	491	no	yes	6	1	0	4	GO:0003861,GO:0008652,GO:0016836,GO:0051539
APU25_18205	8B18E3A233E18850750F42D2208CAFE4	420	no	no					
APU25_18210	FB3E86FA6BEF8407E58F4477E7A09308	507	no	no					
APU25_18215	4BCB43DB1438EC6F66C7FF09AACE96F9	1069	no	yes	6	2	0	1	GO:0005524
APU25_18220	6B4733946D5570DBADC47A0A2CEC88FA	500	no	no					
APU25_18225	D795C1788D0AF64F8B17D483134ADDC4	301	no	yes	0	0	0		
APU25_18230	A80399CCFD083B081C854758F1CC696C	314	no	yes	4	2	0		
APU25_18235	AB25D63833E46A46BBEE20209664B4CD	240	no	yes	1	1	0		
APU25_18240	48F94B4053A8F4C504D95CCDBF821DC0	407	no	no					
APU25_18245	3915E8FC53EDC0CC83475B0250DDA825	1204	no	no					
APU25_18250	DA5E63B33CAB96E31EE1C195F2F677DF	239	no	yes	5	1	0	3	GO:0003989,GO:0006633,GO:0009317
APU25_18255	5682A59F4E016D8F75E5F9CD69C87913	313	no	yes	5	2	0	3	GO:0005634,GO:0006325,GO:0006355
APU25_18260	357A0E15FFF224196CBECB53A67DC37C	216	no	yes	2	1	0	3	GO:0016020,GO:0016125,GO:0047750
APU25_18265	F0E82AFF72BCA6707A22F2515A150003	448	no	yes	9	2	0		
APU25_18270	3D6114BAD32A9D0AE8D21B5DA57E6965	286	no	yes	0	0	0		
APU25_18275	B6B10429D822468D8910B24D468F0F9F	176	no	yes	3	0	0	5	GO:0004252,GO:0008236,GO:0042720,GO:0051604,GO:0070585
APU25_18280	8F8C252E407A958F611FFE6814A3A970	780	no	no					
APU25_18285	86F09141777EFC79B9FF09B5A2E98171	707	no	no					
APU25_18290	0C40FD79B3A66875AFAF34AA3389BEFC	202	no	no					
APU25_18295	EF47C8CCA2BEE4A1A8F365BB7E1BC807	237	no	yes	4	1	0		
APU25_18300	2EF4C1507652F7D485F1D7F5B2DF476E	378	no	no					
APU25_18305	AC21061CC23F816ACD167FF30BF19FFC	263	no	yes	2	1	0		
APU25_18310	F836E881ED81A7F35C603AA9FE56B0DB	642	no	no					
APU25_18315	627EB8520BD6968FC67184D562C495EA	932	no	no					
APU25_18320	573B7C665B2DCB937434771664F9F851	411	no	no					
APU25_18325	FAD8DB161B44E61CB0130D1CEB108B92	67	no	yes	0	0	0		
APU25_18330	64EA46D9CD88CB6656C76A566D5FD1E4	473	no	yes	3	2	0	1	GO:0080048
APU25_18335	355EAE73F44C36B2DAA9709334F190EB	167	no	no					
APU25_18340	31284263EC318FA2C1B5F30A9C19AC80	255	no	no					
APU25_18345	1B2AE8D1392F6CB0557790CA85AC3E87	259	no	yes	0	0	0		
APU25_18350	15863CECFC3A188AA11D6F318BAB8FDF	726	no	no					
APU25_18355	21D9D1BF33DA7BB0F7FAB0FA174929B4	97	no	yes	1	1	0	2	GO:0005743,GO:0061617
APU25_18360	D2D5506C5C1D8060CFD7DEE7FCC7A130	420	no	no					
APU25_18365	77260F91EAEDAF21E73C6AE1D0269A73	272	no	no					
APU25_18370	89717D4CC50CE15C199F418DCF33C2CE	538	no	yes	2	1	0		
APU25_18375	B20407A88C9268490D39B471C4201F60	506	no	no					
APU25_18380	108BF72BC6997FD303106FDDF26E2671	606	no	no					
APU25_18385	F311C83C9A05757FD3CA8C1E3668FA16	129	no	yes	3	1	0	3	GO:0003735,GO:0005840,GO:0006412
APU25_18390	89A4B742C79DE8743DF25007F7951624	170	no	yes	0	0	0		
APU25_18395	94381033B476AEB5811BDD1E9A0CE93A	684	no	no					
APU25_18400	36A633C5C8CD30099FDF50EC953D555F	596	no	yes	6	2	0	2	GO:0006508,GO:0008234
APU25_18405	4B3CFA590CC250CCAED207CC8E0EF759	224	no	yes	2	1	0		
APU25_18410	FB4C5877896CCDE4949466916534ECE3	611	no	no					
APU25_18415	C998A3F553B6E4455766D0D73709AE4D	276	yes	no					
APU25_18420	D6C19AE7C0FD40137FF596DF8202E4A7	169	no	no					
APU25_18425	F05DDF2DDA630241285CE2988CBEB85F	713	no	no					
APU25_18430	A8F6AEC3276015E0FC69E37716A95F9E	264	no	yes	4	1	0		
APU25_18435	3CBF8FA2EE2F87D6F39BB5E75056FDCF	390	no	yes	3	0	0	3	GO:0005515,GO:0015995,GO:0033014
APU25_18440	284510E59F33E0CD88828221FB93B6B1	216	no	yes	6	1	0	4	GO:0003723,GO:0003735,GO:0006412,GO:0015934
APU25_18445	8082909B114ED3BB90B200F1CC16FEF6	190	no	yes	5	2	0	4	GO:0000178,GO:0003676,GO:0003723,GO:0006396
APU25_18450	8E45138A19919CED085AC6F099D5777F	183	no	yes	2	1	0	1	GO:0016758
APU25_18455	A6A18F07D21A43CA8E7E415D18BA985C	209	no	yes	2	1	0	3	GO:0005515,GO:0005742,GO:0045040
APU25_18460	03732BE8A96F4E8E775C48E21C4FBFB9	651	no	no					
APU25_18465	FAC492C5DF312C48DBC58FF2A9990F09	1628	no	no					
APU25_18470	07B68AE2BDC5E444309D7888AA383AB0	1595	no	no					
APU25_18475	65AA63A744F06B6BEB86C61E8AF8A14D	48	no	no					
APU25_18480	0D92ADA6551589330F6A453D9436E13D	495	no	yes	2	1	0		
APU25_18485	8266D8A061EFD0EC13BF37C2AE6D0FDA	289	no	no					
APU25_18490	9F9AED827EC4665159D5F52C1EF30A43	103	no	no					
APU25_18495	86A1A09FE6A7E7DCE043BED52CB934A0	401	no	no					
APU25_18500	242420F2D156FB913F525660E9CEEC28	1027	no	no					
APU25_18505	E4EBE7B39802CE86FFD8FEE5A760B06D	437	no	yes	3	1	0	1	GO:0016491
APU25_18510	E2B35364EF5B2F9F6826A4D4485E5C34	499	no	yes	5	3	0		
APU25_18515	C9ABDCDA17109DCD68EBC3A09CCA2814	299	no	yes	0	0	0		
APU25_18520	D33219D27C3A1A328B317B884CEF941F	286	no	no					
APU25_18525	10B33CA3F11388392A95F378F6F76DE4	608	no	no					
APU25_18530	5BD4EEFB9A2CBD5B59D436292D84670A	590	no	yes	0	0	0		
APU25_18535	6A22634C4517D09D20F470B1DE6B2FFF	454	no	no					
APU25_18540	E68D45BF43F051D267EFBF66CF779E35	920	no	yes	13	3	0	3	GO:0016301,GO:0016303,GO:0046854
APU25_18545	45662F8559A5AF9B0580F6B2A6FBE992	205	no	yes	1	0	0		
APU25_18550	00D79AC9953840891780B338EDF047ED	900	no	no					
APU25_18555	D34E8A644BF988596743970DC15BE53F	133	no	yes	0	0	0		
APU25_18560	38B1B66515E978B9154C55D5C103E76C	219	no	yes	3	1	0	3	GO:0006508,GO:0008234,GO:0019784
APU25_18565	F88E669B2A2B343902172127A862B847	337	no	yes	2	1	0	1	GO:0003676
APU25_18570	0C1C3A0F87811B2D9D01750B40B376DD	670	no	no					
APU25_18575	AA9D5B1AF3378C0CC88311E95B9150EF	568	no	no					
APU25_18580	3A881D0CD3DB1AE35788E548F8775F38	653	no	yes	10	5	0	2	GO:0003677,GO:0005634
APU25_18585	524534D016CF354A3080D97E0EE7BC49	372	no	no					
APU25_18590	AFD8BB19122284D6FB124DA20371EAC5	1295	no	no					
APU25_18595	CB2B67515A50F26B52424A30FD65458F	279	no	no					
APU25_18600	3A06653348B4A899F619C72B421AF294	504	no	no					
APU25_18605	2506BC8FF89C4CDAB74045CB7D211370	212	no	yes	4	2	0	2	GO:0005634,GO:0006260
APU25_18610	9792C174C4501C9D517A1696E4C23F67	1056	no	no					
APU25_18615	B3BEFAB119E6E833BF6271CC6DE34E81	341	no	yes	5	2	0	6	GO:0003677,GO:0003824,GO:0003918,GO:0005524,GO:0005694,GO:0006259
APU25_18620	5D80403663192A524A7728873DE6FDAF	143	no	yes	3	1	0	1	GO:0016020
APU25_18625	E5D7B27A41DDB71F71C46C655F87A959	346	no	no					
APU25_18630	33C461B90E5690E85A3CACDC425768F7	253	no	yes	0	0	0		
APU25_18635	31365252C63E1095F4A5FB6C9ACF4E90	456	no	no					
APU25_18640	CAC32EC047BB70DFCA65FC1932161C89	820	no	no					
APU25_18645	8EF9F9234DAFD7FA20E2D4934AC435E8	81	no	yes	1	1	0		
APU25_18650	5128C0A42B9127A4ECFA86BC8F52D5A7	918	no	no					
APU25_18655	2D262B4544CB34677C241C1C716FDDBF	2202	no	no					
APU25_18660	3ABADC6C120CD8862A3698F1E69FD610	239	no	no					
APU25_18665	8B3D4CD34A795E1E8FE973DC13B485D6	135	no	yes	2	1	0		
APU25_18670	5C9EDA36943F1DBAAAEF7B8ADE266E98	272	no	yes	2	1	0	1	GO:0046907
APU25_18675	F4F7AA3BB7F2A6912FEB9CD139C98191	271	no	yes	3	1	0		
APU25_18680	9BCA62FE7492933D7A707C891F61AA04	165	no	yes	2	0	0	1	GO:0005762
APU25_18685	3539167690AA4DB51FD9FC1B208C337E	619	no	yes	8	4	0	4	GO:0000287,GO:0004614,GO:0005975,GO:0016868
APU25_18690	ABF2C6C7F5F5195C06A591BB21C08144	318	no	yes	0	0	0		
APU25_18695	6FFD27AE88D6F856EE0D555D31718E5F	97	no	no					
APU25_18700	8CF429DE63F77091D734B7495FB02A59	252	no	yes	3	1	0	2	GO:0030246,GO:2001070
APU25_18705	998D01DF268F06E189E3511FC7ACB418	162	no	yes	2	1	0	1	GO:0016730
APU25_18710	CB885F7ADFA268CF02CDC60E9E207005	357	no	yes	3	1	0	2	GO:0003676,GO:0003723
APU25_18715	5ED9EB5028D7270E35464455590CB31F	330	yes	no					
APU25_18720	71EF535CC2B86C0FB71D9004D4041C7C	324	no	no					
APU25_18725	40F0CDB4C6C9A63265DBEFC0979FD66F	277	no	yes	3	1	0		
APU25_18730	8C6FDE3D3922FC5B2446157DCFE3BDFA	444	no	yes	2	1	0	1	GO:0003676
APU25_18735	3E6C1FCC8CA0F23863731FE575441F3B	274	no	no					
APU25_18740	D32C271F35F3373FA5E102C508DAE2F2	391	no	yes	5	2	0	6	GO:0003684,GO:0003824,GO:0006281,GO:0006284,GO:0006289,GO:0008534
APU25_18745	E998DC3BB9D8518403757CEABF8B762D	643	no	no					
APU25_18750	D70838A708074595A5AAF9039DD540BA	1076	no	no					
APU25_18755	918F88D30BC5962F8FB7519D0C527D48	630	no	no					
APU25_18760	63A584FFA0D2456291452839E25962F0	849	no	yes	7	2	0	5	GO:0005524,GO:0016020,GO:0016887,GO:0055085,GO:0140359
APU25_18765	52BBBE34047D496D733C6F56B7142A4D	393	no	yes	4	1	0		
APU25_18770	EDC33BA2EB5EFB3803C6914FF070E825	610	no	no					
APU25_18775	1BF357E0B8CF688DC82CF9DA16263040	363	yes	no					
APU25_18780	D2AEF4D9A5CC738A62DBFA7754D04B1B	82	no	yes	1	1	0		
APU25_18785	67F801F44204B5A2C60343B428867F8F	240	no	no					
APU25_18790	7F5596AAD06DE9FE698108C67561D900	272	no	yes	0	0	0		
APU25_18795	D7986A64D1ED6B650AE702AC14646B4A	225	no	yes	0	0	0		
APU25_18800	1ED5D009FEAA7D8F7B117562559FAE17	1578	no	no					
APU25_18805	BB89800302B3A4F476E819EE18B27274	107	no	yes	5	1	0		
APU25_18810	0E430967E3567078F6A22A387FEA3A43	148	no	yes	0	0	0		
APU25_18815	3F3E283D527D83073B7ED1A8FA564F2E	450	no	yes	4	1	0	1	GO:0005096
APU25_18820	E5A93DB42DD28DA5E00DDBA6865C11C6	318	yes	no					
APU25_18825	46257A410F4B62454F058AE612E61ED5	876	no	yes	2	1	0	2	GO:0006508,GO:0008234
APU25_18830	CE0CB5D98FA09CFF59CCC73E27284652	90	no	no					
APU25_18835	E9BF94B53F2B104389996F9495FE6EAD	243	no	yes	0	0	0		
APU25_18840	578C6FE46DB47E1F7750540744CFB881	640	no	yes	5	1	0	2	GO:0005524,GO:0016887
APU25_18845	9692623A26FA56BA94CE9BDA078C48CF	251	no	no					
APU25_18850	A396F743D8D793EA44E3D244F523F6A6	192	no	yes	6	2	0	5	GO:0003723,GO:0003735,GO:0006412,GO:0015935,GO:0019843
APU25_18855	4CF317A46987245E598E1CE4499120BB	83	no	yes	1	1	0	1	GO:0070072
APU25_18860	4E91E80CEFE29A62524EE5DCA844027A	258	no	yes	1	1	0	1	GO:0007034
APU25_18865	C9FCE9B05B5B3724BF9E9C2355369015	95	no	yes	0	0	0		
APU25_18870	8671365D28495811BD7010E668D284C5	296	no	no					
APU25_18875	0BDBE34E71CDEA136C6008AA6D1D6AE4	2953	no	no					
APU25_18880	34C07325F997FE93B4BE8AA8DBB3618D	453	no	no					
APU25_18885	09A96F3880428E9A47A332EC545D76CE	433	no	yes	5	1	0	2	GO:0005524,GO:0016887
APU25_18890	AC34226CEBC29EB94FEC35AC589E53E5	122	no	yes	5	2	0	2	GO:0005672,GO:0006367
APU25_18895	42541C44DBCA5C607298C0D75154BB93	631	no	yes	3	1	0		
APU25_18900	70F38F8A78957C4D0B53B91C46767F1B	531	yes	no					
APU25_18905	944AC08A8BEE4249E5F71813BD050417	178	no	yes	1	0	0		
APU25_18910	830C04A43882524E7AEF0AFC0063256C	220	no	yes	4	1	0	3	GO:0003735,GO:0005840,GO:0006412
APU25_18915	F1F7F8C6591DFD3DB7C7C2B24BA3873E	612	no	no					
APU25_18920	E1D509FF685AD45EFB2E14F71059EEE7	181	no	yes	0	0	0		
APU25_18925	556A6CA2DC6A4FB42F09C69CDAB2CA87	525	no	no					
APU25_18930	58780B426600F16D340F70269297E2CF	108	no	yes	4	1	0	3	GO:0003735,GO:0005840,GO:0006412
APU25_18935	7AE7ECABCDF0B45429B4EB0239011E08	382	no	yes	3	2	0	6	GO:0000287,GO:0005524,GO:0032957,GO:0047325,GO:0052725,GO:0052726
APU25_18940	B46387DBDF005EEF4EAB2D625703115D	463	yes	no					
APU25_18945	670F78BB10ABD674D3C48EC6FF4BF460	448	no	yes	4	0	0	2	GO:0005515,GO:0061630
APU25_18950	6F1A5C01449D48E261A5AD01364A0178	471	no	no					
APU25_18955	4B220FD00496522B1848AD633AFAE82A	172	no	yes	2	1	0	2	GO:0005634,GO:0006325
APU25_18960	2294A136CC154F7D57F3BA7EB64D1772	192	no	yes	3	1	0	5	GO:0005634,GO:0005669,GO:0006367,GO:0046982,GO:0051123
APU25_18965	7589FCFDF61D3EFB452084E2BE30B90F	317	no	yes	2	1	0	1	GO:0006354
APU25_18970	64B3EFFE5A6A43116C4A7BAC56A2D70A	346	no	yes	3	1	0	1	GO:0055085
APU25_18975	23CCF19C239EBFBDA8C6D5CECFAA031C	769	no	no					
APU25_18980	EA71FBA51398A2BEA70ECBE467765288	100	no	yes	4	1	0	3	GO:0005524,GO:0006457,GO:0044183
APU25_18985	2F1F9B82A266DD63EDE09A9471280B64	524	no	no					
APU25_18990	7B1506D4679E929B60A94C0F60C70DCC	314	no	yes	5	1	0	2	GO:0004462,GO:0046872
APU25_18995	543AC3B39510577BBE72045EC801C980	258	no	yes	0	0	0		
APU25_19000	655355A56B71A334E15B69A826A57F7B	572	no	yes	0	0	0		
APU25_19005	B107D636A16E2920DE4B41C497A1FE8A	598	no	no					
APU25_19010	3C0F0DF2C00FC38A3B442E388A1F357B	219	yes	no					
APU25_19015	409CD5136F8361E3AFF274928D917639	289	no	yes	2	0	0		
APU25_19020	CF06594AD53AB0090CB2EDB0116C266E	797	no	yes	0	0	0		
APU25_19025	FF632FEF8241841682F6A11D8D5BCA84	188	no	no					
APU25_19030	65D915DD60F657C8B0BEF0441BB8BDDD	877	yes	no					
APU25_19035	48B6BE61E0A00E0FC7750069CDF1DD6E	118	no	yes	1	1	0		
APU25_19040	17FD7F6F3472ACF7AE6D3DBEC275E5BD	254	no	yes	5	1	0	3	GO:0004176,GO:0004252,GO:0006508
APU25_19045	8A5184065C245DF733A6E0CDF78D04E5	168	no	no					
APU25_19050	DDD1108827C29892DA43ED21C77A8D52	220	no	yes	1	1	0		
APU25_19055	904BDFFC33DDD1BE1CED87B365536AD2	414	no	yes	1	1	0	4	GO:0016020,GO:0030001,GO:0046873,GO:0055085
APU25_19060	B3C536793D3C2F750E972D8AE451029B	516	no	yes	7	1	0	4	GO:0004372,GO:0006545,GO:0030170,GO:0035999
APU25_19065	9D18B01E392EE9CF8FF3AA64821A12B5	412	no	yes	6	2	0	4	GO:0006006,GO:0016620,GO:0050661,GO:0051287
APU25_19070	8CA1319479E3F58A00286229A825D489	293	no	yes	3	2	0	4	GO:0003735,GO:0005840,GO:0006412,GO:0008097
APU25_19075	3B299A48AB298E4C7E07DDE219C82055	104	no	yes	0	0	0		
APU25_19080	AE486218AF3D4170BBAFF54ED04F4400	138	no	yes	0	0	0		
APU25_19085	7773E4DB8A75CE9BE1F9AFD984D3C098	300	no	no					
APU25_19090	42C016022E6461B8699718512C0A9A21	553	no	yes	3	0	0	3	GO:0003677,GO:0003700,GO:0006355
APU25_19095	FAE127C18392261B380A87514146EE4A	284	no	no					
APU25_19100	EF41C018BC287F92FC0BD4A3D0FA2088	512	no	yes	4	1	0	5	GO:0006812,GO:0006829,GO:0008324,GO:0016020,GO:0055085
APU25_19105	E67071436F0884C3F57166288132CBD5	1376	no	no					
APU25_19110	067037B070C52661B1DAB0A1E48E2EC7	185	no	yes	1	0	0		
APU25_19115	B97E954386C5275AAEB9F313E0727977	72	no	yes	0	0	0		
APU25_19120	1C9751CD94B34EA3087E67C13FD6FFE3	283	yes	no					
APU25_19125	7267A58D8BA8C60D6CD689CD33600B0C	310	no	yes	1	0	0		
APU25_19130	E64317F51B2A71618A3EF2D7D27BAB84	357	no	yes	0	0	0		
APU25_19135	ACD1D986C8590292F80260BF2D8E6D90	1304	no	yes	7	2	0	6	GO:0003824,GO:0006281,GO:0006284,GO:0019104,GO:0035514,GO:0141166
APU25_19140	0B604058FEE11D741E1AA09FBBC98BD7	1060	no	no					
APU25_19145	BC70F750B11E46C0A4F2DA53CAF0E50A	442	no	yes	6	1	0		
APU25_19150	B4CBF9BC5D87FA581B4E00679A909C88	467	no	no					
APU25_19155	5A4A3300A112CD76028AE9E49A0657B0	434	no	yes	3	2	0	2	GO:0016616,GO:0051287
APU25_19160	4A236C411A9AF2ACB1812ADC13DAF798	599	no	yes	4	1	0	1	GO:0016491
APU25_19165	783E1CD27D00E969A6F17304CDCF4B19	150	no	no					
APU25_19170	201E6F8B80B773A80197004B05F093E2	175	no	no					
APU25_19175	0BAFB3B99B8E4D264ECED3B86A8C5BF6	94	no	yes	0	0	0		
APU25_19180	46F4336BD6156CF37EBD14E21F34370E	438	no	yes	4	2	0	3	GO:0003743,GO:0005737,GO:0005852
APU25_19185	1B2736DC8C25E45C005B890B31AC8A4C	261	no	yes	1	1	0		
APU25_19190	28468C7ABF1A865CA2F157EA8039659F	1389	no	no					
APU25_19195	ED0FFC3A6005D7EBBF2AE05DA24C0175	1611	no	yes	7	6	0	2	GO:0003980,GO:0009101
APU25_19200	93EEDDFFE88E3A8923D3CF081CB1956C	262	no	no					
APU25_19205	E6295F43DF1E6072AD25AA2FF1333933	393	no	yes	1	1	0	1	GO:0016020
APU25_19210	0823EE2FB916C20E2A002C9EA64A8D2D	265	no	no					
APU25_19215	9CC3B16722C62750C7D9C6968A6F45A1	570	no	yes	2	1	0		
APU25_19220	1DFA50AFD7E23A3E45CE145A010560C7	599	no	no					
APU25_19225	FC983472006748E0C03FB22F818E7736	521	no	yes	2	1	0	4	GO:0015297,GO:0016020,GO:0042910,GO:0055085
APU25_19230	AF886D64C400E32A71C7E915D06E33D0	744	no	no					
APU25_19235	12851292D23B3C254FCFAF5E4ECA30A0	287	no	yes	1	1	0		
APU25_19240	4BE5C321170CBF9111EDAD5DCFD4C51B	231	no	yes	3	1	0		
APU25_19245	F36CFCE34924323167CB97275664698C	128	no	yes	1	1	0	2	GO:0005634,GO:0006352
APU25_19250	B8E879F9A6C929A988141B4807CBDCDC	326	no	no					
APU25_19255	91C8534BC37F4CB0901C0E7CB4014069	244	no	no					
APU25_19260	23DF29753C8B23C4D06989E463E41BA3	205	no	yes	1	0	0		
APU25_19265	89FF7EEB43633E5797F95A0735FCEC62	1045	no	no					
APU25_19270	BE244B6A9248528244E682A18003FAA0	884	no	no					
APU25_19275	43AF8F8223B297935C186EF41D532F24	79	no	yes	0	0	0		
APU25_19280	A919393F6F89F35CC15868ED713AA15B	142	no	yes	2	1	0	2	GO:0016192,GO:0030008
APU25_19285	9B60AE511499BE84B0A7B2E77C5A9C1C	364	no	yes	4	1	0	1	GO:0016301
APU25_19290	9C01FD66CA9E1D39D77E11560DE6AD18	1165	no	yes	6	2	0	3	GO:0005524,GO:0016887,GO:0140359
APU25_19295	C2CDD1166B7F820E826DC49357D2C9EB	160	no	no					
APU25_19300	11E4B61A426B88D3F73802A03FECF4DB	224	no	no					
APU25_19305	755DAE1AB1194C029CFDD4ED11EA23B7	200	no	yes	2	1	0		
APU25_19310	F579F01C02F2D4BCB88FA1D8A3E52011	528	no	yes	2	1	0	1	GO:0016757
APU25_19315	45590777E13600CCF4DCBA5BF0D5D828	138	no	yes	2	1	0	1	GO:0046872
APU25_19320	ACF1B7BE698DD6AE095962C9A6E12193	207	no	yes	1	1	0		
APU25_19325	8D68CB87536967A1BB181B02AC59821E	449	no	no					
APU25_19330	F6D5EDA7D8ECDC9F6179182046491411	462	no	no					
APU25_19335	DEF789EAA0E612418E746A3A65400023	634	no	no					
APU25_19340	3AAB4271692FE1FA2090234DF8505AA7	871	no	no					
APU25_19345	000A206C89B3D4FFC619EDF5AD120D42	102	no	yes	1	0	0		
APU25_19350	8811D22539C0473EFAA1AF76BB2FACAD	320	yes	no					
APU25_19355	5D8753B2D3CF7CA20AB122395826A035	378	no	yes	5	2	0	1	GO:0005515
APU25_19360	FB17FEE0979E1073D24DF49AD0D970F0	547	no	no					
APU25_19365	71CABC311A131A29C54642D729CCF5D2	290	no	yes	3	1	0	7	GO:0000724,GO:0003677,GO:0005524,GO:0005657,GO:0006281,GO:0033063,GO:0140664
APU25_19370	94D4466971B9605C9B6B013E5F77B38F	233	no	no					
APU25_19375	6446BFEB3684334074F1E10E672B9D06	121	no	yes	3	1	0	2	GO:0005739,GO:0034551
APU25_19380	10C1652333589EA44C95328308AEA0DD	885	yes	no					
APU25_19385	9F6A7890175A7CC96BA704B99A4E791F	378	no	no					
APU25_19390	A2C22AEC768E2D7D1BAE72EA37BE02D6	420	no	yes	4	2	0	1	GO:0046872
APU25_19395	4D5445566096084D10FB83B9C162E8E9	183	no	no					
APU25_19400	F2A739D9654BCFB5A38A33B93DAC3031	688	no	no					
APU25_19405	310FF6E22D87922BF94DCD1A4CC19234	136	no	yes	3	1	0	4	GO:0000786,GO:0003677,GO:0030527,GO:0046982
APU25_19410	74B26D70EF100DD12609F7FFE69DB0B3	103	no	yes	4	1	0	4	GO:0000786,GO:0003677,GO:0030527,GO:0046982
APU25_19415	DAE0E7816DAB73148BF812A309A36104	509	no	yes	4	1	0		
APU25_19420	AAE67B2CE8C5D550E63ADEB771C1EFBB	437	no	yes	7	3	0	1	GO:0005515
APU25_19425	3CBB7FF5C8366A9EB15E7C4AE468BBFD	258	no	no					
APU25_19430	E949EA3DD7A888F440B9E8F528511AA8	84	no	yes	0	0	0		
APU25_19435	ACD8FCA0524E260339F71490923E7B77	732	no	yes	11	4	0	2	GO:0005524,GO:0046872
APU25_19440	1442BC0219770CAD925DF8F839019857	279	no	yes	4	1	0	1	GO:0003824
APU25_19445	E1A2EF54510E5AC6E5F179481CCB9684	430	no	yes	2	1	0		
APU25_19450	81FBE50DEA2692A246C890C2FA54DBA2	551	no	yes	1	1	0	3	GO:0009101,GO:0016020,GO:0016758
APU25_19455	1891BC0101F39AC43923CE5D57DD8EB1	286	no	yes	0	0	0		
APU25_19460	50BA16E9085FE51369ECDDC1646CB1B0	230	no	yes	4	1	0	3	GO:0004298,GO:0005839,GO:0030163
APU25_19465	600205C348E6E7C4E5B44C34600FBA06	202	no	yes	4	1	0	1	GO:0006777
APU25_19470	D1850D7FF6517A84B2B4CB6F9A5A4A6F	1143	no	no					
APU25_19475	30B23C57A7E8BA982BB71EA3BDBE4EDB	223	no	yes	1	1	0	2	GO:0022843,GO:0034765
APU25_19480	769C79AB34D03A27FF1B4F262BBF2CB9	335	no	yes	3	1	0	3	GO:0006629,GO:0016042,GO:0016787
APU25_19485	04EF6CC98BF78320C7484FBDBB70FE40	192	no	yes	4	1	0	4	GO:0003735,GO:0005840,GO:0006412,GO:0019843
APU25_19490	88C138DC9483EA0DDB01A077CCDD536A	1090	no	yes	4	1	0	3	GO:0005509,GO:0016020,GO:0055085
APU25_19495	A73FE20CAA3D2FE7B925845F34F0BE3F	179	no	yes	2	1	0	3	GO:0015078,GO:0015986,GO:0045259
APU25_19500	74F7C9F87F1C25F535610385F9B59C86	83	no	yes	6	1	0	2	GO:0005829,GO:0006777
APU25_19505	55F38FBC8FA9E20E062FDA0E9A5D7D31	165	no	yes	4	1	0	1	GO:0046677
APU25_19510	602449A2D73125D6E31E8106BAF98E1D	395	no	yes	2	1	0	2	GO:0008168,GO:0031167
APU25_19515	73A6FEF3060F8F6EED6B66AE7EFEE35A	326	no	yes	0	0	0		
APU25_19520	7B56B677C03110B80579D8B876339568	253	no	yes	2	1	0		
APU25_19525	29ED7481646047F49971BBE1D1D2D7B3	73	no	yes	0	0	0		
APU25_19530	0C429EA566E207AD8ED2801D4D8C6A8F	825	no	yes	3	2	0	1	GO:0016787
APU25_19535	506F057AFF52FC26925A8219310BF7B0	110	no	yes	0	0	0		
APU25_19540	513B1A6DBE65E52E7838AE38817F11BE	527	no	yes	5	2	0	3	GO:0016020,GO:0022857,GO:0055085
APU25_19545	A95610E8F52145DEF9450E76D1B96345	246	no	yes	0	0	0		
APU25_19550	89173EE1DE758D6CE6D888A24DED7772	42	no	no					
APU25_19555	4CCC5B9AF756376B233D1DBA54D0241A	844	no	yes	6	2	0	3	GO:0004573,GO:0005975,GO:0009311
APU25_19560	3D5434F1701B9E955647A23C33061126	216	no	yes	4	1	0	3	GO:0004798,GO:0005524,GO:0006233
APU25_19565	8676FCCA3925CA057447980F8C1662DD	529	no	no					
APU25_19570	904527BD87552A9A091B246E1149194A	392	no	no					
APU25_19575	C9A689768ECFF1E20936A0CB8693499F	619	no	no					
APU25_19580	C1F496985CC047CB1BFEFEC773B37E0B	434	no	yes	6	1	0	4	GO:0004350,GO:0016491,GO:0050661,GO:0055129
APU25_19585	497062805034C2FC33CB52C58243D466	230	no	yes	3	1	0	2	GO:0006751,GO:0061928
APU25_19590	8D3AFC54D14399A46B4D5F8878B1AC14	980	no	no					
APU25_19595	D1B8432A7D292DEF5B0979BB562FEBFE	517	no	no					
APU25_19600	2D7B8ECD9CA43D6AE604EE1E078C7317	203	no	yes	4	1	0		
APU25_19605	2E37849B432D9E5876D5E6EB96D719BD	293	no	yes	5	1	0	3	GO:0004176,GO:0004252,GO:0006508
APU25_19610	11B4E20E8B97FEC1F8686F52C43B3590	311	no	yes	3	1	0	3	GO:0003723,GO:0006364,GO:0008168
APU25_19615	17D93C2ACAE533C23E5B69E5AEAA9E55	247	no	yes	1	1	0		
APU25_19620	05C90BBDAB67167611D8C7A93B83100A	493	no	no					
APU25_19625	DCE7124C281E083C8D5E1A2E7E90F60F	340	no	no					
APU25_19630	33BFBF382573B5BCF43D40FF91C80C24	114	no	yes	4	1	0	1	GO:0003755
APU25_19635	1FEB558CD76236E7425CCECD5CC4A53B	80	yes	no					
APU25_19640	ED3F199FD7790359CA4FB8D107F47A4E	339	no	yes	1	1	0		
APU25_19645	0449BE320E9D7A25D63BD36AA5CD094F	300	no	yes	2	1	0		
APU25_19650	E19A61FD322AE7EEDDC362AFBCC3E5FC	557	yes	no					
APU25_19655	A669DEC4AB2BA1C93330C71F3AD2D420	223	no	no					
APU25_19660	5225F13ED58490392CCB44D2A5950647	530	no	no					
APU25_19665	2B4499745518B80FA24D9B8F99042E74	301	no	yes	0	0	0		
APU25_19670	6E9CBDCBF16546E9EE522159E814782F	354	no	yes	5	1	0	1	GO:0016791
APU25_19675	5CF6912BF9C51AA88C1219726E42EBD8	866	no	yes	8	2	0	1	GO:0005515
APU25_19680	DFADACCDC951C9AC7FA917B9BDE289D2	419	no	yes	2	1	0		
APU25_19685	36B9BC1619C5B1770F0E36E4DBA3A835	118	no	no					
APU25_19690	189444B92C98B59CCE0338E42A371074	627	no	yes	9	3	0	2	GO:0003924,GO:0005525
APU25_19695	9AB994BE380818325D74110659239022	224	no	yes	4	1	0	3	GO:0008379,GO:0016491,GO:0034599
APU25_19700	70785405282B8A12792F00ADCAD656A2	533	no	yes	2	1	0		
APU25_19705	BCC0F37D59B3AD985F53F2B04696AC2F	228	no	no					
APU25_19710	BF5850CA59428B908D4C7FAF4524C233	1156	no	yes	5	2	0	1	GO:0005085
APU25_19715	FD7E8E8C0EC64FEE58791626042F9E0B	205	no	no					
APU25_19720	CE920C5D9F24CA93AE38A7DA1C04DCE6	1087	no	no					
APU25_19725	F10C004D2A26D6392EC0F8B763BF1F83	117	no	no					
APU25_19730	26684B24169BB01907E9C8F4C7274A89	300	no	yes	3	1	0	2	GO:0005956,GO:0019887
APU25_19735	B0F693257FE2675252845318E24CE93D	2007	no	no					
APU25_19740	AC42DD025695C84FC79BBF4147F53F5E	306	no	yes	4	2	0	2	GO:0005975,GO:0016791
APU25_19745	598D94887A18EF745EF50B8D23C9B82E	200	no	yes	1	1	0	3	GO:0005787,GO:0016020,GO:0051604
APU25_19750	DAD83AA0E1C156ADCC62E69C516D8D10	143	no	no					
APU25_19755	E1968CDCE0414B9AD98DF44537D2C852	242	no	yes	3	1	0	1	GO:0005515
APU25_19760	83011744D60769D941786A457486A280	97	yes	no					
APU25_19765	1B544E92F520C7DD7F746FEAA3933F07	255	no	yes	4	1	0	7	GO:0000172,GO:0001682,GO:0003723,GO:0006396,GO:0008033,GO:0030677,GO:0033204
APU25_19770	2674C3FEB4023F16AE0A1BD41CD3BE62	48	no	no					
APU25_19775	07DB8D963A71CF165C095EAB6AE1C85C	376	no	yes	2	1	0	3	GO:0006355,GO:0008270,GO:0043565
APU25_19780	84FB2EA407DBB830A6A00B7239AF101A	121	no	yes	0	0	0		
APU25_19785	5AC1398ABC1160322F4BB2115708214B	432	no	yes	4	2	0		
APU25_19790	4E465512952DA6DBA3B44BC3B7237E4D	525	no	yes	1	1	0		
APU25_19795	262C57E7526F70A29786D1ECB419D761	512	no	no					
APU25_19800	7348F070C868E9EBD4D9B102CD95D7A8	332	no	yes	6	2	0	6	GO:0000184,GO:0000290,GO:0003723,GO:0016787,GO:0030145,GO:0140933
APU25_19805	1ABA2788002B9449A892FC288C352AB8	232	no	yes	1	1	0		
APU25_19810	4C22687796DD90C5A06ECA378A1E5125	305	no	yes	0	0	0		
APU25_19815	EF31BE12ADA815D41E851E2DA5E872DF	346	no	yes	1	0	0		
APU25_19820	26EE8413500E73D85CE05162461C457D	813	no	yes	5	2	0	3	GO:0005524,GO:0009058,GO:0016881
APU25_19825	DC4FDBEFEFA4898D50FC07289E7C7737	361	no	yes	2	1	0	2	GO:0000340,GO:0003729
APU25_19830	E2F65590137BE31A8EDCAFE62D488EA9	941	no	yes	5	3	0	1	GO:0035091
APU25_19835	CA000AD9BACCD1385D98218C29B505DE	511	no	yes	8	2	0	6	GO:0000166,GO:0004812,GO:0004828,GO:0005524,GO:0006418,GO:0006434
APU25_19840	00B06D0223CF719C2E2B45EA6162F962	451	no	no					
APU25_19845	DD032F9FC0307E67D0B23D74A77E4695	322	yes	no					
APU25_19850	BC5B5D94CE2FA8C73BA8FCCF9655439F	112	no	yes	1	1	0	3	GO:0009523,GO:0015979,GO:0016020
APU25_19855	2849E0B5F1FDB9FEF93CE546DB875E6F	531	no	no					
APU25_19860	94358E5D49935A8F6BB9415372C05923	2413	no	yes	17	7	0	5	GO:0003989,GO:0005524,GO:0006633,GO:0016874,GO:0046872
APU25_19865	3E5A11435743EFDD43E7F7655F779112	338	no	yes	5	2	0	3	GO:0004126,GO:0008270,GO:0016787
APU25_19870	5372E78819BC64AC38A56777C86FFA0C	444	no	no					
APU25_19875	9A4C7673D9ABCBF8E3EA4C8449DA295A	443	no	yes	4	1	0	2	GO:0008270,GO:0016491
APU25_19880	55496B82B35BFD7B98106BDAF52CC936	952	no	no					
APU25_19885	54B16CF5A3D295B71BB365072D85B099	101	no	no					
APU25_19890	89CB660D941FB42689AC6319E9564229	427	no	no					
APU25_19895	4D028B1AE9F50E91841E63CF350BC4C7	399	no	yes	0	0	0		
APU25_19900	88A1730F4F01BE85F4415C6BCA2FABC4	413	no	yes	0	0	0		
APU25_19905	1BCEBBE7635C052E1DA1C3B3D4625450	501	no	yes	4	1	0	2	GO:0004185,GO:0006508
APU25_19910	EDE093A9CA761204482BA179643F7553	269	no	yes	4	2	0	1	GO:0016787
APU25_19915	880EB939882CCC281E669BC53A852C24	1218	no	no					
APU25_19920	94081A82FF78871FB278F82F99173D39	521	no	no					
APU25_19925	B024537444928F5FA58537DB51BCDF57	720	no	yes	3	1	0		
APU25_19930	97945CE02F6460916FD8D5A8C2CDDE21	65	yes	no					
APU25_19935	03C39D5667B9976ABB64B23AC1E5D66C	201	no	no					
APU25_19940	304367398BF1CF32E9F9BE0A8EB17727	517	no	yes	6	1	0	2	GO:0005515,GO:0006364
APU25_19945	55BD3343B23C7A2AF32991DA5017CA76	545	no	no					
APU25_19950	C41B54FFC04E3CC37DB439460510384A	181	no	yes	2	1	0	4	GO:0003723,GO:0003735,GO:0005840,GO:0006412
APU25_19955	8C6349BE7476F22132E50D3EF4F6DB24	770	no	no					
APU25_19960	8CA41124C42C93BAD06A6116232A6FEC	406	no	yes	4	1	0	3	GO:0016301,GO:0016310,GO:0016774
APU25_19965	2A12E73451A1324B606704099A816B6B	452	no	yes	2	1	0		
APU25_19970	0E17B21F4831C4099185F4FCDBDE2718	404	no	yes	6	1	0	1	GO:0005515
APU25_19975	E8D41229ADD30762CD46AAB2FC85516E	164	no	yes	2	1	0	1	GO:0004045
APU25_19980	0781FCECDAA588240F5242364DED6264	384	no	yes	2	1	0	1	GO:0016409
APU25_19985	C11530BF021A2ACBA61047F4A12A221D	290	yes	no					
APU25_19990	C68F2D0706023E884AE04D416C14D9E4	105	no	no					
APU25_19995	FD1A22175624225B1447C04538C88992	877	no	no					
APU25_20000	3008D4AE3BC597EC25587225BE4CB9B3	360	no	yes	6	2	0	5	GO:0004585,GO:0006520,GO:0006591,GO:0016597,GO:0016743
APU25_20005	719D85173ACBA1ED2D44793E25E983FD	536	no	no					
APU25_20010	E55C3D181BCB05536671C7C625C7E69B	321	no	yes	4	1	0		
APU25_20015	F3C0E91026DE6883899043002DC296B6	200	no	yes	2	1	0	2	GO:0004525,GO:0006396
APU25_20020	FF52FAEB2C259E0A7CEC69D0F36D72DF	688	no	yes	4	1	0	2	GO:0006751,GO:0036374
APU25_20025	1AFB619A67878914F902B6B1C7474FFC	421	no	no					
APU25_20030	EA84F2C390370DA038B8BC52CC31FFB4	138	no	no					
APU25_20035	0347A1165A90F688A383F8352E01A5F5	144	yes	no					
APU25_20040	9A5A12A65BD3F8A9F44AA6B4B80F29EF	332	no	yes	4	1	0	2	GO:0004089,GO:0008270
APU25_20045	E817541BBA30F62A1FBC039147F7DA02	403	no	no					
APU25_20050	D9AFDD2EB09A391940729F90F77FFB72	501	no	yes	6	1	0	3	GO:0016020,GO:0022857,GO:0055085
APU25_20055	A5C1B282F3F5B601FE906A673A62F489	189	no	yes	0	0	0		
APU25_20060	BDBDCEA4FFE62CE77B9135CB58C1AC5F	1145	no	yes	11	5	0	1	GO:0003676
APU25_20065	AF87DFAC9357330845AFDB2EA075323E	614	no	yes	7	3	0	3	GO:0004842,GO:0008270,GO:0016567
APU25_20070	022A8220AF6384841B02DA65195F4960	289	no	yes	2	1	0	5	GO:0006829,GO:0016020,GO:0030001,GO:0046873,GO:0055085
APU25_20075	84C73F354B356C3D9C2FDD27D50A3CB8	151	no	yes	0	0	0		
APU25_20080	C3902C0407C6830ADF87B9138681FD13	312	no	yes	2	1	0		
APU25_20085	A8B0638C941B62B56A4BA3DEA0C2612B	535	no	yes	3	1	0		
APU25_20090	1991A943B9973DFF19F6F255CAC43480	325	no	no					
APU25_20095	B3BFD48F3DF6C9FA8EDB89D351A0A5A1	129	no	yes	0	0	0		
APU25_20100	1B36F2E51E14EB08BA6D1C7261666BED	917	no	yes	2	1	0		
APU25_20105	965AD9774D27955692B8DD5E45691D3D	1018	no	no					
APU25_20110	217C234EE099DBFDB7C997EA54941F6C	324	no	yes	1	1	0	1	GO:0006364
APU25_20115	21589C05124311E95352243A67831D73	253	no	yes	4	1	0	2	GO:0000105,GO:0004424
APU25_20120	648867507B6889E5D32C3AD55DB35B39	439	no	no					
APU25_20125	1173696340318FCC43887E7A759F0A36	345	no	yes	3	1	0	1	GO:0003824
APU25_20130	DD7FA8942DAF92C2AA5F093688FD0011	214	no	no					
APU25_20135	D6D1C664960FF48BF5F7AC1BC137F93E	457	no	no					
APU25_20140	1AEFCF8AEF66911888B5F64E6A5C9E7E	303	no	yes	0	0	0		
APU25_20145	82E070C534B3B63F32C98A81E71A5F25	217	no	yes	1	0	0		
APU25_20150	F7A6C3C7F86F59D512AEA8A9DBE87747	369	no	yes	5	1	0	1	GO:0016491
APU25_20155	EFA3FE3DF79325CC2F418D647358DD2E	177	no	yes	0	0	0		
APU25_20160	6EC498ABE5EF8313B0BFDE541C09F236	499	no	yes	3	0	0	3	GO:0003677,GO:0003700,GO:0006355
APU25_20165	1CBFD7A10AA7CC3DED46C0841BB35DE2	229	no	no					
APU25_20170	D174EFC375347798B7458D696C31D3D5	597	no	no					
APU25_20175	C5C57F2B910F208A87273F02F89AE286	142	no	yes	0	0	0		
APU25_20180	D8AABFFC970951FC552B84FCB749E02A	191	no	yes	4	1	0	1	GO:0032040
APU25_20185	2982CC02F6A526B47522A2A38A9F4A74	888	no	yes	4	1	0	2	GO:0003676,GO:0003723
APU25_20190	7FC655885C3CB38E2707C804C45ACE2A	136	no	yes	1	1	0		
APU25_20195	5AD9795AD3AEC4C36FFE225A3C9FC1F5	524	no	yes	2	1	0		
APU25_20200	899F941C7E5E5BB3E0F6AA754740F27A	389	no	yes	1	1	0		
APU25_20205	4823791911EABBB18C24F2D235912567	475	no	no					
APU25_20210	62556BA7E5EBB9673282474F99BA2326	586	no	yes	4	4	0	1	GO:0005515
APU25_20215	C0A5837C0FF669EFD00D98C5B3B41612	481	no	yes	3	1	0		
APU25_20220	E6EE28320AD38117F22295AFF3E95954	728	no	yes	6	2	0	2	GO:0046373,GO:0046556
APU25_20225	269DAA3BFFE0240D79FA00E3AB165DCF	116	no	no					
APU25_20230	27516439D49BD88BDE5106B477004A87	375	no	yes	2	1	0		
APU25_20235	C9AB3ACD1FC0C1B0D583F42532C0CC66	399	no	yes	2	1	0		
APU25_20240	3E0F521B5CB2F260BCDE1C683B621CA3	1038	no	yes	9	4	0	3	GO:0004252,GO:0006508,GO:0008236
APU25_20245	BE7A43BE2BA962570317F674CC45550C	1998	no	no					
APU25_20250	7AE88A004B0E01D790F3D03B10141925	203	no	no					
APU25_20255	6C3F8D7291F9E8FA2EA3EAA4E4BC4868	305	no	yes	1	1	0	2	GO:0005789,GO:0015031
APU25_20260	05FA6D18656A1367D60B0E0A3E46F038	191	no	yes	0	0	0		
APU25_20265	3721B0272D9E3B74A815E38388FDE4F5	126	no	yes	0	0	0		
APU25_20270	9DA6306CE296E8EC2D2B88726AEDBA77	456	no	yes	3	1	0	5	GO:0000287,GO:0004450,GO:0006102,GO:0016616,GO:0051287
APU25_20275	324B50CB5FBAEE5606F587DFE135AE02	75	no	yes	0	0	0		
APU25_20280	1EB9C01044B3BF7C84040682D63C2CBF	197	yes	no					
APU25_20285	F453216AC9BCE862C36F1B1C552B2131	960	no	yes	3	1	0	4	GO:0003876,GO:0009168,GO:0019239,GO:0032264
APU25_20290	8031C8D06057B965FD7482559B5040EC	736	no	no					
APU25_20295	E42AA78DF0EC4504C2C46CB62C2BED16	107	no	yes	0	0	0		
APU25_20300	E9CB85CAC56BB1B1565FFE39CDEBDD37	3605	no	no					
APU25_20305	258254667C25D6B131BA962D652858F5	1019	no	no					
APU25_20310	E642FB1CD2D816F9C406B1932EE2F9FD	276	no	yes	2	1	0	2	GO:0006897,GO:0016020
APU25_20315	76FC92134FD6B829EA5A2D325D68AEF3	574	no	yes	5	2	0	2	GO:0004222,GO:0006364
APU25_20320	9D2EAFC616DDA03E66524EC96D516FB6	407	no	yes	7	1	0	3	GO:0003824,GO:0004084,GO:0009081
APU25_20325	14C2538827F8531AE3BE0684097BF622	342	no	yes	4	2	0		
APU25_20330	CABEE1032C76506D5C8BF468564EE5BD	545	no	yes	3	1	0	3	GO:0003723,GO:0008033,GO:0016423
APU25_20335	BD1BFC6852510B5D2E305D1634F79EBF	464	no	no					
APU25_20340	D11DA2AFC37F7ABA1913779C4B459819	943	no	no					
APU25_20345	40F7B8FF46954B9D72C91D499B82159A	324	no	yes	6	2	0	2	GO:0000178,GO:0003723
APU25_20350	B723CC7911A5E32621FF16EDFC687AFA	1005	no	yes	9	5	0	5	GO:0003676,GO:0003723,GO:0003724,GO:0005524,GO:0006401
APU25_20355	85ADCB92AF757B4FE6D833ADE106E315	214	no	yes	1	1	0	1	GO:0007034
APU25_20360	40E0ACCA4ACD98D54F3C61FC9216CEA3	258	no	no					
APU25_20365	2AD42B27B0D49DF89B27844D3E2A2FB0	608	no	no					
APU25_20370	F42024D6D897076781BC03D17F03C6E5	589	no	yes	2	2	0	2	GO:0005524,GO:0046872
APU25_20375	EAE04C64097DE1985E23F0BC36F25EAB	119	no	no					
APU25_20380	7947B2519962E247FE56DB8842204025	633	no	no					
APU25_20385	3C0EF8650E485307E5BB83B8004CFB1A	523	no	yes	3	2	0	1	GO:0005509
APU25_20390	D94BFEC07EBB3E74ECDB0B75C266266B	327	no	no					
APU25_20395	0FEF5BEA57481B5E41C5DAE00992FFCE	381	no	no					
APU25_20400	8D2756F6F60E0E04D54DE7298B2E7565	303	no	yes	2	1	0	4	GO:0009654,GO:0010207,GO:0010242,GO:0042549
APU25_20405	A2392313F288AA882F18F5DBED47B7BC	184	no	yes	4	1	0	2	GO:0003924,GO:0005525
APU25_20410	22D7DB09E9EF41FD9054E75D23F1CF7E	224	no	no					
APU25_20415	23FD4D66C5F9FC38B9EAD50F12196FFD	430	no	no					
APU25_20420	AB945D20B5500C8D858E45CFF72F1906	209	no	yes	3	1	0	2	GO:0001522,GO:0042254
APU25_20425	6C82994270535C467D49B26AA932CA97	643	no	yes	4	1	0	1	GO:0005515
APU25_20430	90B7960FF1F8328F9F8BB675AE31B053	359	no	yes	1	1	0		
APU25_20435	599D6871CBDB8460B0569D6DC540B010	945	no	no					
APU25_20440	D624BE102042F816AC38706F47201743	593	no	yes	4	1	0	3	GO:0004555,GO:0005975,GO:0005991
APU25_20445	DD79A1F138A9F6DAB8BA85C7A7B78470	687	no	no					
APU25_20450	339C439170D73E360FCC3FAEAE3FF2B0	1800	no	no					
APU25_20455	668A5091EA1077D452A49C15FB6BCF30	202	no	yes	1	1	0	1	GO:0000444
APU25_20460	2B5ED7FC2EABC7CCCA69176287C1DDB8	445	no	yes	8	3	0	2	GO:0005524,GO:0016887
APU25_20465	44F48E60B51772AA9FF2912966390BC5	353	no	yes	5	2	0	2	GO:0004735,GO:0055129
APU25_20470	62BCE5967E53DB80247A92C7A858D549	390	no	yes	6	2	0	2	GO:0042254,GO:0042256
APU25_20475	45E2A07E34C38A345744F0019431F003	350	no	no					
APU25_20480	7FFDD483FADE6A562BAA66BF93BF1E17	4347	no	no					
APU25_20485	E87BA70ED9ED8B8363149378B202D9BB	8508	no	no					
APU25_20490	FB0ED8022DC7C114DB688740337ED47B	862	no	no					
APU25_20495	008B1C8907F255AEF10D5499DB08C55D	952	no	no					
APU25_20500	E2EC4B69EABFC1F7CC78EBEC6494CDF4	233	no	no					
APU25_20505	EEFB74D7E25C83FCE23A9DC99EE5C9B6	337	no	yes	3	1	0	1	GO:0009058
APU25_20510	44F3625098D8C83D1664AC6565EA45D1	1454	no	no					
APU25_20515	3CFB646ADC179D12E907FFEE9409311D	281	no	yes	3	0	0	2	GO:0003677,GO:0003700
APU25_20520	F25D110B669B76A86E58DE3327551767	411	no	no					
APU25_20525	FE57AE82AFD2C2AB1507DBC894ED136C	310	no	yes	1	1	0		
APU25_20530	B07CA3FF79A539EF8CFAA106EB29A936	328	no	yes	4	1	0	3	GO:0005506,GO:0016705,GO:0031418
APU25_20535	8B19662304F3C76880BB85EF5914C621	834	no	yes	7	3	0	1	GO:0005524
APU25_20540	79A47E6D041F50815A4A4B19E3C36CCA	241	no	yes	0	0	0		
APU25_20545	347A6350969438303DE2B8DC166995D3	111	no	yes	1	0	0		
APU25_20550	02E35DE163C73A77F1E570DC717A19C9	246	no	yes	2	1	0		
APU25_20555	73D7352F5F44EBDCC117E17F715B90F9	114	no	yes	1	1	0	3	GO:0003712,GO:0006357,GO:0016592
APU25_20560	1EA5D3EAFCE697A13ADD24A472DD66FD	224	no	yes	4	1	0	2	GO:0003676,GO:0003723
APU25_20565	FC165398C3FB43865E9F26555677D03E	253	no	yes	2	1	0	1	GO:0042586
APU25_20570	7B7CA9A5FABDC560444ECF493C7B375C	406	no	no					
APU25_20575	08446B4426D7F2365C6A43CEAE9A2500	75	no	no					
APU25_20580	F50B285C79B39296B8D8168B5B85B490	209	no	yes	3	1	0	2	GO:0003677,GO:0046982
APU25_20585	AF3C454BE61DE8C24A29222C68EBE852	774	no	yes	8	3	0	4	GO:0005085,GO:0005515,GO:0009058,GO:0031369
APU25_20590	105E6D214DB7E36FA503531A8EAC138B	474	no	yes	5	1	0	1	GO:0030170
APU25_20595	708A290543FAE4BDBC7274F907448FE2	362	no	no					
APU25_20600	309F3A09AC2CF99D112F982276E3407B	537	no	no					
APU25_20605	02AC6091846353C48BAFBECFD8783855	617	yes	no					
APU25_20610	346229CC1FC1798A2A8C8E395B675BE8	271	no	yes	3	1	0	3	GO:0003735,GO:0005840,GO:0006412
APU25_20615	6FF8C43897717BCF69D0AA0B07445044	862	no	no					
APU25_20620	32EEDA0FB741A7DDD6DE7A7B9E2B3B97	212	no	yes	1	1	0	2	GO:0005739,GO:0065003
APU25_20625	FF308BA8BCABDFC442933709E0694A64	126	no	yes	3	1	0		
APU25_20630	F90A9000587505C7B395D1F672754896	206	no	yes	4	1	0		
APU25_20635	4D0345C995DA1391DE26217BA01A711C	401	no	yes	6	2	0	1	GO:0004672
APU25_20640	E099E7B1B98F31568647ADCDC43FF30F	534	no	yes	6	2	0	3	GO:0006281,GO:0017108,GO:0033557
APU25_20645	1D1BB63524251E098B9FEEE402875BFB	395	no	yes	5	2	0		
APU25_20650	57A10450D7C055DA1B78CF66C69040E0	225	no	yes	1	0	0		
APU25_20655	B76DD618618898D290BE80AB70A66118	420	no	yes	3	1	0		
APU25_20660	B97AEFEE55EAB6F3E7DAFA5F3D787305	208	no	yes	1	1	0		
APU25_20665	417DDDE8B7580152DA7222221BD3FAA1	460	no	no					
APU25_20670	67DD6BED6997443CFC9DE6BCBD6C6A23	138	no	no					
APU25_20675	869B692BEFAA580C7369ED358BA56BD2	572	no	yes	6	2	0	2	GO:0000045,GO:0005515
APU25_20680	61C8D4ACA497EE8BCB37A7525315C05C	331	no	yes	4	2	0	4	GO:0000338,GO:0005515,GO:0008180,GO:0008233
APU25_20685	361DF826BDF7E2AB74CFAC3267211D9A	347	no	yes	2	1	0	1	GO:0003723
APU25_20690	A05CF0697A5A3A2E5E6E4775AA53BC5E	509	no	no					
APU25_20695	537E9E20B4C57DF70C239B54C0F843B9	1068	no	no					
APU25_20700	A4FE90D32C7E7BD7319FCC7A34A7E40D	666	no	yes	6	1	0	3	GO:0005524,GO:0006457,GO:0016887
APU25_20705	12386B41D25171B396DD816FE70F612F	377	no	yes	4	1	0	4	GO:0003824,GO:0009058,GO:0009435,GO:0016779
APU25_20710	78F0C7077B0C181A82B5C79123B63C71	126	no	yes	2	1	0	3	GO:0003735,GO:0005840,GO:0006412
APU25_20715	2F57E174BE3A0176C77BC66321C0D8D2	762	no	yes	0	0	0		
APU25_20720	4C49E5B47994004121AAF5B96B2A6A88	200	no	yes	0	0	0		
APU25_20725	DF17181496C73B939F9906605828950B	359	no	yes	1	1	0	1	GO:0006506
APU25_20730	4DDDFC752E5BAC1633264FE67BD73C7E	140	no	yes	2	1	0		
APU25_20735	52D47B38E416B3895CFC2597E994C62F	588	no	no					
APU25_20740	792EB4B1233FC0968B023A5DD7A4F09D	634	no	no					
APU25_20745	05E0638C5930B90811B54157960AFF39	366	no	yes	0	0	0		
APU25_20750	B6B268F68E07986CF93D99854A443CD4	253	no	no					
APU25_20755	A601ACA28630FCCD09E866BD594339F1	141	no	no					
APU25_20760	C46166C3208920F0B4295E09280B9FB8	559	no	no					
APU25_20765	BE29BB2304F8939C4433DB84F93F38F4	192	no	no					
APU25_20770	40228E4A11E948655827BF1E0D794EFB	276	no	yes	2	1	0	2	GO:0009765,GO:0016020
APU25_20775	595F8CC6C67399E1D94C91F305D7EC94	157	no	yes	0	0	0		
APU25_20780	16B45D828EA05996A054C61F3BD244F6	213	no	yes	4	1	0	3	GO:0000413,GO:0003755,GO:0006457
APU25_20785	B27F04D7F44515EBA4F20D5C1DC72F67	379	no	no					
APU25_20790	4B3E2630C1883AA8C71FA1FD9180C166	422	no	yes	6	1	0	4	GO:0004672,GO:0004674,GO:0005524,GO:0006468
APU25_20795	81C470F2C581061B3D35C59DB79FA74D	237	no	yes	0	0	0		
APU25_20800	E0A23BC09D731695DFCAF13189C48273	153	no	yes	1	1	0	2	GO:0016020,GO:0045271
APU25_20805	9508132B0B4DDC21460E221686C8BC0C	341	no	yes	1	1	0		
APU25_20810	D445D163C28A0A946E96F1F477E914D8	235	no	no					
APU25_20815	69F26FD31ABDA8D262F958A0E08F8960	482	no	no					
APU25_20820	2FC2B19F0A8E18AEE6D80DBAE01B3ACE	341	no	no					
APU25_20825	D8BC15277EE4A706890A562724FD9ECA	323	no	yes	0	0	0		
APU25_20830	C088BAD7A48712CEFBF721EBFAAB2700	624	no	yes	0	0	0		
APU25_20835	DD12021D5DE0A4E66B03675DB1820D85	245	no	yes	5	2	0	1	GO:0000027
APU25_20840	234053EB53480EB31552547D2EEAEE26	374	no	yes	1	1	0		
APU25_20845	4DB6531AE44DBC556E30C48DE1493AA9	124	no	yes	1	1	0	2	GO:0015078,GO:0015986
APU25_20850	361F78036D78BDA8220FBD6E373BCD27	374	no	yes	3	2	0	2	GO:0000413,GO:0003755
APU25_20855	9E2D833C5B30B4061B4973B25819AC53	300	no	yes	3	1	0	3	GO:0003779,GO:0015629,GO:0030042
APU25_20860	B1AA2EA84C8442B584C52FE698355B27	1208	no	yes	3	2	0		
APU25_20865	54C1CC2CB3A7907C0305A60BE299AC1D	254	no	yes	0	0	0		
APU25_20870	4A29F00601F8EB42FB9BFCA6656F1E08	597	no	yes	2	1	0		
APU25_20875	8A5D0F8E5F1173E9BBB25A706DB01E11	1774	no	no					
APU25_20880	6CC4035DDFC57294F4BD01F721BD8FE6	776	no	no					
APU25_20885	414165EE637DB7A4B791CDFACA9B23ED	300	no	yes	3	1	0	2	GO:0003676,GO:0003723
APU25_20890	211E8B41F09F83BCDEE191A00835F72E	208	no	no					
APU25_20895	3471FC67896F6856203D1F6ED8AF3EFC	233	no	yes	0	0	0		
APU25_20900	76666603916C1512662EF69B95798F1E	55	no	yes	1	1	0		
APU25_20905	F3E0DA6255F2A3C6ABE560FE7929F1AF	114	no	yes	0	0	0		
APU25_20910	10DBB389295813308EC177540DED838F	233	no	yes	4	1	0		
APU25_20915	637BBB1538D280D8CE8E1D2BFEF30B88	346	no	no					
APU25_20920	E19C4D63CB52CAABF4A4B82AFB8BE37C	288	no	yes	1	1	0	2	GO:0003824,GO:0009058
APU25_20925	526D6CAE8E4AC97C34F056CB164DC5B3	301	no	no					
APU25_20930	13511CDF2E587C3CA2344587468B82BF	430	no	yes	3	1	0	2	GO:0004659,GO:0008299
APU25_20935	265315FCA82F9579CE74586A5BF6763A	268	no	yes	7	2	0	5	GO:0003723,GO:0003735,GO:0005840,GO:0006412,GO:0015935
APU25_20940	102D781E11F27D945F75B3093670EEA1	689	no	no					
APU25_20945	918F5698E1078B92895106DAAF5FA1EB	749	no	yes	2	1	0	1	GO:0008270
APU25_20950	49FEBA5521A67B2F78724E3C350F73BE	430	no	no					
APU25_20955	A0FF7C4F71950062F44E8FA49D0921C0	130	no	yes	0	0	0		
APU25_20960	9635E779EAC65CAA3B68FAAD230BAC98	838	no	yes	9	3	0	7	GO:0003824,GO:0004497,GO:0005507,GO:0005515,GO:0006518,GO:0016020,GO:0016715
APU25_20965	C8752315C021FDE7C413C70653E039FD	420	no	yes	3	1	0	1	GO:0005515
APU25_20970	FFC022AFD5253522B03EA51D991F6AF2	59	no	yes	0	0	0		
APU25_20975	70A91BFD02E0025B34A9323FACA15D30	231	no	yes	0	0	0		
APU25_20980	C5820DE03F4B27A9AF1E7EE31C1A6EA5	478	no	yes	10	3	0	4	GO:0004637,GO:0005524,GO:0009113,GO:0046872
APU25_20985	68A3468AEA59696E99AAA0D6F933CA6F	394	no	yes	3	1	0	1	GO:0004482
APU25_20990	4945A74769F9A1D20E57C27BA6189BB2	185	no	no					
APU25_20995	446BF52A6BB7E0DB768F44788D84A151	416	no	no					
APU25_21000	66FF8257ECD1D5379525513B2B10CB67	744	no	no					
APU25_21005	F2DF0DA3EC1AF86783B5BFD88A740DCD	231	no	yes	4	1	0	2	GO:0016209,GO:0016491
APU25_21010	811185C9B9037B3D155D3D34BE38B731	475	no	no					
APU25_21015	A296691CB5BA3525B4C077388CDCF295	137	no	yes	0	0	0		
APU25_21020	B465BF877D69671C73EF492DD19B64BD	134	no	yes	0	0	0		
APU25_21025	76558508F2080A7291F59F2F7EE982E7	183	no	yes	4	2	0	1	GO:0032434
APU25_21030	5ACEFC43300B99368CFC3F178292494B	443	no	no					
APU25_21035	5764C837AF03417559028C8F5307FBF2	92	no	no					
APU25_21040	167CA89832CB057F0AC25CE8B48F2B6A	249	no	no					
APU25_21045	DB64C785820154F2D42039E6088ACC54	364	no	yes	6	1	0	6	GO:0004672,GO:0005524,GO:0005675,GO:0006468,GO:0008353,GO:0070985
APU25_21050	51D7676D9FF9CECFF9BA1CE0A1BAA778	119	no	no					
APU25_21055	FE57992AAD8711B3306FBBAD23E2A765	557	no	no					
APU25_21060	2B260FC3594025A08FE3839C267089EB	1269	no	no					
APU25_21065	13B80D01D53D5379CB12C4B40E2E6929	315	no	yes	1	0	0		
APU25_21070	6E2BC77BE385276E2687A646D76521C8	458	no	yes	1	0	0		
APU25_21075	F22363D949A52033A036C0063F7C2FFE	446	no	no					
APU25_21080	7F53B25C6DBDDA8D95EE6D25C5A60F98	235	no	yes	1	1	0	1	GO:0007034
APU25_21085	368CCCE08C61445B040A155626B73881	285	no	yes	4	2	0	3	GO:0008757,GO:0016435,GO:0070476
APU25_21090	3FEDD0EDF9EE5C2BD5903819385FDCB4	279	no	yes	6	1	0	5	GO:0003677,GO:0005634,GO:0006260,GO:0006281,GO:0006310
APU25_21095	6FE6F7411416A3E6956326D9F8A502D9	269	no	yes	0	0	0		
APU25_21100	FD1BD62EB88801686972E0C77F1F1BBB	356	no	yes	2	1	0	2	GO:0005484,GO:0006890
APU25_21105	D99CD16DEECAD3A5259E70F3F9CFED41	870	no	yes	9	3	0	6	GO:0004176,GO:0004222,GO:0005524,GO:0006508,GO:0016020,GO:0016887
APU25_21110	3DAE2E20505F0F7F73A943DF25A7ABAB	140	no	yes	3	1	0	3	GO:0003735,GO:0005840,GO:0006412
APU25_21115	7C35F2A289244F97048B6009A06D5C60	423	no	yes	2	1	0	2	GO:0016020,GO:0032977
APU25_21120	CF7696D23E80DC467062B15F51593398	308	no	no					
APU25_21125	CAC424C3739E0C293D7F1FABDBBBE7AC	331	no	no					
APU25_21130	CCFB5CBDBE4A272EC446B5637E5F79E7	247	no	no					
APU25_21135	85B6FF89C2015DAB0DC069E96F2BCB30	356	no	no					
APU25_21140	145EE0A00F1353D6078D2F7F82322F7D	485	no	no					
APU25_21145	6C97B94CC7E0F1EDDA710077E784937A	520	no	no					
APU25_21150	711430005533346A0173293A5B83D5FA	146	no	no					
APU25_21155	55B4D4480E533239AB84200E6AD6C660	582	no	no					
APU25_21160	64AF57FDE553069D6BCA75950455625E	860	no	yes	5	1	0	4	GO:0003777,GO:0005524,GO:0007018,GO:0008017
APU25_21165	345153CB8A4EFCC62E0E4C38B1E9FCC9	460	no	yes	5	1	0	1	GO:0005515
APU25_21170	FD43BE331DB5CD28935EA56F7A6CF7F5	278	no	no					
APU25_21175	E6E900060FA8A5281390133E6A51DA3E	1124	no	yes	1	1	0		
APU25_21180	F2B652D455EDFD0C0C27326C9F726F83	83	no	yes	0	0	0		
APU25_21185	51CF443973296CF0A18306920DDD5AAE	156	no	no					
APU25_21190	F612CFC244CA03B1E3E46C46AEBF9CD5	218	no	no					
APU25_21195	D343540313B0DC4E1ED0D930952DF334	227	no	no					
APU25_21200	7D8D204BD6F681EDC9B67393E164AB8A	1628	no	no					
APU25_21205	A1514F3E451CA246A110C7FA9987A303	255	no	no					
APU25_21210	1FEE100FFF69123886EAC2270A2C8E68	254	no	no					
APU25_21215	19F9E6DCEE1B1562A726BFF6A1516F18	346	no	no					
APU25_21220	6642C98772492201B0648D24FFF6AFBC	692	no	yes	2	0	0	1	GO:0003677
APU25_21225	349A21B3DCF8CF3C37D1CB557C730B73	424	no	no					
APU25_21230	A578EEC683CBF90D3550B3DCF5C17AA0	149	no	yes	0	0	0		
APU25_21235	832C8B1BA14C28C448F5BA4B3A22A3DB	299	no	yes	0	0	0		
APU25_21240	672D74155336401842D937E1AF79A95C	843	no	no					
APU25_21245	35A48CD12DA48C09505F279470645346	804	no	no					
APU25_21250	4D13661B966B8953F63B1F6CBC441E07	577	no	no					
APU25_21255	2514EC7D72AF2E1AEAC6A2A880CA2D3D	263	no	yes	1	1	0		
APU25_21260	B5F7F656BD0AC2C02E02D7AD4EF94426	470	no	yes	7	2	0	4	GO:0004315,GO:0006633,GO:0016746,GO:0016747
APU25_21265	E446E489A463CA2385CD9447D1228195	705	no	no					
APU25_21270	E1F676EE1FC3021C2CE6C3336267ADFC	478	no	no					
APU25_21275	670AE839542FAB44AA4DE2F477C2A8DF	67	no	yes	1	1	0	3	GO:0003735,GO:0005840,GO:0006412
APU25_21280	B0508152A8E98A63D111A44D3D474EEC	333	no	yes	4	2	0	2	GO:0016274,GO:0018216
APU25_21285	F89AA61FDD16179F972BB166B6629B5A	474	no	no					
APU25_21290	4E32409B47ACB0A15114D22652A0980F	383	no	yes	3	1	0	2	GO:0004332,GO:0006096
APU25_21295	1DBEBB6A751E607FD0229E2028B78CE7	147	no	no					
APU25_21300	95155A90634318F22038D22B1C6F96A5	91	no	yes	3	1	0	3	GO:0005875,GO:0007017,GO:0030286
APU25_21305	40003E66265850C28A640255A3FDA057	1093	no	no					
APU25_21310	955F53AE6E457CEFA60B2788F312C440	734	no	no					
APU25_21315	059D60AADD34E99E2D116760F4E81211	342	no	no					
APU25_21320	C7E5FDD0403ADFA6A7BFDA2EB5062066	319	no	yes	3	1	0	1	GO:0055085
APU25_21325	2E74AEE2ADFC7C9163EA4449478D967C	416	no	no					
APU25_21330	E2DF6F617D51FBE51D3A3A29853EF9D0	335	no	yes	8	2	0	3	GO:0016491,GO:0050661,GO:0051287
APU25_21335	49C9044CA5EAA1D069EAEE0E380E4A27	533	no	yes	7	3	0	3	GO:0008883,GO:0033014,GO:0050661
APU25_21340	1178DFE99030B59B46F19BB223C8D519	354	no	no					
APU25_21345	1FC2EC7D7397967223F4E417AC1FA902	246	no	yes	1	1	0		
APU25_21350	D4DF6744AEB4DC2E4CDCA820C7FFC2AE	320	no	no					
APU25_21355	FF2725A5FC36ED6020E4C78AB5C0ED40	928	no	no					
APU25_21360	896C535A06E1D65B2A3D25EE39A9FCEE	130	no	no					
APU25_21365	2FBBEF9F72592CB3BA938E714E5CD801	393	no	yes	0	0	0		
APU25_21370	1943DF10B62F1210B303BA78A6571E2D	281	no	yes	1	0	0	1	GO:0032981
APU25_21375	CB45519EB3FDB9F60B0EBA88B3FB9185	222	no	yes	4	1	0		
APU25_21380	0CB1A8D63F39587B98269025213AF622	191	no	yes	1	0	0		
APU25_21385	408A8FC03BC90DE902C3000820BE71BA	311	no	no					
APU25_21390	70386F51F620AB9A396628ACA8FE2F60	299	no	no					
APU25_21395	953146075FCFD423B689D4DB1B889762	203	no	yes	1	1	0	1	GO:0007034
APU25_21400	2579B1C39F0FA58CFECB221584F1B09D	260	no	yes	2	2	0	4	GO:0000139,GO:0005801,GO:0006888,GO:0016020
APU25_21405	2640AF0A2738BC46474BD42C06FFC981	720	no	no					
APU25_21410	5FA326998941D5C6F23DE4FC1A51858E	614	no	no					
APU25_21415	6E020B8D9F00A546360C5CB51F9DC170	789	no	no					
APU25_21420	FA49CB5E0F8B8D0ADDB2FF9B62B5D9B1	479	no	no					
APU25_21425	80F7AEB3C2906A033BF3AEAB97338B61	128	no	no					
APU25_21430	24379BF60DFA262F15D30ACFB417F4D0	606	no	yes	8	3	0	5	GO:0003824,GO:0003852,GO:0009098,GO:0019752,GO:0046912
APU25_21435	E10B15E3840AE878389D2E81298264E3	316	no	yes	6	1	0	3	GO:0000268,GO:0005515,GO:0016558
APU25_21440	50DE29D6F62BC1C9A8B301C61E7996EE	312	no	yes	0	0	0		
APU25_21445	1FDB52FF9C18E82A64ACEF106A9A2054	71	no	yes	0	0	0		
APU25_21450	D02E6E00663BA06A74566D2180405B1E	335	no	yes	2	1	0	1	GO:0003714
APU25_21455	38AC05F13043222D75329EEF087AA1BB	746	no	no					
APU25_21460	C44AC2F979B3409E60C40F096D964F29	197	no	no					
APU25_21465	09208227B96F2B5BBC7E0F5821EFB4F3	379	no	no					
APU25_21470	462D76A99F7E27EEBDFC881BA17BEDDC	299	no	yes	1	1	0		
APU25_21475	D6048121BED8F4785AD7960181C98861	532	no	yes	4	2	0	1	GO:0032511
APU25_21480	7EFD0F4A9B43472EA9D9FAD9B5661E97	991	no	no					
APU25_21485	1ABC010D199A3CD461A5C1E02A2331B7	104	no	no					
APU25_21490	210E43A739275CBB6650D62E3ACB656A	454	no	no					
APU25_21495	9440CA22F2733E1525B57555B8D642AA	184	yes	no					
APU25_21500	1AFDB40634816578798560607017636C	209	no	yes	4	1	0	3	GO:0005506,GO:0016705,GO:0031418
APU25_21505	B68FBCB15E2DFD3ABFE60064DD712252	853	no	no					
APU25_21510	722966FB259DFCBEF5A59CF7BEC44DB8	568	no	no					
APU25_21515	44F9CE17DF3A9A0157BE88F93303EE0C	248	no	yes	3	1	0	1	GO:0016747
APU25_21520	0C71BEA3AB798E79BE43B3C2E1912EB0	490	no	yes	6	1	0	1	GO:0005515
APU25_21525	87CC9505B1D0DBB02D2575CB77D05881	81	no	yes	2	1	0	3	GO:0003735,GO:0005840,GO:0006412
APU25_21530	61E39744AA93946016A4BF96D3977BE5	265	no	yes	2	0	0	2	GO:0006357,GO:0016538
APU25_21535	4894F226EA95313D35D6A2AD91E0D494	1658	no	no					
APU25_21540	2532565676635644047C954A2E0BF71B	517	no	yes	3	0	0	1	GO:0008289
APU25_21545	23FDD2058A8280957FD76458DE3D36ED	515	no	no					
APU25_21550	97758D23E8A47191A6E604D676099A5F	340	no	no					
APU25_21555	4937F44297D22DBCBC21F8CF7EC422B3	268	no	yes	3	1	0	2	GO:0004392,GO:0006788
APU25_21560	34CBEF1584A8868D210D95F6B4E16C43	294	no	yes	4	1	0	1	GO:0055085
APU25_21565	1EB2E5E773F74E0C9BFF8C8C61C1395A	107	no	yes	2	1	0	3	GO:0003735,GO:0005840,GO:0006414
APU25_21570	1FFCFDF26B690F5549C25FB5BB646C7A	106	no	yes	2	1	0		
APU25_21575	F021A411386718E561C1C9D2ACAB0F50	982	no	no					
APU25_21580	8E2BEF0A7BDDDC8B3BBC224DF0150C9B	148	no	yes	2	1	0	3	GO:0005634,GO:0008380,GO:0035145
APU25_21585	12120E3E18A159692A734B064E1DA78A	468	no	no					
APU25_21590	16783960583FC1A36FF3276A1B521EB5	1384	no	no					
APU25_21595	CFDEB55ECFFDF5023372E5D52BFE9757	684	no	yes	4	1	0	4	GO:0004571,GO:0005509,GO:0005975,GO:0016020
APU25_21600	EEA74F6DEF512849C6CCE97FC96FE037	802	no	no					
APU25_21605	979E07433DDF74D83DC2F3C80BF3793D	361	no	yes	0	0	0		
APU25_21610	CBE17BB990E2CECA3B36F4C7F7FA50B3	1085	no	no					
APU25_21615	D475CFA717860EEBEBD8803E6E57B528	530	no	yes	1	1	0		
APU25_21620	AADA3AF8AFDEE7461BBEC444406E28AB	225	no	yes	3	1	0		
APU25_21625	FF229A216950CFCC549A6EC11FE1DE5F	187	no	no					
APU25_21630	E2918511838E168D834A50608D12339B	780	no	no					
APU25_21635	BC47DF81C8694890B90CF5E42DC4FF70	551	no	no					
APU25_21640	A4454E5AD205E540EC987F04007B4815	423	no	no					
APU25_21645	42D7513DD2FE3E132F185CFBE8EABEFE	296	no	no					
APU25_21650	F2C64A2C2EAC8A68FC185B2BFB62CBD9	765	no	yes	6	3	0	3	GO:0003723,GO:0005847,GO:0006398
APU25_21655	92D9D670DDEAF657FE166CCD276764BE	85	no	yes	1	1	0		
APU25_21660	38F34E8FE3ED5549951B0D818871BF5D	384	no	no					
APU25_21665	9F0A40EA84649BE5F523A0A05DBFE3A0	371	no	yes	1	0	0		
APU25_21670	7E538331C1827677F9C22687AE3B3C82	258	no	yes	1	1	0	1	GO:0016020
APU25_21675	E5EEC2F01FA6F25599D79E174155CEF6	475	no	yes	4	1	0	2	GO:0000184,GO:0003676
APU25_21680	DC097B7464391B142C164880CFE81E65	288	no	yes	1	0	0		
APU25_21685	50C312FD11D536FFC2EA31722409A8EA	379	no	no					
APU25_21690	63F64B459A08D86A08210EF84A2BE873	1057	no	yes	6	2	0	3	GO:0003824,GO:0003825,GO:0005992
APU25_21695	06DF1343553CCAEE411EC91F05A7ECDF	208	no	yes	2	1	0	3	GO:0003735,GO:0005840,GO:0006412
APU25_21700	743C0BE6282A5FF19AD25BE96DCCFA0C	175	no	no					
APU25_21705	045E0A4486865F221BA3DB327FBD2B28	508	no	no					
APU25_21710	7933A5AA14C1950D38F493F8B9BC3780	261	no	no					
APU25_21715	EB9BE9C24522E2DB285B539F12FF4FF0	101	no	no					
APU25_21720	10ACDD888A2884BF1FB5B3B1C75C9630	298	no	no					
APU25_21725	CE16FBA5A9B7F81D859FEF8110992FFA	472	no	no					
APU25_21730	863401A6A940A701BDF5694BF5938594	519	no	no					
APU25_21735	91BA680F45B12BB180B6D9D9BE5303DD	555	no	no					
APU25_21740	775FA81E222D6C184E9ACB253627934A	482	no	no					
APU25_21745	37DAE468516F170395A3741C300A36EB	416	no	yes	5	1	0	4	GO:0005515,GO:0005885,GO:0015629,GO:0034314
APU25_21750	DBA26C3C72D0DEEE86EF0F7945595C39	820	no	no					
APU25_21755	AFFBCE540D829DEF1C96A2E755209F15	567	no	no					
APU25_21760	D3F460E799683DD852AB84ED16259B6C	134	no	yes	0	0	0		
APU25_21765	A5AF1C1230DD1B393569E9F611C05A28	621	no	no					
APU25_21770	04DCDC35BD970941E9DB1A605141CBB8	240	yes	no					
APU25_21775	2BA3E2B12B5667991C89E3484479E293	370	no	yes	3	2	0	3	GO:0003824,GO:0030151,GO:0030170
APU25_21780	C1D9B9D5369F360ABAED60223BBDB314	208	no	yes	4	1	0		
APU25_21785	A316F94BDB2891BD034E07D46F7BCF73	296	no	no					
APU25_21790	E0D3D8FB5553777A7BB2B6E957C15D04	374	no	yes	2	1	0	4	GO:0015078,GO:0033180,GO:0046961,GO:1902600
APU25_21795	1D55ECCA6F32E4405E9B4AAEEB4419C6	627	no	yes	8	2	0	4	GO:0004794,GO:0006520,GO:0030170,GO:1901705
APU25_21800	6555EAC51B5E0A35E5D3E4A38FEBE07E	1314	no	yes	10	4	0	3	GO:0004252,GO:0006508,GO:0008236
APU25_21805	1A11AB3AD413FB7FC1ADB5CDE9E5FD9E	1072	no	no					
APU25_21810	839A1FD8C06F3FEE65BF33901B249709	618	no	no					
APU25_21815	CDE9CF8EFEE9B1998C5B857FB6E29D3B	401	no	no					
APU25_21820	C64D3127EEF4BFD087C0F2054D2DC600	240	no	yes	0	0	0		
APU25_21825	979797389977643D704C728B1AC784E9	359	no	yes	0	0	0		
APU25_21830	1AE60BA4AC368225E4A9033D4930495E	347	no	no					
APU25_21835	5DE75EFEB7009590CA512CAFF9BE9D81	473	no	no					
APU25_21840	6FE7DBFDCB91C998348A743554673497	201	no	yes	0	0	0		
APU25_21845	9F2CD91D14A4BBC28E6DC8739B8B8AAB	282	no	yes	3	1	0	1	GO:0002161
APU25_21850	A44320627CF08A9E61FDA8965E6D8FC6	197	no	yes	6	2	0	3	GO:0016209,GO:0016491,GO:0051920
APU25_21855	E46A7CAEE392F538D11B8A4F6BE00005	204	no	no					
APU25_21860	B3BB49CAB871DC827BEA14A7EE833274	965	no	yes	7	4	0	2	GO:0003676,GO:0005524
APU25_21865	E7FFD2F86A267E604B2AC37045995F81	257	no	yes	0	0	0		
APU25_21870	749740AE691E23380E3A1BEB3D7BB945	1046	no	no					
APU25_21875	84D36924C5957A6FE1812F0B59CE19AA	370	no	yes	2	1	0		
APU25_21880	AD9652F667F97F6AB79DB7D0D6B5302C	105	no	yes	0	0	0		
APU25_21885	3EED66BB211DCD0CDA18C56CDDF6D30D	284	no	no					
APU25_21890	5DA63120546D1F9F773237223F65A6B7	673	no	yes	4	2	0	2	GO:0005515,GO:0071949
APU25_21895	962C7FB049D99DC8D03FD7EB9E114CB8	362	no	yes	5	2	0	1	GO:0005515
APU25_21900	A40B95C8803E11EB1C5E6946275118A2	628	no	yes	4	2	0	2	GO:0016491,GO:0051537
APU25_21905	95FADB4B221DA257DA935239216ED0FF	720	no	no					
APU25_21910	40478C7E6D054E3E5BB7622D4FC88F07	351	no	yes	0	0	0		
APU25_21915	A43642426A0A8BE9C166F2B682EC9387	385	no	no					
APU25_21920	05F9356FDEA7BF6796526F703E8F8F77	245	no	yes	2	1	0		
APU25_21925	B3862643935AD8A57BA00CA5B8DAF227	898	no	no					
APU25_21930	07A31E13A21498DAF4DFDBD0441E9C20	1131	no	no					
APU25_21935	CFFF9972148C64E88D61CB70318D22DF	309	no	no					
APU25_21940	6A1FBC264D71D57961EE0E445CCF8F2B	722	no	no					
APU25_21945	BF781A6B5AA32895EE8389F4765DC655	574	no	no					
APU25_21950	7B1B5DF93D608D189C0D2CC5FFE1D6FD	230	no	no					
APU25_21955	3A74DDC6110C36F2428A6B925DBFFCD7	1064	no	no					
APU25_21960	6227E02D186B346348616A8FB6069E09	237	no	no					
APU25_21965	986104E380D3ABC51130566FFFE5B2D7	205	no	yes	2	1	0		
APU25_21970	B15FF8AC5877916C506C3FCE44B5F488	561	no	no					
APU25_21975	4C5ECFC92F5D4CEADD78DBD59FE2BEDA	480	no	yes	1	1	0		
APU25_21980	3298F97F5DE71EA9D11F23DF93A8DB5C	408	no	yes	5	1	0	3	GO:0003676,GO:0006139,GO:0008408
APU25_21985	B18981CD44484890284203AFD58697CB	333	no	yes	2	1	0		
APU25_21990	D6FFAE4F3F0422592CB295F9A1D22793	416	no	no					
APU25_21995	E57D76A6E162421788EEF10F41CB741A	900	no	yes	1	1	0		
APU25_22000	3EFFA2A0ED666E42509E851744DF4F0D	243	no	yes	0	0	0		
APU25_22005	22E349610AE2658BF9B8BBBB90C18E3C	399	no	no					
APU25_22010	563692D3229F907E1B7CE6EFE39B81C7	576	no	no					
APU25_22015	5DEB45E2D6CF0E8DE3699557F675C906	804	yes	no					
APU25_22020	0E685D6841CA948E6BAC3CF364EBE126	1137	no	no					
APU25_22025	795745CCA55653DC94BB56E24A6DB198	128	no	yes	8	2	0	4	GO:0003735,GO:0005515,GO:0005840,GO:0006412
APU25_22030	88B27129247D014C7E2E81228E8E0AD3	515	no	yes	6	2	0	3	GO:0030515,GO:0031428,GO:0032040
APU25_22035	4B4126C46E8EC5FCBD9FCC112BC723E9	948	no	no					
APU25_22040	B8F459BCB88942489D382D0045ECB1C4	978	no	no					
APU25_22045	B455353FFFC1EF5F36BD99E0DEBFA3CA	622	no	no					
APU25_22050	DA71925ED5850D488381F04D40941986	809	no	no					
APU25_22055	B5218055E9EA0D0B8A5483698436E18E	242	no	no					
APU25_22060	C6BF4B0B0F43DB28EB6C01440959FBE8	587	no	yes	6	1	0	7	GO:0003676,GO:0003684,GO:0005515,GO:0005634,GO:0006281,GO:0008270,GO:0080008
APU25_22065	EF44E5B649C97E8D0995EBED4FE2B639	1119	no	no					
APU25_22070	129AF9F290B26DB7229ECCB28278A343	137	no	yes	1	1	0	3	GO:0003735,GO:0005840,GO:0006412
APU25_22075	0FFB3E42BCED29B4E8ECC4B8235082A6	217	no	no					
APU25_22080	7D7EE13C22D6FBF057DCA8151C1E9B18	257	no	no					
APU25_22085	291B29C9D6416FCFCEC5606353EC097E	120	no	no					
APU25_22090	CFFBB646266347F789915A1074CEEF25	101	no	yes	1	0	0		
APU25_22095	2122A1ECC436069273376809F32EA41C	788	no	no					
APU25_22100	8C8846ED8665456DCCC1E2B38521E8D7	108	no	yes	4	1	0	2	GO:0003676,GO:0003723
APU25_22105	4534E40BAE238B0EB97131559EFB738C	338	no	no					
APU25_22110	38A61908080B195C579D8489981600F3	289	no	no					
APU25_22115	8F0E0155876F56D266770B0C0C0123AD	483	no	no					
APU25_22120	C10B5AEEBE7F2B146B99ECC4A456E63E	359	no	no					
APU25_22125	F1FCC10EFE08B952AE6F6F7227A4F664	545	no	yes	5	1	0	4	GO:0003729,GO:0005515,GO:0006396,GO:0006397
APU25_22130	89D37B90F1A553F37F1ABFF8342BB3CD	430	no	no					
APU25_22135	0BB394F6C11CB783612A11530DF4FCA8	241	no	no					
APU25_22140	398B11868DC75FCE89045BEC7A98B361	451	no	no					
APU25_22145	E607A26BC6B3A7D53AEA35B3FA0F1E47	468	no	yes	5	2	0	3	GO:0000221,GO:0046961,GO:1902600
APU25_22150	B23AB5D57C4C2B19B9B935259B80FCDA	238	yes	no					
APU25_22155	6BDD8063C2769141BBAB8C2667988346	451	no	no					
APU25_22160	BDA155163970B79611D2652E33475A95	712	no	no					
APU25_22165	7E94BC49A4986206A1439EBAA08B6704	369	no	no					
APU25_22170	BBEA60EC48E5E5BF9BF1001A12B8A60F	138	no	no					
APU25_22175	1ABEFA0F4D98D23B5E11FF92F378AEC0	507	no	yes	6	2	0		
APU25_22180	D7E9A83C02C7AE133E388CAFA1F458F6	397	no	yes	0	0	0		
APU25_22185	0AFE232B97A05CEB48E7EAEB338DB424	441	yes	no					
APU25_22190	0A22DFCD2BC5373FFEAFCE619FB5F702	400	no	no					
APU25_22195	2FE6ABFF18370AE91B057DC007DF8A13	271	no	yes	3	1	0	2	GO:0004722,GO:0006470
APU25_22200	D3012F7A010718D7E2EDEF703C5180F5	220	no	yes	3	2	0		
APU25_22205	288485A2EDFA285669F4A655A4DE3C17	473	no	yes	3	1	0	1	GO:0005096
APU25_22210	4142F8275FE8AC6C47C3032163E73DA8	615	no	no					
APU25_22215	1FEEB3DFB50E5453F63D7CF45F5C5D43	534	no	no					
APU25_22220	213FCA7543ED282B60C6C3A77C00C385	165	no	no					
APU25_22225	0B3199217029CF9C88BC00C9AB50D5DF	211	no	yes	1	1	0		
APU25_22230	2EED1183B038AB29DB693B7CFD4350A7	626	no	no					
APU25_22235	64CA61991D7EC7F1BA7455C265E14374	340	no	yes	3	1	0	1	GO:0050832
APU25_22240	97E3BB43318272514EC65B4A76EF1AB4	1092	no	no					
APU25_22245	C27DB51A8D468C5A7F5C1BF739780D7D	378	no	no					
APU25_22250	A0485CA183BDF773A51CB631020E5039	206	no	no					
APU25_22255	31496128145B1FE2589799B87B620776	200	no	no					
APU25_22260	CE7EFBDD481014813C2FC695599CDB5B	347	no	no					
APU25_22265	69DC244DA54C1E67897BA9160F6564C4	593	no	no					
APU25_22270	011C4F5B331F7631187F1F08E046E0AB	302	no	yes	1	1	0		
APU25_22275	1A7BA9936140A2377F921DB6FA7CD2BE	255	no	no					
APU25_22280	E873496651DD74F8DD56ACD65DFFA60F	269	no	no					
APU25_22285	B8DBC4935B5A964B0DA29F1A5338C082	195	no	no					
APU25_22290	49D1228606B57504BF7CFFE06C21B11E	525	no	no					
APU25_22295	7E851047B695DDE93143D416BCDBDFA7	251	yes	no					
APU25_22300	27A5773E990D388C32A4D80A350C0961	1198	no	no					
APU25_22305	E690FE73E0E2CB6AC62E846A1B6D8579	228	no	yes	0	0	0		
APU25_22310	1DB3429387D7118B70912BD6CE0E1BFE	235	no	no					
APU25_22315	EA622385A710CF657C386C4BC314AD36	483	no	no					
APU25_22320	1B5AB768DA01C75C08FE88AF5671AB39	443	no	no					
APU25_22325	EA7EF78520B7235FDF8C282C2DD75358	474	no	no					
APU25_22330	95A99C1B659B344D9F7E57B6386F47EE	253	no	yes	2	1	0		
APU25_22335	5CF8417902945F2CE0E71EFD26F6EB86	560	no	no					
APU25_22340	CC776AD6D90DC12D2B7E4D21A1CB1B0C	619	no	no					
APU25_22345	9A33341995A93BE6034635E4845B6D71	165	no	yes	1	1	0		
APU25_22350	7021DD11BD212D50047104ADD9E58E59	188	no	no					
APU25_22355	B41F30C89E537618F18158BCEF4FE8EE	384	no	no					
APU25_22360	F8A4F2AA76921E76BE1E39A76404F611	463	no	no					
APU25_22365	6D820283D4BE3A474B161D576FC7F890	1087	no	no					
APU25_22370	3E4A4D6ECC9B0DC331BF694D43B1BB7A	221	no	yes	5	2	0	2	GO:0016020,GO:0016192
APU25_22375	3129B92A149B1015493BE2A098BCF036	521	no	yes	10	3	0	6	GO:0005524,GO:0015986,GO:0045259,GO:0046034,GO:0046933,GO:1902600
APU25_22380	CE285EAF115DE89457A30509075549F4	565	no	no					
APU25_22385	9332EE5E04AE547D439326746B28ACF1	150	no	no					
APU25_22390	DD3DEAB80881958FB64045B9E03DE4FD	399	no	no					
APU25_22395	67B5CCBF5D5DE5F07E18DCBE6B61C939	473	no	no					
APU25_22400	F75373D8AAB55699832F9465171BDD45	564	no	no					
APU25_22405	1018CB6086080DF2DBDE7935F98981E1	712	no	no					
APU25_22410	A492FF74EBF41F33ED4FE80C930E11E4	336	no	yes	3	1	0	1	GO:0016811
APU25_22415	9BA57269E48118E48F6999DDBB938DF6	220	no	no					
APU25_22420	8390CB8171AA1104C999A3CCF760C15D	181	no	yes	3	0	0	3	GO:0003677,GO:0003700,GO:0006355
APU25_22425	404F97C2E16F427CC29622223D7F0126	75	no	no					
APU25_22430	2B287BB6C803FD196F86706BAC8BBC46	274	no	yes	4	2	0	1	GO:0005515
APU25_22435	72F7939EF1FB9D807C4BF3506C35DC24	87	no	no					
APU25_22440	3E15E729C80B96A50367E3142C04E142	431	no	yes	5	1	0		
APU25_22445	0CBA383CDD3291126B3DB9748E5AE2F7	1086	no	no					
APU25_22450	F796EFEB57EDF2D99E17DF7DCFEF63E2	878	no	no					
APU25_22455	7010AD6B533E1B4FCF7C4F727A78ABA3	490	no	yes	5	2	0	3	GO:0004222,GO:0006508,GO:0046872
APU25_22460	36E947517BB9146E544BB2BC40882A98	349	no	yes	3	1	0		
APU25_22465	D1A0BE29483865B090913B1BA00A0815	380	no	yes	5	2	0	4	GO:0005778,GO:0007031,GO:0008270,GO:0016558
APU25_22470	6189CE64724876799CE163299B89F1A0	212	no	yes	2	1	0	1	GO:0002949
APU25_22475	C3934CF2DE2265A9A7BBBB502AF7A4E7	494	no	yes	5	2	0	3	GO:0004672,GO:0005524,GO:0006468
APU25_22480	8752B822751528F4A9C7A362C73A6F26	539	no	yes	4	1	0		
APU25_22485	F7DAEB483A8CC932CBBE5B712EF4F126	700	no	no					
APU25_22490	6C8E0844708A5E32F9401E4A020BCC4B	637	yes	no					
APU25_22495	2E30EBE07CB489025109A5065E087BFD	918	no	yes	6	2	0	5	GO:0004176,GO:0004222,GO:0005524,GO:0006508,GO:0016887
APU25_22500	170FEAD76C251ECAAC6299DED8151B71	656	no	no					
APU25_22505	2A397C1AA94A4186F2FA4DBBD35DD345	644	no	no					
APU25_22510	9C15261DDE4301DD4EA3A34C4AC47D7A	359	no	no					
APU25_22515	B22B0748FC25CBDB9FB3097316621DA9	334	no	yes	6	2	0	4	GO:0006006,GO:0016620,GO:0050661,GO:0051287
APU25_22520	8B6B4769324BF946C1474422EEDCCEC7	700	yes	no					
APU25_22525	3F4D78D4171E3210096CEBF1CC872157	154	no	no					
APU25_22530	EECC57CBDDA02D12C2B5F18AEAC69F4A	1023	no	no					
APU25_22535	696C55790F685222F50F4338E889F6FB	264	no	no					
APU25_22540	E8B1A33B24DCACF7DF38CCDEEE413F63	774	no	no					
APU25_22545	46BE9B95AB55CBA697A8EECF5565C459	241	no	yes	4	1	0	4	GO:0004750,GO:0005975,GO:0006098,GO:0016857
APU25_22550	C16C6953FD4578D7537E90FF7D38204A	460	no	yes	1	1	0		
APU25_22555	76757F37DE59C66860820C71908F0CB2	500	no	no					
APU25_22560	530887F56E0A91296DEE42BBA1B2EBDB	67	no	yes	0	0	0		
APU25_22565	6D3111A43CA4EFE73CA6BBBD392B7F20	211	no	yes	3	1	0	4	GO:0003723,GO:0003743,GO:0005737,GO:0006413
APU25_22570	962A98E3172DA7BBBA5CFB94BF2CDF21	147	no	yes	1	1	0	1	GO:0016020
APU25_22575	9228CD7B53E8D3AD9AC6336C5CD52C78	541	no	no					
APU25_22580	CF501F09CA372CAB372A61E1911B9E79	134	no	yes	4	1	0	4	GO:0003723,GO:0003735,GO:0005840,GO:0006412
APU25_22585	3F48AD7BF84CB050F97BCC2FFE046152	471	no	no					
APU25_22590	383C13972A77FAF99FF612411FBA903C	246	no	no					
APU25_22595	2646883D30085DA9FDB7934C340A5D2E	503	no	no					
APU25_22600	87BD26E8C1D136047EAB28F2448C43F6	443	no	yes	2	1	0		
APU25_22605	A9C5325976946B9EB14135C854C1F4A8	134	no	yes	1	0	0		
APU25_22610	A90BDBC1F34F4F2A0A28740B6FD490B9	812	no	no					
APU25_22615	D63B8904D68296BEA101DD321B4203E4	708	no	no					
APU25_22620	DAF6D5037CC866F5C25D50DD0DE0F618	205	no	yes	1	1	0		
APU25_22625	8461CCAADCAF0D7573C7EA34E6459E2F	192	no	no					
APU25_22630	986EF17D048A6DFB4C682EC7836A5046	67	no	no					
APU25_22635	AF90F54CC545D2748656F2BDA9E58B20	184	no	no					
APU25_22640	504BCD262DB6DE453335AFFB83DC1D10	281	no	no					
APU25_22645	3AEF7FFB58896B317278EE21196C8635	472	no	yes	1	1	0	1	GO:0008430
APU25_22650	78D531C8EBA8BACE947D30A1CECFD7E9	147	no	no					
APU25_22655	A308516F05CC1EECDA2057551076E264	119	no	yes	1	1	0	2	GO:0003735,GO:0005739
APU25_22660	075719A9E0CF099B176F892802FB0154	791	no	no					
APU25_22665	AB464CD50B6B16A67EA1778C3A2416E4	223	no	no					
APU25_22670	1B8F4F1F06EE9ACAC3A383449BE877E0	369	no	no					
APU25_22675	26FB8140B67CC5CE3E56EC0AA24D3424	412	no	no					
APU25_22680	55649EB3104A3EE4EDDDAC788E26A9FE	173	no	yes	2	1	0		
APU25_22685	D81FCBF7D82D8484B35BD7C604BE0FB1	466	no	no					
APU25_22690	8798156366E1F76E40243CB9144DA5EC	830	no	no					
APU25_22695	AA39E4893060A1977C5470202C4DBFA5	634	no	no					
APU25_22700	15FCF4109B9577DFC17593735FE9E802	820	no	no					
APU25_22705	069A2677991BEC603464D1E9935FE259	387	no	no					
APU25_22710	F2A39A43FF76D83A753DB972DB893708	293	no	yes	3	0	0	2	GO:0003677,GO:0003700
APU25_22715	3404983B43599365ADBDEE675839FB87	418	no	no					
APU25_22720	A9ECE6ED46DFE9795D294C967E92D540	648	no	no					
APU25_22725	9F43598539B3CF020CCC450180842678	712	no	no					
APU25_22730	5FD3AAAD0277807F89C855D72206E26B	402	no	no					
APU25_22735	9384D1B70F1FF0153B3BC04846E49639	711	no	no					
APU25_22740	D499F166A75225A3F738A852BBED1C9B	333	no	no					
APU25_22745	957BE02155D28B60F52ADF9169A223C4	917	no	no					
APU25_22750	6EA99CF68A30CF4ED7EDF6CECC179518	499	no	no					
APU25_22755	7219FFC039BFB17331A031578757F910	538	no	no					
APU25_22760	4702365B60AB0FBBFC80B3967D9636DC	163	no	yes	4	1	0	3	GO:0008379,GO:0016491,GO:0034599
APU25_22765	E1B58059BB8F6964B8AEE927115A94C2	783	no	yes	4	2	0	3	GO:0003871,GO:0008270,GO:0008652
APU25_22770	DD21A1A6B5AC3799E63E1552806801FA	514	no	no					
APU25_22775	BF08DDB29FE1ACCFACDE290CA5547388	172	no	no					
APU25_22780	AF816C6D4F4EF7110C11F146318210E0	78	no	yes	1	0	0		
APU25_22785	C289A59F5D61F8B16F2DEA6821DD0E90	519	no	no					
APU25_22790	946F923CD3B7FA44119FB91F6CC17BBE	173	no	no					
APU25_22795	54CDC724E1E4B35901EF632AC8F96036	551	no	no					
APU25_22800	997E734C2DB83393F79284E12EEE1AB1	382	no	no					
APU25_22805	CD2E89F9133F43E7F8FE3D18444A60A2	557	no	no					
APU25_22810	2EF6FE188193CED25B76FD694D454FC0	147	no	yes	0	0	0		
APU25_22815	5DF0C30A9E83C13B7BA9AA4E6ABCC69A	1189	no	no					
APU25_22820	98423C62A5EF995777803CC0D6F2B993	426	no	no					
APU25_22825	EC04FB4C2B437899B2F7114A0C952CAF	526	no	no					
APU25_22830	9CA409B106FD65CAC03DCD3F29505CF3	96	no	yes	4	1	0	1	GO:0003723
APU25_22835	729FA938FDCB137F4C87B024471ED84F	155	no	no					
APU25_22840	CF011B38DD8EDA41AC24F7CE25C7ECB3	76	no	yes	2	1	0	4	GO:0005743,GO:0015986,GO:0045259,GO:0046933
APU25_22845	41EFD870AAA6351BDA081661C2F240D7	1146	no	no					
APU25_22850	9551E5F9B8FEA86C66B3033B17999764	230	no	yes	0	0	0		
APU25_22855	E8ED80116B30877032D54294C396FA35	364	no	no					
APU25_22860	5E7E939389EDF6438FA954FE421C4653	169	no	yes	7	2	0	3	GO:0003735,GO:0005840,GO:0006412
APU25_22865	A5FD4069A5605DFADACC8908504ADD2F	818	no	no					
APU25_22870	61AC72363D68A0543888E7C0BDA6D388	235	no	yes	0	0	0		
APU25_22875	76A9817CA859BA1659728EC48ED2C2C7	369	no	no					
APU25_22880	1DBEB2140E6FC23AD2C063BC2555F793	462	no	no					
APU25_22885	4305BD7ED77FD697A9A7D6A951FC6D40	318	no	yes	3	1	0		
APU25_22890	EE33A29096E1BB288846B53C43C1BA8C	136	no	yes	0	0	0		
APU25_22895	AA05E359AB56C89344047650ED822CDD	1218	no	no					
APU25_22900	D8A0A040C219C841A4ACB219CA718E3E	991	no	no					
APU25_22905	B66F994F346CDCA767BA927AD852909C	641	no	no					
APU25_22910	711F255F42EE5742400120CDFB66BC2E	409	no	no					
APU25_22915	A1111FF579BEF3896D86D518A50F1022	384	no	no					
APU25_22920	19097CCC125B590D2222AF50571DC2C8	287	no	no					
APU25_22925	15D81916723B17C42EF4F7CC5EDBE584	268	no	no					
APU25_22930	EBA906268B47292A38A254EC8523FC5C	609	no	no					
APU25_22935	1B8C2819FECB6D4C6ADC726571DBC0BA	438	no	no					
APU25_22940	14F9799B40616CBB018DAB7A945FB2E6	712	no	no					
APU25_22945	49CFA9817FC126B4C2FD96459F56E9FC	356	no	no					
APU25_22950	BBEE21D871BC14322383CCEC7851E0D4	3198	no	no					
APU25_22955	56B70639E795DC35E80367548FC14466	175	no	yes	2	1	0		
APU25_22960	35F325F4BE9C41CABF0AE32E6876CF9B	377	no	no					
APU25_22965	1A3692B1529D37364A48A671ADDB578E	943	no	no					
APU25_22970	1CA73161A339070630EC93B2B14A445B	493	no	yes	3	1	0	2	GO:0008234,GO:0019786
APU25_22975	14CB0875ED0EB90E23402C10834E88CD	264	no	no					
APU25_22980	04D772AD6B373B91230283233E71EB0D	677	no	no					
APU25_22985	19B8512C608B3C73344A5009A1A9FB81	370	no	yes	3	1	0	4	GO:0000287,GO:0006099,GO:0016616,GO:0051287
APU25_22990	C22A46ED6D45710D925F95D3AFC52C81	112	no	yes	3	1	0	2	GO:0009055,GO:0020037
APU25_22995	9162A08F82C48740E8C471A3DFC03615	460	yes	no					
APU25_23000	E925F6A1EA47E265FA3E5BE636CA0707	91	no	no					
APU25_23005	F4FC127FB685F03158D5628FAC8F4361	751	no	no					
APU25_23010	CEDB00B73EB5DF02E2F2F670B2AB0127	115	no	no					
APU25_23015	E2EA9538E5594B85CFE8613D678F6CE8	276	no	yes	3	1	0	4	GO:0005741,GO:0008308,GO:0055085,GO:0098656
APU25_23020	3BBB0323E8D3E85A0729856389DD2B29	1457	no	no					
APU25_23025	98888367AFC981CCA6B3E2D33417507C	443	no	yes	8	2	0	6	GO:0000166,GO:0004812,GO:0004828,GO:0005524,GO:0006418,GO:0006434
APU25_23030	6EA6ED489D1A1BCE4ACBB7E437DEA09B	90	no	yes	1	1	0	1	GO:0031966
APU25_23035	92387C456C4D313B509E8EF3920D3133	113	no	yes	0	0	0		
APU25_23040	859A9C412D556F5E55349B1A1243A61C	556	no	no					
APU25_23045	DB0063428E31A094FE3D909389046BC8	713	no	no					
APU25_23050	D971AFEE643C8048981F185317BB4AC7	858	no	no					
APU25_23055	2DD5D14C747D216A5F6292344DD7B6DE	320	no	no					
APU25_23060	83BEC563EF3B3DC7914DB138CA0CE0DA	372	no	no					
APU25_23065	3C254608E889A9244C0B33D7751A0A39	986	no	no					
APU25_23070	810A1F3ACF6E6EE568420383F2CFE3CA	157	no	no					
APU25_23075	0F4F30EC5DACAA91740DCDE8C786C5BA	873	no	no					
APU25_23080	66CFE844D31E46E0C7AF8108B5AA6271	821	no	no					
APU25_23085	0A7E70FD0C0E84A9843B51E5D58BAC2C	339	no	yes	9	2	0	12	GO:0000150,GO:0000166,GO:0000724,GO:0003677,GO:0003690,GO:0003697,GO:0005524,GO:0006259,GO:0006281,GO:0008094,GO:0140664,GO:1990426
APU25_23090	F464118E67B6CD182E934096510906A8	481	no	no					
APU25_23095	F3BC1899C4773739CCEEA1A7EA5D16B6	615	no	no					
APU25_23100	7AEB55B94B3B093C7074D46301E78AAA	929	no	no					
APU25_23105	AA938AAC8E657A742D7A6E997D916661	444	no	no					
APU25_23110	16316FCC1651D8ADD0236485F67E1ED8	558	no	no					
APU25_23115	35B545A0C19BCA0D34D18136AE779D7E	453	no	no					
APU25_23120	E06A9D2ED32E030C5D93A30AFF8D3E67	2510	yes	no					
APU25_23125	AAEE318E5C2D6551C6F02721E404A382	286	no	yes	2	1	0	1	GO:0005507
APU25_23130	D47C79503310968AE67B291BBCDCCBD7	263	no	yes	3	1	0	2	GO:0008942,GO:0051537
APU25_23135	FE27EA2FC4ACE7BC097617E77C1E5F67	448	yes	no					
APU25_23140	578838C2CD7CAD9984873EA96C0C324E	267	no	no					
APU25_23145	23E459B05718F45E8F57153E45FE23E5	586	no	yes	0	0	0		
APU25_23150	EF0CC3BD1BDFBADD872E05D2D07459D7	189	no	no					
APU25_23155	559B3D635A28B9CE6D4D2A111B3CB148	519	no	no					
APU25_23160	35A546B6261A1FAAAAAE30D1AD39E867	216	no	no					
APU25_23165	471B27E8A1CC12C6CC161D2100ADF470	479	no	yes	3	1	0	2	GO:0003676,GO:0003723
APU25_23170	49727486950897D9F8663A705737384F	353	no	yes	5	1	0	1	GO:0005525
APU25_23175	746379063E7949593C615D1FAC0094A5	726	no	no					
APU25_23180	F4621673990E683FE65732A6987A5A0F	437	no	no					
APU25_23185	39EE8B39C025AD611C447451D40C918D	135	no	no					
APU25_23190	67E0A28CC89BEC798CF3942232A4F82E	316	no	no					
APU25_23195	0992530E646D74C90D70E5DF8BA9DCC1	506	no	no					
APU25_23200	8E1EBF62FA52B55DE9ECF17C5F996677	455	no	no					
APU25_23205	AD9808EFA14AF9BF860F954116565F67	941	yes	no					
APU25_23210	3A6A6971D6C43598E0D12C657DEA1F54	444	no	no					
APU25_23215	F72CA14B7FF1B22D68AE230D3D80CB2A	606	no	no					
APU25_23220	D6A7DA175ED801A046ABF617EC0F8AED	640	no	no					
APU25_23225	C882B6275B982DA5503A87570EE7CD60	242	no	no					
APU25_23230	2815733D0B156355F1732CF2E13E9044	610	no	yes	2	1	0	4	GO:0015205,GO:0016020,GO:0022857,GO:0055085
APU25_23235	522172C5BD8DED4F071CD8C35ABBE664	326	no	no					
APU25_23240	56C8FA029C57343AA8AB532256E21B55	73	no	no					
APU25_23245	1641CF587EC36C0DDDFFC417A3DD27BE	690	no	no					
APU25_23250	02694C1000573FEE26815F88AD6AC7A3	716	no	no					
APU25_23255	10F0789EE255F4736646220362A9C951	267	yes	no					
APU25_23260	92533F4D37E4C28E9291926E44AB6390	220	no	yes	0	0	0		
APU25_23265	CDA99BBA1F192C6ECEA171ED5C7422F3	271	no	yes	0	0	0		
APU25_23270	CE64E7DAAF3240DBD855FE2881D14AD8	217	no	yes	0	0	0		
APU25_23275	0D6B202D23C459A366143F2F2346C714	270	no	yes	1	1	0	1	GO:0000387
APU25_23280	C5E500647F559046458E9CCA8468B9BF	547	no	no					
APU25_23285	B9877F6652C2552D338FC55B3C37DAEA	333	no	yes	4	1	0	2	GO:0046856,GO:0052834
APU25_23290	9922739A4EEF690895B26BDD91D1E0BC	709	no	no					
APU25_23295	A8BA668A2B876B4EDFDAC3D5B584C1EB	534	no	yes	2	0	0		
APU25_23300	3602E7BE5A83E4041C9FA488D3074EE7	90	yes	no					
APU25_23305	1D7C420D15EFB2940E2BDDA276AF47CE	329	no	yes	1	1	0		
APU25_23310	305C9C5180F703D1F1E056FD30E5EEF1	316	no	yes	6	3	0	1	GO:0042254
APU25_23315	C0A7F2A1BD3284374D21A3A56C4EA765	543	no	yes	7	1	0	4	GO:0005524,GO:0006457,GO:0016887,GO:0140662
APU25_23320	763C2C9BCD9021B83F4362499E125D58	252	no	yes	3	2	0	3	GO:0005515,GO:0008270,GO:0009909
APU25_23325	C6EA2EFE8AB2F602135E16D4612F1179	575	no	no					
APU25_23330	5D875E2DE47CE25CD366DD5208828D36	627	no	no					
APU25_23335	00EF0371FBFD39B9E69DAF29519F413B	631	no	no					
APU25_23340	BCAF5B510B60E8963181C9E3199CC7A3	75	no	yes	0	0	0		
APU25_23345	AD5FE325A347F1FDB8613EE432FAA57B	1638	no	no					
APU25_23350	BE01D075B174B30EA217FED057CC06BA	4385	yes	no					
APU25_23355	6589718CFC37C4FAC53C2EF7CDB2301F	317	no	yes	4	1	0	4	GO:0004844,GO:0006281,GO:0006284,GO:0016799
APU25_23360	94DA4D3600E4647757AAF67A51893314	465	no	no					
APU25_23365	14F137B9FC6088816B36F976E12DCB7F	220	no	no					
APU25_23370	371BE9C5DDFCE33E92A7A1AD000BA021	391	no	no					
APU25_23375	1764A1D89C1D3103F9728B748B9EE84F	208	no	no					
APU25_23380	987E1FBB176E492B4F0700E5F24D506B	1480	no	yes	8	4	0	2	GO:0004842,GO:0005515
APU25_23385	001CDE90F0BB38576A5175DE19DE8551	263	no	yes	10	4	0	4	GO:0003723,GO:0003735,GO:0005840,GO:0006412
APU25_23390	1712B6613A6771E6C0AB6507B86CF5A3	213	no	yes	1	1	0	3	GO:0006888,GO:0016020,GO:0097020
APU25_23395	748C94365B053273BF27661E21B1CD6B	603	no	yes	4	1	0	5	GO:0003872,GO:0005524,GO:0006002,GO:0006096,GO:0047334
APU25_23400	0C664F55CD2E77EACEFE08027FD742E9	592	no	no					
APU25_23405	E01492E5F93397099AB2408AC5B15BF1	557	no	no					
APU25_23410	57C2C4B3F6632FAB0B295E30CFC958B4	322	no	yes	1	0	0		
APU25_23415	0F515919B298853D395A7AEDFBB387C2	1067	no	no					
APU25_23420	BA1D5832C1D0B3FEE1634C21D5F0E3AA	432	no	yes	2	1	0		
APU25_23425	636BF598B4886F160BDDC8F539F5CAD1	434	no	no					
APU25_23430	C263194320360122E1B5E51B5C0AC780	835	no	no					
APU25_23435	867492A5235204F58ADE7D731FE5D65D	377	no	no					
APU25_23440	A2E847BBBD6899088BC166CC316C7DE5	462	no	yes	0	0	0		
APU25_23445	6345EF119521D9D1EF5583074EEC0643	402	no	yes	6	1	0	3	GO:0009058,GO:0016740,GO:0030170
APU25_23450	97EA05A7F2E2E2BF721DA18C527D48FD	634	no	yes	7	2	0	2	GO:0005515,GO:0046872
APU25_23455	53BDEA91916E1246252C3D4198341DB7	147	no	yes	0	0	0		
APU25_23460	34511F1A01FBD2EC8E6C0D2CAE727BDE	332	no	yes	4	2	0	1	GO:0001401
APU25_23465	65B3414BEAE93A32DF86E8C961C28375	929	yes	no					
APU25_23470	EEFEC9BF5AC82120643E30326BA90207	736	no	yes	7	3	0		
APU25_23475	26598A19CD50392AF1F58F1DE11A4AC6	116	no	yes	0	0	0		
APU25_23480	B4787779306B9286064828D19FFFA513	345	no	no					
APU25_23485	F9CD9AEA60AF7FAC91BA89F7543DC261	656	no	yes	5	2	0	3	GO:0004553,GO:0004563,GO:0005975
APU25_23490	CBAFF5F769498278D5E1903FB09C3416	158	no	yes	0	0	0		
APU25_23495	38D816B53161D0873E7C808F84A3D580	1043	no	no					
APU25_23500	40BF317D0C7D27DA8639B17A9E9ED5FF	1348	no	yes	11	3	0	8	GO:0000166,GO:0000287,GO:0005215,GO:0005524,GO:0015914,GO:0016020,GO:0016887,GO:0140326
APU25_23505	E91EDDBE8B9716BF51A78048C090AC33	735	no	yes	6	4	0		
APU25_23510	50F7080D51A9A486A985A85B0AC2CBCF	728	no	no					
APU25_23515	6C8A72762C339F5D2C9E29CFECFEED70	756	no	yes	3	1	0	2	GO:0004252,GO:0006508
APU25_23520	30D55444BC127E097FFD1C396ED4FD86	637	yes	no					
APU25_23525	C1420D86D9BCDF1AFA7155EF89A63F2A	703	no	no					
APU25_23530	9A58A91B89D441DB527058F389822BA1	442	no	no					
APU25_23535	30062441CE64968C5CDABA807B60406C	500	no	no					
APU25_23540	EB4CE508C4F8914F1743924E7AA508EF	70	no	yes	0	0	0		
APU25_23545	4C8CC5BE9426BFB5B4651616577106ED	419	no	no					
APU25_23550	BDB9493A02DDD658713CDE5126832312	140	no	yes	3	2	0	1	GO:0003677
APU25_23555	AC0AB1E6D35C0AF7E02C6A026D4B499B	117	no	no					
APU25_23560	035DAF5EEB68EEF8E0B2DC00B1408295	363	no	no					
APU25_23565	F748DB9A62A38717C60E86269AFE5A62	218	no	no					
APU25_23570	FE38510B62BAFD1A10905E906076D565	2047	no	no					
APU25_23575	A5D365F92150C793D2B23742E05E0A25	637	no	no					
APU25_23580	9575F2FE7E2A17E4293C32BBB67786E6	2241	no	no					
APU25_23585	211D7B94E30B767C9837238C1E2214FE	104	no	yes	0	0	0		
APU25_23590	1A0386C6F007012BC08652A3A67335AB	422	no	yes	1	1	0		
APU25_23595	2402B26F06B7421F422BDDC98C73E995	71	no	yes	0	0	0		
APU25_23600	AEAA4AF92AD37EECD526548DC8A8077B	122	no	no					
APU25_23605	D1CE1CF4E743BC8A8BC07A3B86AD23C2	787	no	no					
APU25_23610	3B5A26998DFE8F858DD4B5DB8FBF0F24	39	no	no					
APU25_23615	FB66E79AF59B1830EE616AEB6A554C32	203	yes	no					
APU25_23620	F156D44C82674494A30A4A42BAD24968	77	no	no					
APU25_23625	EE9F93337C9878DF3082208787FCA5BF	51	no	no					
APU25_23630	752D1C6B1F2F728ED80FD24BD786E526	594	no	yes	9	4	0	4	GO:0004617,GO:0006564,GO:0016616,GO:0051287
APU25_23635	24086FAF6ABE68D9F1657666197BFA61	1059	no	no					
APU25_23640	CE914E9747BE80301B18ED6F8120F496	1058	no	no					
APU25_23645	9EE620792775E52B1C0A5F6E8A85C0C6	1044	no	no					
APU25_23650	4679B5BC6B0D1A40395BDA5F9AA71E85	160	no	yes	4	1	0		
APU25_23655	CB0296DAA763E63C51196B499E35A3FC	243	no	yes	5	1	0	2	GO:0004615,GO:0009298
APU25_23660	62A9CD472161698C907CC73923ECC35D	442	no	yes	9	3	0		
APU25_23665	E78F9C329C8150ED5CCEB83CE5321495	754	no	yes	15	5	0	4	GO:0003746,GO:0003924,GO:0005525,GO:0006414
APU25_23670	994C75EA14246CB2D54C06868F9CC898	364	no	yes	3	1	0		
APU25_23675	2C0FD26D3A90733096F4CD21EE3ABF47	215	no	no					
APU25_23680	8C11901A574F69DD53DC2A922DD0E793	603	no	yes	4	2	0		
APU25_23685	513D623A04312EEA47CC5D5028B9A8F6	361	no	no					
APU25_23690	B2D2786415BBDF12220D7F0A8B35B860	320	no	yes	4	2	0	3	GO:0005515,GO:0005838,GO:0008233
APU25_23695	62746A9FB678DF82B05CEB56DE805064	270	no	yes	1	1	0	1	GO:0009555
APU25_23700	FA383195162F3C8FBD9AC04203E51226	189	no	yes	5	1	0	5	GO:0000339,GO:0003676,GO:0003723,GO:0005846,GO:0045292
APU25_23705	25C7DD6824C73F413A3F480DD2CF618A	492	no	yes	5	1	0	4	GO:0004497,GO:0005506,GO:0016705,GO:0020037
APU25_23710	7B0C4EDEB4E4C87B6DB6DAB34C58FD4B	659	no	yes	0	0	0		
APU25_23715	5492B1387039AFE60F6A54B0C45C3B10	226	no	yes	4	1	0		
APU25_23720	33D9D3B950E6FF4DE2655E195F30BC7A	960	no	yes	0	0	0		
APU25_23725	D2AB9A8E699CAB9403AF82AB7A90FD8A	296	no	no					
APU25_23730	1917EF81BFDDC0E2DF791E3632E264BF	519	no	yes	4	2	0	3	GO:0000413,GO:0003755,GO:0006457
APU25_23735	DC35AC993964D119D4BD5A88FF686C02	93	no	yes	4	1	0	2	GO:0003723,GO:0006397
APU25_23740	3E5859445286B6F28F42DE92F22B7976	131	no	yes	3	1	0		
APU25_23745	3726DC4E157CFA4369D8AB7E854FFEC5	208	no	yes	0	0	0		
APU25_23750	0AE2D19A42EAC2BA9131D990C936D3E9	80	no	yes	4	1	0	2	GO:0003676,GO:0003723
APU25_23755	FBC785A0CAF45F079CCEA050CEA2555A	284	no	yes	1	0	0	3	GO:0003712,GO:0006357,GO:0016592
APU25_23760	6BEEA0D6891831E64A8F225EB883BEA4	492	no	no					
APU25_23765	63F84B52D8ABE3010342B1BE2522040B	276	no	yes	2	0	0	3	GO:0016765,GO:0043048,GO:1904423
APU25_23770	C8A9FC2FF0F6EAEF894975BF5B56DAFC	186	no	yes	1	1	0		
APU25_23775	7D793F62C905E538349E37038ACE2328	805	no	yes	5	3	0	2	GO:0003723,GO:0004540
APU25_23780	177BF996D6E609B5DFDE7800733A4DD9	69	no	no					
APU25_23785	694AEE6583A11CA71C2355577908D699	172	no	yes	3	1	0		
APU25_23790	8D4F5DB8F47FED8749C60CEEA76666B8	390	no	no					
APU25_23795	CED11B7B533CC6B498F0E83B256FFD5B	430	no	no					
APU25_23800	907AC89DD7CDEBE63F625712B1D19DE1	416	no	yes	5	1	0		
APU25_23805	86457B0F0908B708A5A4D6DC0ED3E36A	258	no	no					
APU25_23810	DEDD6D1D9DF5410329763AB6B7137796	1215	no	yes	5	3	0	3	GO:0003676,GO:0005515,GO:0005634
APU25_23815	33A64868A43EB0BBC2CDA2220975000A	325	no	no					
APU25_23820	FE96037170D47D172955AF71F45A730C	577	no	yes	5	1	0	3	GO:0004672,GO:0005524,GO:0006468
APU25_23825	41467BF319509A1D48D55D522149A63B	282	no	yes	2	1	0	2	GO:0005743,GO:0006744
APU25_23830	7429AB86A7BFF9807ED7F69C32964C9E	241	no	yes	0	0	0		
APU25_23835	EBCDC067008BEBF7A8286CB85A3B188A	106	no	no					
APU25_23840	F61D4818F555EE03CF8D375DCC73F43A	532	no	no					
APU25_23845	25C9EEDB590B45CB8010CA85A5249387	74	no	no					
APU25_23850	3B0FF7FA82A1F08A441605421249EF74	199	no	no					
APU25_23855	6E812B3175CEF827003AB4E1E9E2D8A5	473	no	yes	4	1	0	2	GO:0016787,GO:0016810
APU25_23860	F733192B301624451CCCD71E147FBD9F	424	no	no					
APU25_23865	0B566F5802226AAB53086CDFFD9C2358	489	no	no					
APU25_23870	1959351FB77B3EA429D9B18D575E1BDF	626	no	yes	2	1	0	3	GO:0016020,GO:0022857,GO:0055085
APU25_23875	C54F9D0189431629C8B309C346D064D0	501	no	no					
APU25_23880	37FD66F09C501214B481C849E22E2416	113	no	no					
APU25_23885	E133CB6B419CB05EBDC59D36455586F8	319	no	yes	0	0	0		
APU25_23890	5BCF8EE68D72292E47B5A9311971DB63	291	no	yes	1	0	0		
APU25_23895	85CCCDCF4035652C1AF427AA87D0D4A1	331	no	yes	3	1	0		
APU25_23900	8B1579FA25B54CACA520439DCD68B700	425	no	no					
APU25_23905	648F7127FC5218D1EBAAC7D4A6760BC4	271	no	no					
APU25_23910	A1B5012B832B9F319DE63DA2DE3656F3	303	no	no					
APU25_23915	D93F93910AB00DAB664CC183C913A99A	66	no	no					
APU25_23920	8E536BC699CA31F44CADF21791719149	359	no	yes	4	1	0	1	GO:0003824
APU25_23925	6565AD1CC05A7E4FA05178D22F09EDC6	702	no	no					
APU25_23930	27FA6E40D2E302D889BF0FE69069C364	754	no	no					
APU25_23935	DFD35DB193588FCA202AA09D3B4B037A	562	no	no					
APU25_23940	3919EB171BCD96312C5A1BA855FBA5B3	410	no	yes	3	1	0		
APU25_23945	B113033ED24781B2054E86174C336978	226	no	yes	5	1	0	3	GO:0004298,GO:0005839,GO:0030163
APU25_23950	40C87B717A254EB6147E0DDA7A7374D6	61	no	no					
APU25_23955	5A648D5E1DE6B86DE8F64185CAAA13F8	355	no	yes	0	0	0		
APU25_23960	C6C8743A08A4F8AB6F40DDB2AF8AAB5E	298	no	yes	3	1	0		
APU25_23965	0188117F36FF03F1F3A584E4CAEAF004	439	no	yes	2	1	0		
APU25_23970	5601FD04ED325802CD7F6EAD8E483C64	127	no	yes	6	1	0	4	GO:0003723,GO:0005730,GO:0042254,GO:1990904
APU25_23975	1602448A2BF8DE687604F41DF182B55E	366	no	yes	1	1	0	2	GO:0008318,GO:0018342
APU25_23980	D278FA02A7982CC34DD48EFBA1654BE0	176	no	yes	1	1	0	4	GO:0000462,GO:0005730,GO:0030686,GO:0030688
APU25_23985	9E154002EFA7D0469C31DA283935243A	622	no	yes	8	2	0	3	GO:0004252,GO:0006508,GO:0008236
APU25_23990	EEFD5C0FE658A513B2C0E51865D56FD4	360	no	no					
APU25_23995	7D5622A81B920E9DC7E08E32DED8E52F	236	no	yes	2	1	0	1	GO:0016671
APU25_24000	DB29B2A386E1AB374D1EA7C87C410227	777	no	yes	6	2	0	1	GO:0005524
APU25_24005	6FF5A474047274883B2D3FDDA85BBA8D	505	yes	no					
APU25_24010	EB6588D6B9BED6FA2E2B0CCE6F63642F	294	no	yes	2	1	0	1	GO:0016020
APU25_24015	5EEC8BBD26072BCE7EBEA1E7ED4E9169	1308	no	yes	2	2	0		
APU25_24020	C003DCD793E138E40948FBD5293DBF6C	558	no	yes	9	2	0	3	GO:0003824,GO:0016874,GO:0016884
APU25_24025	FE4415E28444E2B048C2893445A9784A	985	no	no					
APU25_24030	9551A11A738F823D97A493B28542D178	329	no	yes	2	1	0	3	GO:0005811,GO:0016298,GO:0019915
APU25_24035	6FB1C999556AD112FEB39E260B2E88CB	278	no	yes	4	1	0	1	GO:0055085
APU25_24040	6A5B9F3B0918DFB585800FEF0A307A0B	1193	no	yes	3	2	0	1	GO:0016757
APU25_24045	2172627AEE09BDAB9602DB8E510E9025	268	no	yes	4	1	0	5	GO:0004017,GO:0005524,GO:0006139,GO:0016776,GO:0019205
APU25_24050	74E4746F655F3D1A85EA537C2FBB4477	363	no	yes	6	2	0	1	GO:0003723
APU25_24055	BF45210B0405CBB57EFCC9FE6B3FB0DD	448	no	yes	2	2	0	3	GO:0000439,GO:0001671,GO:0006289
APU25_24060	4A34CC7CF54850F1F38C50F6A82DB681	2473	no	no					
APU25_24065	B577682C11844651FBADFEDD4CE0D525	695	no	yes	4	1	0	1	GO:0005515
APU25_24070	757D722F0A14A1F59CB661004F279B89	196	no	yes	0	0	0		
APU25_24075	9F3CA6B15B6A33E1EF5FF13B3DF8D8A7	597	no	no					
APU25_24080	6EFCAB10476EBB90D6F1D83C6F27F2A4	179	no	yes	4	2	0		
APU25_24085	9B2D9D79CF964209FD4E1146F22D4817	364	no	yes	0	0	0		
APU25_24090	A1D3EB8AB3415F95C810208ABC55F25C	516	no	no					
APU25_24095	83BBDFE081A0FB3963CAAC866FC9BABE	1038	no	yes	10	6	0	1	GO:0035101
APU25_24100	60111E8B9CFFDAE13C2B223F6839AB7A	432	no	no					
APU25_24105	54EDC51E0A9251B267A936BBE14F6DAE	883	no	yes	6	3	0	3	GO:0000398,GO:0005515,GO:0006396
APU25_24110	A423D58A85A7A2EDECDA6366EC485F72	710	no	no					
APU25_24115	49D3849DC6F099CE7185CE0FB6528518	202	no	yes	6	2	0	3	GO:0003677,GO:0003899,GO:0006351
APU25_24120	4AED65A351787992B58D48B004DA1A4A	430	no	yes	4	2	0		
APU25_24125	C6BE54FD881F12B8BB7F41CC3385E5FC	888	no	yes	9	2	0	4	GO:0003824,GO:0016765,GO:0051536,GO:0051539
APU25_24130	0D54DB6538A83EAE9EAB6EFFE8227A78	91	no	yes	1	1	0		
APU25_24135	419B4B4AB13CE0919423AA3944324085	282	no	yes	2	1	0	1	GO:0003824
APU25_24140	0721AF21863253B169B866B68890E8FC	340	no	yes	8	2	0	5	GO:0001522,GO:0003723,GO:0009451,GO:0009982,GO:0016866
APU25_24145	2AACA368451CF527E69B7625B19C8FDC	164	no	yes	2	1	0	1	GO:0009579
APU25_24150	C211E7A7242363BEA5EAF3016F7FA689	386	no	yes	4	2	0		
APU25_24155	24B2164E5E6AD8E4636E19F144F5167F	415	no	yes	3	1	0	1	GO:0003676
APU25_24160	EFC3E2F01FC2F89E010D379849481E79	576	no	yes	6	2	0	4	GO:0003824,GO:0003873,GO:0005524,GO:0006003
APU25_24165	E0EB68D833E16C8F254F87EB0223A9BE	2133	yes	no					
APU25_24170	75E38A4B2E80B33AF015267907B76822	161	no	no					
APU25_24175	6345DD902391FD6CA7758324D391649B	535	no	yes	3	1	0	3	GO:0003743,GO:0005515,GO:0006413
APU25_24180	A9917094266A623B4D725EE11B1AF82C	323	no	yes	3	0	0		
APU25_24185	6794026A853F3AE6038DF62872346CB6	1369	no	no					
APU25_24190	5B911FC5CEAC8B81131AA2B35C3D0475	812	no	no					
APU25_24195	1F7FB62061A2131EB399039014AA88F0	312	no	yes	6	1	0	3	GO:0004316,GO:0006633,GO:0051287
APU25_24200	41C99BE8499936B841D02D80EAF82ADC	211	no	no					
APU25_24205	8F9649D43EF0FD47A2F9DB9254D52CCB	256	no	yes	0	0	0		
APU25_24210	E4EFAB9B1640DBDAFD7613B37BDBC45F	321	no	no					
APU25_24215	18A579E7A542A5E4364DD15C4DDBC4B5	800	no	yes	10	4	0	5	GO:0003677,GO:0005524,GO:0006260,GO:0006270,GO:0042555
APU25_24220	F0422E524E36A8B5B0B7B0662AB2D615	195	no	no					
APU25_24225	57D563189CF86275FDCD4FCF6DD233EA	382	no	no					
APU25_24230	0D4182909C98D31C48D2EA82A3D8AE0A	1514	no	yes	2	1	0	3	GO:0003712,GO:0006357,GO:0016592
APU25_24235	3E28A6A3D1C514698C1581A3EC410DD0	982	no	yes	9	5	0	2	GO:0003723,GO:0004540
APU25_24240	5F41699E4211CA8684BC3780A0185521	122	no	yes	4	1	0	1	GO:0006913
APU25_24245	C39A486E4947D428C07754C7002CEC52	1083	no	no					
APU25_24250	9737D3F4D9E5AC5652D9E1AE698B99E1	67	no	yes	1	0	0		
APU25_24255	36C44940E647B696D468E5201640781A	420	no	no					
APU25_24260	8FF969E44B441243BE93D6B1C9A73FA3	551	no	yes	1	1	0	2	GO:0004181,GO:0006508
APU25_24265	7900A3B929C9FA8961D8698FD512C134	1048	no	yes	3	1	0	3	GO:0000209,GO:0004842,GO:0061630
APU25_24270	B439AC91C09E31977C65564C4EEAC4D0	169	no	yes	4	1	0	4	GO:0003735,GO:0005840,GO:0006412,GO:0019843
APU25_24275	B478DAA4A7B776C78D58E62B47BCEDF3	233	no	yes	0	0	0		
APU25_24280	5322E74C027814CC0DE7B3011A29676D	326	no	yes	1	1	0	1	GO:0000381
APU25_24285	2A1ADA6790533575F348EADC7BE4B285	1472	yes	no					
APU25_24290	91C1A14D688D731BFC0B4279D76799ED	470	no	yes	4	1	0	2	GO:0004553,GO:0005975
APU25_24295	0E3F945589B74F13459CBD9579689627	309	no	no					
APU25_24300	A80D5B9CF2422EABF7160DDAE348FA54	330	no	yes	2	1	0	2	GO:0006368,GO:0032783
APU25_24305	D5ADABBCAFC1A45BDE575C91A4A26E34	1085	no	no					
APU25_24310	B813781BF29D87CF61ACBC7E25191E48	348	no	yes	4	1	0	1	GO:0005515
APU25_24315	8844792C22E94EC0DCBC4F5A3A2F2C90	234	no	no					
APU25_24320	3EBBF6FA4A0900654BD9571DBF27F2CE	178	no	no					
APU25_24325	E495A9800ED98B46653C234301623B05	359	no	yes	0	0	0		
APU25_24330	3C2AC550DD3F74DD83E1ACE9CDBC5625	497	no	yes	2	0	0	1	GO:0005515
APU25_24335	BF8AA339896AD6B04634CEC71783DDCC	245	no	yes	0	0	0		
APU25_24340	7FCC5802A2B1318570E77B89147AE53B	145	no	no					
APU25_24345	09329A574521478B498D4007303616C4	510	no	no					
APU25_24350	FEDB250821C87F3AEAEA4C1A62751A31	173	no	no					
APU25_24355	AB020B2198AE353A883E460557457594	213	no	no					
APU25_24360	EA2B6DA425227E2F286A1F4BCB9C3DF8	600	no	yes	3	1	0	2	GO:0022857,GO:0055085
APU25_24365	CA7587BF2D73E4ACF410BD7563887226	328	no	yes	4	1	0	2	GO:0004601,GO:0006979
APU25_24370	6AA82D7F17000B56CB92641EFBFBDB6E	357	no	yes	3	1	0	2	GO:0010028,GO:0046422
APU25_24375	4C2902CF0867FAEA6AC0102D68C53771	367	no	no					
APU25_24380	7E63D38094C82880A47B9D3F01376C1B	391	no	yes	3	1	0	2	GO:0010181,GO:0016491
APU25_24385	6973C763E0CCAC15FEBC450099054CAC	144	no	no					
APU25_24390	AC612A67A18A8E78DBE2DB97AD334D06	1038	no	yes	4	1	0	3	GO:0004672,GO:0005524,GO:0006468
APU25_24395	6E91B9A1CBF0EA3E86DD9089950278D5	987	no	no					
APU25_24400	F031CAAFB80ACDF70B4CD390844E6080	318	no	no					
APU25_24405	6FEB806EAF807459ABE4C2D04D6F3D41	292	no	yes	2	1	0	1	GO:0016747
APU25_24410	B38928B042C40BA3073588993A6ABD29	387	no	no					
APU25_24415	C25A51F196E46AC473208666C8F1AA60	432	no	no					
APU25_24420	679D80623FD8D9B1A015744A62B46DC3	764	no	yes	3	1	0	1	GO:0005515
APU25_24425	3BBFCA77E34A337D4DA323502A2A1FA8	1274	no	no					
APU25_24430	721D9C2438172F9ED3E349B9F07B8B0E	392	no	yes	4	2	0	1	GO:0005515
APU25_24435	C6D9E5D5CACD222244E2078645CE0994	493	no	yes	2	1	0	2	GO:0022857,GO:0055085
APU25_24440	E77E4E9F6BBB03CD1FEF76FB46B97CB8	190	no	no					
APU25_24445	86C2930860997FED79DBA5EA03CB0251	399	no	no					
APU25_24450	521E9FC68F4C74885D60F3EFD5A6FEB9	247	no	no					
APU25_24455	9200F00BEE2525CF81F04E87B8E1F765	478	no	no					
APU25_24460	C575EEDEE7F63ED708007C608882F76D	719	no	no					
APU25_24465	F52DD3A154FC8EFCB35D9B919E160F23	344	yes	no					
APU25_24470	BB80E65AB55ADE9DD2BAD68C6EB69645	84	yes	no					
APU25_24475	E0649A732F34102FBB6310AFC99457E2	229	no	no					
APU25_24480	5A67AC4FBB5FAEDD19FACE2DCBAFBC5C	77	yes	no					
APU25_24485	CC9E1FBF4F4B7E407448CB3DBD6B903E	397	no	yes	3	1	0		
APU25_24490	F073D8ECCC57B6EF43F91594EB6E1B2F	448	no	no					
APU25_24495	09F8562BC2CC6D160F7F4B1543919784	270	no	no					
APU25_24500	88912C1F66D0ABD68F35AFB69F8AA8D7	334	no	yes	3	1	0		
APU25_24505	E604DA3544F048E3D4CD982D6906DF91	333	no	yes	3	1	0		
APU25_24510	05E43906C25673C0DE995690D5D4797F	1006	no	yes	5	1	0	3	GO:0005515,GO:0016274,GO:0018216
APU25_24515	7A7D87D80CE9939174867C1881D040D5	462	no	no					
APU25_24520	445C4D059B60E9B30B02E6E7FC9592FA	485	no	no					
APU25_24525	8A00539435F25F0785809638CF4AB03F	73	no	yes	0	0	0		
APU25_24530	2105F4C320589FD45A37A6B448E70C78	806	yes	no					
APU25_24535	650A6F5B5FF395DA00FCE2A0EA158107	1339	no	yes	2	1	0	2	GO:0006302,GO:0016887
APU25_24540	5C5C2A59242E3422743B17D99DE11E0F	1236	no	no					
APU25_24545	DF879198747AD686F221660350EF8072	565	no	no					
APU25_24550	36BF4CF5087EDCA79DEC4D18D25D3BFB	361	no	yes	8	2	0	4	GO:0003824,GO:0005730,GO:0006396,GO:0042254
APU25_24555	881BC0EEA6A984EBA58497FE919B87D6	489	no	yes	7	1	0	4	GO:0004372,GO:0006545,GO:0030170,GO:0035999
APU25_24560	DB6589B5A9CE5F28E30340A9E0A46DE3	682	no	no					
APU25_24565	79682C0BA8D6CDD383C32A29012DAB3B	277	no	yes	2	1	0		
APU25_24570	35449C1D67C07FE5C6496D0CD8D37036	199	no	yes	3	0	0		
APU25_24575	356A5B9C7DAF17A96AC7111F46C82EED	198	no	yes	5	1	0	4	GO:0005783,GO:0006511,GO:0046872,GO:0061630
APU25_24580	4D0CDDE23250357D69E721A683B715DA	195	no	no					
APU25_24585	EF38E0461162C9FD4FACF60F35918A99	115	no	yes	0	0	0		
APU25_24590	1192CD31F44DD9AC3E5979155CE837B1	789	no	yes	7	2	0	4	GO:0004143,GO:0007165,GO:0007200,GO:0016301
APU25_24595	8848211591AADA4A3A998FF937D7387E	354	no	yes	2	2	0		
APU25_24600	85AD4E3B9695E1AE13012278332904A4	450	no	yes	3	1	0	1	GO:0005682
APU25_24605	B5425A7CB48AFF679EE36C287C7BCCB0	491	no	no					
APU25_24610	AA967CFFEC9BCF4AF5229E7857D420C1	345	no	yes	1	0	0	1	GO:0005515
APU25_24615	B2B9FFFBD2A998E7166B1F7960613BD0	168	no	yes	2	1	0	2	GO:0005975,GO:0016853
APU25_24620	7703E23C29719AE3A0A29A223404250F	355	no	yes	1	1	0		
APU25_24625	7ACACEB28F2C531F6A5B9D73080BEFC5	158	no	yes	0	0	0		
APU25_24630	2CE2C496735FDA255978BAD812CCA86D	238	no	no					
APU25_24635	FD45A419F795C08FCD0A654EA92AD5DB	447	no	yes	2	1	0	4	GO:0000139,GO:0015165,GO:0016020,GO:0090481
APU25_24640	25127D1D5AAA2A0C7572508D04384B90	683	no	no					
APU25_24645	E1AAA0B1DAD3A576C009A9FFDCCD0318	237	no	no					
APU25_24650	16DFD218ACDBFE3FDE53CEAD094DBD4E	809	no	no					
APU25_24655	47507787341B24F0FCAC86E9D7BE0139	1023	no	no					
APU25_24660	0EE26A2D73947C415A8491173768BA99	577	no	no					
APU25_24665	284E72A1C9ECCE7E1EDDE14C8EE0AA58	73	no	no					
APU25_24670	B47327FCE8555D31B2ADC881BD3E2016	665	no	no					
APU25_24675	CC6D6664F22BC0B9C40D1C57007E8157	447	no	yes	4	1	0	3	GO:0004722,GO:0006470,GO:0043169
APU25_24680	B068000B79499409BB7DF73A5386691E	485	no	no					
APU25_24685	A323CD45CEC643267F5370D8673C6652	357	no	yes	2	1	0	1	GO:0046873
APU25_24690	43E9745816CD155F33A73E5E37A50614	228	no	no					
APU25_24695	E55A99D9DB01F987DCE500E0D472A673	139	no	yes	0	0	0		
APU25_24700	C6556E3B932D57A6AAE498D49C394A20	454	no	no					
APU25_24705	27361752628C2257D52C9836423DA6F5	85	no	yes	0	0	0		
APU25_24710	E2E16C2BF8713235416693C5CE8A2374	110	no	no					
APU25_24715	1342C1612FA3F8F065C792F232B8E690	522	no	yes	6	2	0	2	GO:0004181,GO:0016787
APU25_24720	0104370A4B4AF07D26F78B68F76847C8	788	no	no					
APU25_24725	4475930220E765C4A3E76E5E90C24391	489	no	no					
APU25_24730	16C7EF1D422477724AFD61CD20DE0DF5	234	no	yes	0	0	0		
APU25_24735	4DF468E3881B51AAAF3F2392797F19EC	153	no	yes	3	1	0		
APU25_24740	D198338741DC2AC795D0CC7216CEC94B	388	no	yes	3	1	0	2	GO:0003676,GO:0003723
APU25_24745	A0E12261B171855ECE13F19451E4C80D	791	no	no					
APU25_24750	3F4C64A84F0F814CCE6C66002A576767	217	no	yes	1	0	0		
APU25_24755	58AF15E20F4EADDA90F176D6FE088FBB	514	no	no					
APU25_24760	DB7F40C1C9FF9B402B1BFF3BDF68B8D1	80	no	yes	0	0	0		
APU25_24765	D138E97DD8DA14F1EF4F0637B81BCAAE	450	no	yes	0	0	0		
APU25_24770	A9F64653FF411B9C494B369B3B01E36A	445	no	yes	7	2	0	4	GO:0004476,GO:0005975,GO:0008270,GO:0009298
APU25_24775	117BC6E8A9E6382D6B8067E7D8A87BF5	726	no	no					
APU25_24780	728E890D464E60B566FB11F6FA23C1DF	386	no	no					
APU25_24785	E3F5C1CC134AA745839B8B3CD78DD913	305	no	yes	3	1	0		
APU25_24790	E70B61604493508E38B2D9F699187790	226	no	no					
APU25_24795	4CA5DE1F61B99128A5CFC21DEA3F96FE	217	no	yes	2	1	0	2	GO:0009765,GO:0016020
APU25_24800	52BB3C706E593D9DBD36DEB3DD1DA7B5	265	no	yes	0	0	0		
APU25_24805	51FB5FA582357CD21377466EF8FB5658	396	no	yes	8	3	0	2	GO:0005524,GO:0016887
APU25_24810	AFC670CBA7CD9C91926841348CD1C838	196	no	yes	1	0	0		
APU25_24815	375FB1CCFB0A3494A76F2956E57E23AC	350	no	yes	0	0	0		
APU25_24820	443655DED41CDFD33148DF99FADAEEAA	1296	no	no					
APU25_24825	0A4F07C6F77660ED2C184FAC8F460D50	389	no	yes	9	3	0	5	GO:0003676,GO:0003723,GO:0005634,GO:0006396,GO:1990904
APU25_24830	7B50614AB2BA6F663665C8F507D79124	273	no	yes	0	0	0		
APU25_24835	81D1647582BA985742476EEAF3B152A2	250	no	yes	0	0	0		
APU25_24840	D56CC8D5F3B4B9556DD5093568B6CC14	88	no	yes	0	0	0		
APU25_24845	E8D7726143E9CDBBA25ED10023C25A3D	147	no	yes	2	0	0	1	GO:0016592
APU25_24850	37E8C1FDAE750EF339488B2EA6ED585B	237	no	yes	2	1	0		
APU25_24855	4DE445C00D14EF5C32D47A5547457EA8	1705	no	yes	13	3	0	3	GO:0003676,GO:0006139,GO:0140673
APU25_24860	972E027441882B3C8F543FDB7744B4D3	370	no	yes	3	1	0		
APU25_24865	A4D536245B3EAB83069D80D6F18B6A0E	159	no	yes	5	2	0	3	GO:0003729,GO:0005515,GO:0046872
APU25_24870	1488C74D49116A680C0987B86C33D303	331	no	no					
APU25_24875	4DC5F1ED0948A720DEA85BD0FCF867DF	814	no	yes	4	1	0	1	GO:0003691
APU25_24880	AB58F415C4050A6473B9EA940D3F4A01	411	no	yes	5	1	0	1	GO:0003824
APU25_24885	56B410CBB8F001560F7582BE60E7662C	294	no	yes	2	1	0	2	GO:0008250,GO:0016020
APU25_24890	5F96AAB159A00B24F5B3EAA720B95229	521	no	no					
APU25_24895	02F72464FD67A0C9011C2CC5552C654E	316	no	yes	2	1	0	1	GO:0016491
APU25_24900	D9DDC527184F3AB4A48D82B6D856D48C	449	no	no					
APU25_24905	87FC5345478DECB2F389436485E3ECDC	1046	no	yes	1	0	0	1	GO:0005516
APU25_24910	4574EEDAA04A92955573BA87B95D16AD	745	no	yes	5	2	0	3	GO:0009101,GO:0016020,GO:0016757
APU25_24915	0430885E9BA620171FFCBB6ED8C3C7C3	196	no	yes	1	1	0		
APU25_24920	BCBD07B55E8EB496DBEA2D6ECE130276	379	no	yes	3	1	0	2	GO:0030246,GO:2001070
APU25_24925	D874C0BF4C443E41C15AC67BDFC5A6FF	409	no	yes	0	0	0		
APU25_24930	86FD907F812C03BD7BC3DBA82512E097	131	no	yes	0	0	0		
APU25_24935	67A6145BAFA51493266FC1A76BCAD4A2	70	no	yes	0	0	0		
APU25_24940	275B9F3365AC54341BC0BD2736DE4389	127	no	yes	0	0	0		
APU25_24945	4257E82E92A9D66E7A9667C265FF276B	555	no	yes	5	2	0	6	GO:0003824,GO:0004619,GO:0005737,GO:0006007,GO:0030145,GO:0046872
APU25_24950	AE0EE2AFE9268F22385DA287151560DC	341	no	yes	4	1	0	4	GO:0003824,GO:0004105,GO:0006657,GO:0009058
APU25_24955	37A1F04E646E6A2F89699E1C3396357B	222	no	yes	2	1	0		
APU25_24960	24832655EA360BBB55537418B0BCCDBC	483	no	yes	8	2	0	4	GO:0004672,GO:0005509,GO:0005524,GO:0006468
APU25_24965	5D1987FDE0C5AEE84986B07CEEF7FCD7	151	no	yes	0	0	0		
APU25_24970	4B49386D8921506F89AD14985B9EE988	899	no	no					
APU25_24975	AAB55F1B9D740B43C92AC9F2A65E0078	1360	no	no					
APU25_24980	8A527EFD5FBFC27EB2F5F04E06A7B274	297	no	yes	1	1	0		
APU25_24985	8C35ACCF30C5895D32F8C0471FF8358E	954	no	no					
APU25_24990	EC48EEAA772F59E63D0887FBED1EF46A	983	no	no					
APU25_24995	0C02E9CE9EB5164C3A54161112E1EC6C	380	no	yes	1	1	0		
APU25_25000	A8F526775ECB84AAE1D0474A7414678D	782	no	yes	5	2	0	1	GO:0005515
APU25_25005	B8F369E5B692217175D62E7229ABEFDA	556	no	yes	3	1	0	2	GO:0008410,GO:0046952
APU25_25010	0EE7454CECBD5F480EB4246A7BDE4429	568	no	yes	5	1	0	2	GO:0003755,GO:0005515
APU25_25015	836A4C669BC1E1B9EF3C7E8C22BC64A6	352	no	yes	3	1	0	1	GO:0005515
APU25_25020	360CE474C1DA5B6AEF6CAE0E3D8BB2BA	1041	no	no					
APU25_25025	FD76760AB571523D7C8BC90999563C08	630	no	yes	7	2	0	3	GO:0005509,GO:0005524,GO:0006468
APU25_25030	293A4108484E82B349DA4F0373E43ED8	203	no	no					
APU25_25035	48877426AA5195374EFC4D0746201ACA	621	no	no					
APU25_25040	9DE5150EC4A532B60EACFECE8ACCB490	271	no	yes	1	1	0		
APU25_25045	758FDF6ED1C46C6DB76252CE8C321102	411	no	no					
APU25_25050	1A3C5D777241BA608DCF6B2684711975	93	no	no					
APU25_25055	B8CD9368CC3D68F9642333BC30AB5B75	562	no	yes	2	2	0		
APU25_25060	41DDB7F5B3057E324D24DC5ADAB3FD29	359	no	yes	4	1	0	2	GO:0004721,GO:0016311
APU25_25065	C752FCD00F79358BD8D85CD86A20FAD1	394	no	no					
APU25_25070	BB1267AB7DAD24D55324FA3DA476CC56	940	no	yes	4	2	0	5	GO:0000226,GO:0000922,GO:0005815,GO:0007020,GO:0043015
APU25_25075	5C877E53F275596DD08E930D172FFAEB	918	no	yes	8	3	0	6	GO:0004176,GO:0004222,GO:0005524,GO:0006508,GO:0016020,GO:0016887
APU25_25080	596A87AA94DBB7479E3447BD420CB047	684	no	yes	0	0	0		
APU25_25085	3C94DD091EC9C3D27A4A268547B186CF	757	no	no					
APU25_25090	B23A007E5F72F2C00AB97E34378877EA	384	no	yes	2	1	0	4	GO:0005778,GO:0007031,GO:0008270,GO:0016558
APU25_25095	0F22428228949EB1A9AFEA0A63B6F20E	184	no	yes	4	1	0	6	GO:0004322,GO:0005739,GO:0006879,GO:0008199,GO:0016226,GO:0018283
APU25_25100	D144AE3616C2779B8DEDACE0E5825816	1144	no	yes	5	2	0	2	GO:0003824,GO:0042242
APU25_25105	A1C873BD07AD1B9239AAF1D0D2D56128	192	no	yes	0	0	0		
APU25_25110	39C2603E7C52A448064DB096BE5B93AD	777	no	yes	6	2	0	1	GO:0009058
APU25_25115	E7F1EE102FA41DFD085D63E2EB7D8B18	486	no	no					
APU25_25120	29346982DFBD667F57F92FFE526786C6	517	no	yes	2	1	0	2	GO:0016117,GO:0016705
APU25_25125	8F3DDE1AF57E6D16F377A5DAD46341ED	347	no	yes	4	2	0		
APU25_25130	51122E403869084758093ADBF6790283	527	no	no					
APU25_25135	3144625CF3D4A6FD6CE955CBEC5BEC8D	668	no	no					
APU25_25140	475122C3642283C4F2469AED058BC102	331	no	no					
APU25_25145	9CB99567F5C9694FBD0EAFCA0C7DCED3	196	no	no					
APU25_25150	6EB8C66094C19946318E8E511AA39517	196	no	yes	2	1	0		
APU25_25155	44617A7423099DB4978C7E39018572E1	128	no	yes	4	1	0	4	GO:0003735,GO:0005840,GO:0006412,GO:0019843
APU25_25160	7FA8F2FEE52407564390F8D3E504B9F7	101	no	yes	0	0	0		
APU25_25165	6A6E4A5CC3C211F8755DDA286815DDAB	489	no	yes	1	1	0		
APU25_25170	FEBF5A0574AD80FED8462BA2312977D3	1326	no	yes	4	3	0	1	GO:0006281
APU25_25175	639EBF360BFE2FF237B4BCE964A0F13B	283	no	yes	0	0	0		
APU25_25180	74979770B923F050922956294C131A43	345	no	yes	3	1	0	2	GO:0000287,GO:0009165
APU25_25185	CCC137EEEF21B469F6979229D2845F68	399	no	yes	4	2	0	2	GO:0000287,GO:0009165
APU25_25190	7118863940CD03BF61F9618710E58828	328	no	yes	2	1	0		
APU25_25195	7516E6841A002F76E66375052448413E	243	no	yes	3	2	0	1	GO:0003676
APU25_25200	45CD4AF668168E4F4BCA36AC39E37102	313	no	no					
APU25_25205	683FA7597CCD0D35C44ECC8E49C1FE83	547	no	no					
APU25_25210	15D2307E10D69F19D5FB833C70917E47	476	no	yes	0	0	0		
APU25_25215	A90893EB1C42E49A8E3FD906AEDA3B02	586	no	no					
APU25_25220	69E162DAF0262D2E9411A9135B2FE057	438	no	yes	2	1	0	3	GO:0004181,GO:0006508,GO:0008270
APU25_25225	DE6E5C372738C22F97B976E6E1F3941E	187	no	yes	2	1	0	1	GO:0016020
APU25_25230	BA90428C5474C17C5C330065977B9484	166	no	yes	2	1	0	1	GO:0016020
APU25_25235	AE4528357893E1D4B57E895D52BBD720	195	no	yes	0	0	0		
APU25_25240	EF086A552BDA3518442D3E89E909774A	472	no	yes	4	2	0		
APU25_25245	032E00D21CCD3214FB51E74FCB7755CA	765	no	no					
APU25_25250	93A11C8D622EC1ECF048DE9A39F0F929	513	no	yes	3	1	0		
APU25_25255	FDC8D4C27B2807C62B2197E6E4458C84	1435	no	no					
APU25_25260	EAF118C2288E61EF85E0CD5363388159	586	no	no					
APU25_25265	0536B2B8FA7ED1B12D5E631838052915	277	no	yes	3	2	0		
APU25_25270	6CFDB0AAFD44301A6DB63566B4898BB8	313	no	yes	4	1	0	1	GO:0055085
APU25_25275	8BDE1EA5951679CAF5B72B4E5779ECEB	101	no	yes	4	1	0	1	GO:0006511
APU25_25280	D010485DDC9350AD95597656F6D32E61	332	no	yes	5	1	0	1	GO:0005515
APU25_25285	00BB713D593260C5EAF28DF838425ACC	485	no	yes	5	2	0		
APU25_25290	65EC077EAEDE5AD451BA621830E520CF	791	no	no					
APU25_25295	03ADB42D79608B90202A53EDB776B80C	305	no	yes	4	2	0	2	GO:0008612,GO:0019135
APU25_25300	0DADA1D3F93B4C9E5BC8DE28CBA3FB8E	533	no	yes	1	1	0		
APU25_25305	83E7D9370B1424147D0F995703CA75F9	159	no	no					
APU25_25310	CCBA5707B2E5F0D13EBA89B7055527E0	295	no	no					
APU25_25315	C615E57E696698DB6CDEBBFD084B5104	669	no	yes	3	2	0	2	GO:0017196,GO:0031417
APU25_25320	ADCC45135D95E2F558AF85152ED53B5A	554	no	no					
APU25_25325	7B02E61507D2F9575B2FCBD384E6E791	1568	no	no					
APU25_25330	AF05F8D5ABD38C21D740AD53FA29FE0C	101	no	yes	1	1	0	2	GO:0000731,GO:0006260
APU25_25335	58201A6DDBEC47ECEE2F08A374B71E75	340	no	no					
APU25_25340	7A1437D2E26121737B2AC8873699CB6C	387	no	no					
APU25_25345	0E04EE013BC2C2A9CAEC326FD4D608F4	57	no	no					
APU25_25350	67D9660C0E5757858C5BDF2471DBD54C	328	no	yes	7	2	0	2	GO:0007023,GO:0015631
APU25_25355	8CD1824DE6B99607373B9C91B8D1B692	404	no	yes	2	1	0	1	GO:0004730
APU25_25360	A8C2068A7FF5A4B96DCA18F3529C781A	851	no	no					
APU25_25365	422CC8523B68F955EE9B5A4E6072CB96	240	no	no					
APU25_25370	8DDAAC381F8EF460EE2B24E8F1FC0B73	827	no	no					
APU25_25375	A7A30105DFF4A4B58C0E04077A140997	557	no	no					
APU25_25380	C718F4184073F0AF38A5C59E80774957	1569	no	no					
APU25_25385	810E0CC77B5D0EE58BA5C2F0530E8ACC	506	no	no					
APU25_25390	8659C518CDDC0000032FB0CA0858E4F5	206	no	yes	1	1	0		
APU25_25395	F0AE83A393347119E0E49DA99629C523	402	no	no					
APU25_25400	604D57856B0D249413533B489DECAD8D	574	no	no					
APU25_25405	0E23567001C2DE44524B2E4F3BA7CA1B	252	no	yes	0	0	0		
APU25_25410	DE17ADB2263E88F8839FC19C88233BF1	374	no	no					
APU25_25415	BC8515B58E7AFAB29E62BB0FB0748469	487	no	yes	5	1	0	1	GO:0005515
APU25_25420	CCF17A0018ECB55043379D799A88D462	323	no	no					
APU25_25425	DBDBD4DFE582DCD002644141C0E671FD	623	no	no					
APU25_25430	7533B3972F93D2359EA03348DF8DD0EF	101	no	yes	2	1	0		
APU25_25435	DC693C302F1DA56C0943EAE3248B30CC	444	no	no					
APU25_25440	AA8B1B9E8033B0CE8E79D04283CC05EC	156	no	yes	2	1	0	2	GO:0016192,GO:0030008
APU25_25445	9A92E73EB026A4272BABF9601D30334A	514	no	no					
APU25_25450	9FCD6DDBB289BC924BAA4D44A671D63F	1208	no	no					
APU25_25455	23525CEDDC523C545E38122A603E3DE8	116	no	yes	1	1	0	2	GO:0005743,GO:0006850
APU25_25460	5E14B823789705CEAA01E40F9B76D02D	322	no	no					
APU25_25465	C17B821AF5D39E4FEFF0B6B2BD8E3888	463	no	no					
APU25_25470	227120585856BAB91D4E0C5B03D2B5F1	132	no	yes	0	0	0		
APU25_25475	84BE5EC0C03F964A7B6B5158D25D6E38	1160	no	no					
APU25_25480	2E1428081200C6FF8CB1840D102416A6	175	no	yes	0	0	0		
APU25_25485	5288134D916C6E0407259EA7D1FAC5CA	178	no	yes	0	0	0		
APU25_25490	6344E4D31EFFF661F13C1ECE541E5B54	209	no	yes	0	0	0		
APU25_25495	48635313236CDB739B6B1DD6D33B1B2A	272	no	yes	5	1	0	5	GO:0004017,GO:0005524,GO:0006139,GO:0016776,GO:0019205
APU25_25500	B7817BAE36E661706CCC6A940EBCE129	169	no	no					
APU25_25505	903F00384FCF438BD64604D090D6BA9F	345	no	yes	3	1	0	1	GO:0009228
APU25_25510	F8744ADD2B885A8D6A8F300A6061B579	1083	no	no					
APU25_25515	2C6A8E1939D7D8B780C77E50EDBA0878	124	no	no					
APU25_25520	F9176B43180DCB5381947AD58F77F435	129	no	no					
APU25_25525	6E4292D7051B2C0C66B6088BD697495D	210	no	yes	4	1	0		
APU25_25530	A93827F865B7C6A2881B72076297A19F	243	no	no					
APU25_25535	B813A27A3EB43BADD3284A9BBE4F5225	408	yes	no					
APU25_25540	270171DA41167F8CCB2C2646C224997D	346	no	no					
APU25_25545	8113B24FB1A9DD8CF5E4E3818F85BF7A	480	no	yes	7	2	0	1	GO:0005515
APU25_25550	36CE33ED1824748E6A5DE535F58C55DC	460	no	no					
APU25_25555	AD1C3A4D10E5559A359065700D192AF1	1097	no	no					
APU25_25560	CA6A547F467BB44CCD30CB68A601E0D8	216	no	no					
APU25_25565	3CB39A7A443690C3A9560B79F416E909	69	yes	no					
APU25_25570	E22B1155307B449493B9279656EDA329	547	no	yes	4	1	0	2	GO:0022857,GO:0055085
APU25_25575	A3CE31D56390D9473A694A14DD335178	521	no	yes	4	1	0	3	GO:0003676,GO:0003723,GO:0003729
APU25_25580	5179464CCE8A8C1447E920AA1DCDFAF6	667	no	no					
APU25_25585	8C97F57B71477629849BE80776DD3C83	660	no	yes	3	1	0		
APU25_25590	48988136E96C391BA361770497195E08	371	no	yes	2	1	0	2	GO:0016757,GO:0080147
APU25_25595	7571BF5DF9AD908D83A149952E3A39D2	658	no	no					
APU25_25600	FA9E8E08D8D8395DFA536A0E5C00DE4C	606	no	yes	6	3	0	5	GO:0003677,GO:0005634,GO:0006260,GO:0006281,GO:0006310
APU25_25605	A0B1866A1238F4DF18FC679126F5032F	380	no	no					
APU25_25610	1F186AF4BE52B4A967B5E28AD189761C	274	no	yes	3	1	0	2	GO:0008080,GO:0016747
APU25_25615	6FBD1D15B98CCA0AC28955B6CB3566CC	538	no	no					
APU25_25620	41579D6E2DBE42526D6BC9232ABB4B81	491	no	yes	3	1	0	2	GO:0008375,GO:0009101
APU25_25625	59D5CBD8667CDECA72A3C946D800987C	406	no	yes	3	1	0		
APU25_25630	1B438172DE531C12E55AE4E07029B433	303	no	no					
APU25_25635	48483E626378691EA537216952BA7EFF	361	no	yes	7	1	0	5	GO:0003676,GO:0003723,GO:0005634,GO:0006396,GO:1990904
APU25_25640	0C7669C9FC53DBDF0C5DD05CA37D64AB	513	no	yes	5	3	0	7	GO:0003676,GO:0003684,GO:0003906,GO:0006284,GO:0008270,GO:0016799,GO:0019104
APU25_25645	17E2F092AA45446FCEFE7116FABDF3E7	230	no	no					
APU25_25650	E743F95491A8C2331ECFF77D1E311EDE	195	no	no					
APU25_25655	D7C3D2711A84BB2501767395F3E716F4	537	no	no					
APU25_25660	5A7777354EB6C2063D9872F8D82532B1	292	no	no					
APU25_25665	39F8A458ACB0610B88EC0B22C122D63F	741	no	yes	6	1	0	6	GO:0005216,GO:0005249,GO:0006811,GO:0006813,GO:0016020,GO:0055085
APU25_25670	9B033AC19D2FE6D4A732EA739D4500EF	523	no	no					
APU25_25675	1B655EB735824C755FC651382C72783D	965	no	no					
APU25_25680	72A83B5F503D578E9709DBB97A99D363	938	no	no					
APU25_25685	DAFFC3797DAA76E04A62409B9D55869D	121	no	yes	0	0	0		
APU25_25690	0C7CF73C0A0C88A05A1E3D1C1DB0B8FB	610	no	no					
APU25_25695	14D4CC2A98A13111A8DEF1530EDAF8B6	136	no	no					
APU25_25700	18D8E007A514C37DB502EBCB51A51BFA	118	no	no					
APU25_25705	BFDB3B6C6ACC13E12B0B9AD956188118	213	no	no					
APU25_25710	A1305E96F11AB22A652E07BCAA535D1A	80	no	no					
APU25_25715	2FD4825483F0E4136095914301C092D2	333	no	yes	6	1	0	5	GO:0004747,GO:0005975,GO:0006014,GO:0016301,GO:0016773
APU25_25720	67C72AFB3BF1487251C3E57C68FC17CE	250	no	yes	1	1	0		
APU25_25725	DBD63F3DC5243DE78CFCAD2BD5E2EF35	611	no	yes	3	2	0	1	GO:0046872
APU25_25730	3A60334912E1F57BEAC108A31A9FD073	111	no	yes	0	0	0		
APU25_25735	15714606B6ED234BCCE5DC857D791D0F	219	no	yes	2	1	0		
APU25_25740	CE8907D7DF68B406DEC3437C8DFCF2BF	506	no	yes	5	1	0	1	GO:0005515
APU25_25745	5E7B05AADE4CB08C684E8BD7F1FC580E	350	no	no					
APU25_25750	3FE49E942323AC800E2608EFD56E0811	174	no	no					
APU25_25755	43463D65611EA8BEED172021AEC8FF27	326	no	yes	2	1	0	1	GO:0016409
APU25_25760	68CFC888B38C70BA915A9CB41828450D	98	no	yes	0	0	0		
APU25_25765	575A23092DD1A3EC664A96E98ADD5A2E	551	no	yes	5	1	0	1	GO:0016874
APU25_25770	3411B33C55F2C15362A9452C4D1490E6	926	no	no					
APU25_25775	01EA9A076E30AFB58B1C3F06961BD506	523	no	yes	3	1	0	1	GO:0016020
APU25_25780	D57EEFCDA10838AB5A23CFC403EDB8DC	171	no	yes	4	1	0	1	GO:0047617
APU25_25785	683646DD02CC61DB3F0CC322C7B7DAC7	176	no	yes	4	1	0	1	GO:0047617
APU25_25790	4DC10A1C026F3DBD8C194BD46522D00B	502	no	yes	3	2	0		
APU25_25795	68C9A904AFC5671F09623D18633376F3	298	no	yes	2	1	0		
APU25_25800	0FEE3396C31A78AC82770E3B6E016D45	538	no	yes	4	1	0	2	GO:0000272,GO:0004553
APU25_25805	31165640A12CD38EA183AC98E32B4C68	242	no	yes	0	0	0		
APU25_25810	03E91F66743138E3EFC139D64F0B267A	1187	no	yes	3	2	0	3	GO:0032456,GO:0042147,GO:1990745
APU25_25815	DAED15E5E5ED01F8121B80E67586DA09	202	no	yes	0	0	0		
APU25_25820	8D2F6AE2CC6A05293D56D6E974B6F655	1236	no	no					
APU25_25825	E7A4F2FE7E99EF22CCAAF1FC4E16AC6F	513	no	yes	2	1	0	1	GO:0005515
APU25_25830	0C907926960E9E70F0342F0B873B6D3E	1267	no	no					
APU25_25835	5E7ACF6E934F9C080C5788FC49F7157B	580	no	no					
APU25_25840	DE16F51F34A2F0A72FD8EFBDA1EECA4A	74	no	no					
APU25_25845	60EE0FF957ABB527BCA51E05072D3EBE	222	no	yes	3	1	0	1	GO:0005509
APU25_25850	D583A129C2C772585AC65F8A108B7624	415	no	yes	5	1	0	1	GO:0005515
APU25_25855	FAAE5BA40CDB86DE1838C0EFF945BF01	206	no	yes	4	1	0	2	GO:0005506,GO:0046872
APU25_25860	6EAA762929734E615B9781D0BE50E825	1645	no	no					
APU25_25865	E703FC744FC83159FEF16CCC32503123	217	no	no					
APU25_25870	D809D4DC03DDB370202F48DBE7F876A3	373	no	yes	0	0	0		
APU25_25875	258FE93BC662FEA18D89913948DCA834	483	no	yes	4	2	0	1	GO:0009058
APU25_25880	17EF3EFFB40E3402467FF58A5EDEC34F	513	no	yes	3	1	0	3	GO:0000159,GO:0007165,GO:0019888
APU25_25885	C10F518BF4ED5A2F15024B83A2BF987A	747	no	no					
APU25_25890	24B9071AC102FF27451A95FA8C7A8829	407	no	yes	1	0	0		
APU25_25895	E81F1FA74A83D5A7A6F7261FC55F20F7	280	no	no					
APU25_25900	593DBC3C5A0717B173A98AC5A1308D8C	771	no	yes	16	5	0	4	GO:0003746,GO:0003924,GO:0005525,GO:0006414
APU25_25905	E71DC60991E5832DB08CBBAFEC53B625	220	no	yes	0	0	0		
APU25_25910	CDD04DAEFBC56344A9CC301FC05E0B81	98	no	yes	5	1	0	4	GO:0000398,GO:0003723,GO:0005688,GO:0046540
APU25_25915	398840D9C82FD632A8A51208DB913444	209	no	no					
APU25_25920	8563ACEE6A8DC4B6FC7D67A2792B3AC8	128	no	yes	0	0	0		
APU25_25925	2C48998A426994CCBF63E482EB9034AA	346	no	no					
APU25_25930	09C5FD272E8B2BAEE9CC43C95F0EEB4E	313	no	yes	4	1	0	1	GO:0055085
APU25_25935	187882AB25DB1B1EDD0102E732B5B0FF	421	no	yes	5	1	0	3	GO:0003824,GO:0004451,GO:0019752
APU25_25940	3B994E9A7D639BF25E64828590D2B3E2	371	no	yes	3	1	0		
APU25_25945	597FD324C1E1F650A4F7161351FE6944	369	no	yes	6	2	0	3	GO:0005524,GO:0016114,GO:0050515
APU25_25950	C2BED67DF1279F7CEB5BC16814343C1D	319	no	no					
APU25_25955	54EE7E9EFCBF2802ECF5B2AB9F6D0A3E	264	no	yes	1	1	0		
APU25_25960	3FEC85F7C9C2DCCCFE141A19599060DF	314	no	yes	1	1	0	3	GO:0003676,GO:0008270,GO:0016818
APU25_25965	9E8D6D95FB0B0B04A8DC86C581082E00	205	no	yes	0	0	0		
APU25_25970	131323BAEED16AF553E3ED1F97B7FEE2	615	no	yes	7	2	0	2	GO:0003676,GO:0003723
APU25_25975	3D156F5D24EFF122E9D65C44EAE0621A	217	no	yes	3	1	0		
APU25_25980	E4796D0A91C0DEC8B9B3F121737C36EC	276	no	no					
APU25_25985	BCB5823CCDE28328AE63C28106A1AD3D	271	no	yes	2	1	0		
APU25_25990	D4B43A55CBD6A0BF79A93D6EA879F8E3	247	no	yes	1	1	0		
APU25_25995	96DD1EF060B85864B2809F7FA44D8599	463	no	yes	4	1	0	2	GO:0004650,GO:0005975
APU25_26000	CB26E70609E1E06A431635C3850C0B39	560	no	no					
APU25_26005	5BF383F2ADAAE596477B2F719F7EBF08	288	no	no					
APU25_26010	D5782C0B04519D2B481B365384616EE6	995	no	no					
APU25_26015	ABE505368B8C4D29B58445730F257C97	354	no	no					
APU25_26020	4652813E0CC8301A0317119BDA22BAC6	83	no	yes	2	1	0		
APU25_26025	633F026B97262424341591598652DF61	336	no	no					
APU25_26030	6D2A225934BEEC79E9EB2E048B732CFC	572	no	no					
APU25_26035	3F41FA16040CDF5DD4F65347EDD06488	389	no	no					
APU25_26040	168B2306D21FBA7312E95DA49DFC5D9B	361	yes	no					
APU25_26045	EE890C9117D35962017E030D9463F7C4	286	no	no					
APU25_26050	CB9C280FFCB747D30BC1E367AD09305A	210	no	yes	3	2	0	2	GO:0003690,GO:0007131
APU25_26055	5EAC1FB0171A0BDFCCDE135A8CBDCC27	353	no	yes	0	0	0		
APU25_26060	7AA14474B27B22B44574EEC50FA652D9	695	no	yes	2	1	0		
APU25_26065	EFEDB79AFB82D880DD29D57C824699E1	604	no	yes	5	1	0	1	GO:0004407
APU25_26070	3A7DE655CC742AB5EFD9AC1D913A767B	347	no	yes	2	1	0	1	GO:0016020
APU25_26075	93876AEEB229832A01EEC0665B68A5BD	154	no	yes	1	1	0	2	GO:0042721,GO:0045039
APU25_26080	881C20196CBAC7A7B27B275A9039DC38	420	no	yes	0	0	0		
APU25_26085	8423705B12D9C1EF940A5C4CBA20EF93	1003	no	yes	3	2	0	1	GO:0005515
APU25_26090	6719D2D6DB7297BBF99EE41DE6AE8B2A	674	no	yes	2	1	0		
APU25_26095	927156C5D7AD6FC5AAB2890BD20F7C9F	435	no	yes	3	1	0	1	GO:0005515
APU25_26100	72B716A8C86951AC487BB721F318D6BD	645	no	yes	2	1	0		
APU25_26105	19514F5DF16ECCA9FF0032F591B2944B	282	no	no					
APU25_26110	3EB55A2EAE7D109813C96562E038173A	355	no	yes	4	1	0	3	GO:0005515,GO:0006364,GO:0006396
APU25_26115	5C8791700EFACB7EDF80BD87F73DC7C3	135	no	yes	1	1	0		
APU25_26120	82936E5D7ABC6F7DFDE7013423CB3E2D	228	no	no					
APU25_26125	00908280B3A480EE62BB5B466B6393D5	967	no	no					
APU25_26130	2E82D410B7385EDB95DB9D84532F0C7A	460	no	no					
APU25_26135	88EC7D4B6528313007C0EB9DD7645886	107	no	yes	1	0	0	2	GO:0015035,GO:0045041
APU25_26140	839FF6EC3CE1793E9F25CF989694BE57	442	no	yes	8	3	0	2	GO:0004402,GO:0006355
APU25_26145	3250FB844896D1CE74E0A4E76FD3127D	334	no	yes	2	1	0	1	GO:0055085
APU25_26150	068F58E9AB9782EB7541D7F65812FFFB	364	no	yes	0	0	0		
APU25_26155	53C05AFDE0AC568D7B038FE84AD2C53D	452	no	yes	1	1	0	1	GO:0016020
APU25_26160	7DDDACC912DD172EE2B610C2D1D2203E	260	no	yes	2	1	0	2	GO:0009765,GO:0016020
APU25_26165	E975CEB276C59A729997A2030AE6C7E8	712	no	yes	3	1	0	2	GO:0003676,GO:0003723
APU25_26170	810535EB5F332D2D63D7147850D8BC50	186	no	yes	5	2	0	3	GO:0003735,GO:0005840,GO:0006412
APU25_26175	9BDCE2126FF89A4C68BFA505174590F4	155	no	no					
APU25_26180	DD3E1F258E8A431BF548C6AC0A45E543	731	no	no					
APU25_26185	BC4CF760FAAC856D5942362BB64B859F	109	no	yes	5	1	0	3	GO:0003723,GO:0003735,GO:0022625
APU25_26190	4CFFACCAC68C0242D8351694CB10C331	109	no	no					
APU25_26195	C71C77977ECEB73B857A8810FAE5B12A	525	no	yes	5	2	0	2	GO:0015031,GO:0036211
APU25_26200	E6C391CB4BDD8C02F8A4D9213362A36D	417	no	yes	0	0	0		
APU25_26205	DD7ED72DF3941374EEA194114C8C750A	246	no	no					
APU25_26210	148090133A0A5A0D187775C3818B86E9	1080	no	no					
APU25_26215	BCB4771CAA82E21C2E45F1802F4EE8F5	218	no	no					
APU25_26220	74467D3968EB370B802FAB2B85FF3B66	288	yes	no					
APU25_26225	3B75E6AE9611A9E7C9A4922018526776	585	no	yes	3	1	0	2	GO:0015031,GO:0035091
APU25_26230	D908B8DB1150D18C31F0FB777F25ECE8	171	no	yes	0	0	0		
APU25_26235	8B6B1F1D69D3A51303281ADC2FE86025	306	no	yes	1	0	0		
APU25_26240	669C3BB6A942CB9249F6E25C1A6792C0	940	no	yes	9	2	0	4	GO:0006886,GO:0016192,GO:0030117,GO:0030131
APU25_26245	ED9FDE1AF495D8654203E1C957679D1C	1093	no	yes	4	0	0	4	GO:0005049,GO:0006886,GO:0031267,GO:0051169
APU25_26250	A88BD331E6F139575A1B124392E9E390	942	no	no					
APU25_26255	D6DC709BF953EE5C3AF421FDA1153F84	684	no	no					
APU25_26260	AF9FC08000C71D1069ECA38358B7377B	420	no	yes	1	1	0	1	GO:0000030
APU25_26265	FFD5209FFAEB328FC764869AF540D409	487	no	no					
APU25_26270	3308E9F6E1D846DF59A2C6B2C373350E	125	no	yes	0	0	0		
APU25_26275	18F2292F6A837C3EC0E8DD46AA0D134D	730	no	yes	7	3	0	2	GO:0008661,GO:0016114
APU25_26280	EEAE593BD9F057DB602420B2272EDBF3	516	no	yes	4	2	0	3	GO:0005515,GO:0005730,GO:0006364
APU25_26285	0448E27E968DFCB45D45510C4379B735	443	no	yes	2	1	0	2	GO:0006629,GO:0016491
APU25_26290	68D40B049485CE392F850107427E8725	278	no	yes	4	1	0	3	GO:0005975,GO:0016853,GO:0030246
APU25_26295	3EACE672103D3777577C3856E184D9DC	81	no	yes	1	1	0	1	GO:0006123
APU25_26300	A870163F2F566550EE4F8E8D2C7E6346	123	no	no					
APU25_26305	231A02E9C96D9F2B233B5235B61109F8	355	no	yes	1	0	0		
APU25_26310	B7E503F20203DD96463A69D2E0AC2888	442	no	no					
APU25_26315	A0CC45EFAC1EC7B29C813CACA1E82E1A	354	no	no					
APU25_26320	93E7C080A7599AC905E9991D6FAFEB8F	214	no	no					
APU25_26325	DF7141AD2ACDD891149AA2A9924B4872	408	no	no					
APU25_26330	FD670ACA9EEC41FA0E62A1A627C95BFA	468	no	yes	4	1	0	2	GO:0022857,GO:0055085
APU25_26335	C8432507B5E830C98E693BC2B455B5D8	399	no	no					
APU25_26340	615F6ACDDDD884C4279F1178E92E5A1B	197	no	yes	0	0	0		
APU25_26345	1AAD352F2D44766F34933772F179C72D	458	no	yes	8	3	0	4	GO:0005849,GO:0006396,GO:0031124,GO:0051731
APU25_26350	B787D518EB20ED247A760B9E4618816A	340	no	no					
APU25_26355	F1147476435B933F7108B60BE47DAED4	283	no	no					
APU25_26360	42D95DC73B767E7B1CB79187AF1AD8C8	516	yes	no					
APU25_26365	28DB4DE97FB5C54D4649EB582FE71D46	215	no	no					
APU25_26370	F06C43DF1C7886C662D6614E0349BBB2	70	no	yes	0	0	0		
APU25_26375	3EA9A9BE94BD41390242A62A591FDA9D	271	no	no					
APU25_26380	284CE2FB69F6870A2E9D0077965FF020	359	no	yes	4	1	0	3	GO:0004659,GO:0008299,GO:0016765
APU25_26385	CD1C518E97DF854E61DA6135C3863E00	513	no	no					
APU25_26390	F0BD61A56C15AF31D306DD162F34386A	240	no	yes	3	1	0	3	GO:0015986,GO:0045259,GO:0046933
APU25_26395	06D1BFB418ED79475DDC8C73355E302C	849	no	yes	3	1	0	1	GO:0005515
APU25_26400	816A5D03CCFC04767CA932DED29EA4EA	533	no	no					
APU25_26405	6DE6A6F4C69787283DB7EEE87EC9BE7F	454	no	yes	4	1	0	3	GO:0004672,GO:0005524,GO:0006468
APU25_26410	6811F90B304AB54E44B2763107B0DEC0	516	no	no					
APU25_26415	867AFD743713A8FDDC3FAEDF490609FF	225	no	no					
APU25_26420	F791E5A883DECC64896B8799F15957E9	337	no	no					
APU25_26425	0B3085F9A0485F6B30C1B68D0AB4A59E	939	no	no					
APU25_26430	C2FE286D19EE3AB55AE8655D0A56A7AC	5361	no	no					
APU25_26435	9AB2D4FBF2DE1EC0E9948A95629F1CD5	411	no	no					
APU25_26440	A9B4E43F98FF018886B8DC5F78CA6014	1002	no	yes	2	2	0	1	GO:0005515
APU25_26445	CEBC5F2C698D0B6540398C85F9C8DA30	476	no	yes	0	0	0		
APU25_26450	9D61CC44137BFD7CBE246388EC8225A4	373	no	yes	3	1	0	3	GO:0003884,GO:0019478,GO:0071949
APU25_26455	E92E33221984322D34218FA7D417CEF8	433	no	yes	0	0	0		
APU25_26460	820EC370DE276CCAD342091DD9604B45	253	no	yes	3	1	0		
APU25_26465	BE5C7BF4FD909C6A1EC51F3050489A60	217	no	yes	0	0	0		
APU25_26470	88D8FDA90D9C241A8F8435C589BDCB1F	188	no	no					
APU25_26475	F8D62588BFD8FA889658ACE73FB9BFE3	547	no	yes	1	1	0		
APU25_26480	F81577398F5A5B6E756C39DEEA6D895D	465	no	yes	4	1	0	2	GO:0005096,GO:0016192
APU25_26485	C7034C8EFBA3FB33D5FD7F990B64546E	258	no	no					
APU25_26490	880126922694BAC375E9E4C5A43644E0	304	no	no					
APU25_26495	44C3C1E80A89FEDB0372B60CDB7FF6D9	420	no	yes	7	2	0	3	GO:0008270,GO:0016491,GO:0016616
APU25_26500	BD3D4921550D433754D029960D82D89B	432	no	no					
APU25_26505	0DCB013BC9DE685AA70DA6EA032FB277	390	no	yes	3	0	0	2	GO:0030246,GO:2001070
APU25_26510	855C9350D5437373F7A826341FCEEF83	365	no	no					
APU25_26515	6990B0A4D9A12B4362E4554AD0A3C091	882	no	yes	3	2	0	1	GO:0005515
APU25_26520	794767BB93548491E10F07F0972FB505	339	no	no					
APU25_26525	418698245D0BEE275F624BE1EBFE7FA0	349	no	yes	2	1	0	3	GO:0003697,GO:0004222,GO:0006974
APU25_26530	E0994D33214C62E7315A7563498213B3	257	no	yes	1	1	0		
APU25_26535	7CDB449589C5A5870578776C63BA119E	477	no	yes	6	2	0	3	GO:0003743,GO:0005515,GO:0006413
APU25_26540	D3C897BB35BA69536212E8FB00AE030C	1765	no	no					
APU25_26545	78739680ECD76E87E06F15A051377BF3	309	no	yes	0	0	0		
APU25_26550	F3ECA724B259190DAB7106226E40197A	522	no	yes	0	0	0		
APU25_26555	961C23C633D158A8ED173C8FAE3D1924	1610	no	no					
APU25_26560	C0CF3DED1EC7C29C90E004C24E9EE5AB	119	no	yes	4	1	0		
APU25_26565	397171F563038AA835D09C2DD14E615A	701	no	yes	4	1	0	2	GO:0046488,GO:0052742
APU25_26570	3AE4194E848D82D3467DA7CD6CF4AE15	409	no	no					
APU25_26575	859B9995E9475F67E061F4AEC520CDD2	298	no	yes	5	2	0	2	GO:0005515,GO:0008017
APU25_26580	79A1AF3D4D11DF827B5E4B9AA7BCB4C5	341	no	yes	3	1	0	1	GO:0055085
APU25_26585	84E72F9F66141CECB96951F5E7DA6216	790	no	yes	1	1	0		
APU25_26590	43BA83040871478B3081B69DCB0C54E7	292	no	no					
APU25_26595	F1600F3685B63648F34B10A8561D88E6	179	no	no					
APU25_26600	DD9807A22D96332489C86C745D194534	399	no	yes	5	1	0	2	GO:0004843,GO:0016579
APU25_26605	19A7484F0BA3D3CF6E5BDC6E1BDC5BF1	294	no	yes	4	1	0		
APU25_26610	2917250317F59121F4D15527B3D4C6FE	205	no	no					
APU25_26615	BC7A56C5E61DD293768F3D13816AA469	521	no	no					
APU25_26620	E71F2F28DFACE9EAF4CE407482A0F3B7	643	no	no					
APU25_26625	711771F44C24EB7077D72D7396F06240	344	no	yes	2	1	0		
APU25_26630	C534AA86BEF298EA6ABFAD6FD6E32BB6	446	no	yes	2	1	0	2	GO:0017121,GO:0017128
APU25_26635	5ACEF26414C6FDA4128DE72A3C083876	323	no	no					
APU25_26640	47B8F635C3A940E62445B5061E2DC21C	424	no	yes	5	1	0		
APU25_26645	5EA1F49A063876F0CC998D91A479C3F0	360	no	yes	4	1	0	2	GO:0008270,GO:0046872
APU25_26650	C51DF095BF40210E97A11A01779BCAD6	874	no	yes	5	2	0	2	GO:0003824,GO:0005992
APU25_26655	01C135D2CB8D6DD11C1A9A4D2A6504FD	285	no	yes	4	1	0	1	GO:0016787
APU25_26660	8088BFBA570BA8FE1470E5A77AF9B21D	413	no	no					
APU25_26665	84D1B1BD2BF25162E8668F4206CF8E40	195	no	yes	0	0	0		
APU25_26670	C4824376BF4EFCE9592639CEF12E20D8	195	no	yes	0	0	0		
APU25_26675	329804B33D7953355D5D0BD064AE37F0	457	no	no					
APU25_26680	6DC0FBF3A2DC8FE4943AC122F5A49ED0	433	no	yes	3	0	0		
APU25_26685	4069CC9A08619EE4D2D4F2364BC30CB2	322	no	yes	3	1	0	1	GO:0006644
APU25_26690	CA72D36D974E32E45E418F04716BCB54	1049	no	no					
APU25_26695	4AC20E6C31BD3BB86C0048C60D427DA1	360	no	no					
APU25_26700	9C1098C981B95992E4696513022C585E	178	no	yes	0	0	0		
APU25_26705	77D83DBD952420876EFCD8413784F4E8	489	no	no					
APU25_26710	6F32C3CBC2EAFE8984E2C3B686A0C938	371	no	no					
APU25_26715	E0679CB768721BE7C006D38923997591	408	no	no					
APU25_26720	8CBB753BAF8348AF2DEF4D1AF55133E6	176	no	yes	4	1	0	5	GO:0015078,GO:0033177,GO:0033179,GO:0046961,GO:1902600
APU25_26725	AAE08530EEFDC39EC9C69FF35CF203ED	571	no	yes	6	2	0	3	GO:0004657,GO:0005509,GO:0006562
APU25_26730	6D2BBA6CD2EB68B4BF8477C04B1278CE	722	no	no					
APU25_26735	38C98E06C60FDEBD91461101EDB62B97	361	no	yes	3	1	0	3	GO:0015986,GO:0045259,GO:0046933
APU25_26740	63AF8B8233EDAAEDB31CD72FB77924EC	370	no	yes	3	1	0	4	GO:0005515,GO:0005778,GO:0008270,GO:0016558
APU25_26745	C8D591CF0A0FD7DA871BB6FA677E9B4A	451	no	no					
APU25_26750	EED7DE0622F63A845E841901A3776742	136	yes	no					
APU25_26755	E0028878B3B9597B86A9921C803F45CD	166	no	no					
APU25_26760	D1101F3A2623200405AD5CEC837C2DEE	426	no	no					
APU25_26765	0C2898BD9F53B673297B9780461651BA	654	no	yes	5	1	0	2	GO:0003676,GO:0004527
APU25_26770	36ACE5F743023CF8B0D1864C98F36FDE	482	no	yes	2	1	0		
APU25_26775	54DAFCA960F6E9F5729665D478FFD56E	754	no	yes	6	2	0	4	GO:0005524,GO:0006457,GO:0016887,GO:0140662
APU25_26780	AD0DEA9BC1BC6B4A8C2E5EE52A496A84	235	no	yes	0	0	0		
APU25_26785	F0A0975C8E907187B4A285FA22181370	199	no	yes	0	0	0		
APU25_26790	0669AAF00310C610BCCBF101C2138EE4	292	no	no					
APU25_26795	9A77549AF17AF1C83845F63A08147A9D	974	no	no					
APU25_26800	313A29727DBDE962FC668EDDC1BA79CA	216	no	no					
APU25_26805	8C453295641D6E846ECE0CF5943A8CE4	369	no	yes	0	0	0		
APU25_26810	3C3D0DCF0A394B47398471CE9602E1F6	401	no	yes	1	1	0		
APU25_26815	B3E26886E2822AC8CE8B4D4E2B3ADBEC	253	no	yes	1	1	0		
APU25_26820	2A0CE5F8A7C959CD2CB0B4FEBD93C830	340	no	yes	2	1	0	2	GO:0005524,GO:0006468
APU25_26825	D1DEF4FE20C0ED31832D60758A29C8F3	494	no	no					
APU25_26830	6547F252F602E68E744CD903ACF35E61	231	no	yes	4	1	0	2	GO:0003677,GO:0006352
APU25_26835	89E3CFC6605440DF5F31EEDFBE43A1A9	128	no	no					
APU25_26840	9A25FAE38915309C62C97979D72057D5	466	no	yes	0	0	0		
APU25_26845	0080B736E9FD37E8250ECCB057FA4DC6	579	no	no					
APU25_26850	B50A474970FF1E8477A98C8B81C1A2EF	262	no	no					
APU25_26855	09604BCD39E1F5839B76B6B953F543C8	161	no	yes	4	1	0	3	GO:0003735,GO:0005840,GO:0006412
APU25_26860	17A8A3BDC0A6961BEE530BD6D4B8CC7C	422	no	yes	0	0	0		
APU25_26865	4FE8D1202DE46BE090DEB0ED89A739DF	780	no	yes	4	2	0	1	GO:0006629
APU25_26870	5D89589D9B3A4BDC985700471D980751	313	no	yes	3	1	0		
APU25_26875	B2B3E58A8966F322E8C803F87CB6E78E	522	no	no					
APU25_26880	A52F03A0067FB51C1466CB92BA0AC2CC	179	no	no					
APU25_26885	D4ADC5549E631B4EA6296AF9995B8DC7	411	no	yes	0	0	0		
APU25_26890	6315D0692D67DE463B6A1F9C680A19B6	1402	no	yes	9	2	0	5	GO:0005524,GO:0016020,GO:0016887,GO:0055085,GO:0140359
APU25_26895	95D8BD720952D84C7A27382DCE0B2B0F	73	no	no					
APU25_26900	B8145C4BEE3FDDD3D82107C88535BBB8	286	yes	no					
APU25_26905	0C19ABC60A6F797B3B3196C00B0C459A	137	no	yes	5	1	0	2	GO:0016226,GO:0051536
APU25_26910	6F1D70515C192BEE98980E51BE916AFF	313	no	yes	3	1	0		
APU25_26915	E76FB558246CD6F694483BBD1BB2BD55	801	no	yes	6	1	0	3	GO:0004672,GO:0005524,GO:0006468
APU25_26920	ED1856E97EBC2E027BBE16153B720924	858	no	no					
APU25_26925	20C014432959AD2FDF4CFCDD85ECE3B4	531	no	no					
APU25_26930	8CA269455F458498101D3E3468F6EA89	4962	yes	no					
APU25_26935	70FA36FF068A1F794EAE9A67F3C859AD	1026	no	no					
APU25_26940	90D382B3977ECAC2AE356091AB58C12C	1043	no	yes	12	5	0	7	GO:0000166,GO:0005215,GO:0005388,GO:0005524,GO:0006816,GO:0016020,GO:0016887
APU25_26945	889D2807F7D794F182C9D3225D976478	106	yes	no					
APU25_26950	C8FDBF0C6C2328626C6FBF645E285348	1341	no	no					
APU25_26955	C383B569C8CC6967BF12A9600BAE1F7B	163	no	no					
APU25_26960	4F556AF3F49422127853694126E766BE	672	no	yes	5	1	0	4	GO:0003777,GO:0005524,GO:0007018,GO:0008017
APU25_26965	67CA44FB41DE7239B4BCC770DF051F23	442	no	no					
APU25_26970	80A19F917C283E89538F022B155F1507	595	no	yes	5	2	0		
APU25_26975	525A088E8AE7FA4F7AF8257CA685E480	304	no	no					
APU25_26980	D2F37A705EA40A3913940BB32608DCDC	1091	no	yes	0	0	0		
APU25_26985	969D91B2F27DDA30FCB8A45524F9F815	734	no	no					
APU25_26990	EF02C1652A5D7449B8A56DD7C16FC04E	740	no	no					
APU25_26995	635D3B2BEE30949C5772C3B30D9D6BF2	765	no	no					
APU25_27000	6A8D580683EF518E70AD210F400378B0	1570	yes	no					
APU25_27005	F57A17C3AF8373A5E849BBBE7C9057EF	276	no	yes	6	2	0		
APU25_27010	A87C1FD3AC2E2DFF02EA0702D5A50C3B	330	no	yes	8	2	0	7	GO:0003824,GO:0006108,GO:0016491,GO:0016615,GO:0016616,GO:0019752,GO:0030060
APU25_27015	81AC47B9CF3E21672F6FC5CF29B11458	363	no	no					
APU25_27020	00A318C368F1663560F5D52C575DD6E0	518	no	no					
APU25_27025	C1D4218BF6C74D88567B691965EC176A	1071	no	yes	9	6	0	4	GO:0005049,GO:0006611,GO:0006886,GO:0031267
APU25_27030	008F2BEC15B4835873D629EC1D546FB3	924	no	no					
APU25_27035	D8AC7A7BA63E02200033B6E5421CECDC	942	no	yes	8	1	0	3	GO:0004672,GO:0005524,GO:0006468
APU25_27040	478246AEDCD08571D2C5B28862C13476	290	no	no					
APU25_27045	ED867F1A47CDC11FE6ABB23BF5DDF320	360	no	no					
APU25_27050	137EE9FD1AAEFAE852D1AD4D8E104610	788	no	no					
APU25_27055	62068C7C71E456D81B62B3CCD892775B	259	no	no					
APU25_27060	C8D848DFF4C3EA50C5DBE797C3108AF6	577	no	no					
APU25_27065	ACCB2CA92907D81A543A9EB867B5EDC1	397	no	yes	3	1	0	1	GO:0016787
APU25_27070	94519C211EACD6BFFDDB333E7827B6E8	370	no	no					
APU25_27075	F19689A8C2749A256D1C7724CA216599	351	no	no					
APU25_27080	C7087659AC9121D1B016DF51AC70C915	135	no	yes	2	1	0		
APU25_27085	12E2892B34D31B9E3A28EB2252F72E0E	343	no	no					
APU25_27090	4BD444D161CB67302A75C24C72CB784F	42	no	no					
APU25_27095	541474155CFB273B9AED204FD1948A7E	314	no	yes	3	2	0	1	GO:0005515
APU25_27100	CC00774173BA29267F521E97944681EC	81	no	yes	1	0	0		
APU25_27105	BAA73E80A836ED90B9167A1FD3DEB049	517	no	no					
APU25_27110	3307EDDA007E3F7810F04091F221B238	245	no	no					
APU25_27115	235368019E89B014540B1A2577F34CEE	434	no	yes	4	1	0		
APU25_27120	688B825A0E7DFCE6C4498E7EA2192681	74	no	no					
APU25_27125	DF77B840BE2CC4F5FD5024E483E36486	256	no	no					
APU25_27130	DE369DB62D6AA423D6CBE7672DE8C7E8	161	no	no					
APU25_27135	EC436396492F646CD767C4B5B3C20860	203	no	no					
APU25_27140	58A54A110A38EA965E9F70080ECCA567	427	no	yes	2	1	0	3	GO:0000030,GO:0009101,GO:0016020
APU25_27145	A9ED2324D79F82EC3BBC467DF63CDB9A	322	no	no					
APU25_27150	5078CB18FC86EC9F4CC72D282DB33CAE	982	no	yes	3	2	0		
APU25_27155	122A75E188D16A6D432A1345673416A9	274	no	yes	5	1	0	3	GO:0004298,GO:0005839,GO:0030163
APU25_27160	59E9315002F4C6A735022CBA1F2BE9B3	670	no	no					
APU25_27165	0D1561B6909F9BF561936310FEDDEDAC	336	no	no					
APU25_27170	30875018E4E6AC8CD95A406EAFE6AD10	99	no	yes	3	1	0	1	GO:0005515
APU25_27175	86EE1897B67C1872A7D95C19E49F8CAB	648	no	no					
APU25_27180	0BBAE489967A6A94C8824EAE582F5093	1322	no	yes	3	2	0		
APU25_27185	71E96930AB80217B223E3E6026661080	243	no	yes	0	0	0		
APU25_27190	FDC4547EF79B91A01D19E52FD26E7912	299	no	yes	1	1	0	1	GO:2000640
APU25_27195	122593111E2D2CA3BB148A3B4558932E	201	no	yes	0	0	0		
APU25_27200	E9D13423A273E87D0E8A5257FC0604BD	492	no	yes	1	1	0		
APU25_27205	52F9D0907210226D510326D76F3BDE86	1048	no	no					
APU25_27210	0202E1106FB1E99D5E3BCF7DAF078812	428	no	yes	6	1	0	2	GO:0003676,GO:0003723
APU25_27215	B0EEF68FE66C68F4A44BD41F8D6F9D96	330	no	yes	7	2	0	3	GO:0004514,GO:0009435,GO:0016763
APU25_27220	5BC71E07E8A8EC5D736BA660C4209412	300	no	yes	2	1	0	1	GO:0005515
APU25_27225	FA9FF4437130637F59552140F87C0AAC	440	no	yes	12	3	0	4	GO:0003746,GO:0003924,GO:0005525,GO:0006414
APU25_27230	9851A6FFE26A91B6AC9AFE5BA424801C	859	no	no					
APU25_27235	27C2676157CA5A669BB5B370A0429207	679	yes	no					
APU25_27240	36FA19B2A02913F4D210F7571226C846	143	no	yes	4	1	0	3	GO:0005524,GO:0006457,GO:0044183
APU25_27245	3425D9EA23D8104388909FE10356781B	179	no	yes	1	1	0		
APU25_27250	0B983702DBF7C030FC1FFF55BD91D5A6	515	no	no					
APU25_27255	EC35EC3A28AB2C687D1C5512ACBA9A5C	101	no	no					
APU25_27260	851ADDA9FE16BA8BB147A42B03E2E745	217	no	yes	2	1	0		
APU25_27265	56F6E3988ECDDDED17CB658A8F04027D	259	no	yes	1	1	0	1	GO:0015031
APU25_27270	7DA6D3A6ED00AC512020DD6B27755436	400	no	yes	3	1	0	2	GO:0016020,GO:0055085
APU25_27275	AADCC7AFD7A11F5C29788DD914C2C579	591	no	yes	1	0	0		
APU25_27280	4A1251EA8000787AA7AF30831597A8DE	567	no	yes	5	1	0	1	GO:0016874
APU25_27285	EB8D6A3B4D5881083B7F410C4003833C	611	no	no					
APU25_27290	3A5D8857B26E802AEC6ACF5068A06D42	246	no	no					
APU25_27295	D7C11D811EC9A1332D424DBDDCF84D7E	404	no	yes	1	1	0		
APU25_27300	CCA939BD927C940FCC7CE2B58D1C4612	557	no	no					
APU25_27305	78B147350FF5AAAF5197829960FC1FC7	689	no	yes	4	1	0	1	GO:0000009
APU25_27310	3547E670E64836910A38E4421179813C	424	no	yes	4	0	0	4	GO:0003677,GO:0003700,GO:0006355,GO:0009873
APU25_27315	A07B9BE15516A5657774EAAAA928ECA3	328	no	no					
APU25_27320	0B772167B428E6312BA1F0B019457C58	270	no	yes	3	1	0	1	GO:0009058
APU25_27325	9833A8A47AC686D255701CBE40146247	385	no	no					
APU25_27330	48BC9C4B734CA5C7E5419EFB533CA3D0	867	no	no					
APU25_27335	03A623FD41A77872723C4DEDAA84793C	843	no	no					
APU25_27340	9E729A431B14D30ADCDD08957A72C190	328	no	no					
APU25_27345	4C1F9DFE6EA2DFE0D2A8195D6B5D45E3	2080	no	yes	5	2	0	2	GO:0016504,GO:0070628
APU25_27350	5F574F9FD55E73CFC1DFB08CFAE0DA90	160	no	yes	3	1	0	2	GO:0006352,GO:0046982
APU25_27355	527E1DE302CD66FDA2F4EC7BF1A06B55	123	no	yes	4	1	0	4	GO:0000786,GO:0003677,GO:0030527,GO:0046982
APU25_27360	139B65438EFE7E4ABEEA4D89D8FAF045	1301	no	yes	3	0	0	4	GO:0000127,GO:0004402,GO:0005515,GO:0006384
APU25_27365	2CB9AEBD149AE003F9343A559E6D41E3	547	no	yes	6	2	0	1	GO:0005524
APU25_27370	B7034C10A249D161E2B275DDD72BD318	375	no	yes	2	1	0	1	GO:0005515
APU25_27375	DDDF536056C0E22658DAB07427BA756C	505	yes	no					
APU25_27380	4A858D7D1D0AEEC00AC80A7D27AA8E17	706	no	no					
APU25_27385	EE8CA1339B3D307199CD3488F52C86B4	1252	no	no					
APU25_27390	85302D20D43BE405B3C0328255295C5D	237	no	no					
APU25_27395	7EC2DF96825093BCA101C76EC489F2AF	564	no	no					
APU25_27400	FC7679C9DB0FFB7677CB0B6CE2EF0084	166	no	yes	1	1	0	1	GO:0003725
APU25_27405	773CCF76327B3F31736608AF57B81366	186	no	no					
APU25_27410	41748DF52B5748233448C70524837AB4	769	no	no					
APU25_27415	85053F5D1C1030C0FF156D4EE9FB5E95	144	no	no					
APU25_27420	B121291E30E357FDA4F530EE5EA03C11	802	no	yes	3	2	0	1	GO:0019867
APU25_27425	3752F1CC643B46C04097A15B3E018DD2	197	no	yes	0	0	0		
APU25_27430	CBBF3E4022A50C7A29D06F61FA6ABFEF	1695	no	yes	1	0	0		
APU25_27435	E09B53CBC73D6FA51A2A0F062476FA23	1686	no	no					
APU25_27440	EE2A97FCD05A10D3947AEB31CC5A2EBF	325	no	yes	2	1	0		
APU25_27445	CFACA69DAB22F1D0A23D278118CF04C1	240	no	yes	2	1	0	1	GO:0016020
APU25_27450	02D3B3057CCEC03688BDED4B9AEF7A38	382	no	yes	4	1	0	2	GO:0005524,GO:0006468
APU25_27455	BE8998D40E511F4862755BC1511AF2A2	402	no	yes	1	1	0	4	GO:0004376,GO:0006506,GO:0016020,GO:0051751
APU25_27460	5E55D0BE476E727B4CB209E4006419CA	439	no	no					
APU25_27465	2A44A4415347DF7F5745748E4D2E51ED	818	no	no					
APU25_27470	DD9D22B8B6848F0695CEFE6490F3B599	382	no	no					
APU25_27475	E6E230E6DC99D4ED83E460B821CE846A	322	no	yes	2	1	0		
APU25_27480	912883DF6B9B170B96B316A79F80117F	390	no	yes	3	1	0	2	GO:0004853,GO:0006779
APU25_27485	C6778D989D8107CFA44CD3B94BAADDB6	113	no	yes	1	1	0		
APU25_27490	E108B74ECA5BA44804CE1D3FEB9C3138	1611	no	no					
APU25_27495	5712B2D7949EAD9C4061AC0BF0042CF9	228	no	yes	0	0	0		
APU25_27500	77193DB94B9E59810666CC9F096EFCD6	89	no	yes	2	1	0		
APU25_27505	47E2A8F753BE4BFD0245F14FF41F10B5	246	no	yes	2	1	0	3	GO:0005737,GO:0006364,GO:0008649
APU25_27510	5662F946087AA4C477EFEE87165BD355	207	no	yes	4	1	0	5	GO:0004252,GO:0006508,GO:0008236,GO:0016020,GO:0051604
APU25_27515	9A3003579A3AFD60EB175254C332783B	568	no	no					
APU25_27520	0851F8E1EF1229A4BB4CD30E8B3DC9B4	274	no	no					
APU25_27525	FE68EB7811C8D4A4F9196A3DBB31BCCF	2775	no	no					
APU25_27530	AF2AD579C6A8D714E55A3129E1206235	69	no	no					
APU25_27535	C5A9CE10A246933410B8A72C9A50AE48	122	no	yes	1	1	0	2	GO:0005739,GO:0034553
APU25_27540	BC52EF682A1230DB1E8CC88F3B990702	257	no	no					
APU25_27545	949193C66AFB00C0CB8ECF254042B37C	653	no	yes	6	3	0	2	GO:0003676,GO:0005524
APU25_27550	F428A6BA9002FC0B59ABF353B99BAF8F	211	no	no					
APU25_27555	090D8C3D5C030AB2D54008FCB043CA4F	111	no	no					
APU25_27560	9FBE73E8EB48637546EE749E9B9EA8D1	231	no	yes	2	1	0		
APU25_27565	9281AEB50EB59596E102EE4B5A60ED0D	246	no	yes	0	0	0		
APU25_27570	310F34E3E42AD72B8E6A129F77121FCE	706	no	no					
APU25_27575	7CA0CEB90823EA3E8FED987EDDDC197F	585	no	yes	4	2	0	2	GO:0004371,GO:0006071
APU25_27580	221A21D917CF1A1C72BA699AA619F11B	455	no	no					
APU25_27585	6F6714D972ED30FBE91D7464900E10C9	479	no	yes	1	1	0		
APU25_27590	5794FB57C5146C08BDC5BD4694375897	422	no	yes	0	0	0		
APU25_27595	C0032ACAD53AFE718B848F4CCDEDC73E	170	no	no					
APU25_27600	5B04CA3523EB55C1F7AD7150404116F2	336	no	yes	5	1	0	2	GO:0009263,GO:0016491
APU25_27605	0353C12D47EBBE3FF048548260745807	717	no	no					
APU25_27610	A4F815E81E3CC87BCA272EBC03D42825	348	no	no					
APU25_27615	C19F99497C91F3CD70EB99C516CE371F	1000	no	no					
APU25_27620	A67F402B03D2131EC6B2635A4F0FBE40	381	no	yes	1	1	0		
APU25_27625	2D3F505317CC3982448FB65861D2C9CC	333	no	no					
APU25_27630	3F2154F8F765E866F37AB549450848AC	275	no	no					
APU25_27635	F4C35D7ECF3051973C40C9D4367AB65E	752	no	yes	2	0	0	2	GO:0003700,GO:0006355
APU25_27640	15CC888CCFD6A7159BE3124A93E9D2B1	115	no	no					
APU25_27645	FC3A4D39C939F5B50FA2C76F3304FE4E	516	no	no					
APU25_27650	708A14264235C14097F7302620EA7549	260	no	yes	3	1	0		
APU25_27655	C82776BBFCB856E6D8D3F55FCB646CF1	403	no	no					
APU25_27660	7F120440327D2907FFB50D6D7F2E0D07	899	yes	no					
APU25_27665	F1E85B01CDE7656575D6A828BBE08197	138	no	yes	1	1	0	3	GO:0003712,GO:0006357,GO:0016592
APU25_27670	53D282A2AE8CAFCDD44AF6993C88144D	314	no	no					
APU25_27675	3F683E54D946CF4790B6A392306402FE	566	no	no					
APU25_27680	6B4DAD4C3CF6B62D1DF05C0F02BDA15B	548	no	yes	1	1	0	3	GO:0016020,GO:0030001,GO:0046873
APU25_27685	6A38C24B7F0E9E6AC2B186458272FEA8	515	no	no					
APU25_27690	3FBA17093175B8E5C27F3F0FDE4498D2	430	no	yes	1	0	0	2	GO:0003690,GO:0003723
APU25_27695	D10B98643DD6E162F0452EBD78F75FE1	149	no	no					
APU25_27700	AD1C348B863005984A9B632B0F0E039B	797	no	no					
APU25_27705	F0D7D8B3D24F1A8D99FE9B20D8B63F61	267	no	yes	2	0	0	1	GO:0016020
APU25_27710	B7AA9A09E88B2E0C78FA619C57DEFD69	144	no	no					
APU25_27715	9B9BFAE366CAE90E5A742D7B7387043C	374	yes	no					
APU25_27720	D701B8A03351E337A92CC70335FABA0F	503	no	yes	5	2	0	4	GO:0003676,GO:0008168,GO:0032259,GO:0160102
APU25_27725	D7F6E4263E40B604EBBCB2B2AB97E882	109	no	yes	2	1	0		
APU25_27730	E3BE8EF0DC14A5B0F7E035470887B61C	1035	no	yes	12	3	0	2	GO:0008641,GO:0036211
APU25_27735	F4F4F6A3365A00046DE88E9BE1E8167B	199	no	no					
APU25_27740	E915F6A43BE4D632302EEB52458B5DFE	186	no	yes	1	1	0		
APU25_27745	C7BF66CC146E95546198E21DBAECCE58	133	yes	no					
APU25_27750	E5E91944BF3217F9F2C4A497B80004F6	71	no	yes	0	0	0		
APU25_27755	B512AC2F5CDF7C77607FD64085B47005	413	no	no					
APU25_27760	71F333922F0E8A1FB4312A418F93F346	441	no	yes	3	1	0		
APU25_27765	7CADDC07F965CE221520F2AC5E31D213	492	no	no					
APU25_27770	759E5423775DC294264ACD7B89C48E83	405	no	no					
APU25_27775	1DD33739A9EDB42238C5DBFD350A1D63	4469	no	no					
APU25_27780	9AD14233028ACC70E489794D193CABF3	549	no	no					
APU25_27785	C4CF0D0084FF5F2A4D87C82C2A985449	138	no	yes	4	1	0		
APU25_27790	24B9FDDD2F8FC7C86850093CF95E6823	867	no	no					
APU25_27795	9A1FDDA50C91F26E9F686BBCE22275F6	421	no	yes	3	2	0	1	GO:0005634
APU25_27800	003E52D72A6F8EBEE429135CF2542310	1098	no	yes	8	5	0	1	GO:0006606
APU25_27805	F78058AD2CE1E96B26C620E929ED09DD	92	yes	no					
APU25_27810	A7542D456C243208BA81239339A00A48	1124	no	no					
APU25_27815	011CFA5D2042633FDBD58F35D1568F76	511	no	yes	5	1	0	2	GO:0004843,GO:0016579
APU25_27820	9AAFD65F1480B0BDC3D233CA1948B8AE	230	no	no					
APU25_27825	0DF9FA8358212BDB526357FB5B1D8F79	608	no	yes	1	1	0	1	GO:0006270
APU25_27830	E8BA1DFFD9F800BBFE1953430EFDF50E	291	no	yes	2	1	0	2	GO:0006364,GO:0019843
APU25_27835	313F14EBC00CB4E447E2964618B4D260	267	no	no					
APU25_27840	8F4499D54F8DBD95E6545D70D8B45528	125	no	yes	3	1	0	3	GO:0003735,GO:0005840,GO:0006412
APU25_27845	6D28512B77555850592F49706ACBB1E8	965	no	no					
APU25_27850	D68EB653D5833AB9CA1C06F67C460D63	398	no	yes	4	1	0	4	GO:0004739,GO:0006086,GO:0016624,GO:0043231
APU25_27855	326FF914BA3886DBABBCCB928A40BA75	167	no	yes	4	1	0	1	GO:0015035
APU25_27860	B7922DF111F6EC9EA1BC0D7C20626001	689	no	no					
APU25_27865	FE9ABAF96594F5A7E83653A2F7D37D07	243	no	no					
APU25_27870	7460DC22E68FD961E1001E006FDF80C9	611	yes	no					
APU25_27875	37D7ABAD1784D0CA9AA0FBC9A7D72276	649	no	no					
APU25_27880	4F940AF56D5336BB413D3432C83DA6C5	281	no	no					
APU25_27885	6AAE46EB31B95DD4A23151F11612D3B0	574	no	no					
APU25_27890	56B8C6ADC02BF504B3C79FF824BC858B	570	no	no					
APU25_27895	53C7D66F980B12FC33BB10C9516C2A65	261	no	no					
APU25_27900	67EAF4A21CE5816C7DE0A3BAC91853D7	516	no	yes	2	0	0	1	GO:0003924
APU25_27905	89E39C6DE407BCA9F29ACF04DA6BEA24	267	no	no					
APU25_27910	33F8C71FC35358054DBD884D1D9E1CBB	618	no	yes	3	2	0	1	GO:0006508
APU25_27915	1DABD6AA76EB529231B4E7778390B0FA	846	no	no					
APU25_27920	C68C23E196FDE67D70DD440610AFDE74	439	no	no					
APU25_27925	A3E2DB3F43AB9CA75CA26EE010C08115	66	no	no					
APU25_27930	27F4D8565E7CD8A9522593812B640298	386	no	yes	5	2	0	3	GO:0000162,GO:0004048,GO:0016757
APU25_27935	DA19C04C2A307B6DD3065550592F3330	289	no	yes	3	1	0		
APU25_27940	462353147ADF8AAC81075440A2A453BF	326	no	no					
APU25_27945	1536EE6021B23F1FD8F1C18D434B44B9	115	no	yes	3	1	0	3	GO:0003735,GO:0005840,GO:0006412
APU25_27950	5BFD7AAC275FA1DFE25BAED708D9A887	132	no	no					
APU25_27955	D38F7137DE1093A6D23DA7FCF01E47A7	380	no	no					
APU25_27960	4AF32882A3F3CE5FBEEF8EB393F465CC	372	no	yes	5	2	0	2	GO:0004641,GO:0006189
APU25_27965	A998E77C55F0DF289418EB396202F35D	678	no	no					
APU25_27970	1122D8A6F12E17ED667A8388F80B1717	1622	no	no					
APU25_27975	847D9BC507F99B5F07F596E0DAD53C6B	317	no	no					
APU25_27980	CF25F1BA81BB942EE61941A8EBE7F8E1	556	no	no					
APU25_27985	ED7ED2EC9B3CFCF17E0ED0B4F7E13535	172	no	yes	0	0	0		
APU25_27990	BBE808CD75F22469FC6BB5D64E2437F3	430	no	no					
APU25_27995	258D12D84354ED5FF279844A4B7B3DE9	333	no	yes	4	1	0	3	GO:0004672,GO:0005524,GO:0006468
APU25_28000	E74BCD09E4B7F6081C8EE9A62E0CE166	105	no	yes	3	1	0	3	GO:0010506,GO:0043231,GO:0051537
APU25_28005	E61695F454CDE3668660113A6777E7EB	378	yes	no					
APU25_28010	79FC71509F45DEE49EA132DE76CBBD27	1105	no	no					
APU25_28015	4D1A63BF97843126BD971D6817279C47	520	no	yes	4	1	0	1	GO:0005515
APU25_28020	DD4A4C9347D11C9B286DFB964C441445	221	no	yes	4	1	0	2	GO:0003924,GO:0005525
APU25_28025	C4F2F902A7C039933036B2F22BED3253	868	no	yes	3	1	0		
APU25_28030	680176FD295FA50C4092A572E8658715	990	no	yes	7	3	0	1	GO:0016020
APU25_28035	3DAA14A954FC609D9233C2B04EBB8BFE	367	yes	no					
APU25_28040	5FB9A9CE92709FFBD547ED87389ACF5D	508	no	no					
APU25_28045	F569CEC9A6788D77E1C8515281327895	324	no	no					
APU25_28050	16744BD4E3A8AE5C03A862C597D6FF48	352	no	no					
APU25_28055	FA39CED302B6B8DA674E321B78FC7407	595	yes	no					
APU25_28060	B1572928847BE6E4B9544104C694E875	1168	no	no					
APU25_28065	6A9EBEB3549AA7D7ED5E57C37EE7FCED	200	no	yes	3	1	0	2	GO:0003924,GO:0005525
APU25_28070	B8DD0DA639D3BBE1CFD7DFC66F37CF33	307	no	yes	1	1	0	3	GO:0006621,GO:0016020,GO:0046923
APU25_28075	9EFD7871A452E56F5122DDD99F5E673C	334	no	yes	3	1	0	1	GO:0005515
APU25_28080	C4FCDD3CE4E2CE39EBDA29D998E3BAF1	257	no	no					
APU25_28085	C979452E0F22C02CCF558452931DC1F7	154	no	yes	2	1	0	1	GO:0005515
APU25_28090	78B9771CE7CEAE492F5C091C861E3E43	145	no	yes	0	0	0		
APU25_28095	4F84362F59CC519CD5BEA38979DA05EF	870	no	yes	2	1	0	1	GO:0005515
APU25_28100	430D0D1BFBD94DD078CD7AF6787ED7AC	956	no	no					
APU25_28105	90E9FCE19089857066F00F9ABB71FB50	147	no	yes	1	0	0	1	GO:0016020
APU25_28110	773692B1D26B6CE104C12E839595CA06	163	no	no					
APU25_28115	91469D73F81F2958AE7FD079B6CAE870	772	no	no					
APU25_28120	36461A46644375A61CFCF7BD89B5C09A	339	no	yes	3	1	0		
APU25_28125	3B02D41C335C45D064DF64E24B21CCEE	340	no	yes	3	1	0		
APU25_28130	0E6646398338B963BFA3723B69B5EA67	342	no	no					
APU25_28135	2955D77A796815A85F39BBDDA5606318	472	no	no					
APU25_28140	7DC62DE9434699965FCF36BBBFF925E6	85	no	no					
APU25_28145	AE8B55B7BF0D27341C6FADE0784DDFAE	413	no	yes	1	1	0		
APU25_28150	F848807A3A43A5316EAD40FB2771427E	883	no	no					
APU25_28155	143C5DEB7643E15D99ABAE888E31AEB7	679	no	no					
APU25_28160	D1FA9B7B8869BCD3F7270A19A4649F09	179	no	yes	4	1	0	4	GO:0003723,GO:0003735,GO:0005840,GO:0006412
APU25_28165	6DC8BBB7A9B685F0F1EB6CFEB7C89402	991	no	no					
APU25_28170	36AD2316C1AF6412F4B503057D45ADFF	91	no	no					
APU25_28175	4656AF4ECEB2DD564C90C1388D3D657E	350	no	no					
APU25_28180	843845E17706C7B8445B53E5B2746B73	582	no	yes	6	2	0	2	GO:0004066,GO:0070981
APU25_28185	4B6D6E90789533C739E0AB0E350994C5	471	no	no					
APU25_28190	59E6E8ABCB1AE164B9524931CB8A8BE4	341	no	yes	5	2	0	5	GO:0003743,GO:0005515,GO:0005737,GO:0005852,GO:0008233
APU25_28195	E74E6BC038906901524940589A4A2932	451	no	no					
APU25_28200	020C3167E6378F054BDAA75561785F82	172	no	no					
APU25_28205	2E99F268CA6B00F93A44DB25B4E8A10D	294	no	no					
APU25_28210	48BF541C72A8FBAC9001D6D85F32B832	277	no	no					
APU25_28215	DD60577E61BE066935B7CEA2285A7351	359	no	yes	6	1	0	1	GO:0005515
APU25_28220	1C47C5C20F3AEE159A0F6764BCEDDD07	1315	no	no					
APU25_28225	D8C2AF2AF6496CFBC0AD14D0D7A23B04	512	no	no					
APU25_28230	E16825598321BAB619C5CAF779E4680B	391	no	yes	6	2	0	2	GO:0006508,GO:0008234
APU25_28235	A312FE2047568BE6E7174A512C1C0630	553	no	no					
APU25_28240	3642B4A28D8EE406E372B6BA65D40440	312	no	yes	4	1	0	3	GO:0003735,GO:0005840,GO:0006412
APU25_28245	BB303E5084932B07742C97C107BEB177	698	no	no					
APU25_28250	4B86C6596FFA1EB30D75B07083FD176C	207	no	yes	3	1	0		
APU25_28255	A920A10067EB1940FD1683877C112479	288	no	yes	2	1	0		
APU25_28260	1136AC01398310C589D88937BEC3F547	114	no	yes	4	1	0		
APU25_28265	0751CD8753D4D6E305D124D7079B283A	179	no	yes	4	1	0		
APU25_28270	1CC3C5035BC88B3E2A3D84EE1E0F1C64	687	no	yes	0	0	0		
APU25_28275	E67771BFE209F5C00A5722BA04CC2E40	683	no	yes	4	2	0	5	GO:0000226,GO:0000922,GO:0005815,GO:0007020,GO:0043015
APU25_28280	C973A3E6EF621C8C772BE3E68C3C53A5	139	no	no					
APU25_28285	42AE0AC482AC8640133A884525F28E43	967	no	yes	5	1	0	3	GO:0006099,GO:0008964,GO:0015977
APU25_28290	C261EE41F9A09156519D732D18C186A5	337	no	yes	4	1	0	2	GO:0005198,GO:0005515
APU25_28295	A56D2DDCB9A63FA3D80D72493D318D32	175	no	yes	1	1	0	3	GO:0005787,GO:0016020,GO:0051604
APU25_28300	EF7A4E80BBAAD9B8DF67B36A4A9E26AF	493	no	no					
APU25_28305	BD555337710D58FC6804C20ACF0554EB	588	no	yes	1	1	0	3	GO:0005471,GO:0006862,GO:0016020
APU25_28310	130CA0C20DD56507C854E084102580EA	537	no	no					
APU25_28315	B022072C06B8B5C358B3D559464C94A4	373	no	yes	4	1	0	2	GO:0006508,GO:0008234
APU25_28320	3DA64C2D6F9FF43F3551E39C7933543F	510	no	yes	7	2	0	3	GO:0003824,GO:0004056,GO:0006526
APU25_28325	1EB036FB44AA1F036A4639AB8454C2CB	244	no	no					
APU25_28330	46539D22D361E44C6C4D01340510BAF1	534	no	yes	5	2	0	1	GO:0016226
APU25_28335	42387E2DEE612BCF8D835A848176CB87	286	no	yes	5	1	0	4	GO:0000287,GO:0006790,GO:0008441,GO:0046856
APU25_28340	5A3E045FF0C2269FF7710D0922197206	198	no	yes	1	1	0		
APU25_28345	8C6AD6B2DC9078D9A4956DCEF51D224A	76	no	yes	2	1	0	3	GO:0000439,GO:0006289,GO:0006367
APU25_28350	3F32361B4E65962BBB113028C32634DE	390	no	no					
APU25_28355	AA36A9B6241A8F564503CFC385CBB997	357	no	yes	1	1	0	3	GO:0005515,GO:0005634,GO:0042254
APU25_28360	8B111766AD7C64648DFCDD4D7E37E453	287	no	yes	2	1	0	1	GO:0051560
APU25_28365	FC28B0455C7069425032EAD2B4A555D4	717	yes	no					
APU25_28370	9594429C417676B2D955DD72C9886FC2	1184	no	no					
APU25_28375	4D1DCD221CC7296FD02DB251B1BBCB1C	304	no	yes	6	1	0	4	GO:0003676,GO:0003723,GO:0004523,GO:0016070
APU25_28380	94A1332F312783B4998619DBCE56491F	425	no	yes	3	1	0	2	GO:0004107,GO:0009073
APU25_28385	6634BB522959DE18F4CF899B958F9410	424	no	no					
APU25_28390	88EAC17BC2917F3E2A79B4C34F760AD4	172	no	no					
APU25_28395	FFF1342C4D29D296055A9C6CA7197C48	707	no	no					
APU25_28400	C02FBEDBC77A6A92475D12C15D46FBA8	288	no	no					
APU25_28405	618E83754664757D581693CB1577155E	541	no	no					
APU25_28410	47212092A3C58C0D805FD885AD3071CC	989	no	no					
APU25_28415	4CFCFC49F1CDB115BC92D2303C40809F	591	no	no					
APU25_28420	B1F1E342D86AFEFC7E58E80066589E5D	326	no	no					
APU25_28425	C7DC1AEA53F6D7A7FEB1025CC4D2754D	109	no	no					
APU25_28430	DEED5556B96925498512822FF56A99C5	391	no	no					
APU25_28435	2A567488123DB5478D58C2F08D0B735D	581	no	no					
APU25_28440	BF0DDB426505F54C1F8BF693A8709311	1323	no	no					
APU25_28445	D647224E591EF8EB68D09E9EE55326D9	1192	no	no					
APU25_28450	35DDB6DC59A79CD70096610190B1B601	933	no	no					
APU25_28455	F80CFA9404992479136F04EA1F228331	839	no	no					
APU25_28460	E822EF50A7F572883B58800A86B3CA2F	98	no	yes	1	0	0		
APU25_28465	3CF11EBFEC4D293AE6BB51ACD019D9AB	482	no	no					
APU25_28470	4CAE2B96CCF38381D2F6A78137C0B9C5	592	no	yes	2	1	0	2	GO:0006508,GO:0008234
APU25_28475	62C294E91D1410D7DD507A9FAB6DE5C0	122	no	no					
APU25_28480	41DC7AA532FDF729E440E65C7E5CC420	243	no	no					
APU25_28485	6CED886E9ABEF53B27021F516CBC0B36	219	no	yes	2	1	0		
APU25_28490	2D6BFBE143D16C268ADF17851B38F824	297	no	yes	2	1	0		
APU25_28495	4DD770902B61278612AC32BBB6A906F0	254	no	no					
APU25_28500	D6F39FDCF3DAA862E6ECA02BFFE3176F	503	no	no					
APU25_28505	5307EC3EF198CD5EE1A4A301C585A589	83	no	no					
APU25_28510	3EEA800FC8CF11711EB9AD333C7CBF02	140	no	no					
APU25_28515	B8662C03D23C1FAF7D7677EE70D9E6A6	81	no	no					
APU25_28520	04DFC3D4C705567C963A0F16A790E6E3	146	yes	no					
APU25_28525	D2D9866DADA7EB26A27DEED248FA0C26	170	no	yes	0	0	0		
APU25_28530	8A41DD7B59B8156D9F4569C1B0A39D99	494	no	yes	4	2	0	2	GO:0003954,GO:0016491
APU25_28535	2A5F67AC0F607BC56B100192CE22E860	522	no	no					
APU25_28540	8A4FFEEA7B3BBD776B46B80A6B7BF1FB	311	no	yes	1	1	0		
APU25_28545	740E923EBA238A1E83BF5DAB826E8EB3	213	no	no					
APU25_28550	00CC441B0611744A1EDCC473AA6B6A2D	217	no	yes	3	1	0		
APU25_28555	4C8C09E05727D2834F30DB80A7DA30C3	391	no	no					
APU25_28560	D0F0FEB5F44480EA7F4691FDE5B6DAD0	201	no	yes	3	1	0	3	GO:0006099,GO:0009055,GO:0016020
APU25_28565	DA9768CBC387310EF78CF05BFC51502C	389	no	yes	1	0	0	4	GO:0009536,GO:0009658,GO:0010239,GO:0048366
APU25_28570	5202A16A30097C838C048FBB30B6BC0B	367	no	no					
APU25_28575	0F9A161341BBC60920838CEBC0653AA2	389	no	no					
APU25_28580	69AED08C44FF759358FB07E46B871934	155	no	yes	3	1	0		
APU25_28585	BE3132A2D896B99577C77C5CB8FE9952	217	no	no					
APU25_28590	42122F3954B5DCA7AA6D4F26CFAF7E39	471	no	no					
APU25_28595	42C6441CE211A70DC244D1F4CE7FD852	123	no	yes	4	1	0	4	GO:0000786,GO:0003677,GO:0030527,GO:0046982
APU25_28600	88AC9195E4EB77702659326B3ACDF15F	860	no	no					
APU25_28605	EAA5C9CB0C3B9105C5B3750738259E0A	663	no	no					
APU25_28610	03F3C7D2CFA60B71B32F2310F18C9652	87	no	yes	1	1	0	1	GO:0005739
APU25_28615	2DBD67F7D021274DD9945D1F0BF92C6C	1139	no	no					
APU25_28620	7D8998CEE0FF19763CCF478F5034766E	312	no	yes	3	1	0		
APU25_28625	97162FD4A8418EBEB81281AD4E6D429E	655	no	no					
APU25_28630	B7C5B795D5405D5647F80492355EE3D9	690	no	no					
APU25_28635	8F3FD631F60FF6D962B946A6622CEA79	456	no	no					
APU25_28640	6D22129F446ADA613125A7095F665227	322	no	yes	3	1	0	4	GO:0005741,GO:0008320,GO:0030150,GO:0055085
APU25_28645	AE4B1D6578A5711EAAC0650848D23F44	167	no	yes	4	1	0		
APU25_28650	C0CCFD1D4FE70385B309D256324B48E5	306	no	yes	0	0	0		
APU25_28655	CB0B2A708552E33462B5679212B3A6AC	308	no	yes	1	0	0		
APU25_28660	CBED0A282BDA7A03E0F8661185CA7A39	224	no	yes	3	1	0	3	GO:0001510,GO:0008168,GO:0032259
APU25_28665	F4837C3F62F25A6D5B222683C872E1C6	762	no	no					
APU25_28670	90DF70D892B0D7734984D9D8B6F06BDC	240	no	no					
APU25_28675	26FB11B984341767721AF148B80AF738	918	no	yes	12	5	0	3	GO:0005515,GO:0005524,GO:0016887
APU25_28680	E30001A694F127601F07EFD25C66371A	1501	no	no					
APU25_28685	C8D87193547168356BD0ECAE92F9C85F	89	no	yes	2	1	0	1	GO:0000398
APU25_28690	845E57EF8AA4C668B7B823033973DDB1	506	no	no					
APU25_28695	EE7388035909BEB0AA31CCD867D361BA	998	no	no					
APU25_28700	B63025D6F65C3599710E7A9A2E348154	231	no	no					
APU25_28705	7482C3F469E7897092E8006EBE59BCE8	161	no	yes	3	1	0	1	GO:0010038
APU25_28710	FA4F12F87D17B6C90BA4DACBAD533FEB	183	no	yes	2	1	0		
APU25_28715	100A23235F4449D950AECEA323E6E141	1227	yes	no					
APU25_28720	F559B08A67BAE05B9E707BC147D706C1	145	no	yes	6	2	0	4	GO:0000786,GO:0003677,GO:0030527,GO:0046982
APU25_28725	3D47FDF6A0EBA1CE0547C52A8B8AB6F9	1091	no	no					
APU25_28730	9B827178C6A30C69C97C43072502C4F8	215	no	no					
APU25_28735	1117DEC3EFFA8373EFEE4B3E868FD630	468	no	yes	6	2	0	2	GO:0016746,GO:0016747
APU25_28740	A79F7292091F87894DD166973DC768F9	400	no	no					
APU25_28745	BBB8189EA17F6F965AB3E6BA4F7DF14B	114	no	no					
APU25_28750	2B5D59EF5B70867828ABB89D39641737	418	no	yes	3	1	0	2	GO:0016020,GO:0055085
APU25_28755	3339B6B0ADC2ED97A849BB8AF0E73535	891	no	no					
APU25_28760	9083C8B8896301247E08805C7747478B	2078	no	no					
APU25_28765	3D7A0FE417B68BA752DE846E4BACED40	327	no	no					
APU25_28770	BC646357DB2445765D5595B86F3EB7A7	419	no	yes	7	2	0	4	GO:0003824,GO:0005524,GO:0006099,GO:0046872
APU25_28775	EEDAC6EEEA5FFEEC7BDD9F23A7C800DB	387	no	no					
APU25_28780	102399EB02A6B61E7707D71D5A13C8AB	439	no	no					
APU25_28785	AF5D36A93E3B3E2546CBEDD4F70716B0	1036	no	yes	7	3	0	5	GO:0005524,GO:0016020,GO:0016887,GO:0055085,GO:0140359
APU25_28790	52DE73616E923139EAED3FE31443010A	442	no	no					
APU25_28795	F7C04415DDB8E9B737444F6748B8E2F9	250	no	no					
APU25_28800	95376E6DA46DA0D39A8CDF5BFFDF8BCE	703	no	no					
APU25_28805	731F3148B904DD91B475F3A4557D8616	255	no	yes	0	0	0		
APU25_28810	257A958CDDAB0CCF8449170DE3E8E487	282	no	no					
APU25_28815	957F19D47565A592282FA16B6179F8EF	326	no	no					
APU25_28820	E142AAA923B87144E56DE5DE59A70390	614	yes	no					
APU25_28825	BAC436C3D77DD6C198A9C49BD61DE569	185	no	no					
APU25_28830	62AC3CD5E7D4655BDF00C531A70E0AB1	315	no	yes	2	1	0	1	GO:0003839
APU25_28835	828625B8A4D5B1FAD3744D404437E69E	165	no	no					
APU25_28840	5BB2A5BDB2E660A5C4E22C84A9B55308	371	no	yes	3	1	0	2	GO:0016020,GO:0055085
APU25_28845	5CD3A14B8C18BA9BBB97ACEBDD4D216C	519	no	yes	8	3	0	3	GO:0004190,GO:0006508,GO:0006629
APU25_28850	BB43FC4BC6C385DBBFF3AD981BE760A0	280	no	no					
APU25_28855	AF534A3BE5B1D919E6A94533E1A1E38F	588	no	no					
APU25_28860	F1962577AB6553ACE65B4E18083C0E43	540	no	yes	2	1	0	1	GO:0005525
APU25_28865	25CE0460A27015C03F79C21DA8DE3C93	579	no	yes	4	1	0	1	GO:0005524
APU25_28870	961FEAE83867CA9A291B775F86500AF5	216	no	no					
APU25_28875	6A2FCF7624595F674632D1181C9FEB83	309	no	yes	4	1	0	1	GO:0016788
APU25_28880	7A9DD4191BBD5BF9670D2281F4D6CC0C	261	no	yes	0	0	0		
APU25_28885	066FAA90A520BAF7029E5D35136FF7E6	244	no	yes	0	0	0		
APU25_28890	2201E90A5F51DC5365A01F765DE23193	526	no	yes	3	1	0	2	GO:0006508,GO:0070008
APU25_28895	7D5A7DC095DFB5915E514FAFEA47AC73	150	no	yes	0	0	0		
APU25_28900	6ECFDAC931A1596C36688A673FA6D0EF	452	no	no					
APU25_28905	49C2F86F5AA48D8135AC73596BBDCD7E	1274	no	no					
APU25_28910	3F589E83725693EC9F921B1418E0AB5A	223	no	yes	0	0	0		
APU25_28915	2A718D73DA74A26B9C5EB7F2167A9D01	219	no	yes	0	0	0		
APU25_28920	85237E48D35121C6E2CBAEB77C654094	104	no	no					
APU25_28925	F65F16716F02E70F036896537AEF5CDC	656	no	yes	5	1	0	1	GO:0005515
APU25_28930	55F484FF0802CB5645012A3C242BD739	607	no	yes	3	1	0	3	GO:0000439,GO:0006289,GO:0006351
APU25_28935	678C92E1294DFD4F4B3AFF6EC3DEAAB9	523	no	no					
APU25_28940	AAF8EAA9BD7466F4A4DFFC8CA4462720	335	no	yes	3	1	0	2	GO:0006890,GO:0016020
APU25_28945	C805F20ECA4C6FAF460B12C0D0913C7C	261	no	no					
APU25_28950	B41E47F0197CEF3A0405D128DBE8A8A2	370	no	yes	3	1	0		
APU25_28955	72FD5B7B181BE0C4D4DC8C6AE64D7511	236	no	no					
APU25_28960	71838265C059BB73970F8DA10F15647D	925	no	no					
APU25_28965	FE96FF17E0ED1662E091C530C54DF98B	818	no	no					
APU25_28970	64A2FA89A7238B04B27BDE4A508D227A	354	no	no					
APU25_28975	73BACDFF8632F19EC2E3FF9B88C7C3F1	370	no	no					
APU25_28980	B172CE53368807942663A69D78D32F30	459	no	no					
APU25_28985	74D165E8A4C8A57865D90C3959A09626	240	no	no					
APU25_28990	B1C76ADA59942C7E4DFB52B77A390094	229	no	no					
APU25_28995	8D7D2D2B7E117A014E57453C7F25D429	517	no	no					
APU25_29000	3BF53C7E8106C8F959B135358463ECC7	193	no	yes	0	0	0		
APU25_29005	B3BE81992EE996EF85770991164F823A	272	no	yes	3	1	0	1	GO:0010945
APU25_29010	F8FBC5BDF3A95A391A36B90C6526CC76	224	no	yes	1	1	0	1	GO:0007034
APU25_29015	5347A0D111EDC089EE13CE4CB72969AE	462	no	yes	8	3	0	2	GO:0003924,GO:0005525
APU25_29020	9C91F8B2FB8354430A2A79D70EF85489	181	no	yes	0	0	0		
APU25_29025	D93E2D56F74737C660A2A5EDB3854C6D	790	no	yes	1	1	0	2	GO:0006886,GO:0017119
APU25_29030	EB26A53313298326B42238504D3F5471	612	no	no					
APU25_29035	F2918B807F3464EE6721ED87A9807033	274	no	yes	1	1	0	3	GO:0003729,GO:0005849,GO:0031124
APU25_29040	27E2FC61CE4427E4B3953B2DC2D214E7	326	no	yes	0	0	0		
APU25_29045	4B31D75C8722FACB1F57A3DBC3649EBB	981	no	no					
APU25_29050	35CB5AA9C275462242C31A6C76458AED	70	no	no					
APU25_29055	B36D14D4F319D4E43F2F951BA18BAFEB	364	no	yes	3	1	0	2	GO:0005524,GO:0006468
APU25_29060	A31B21ECC4397A5581A65EC2F3B00337	401	no	yes	5	2	0		
APU25_29065	57EE4D672DB319C5BB57C28F65544C86	535	no	no					
APU25_29070	5B74CE6508CF4EC5170BBFB3ABAEBDC9	135	no	yes	4	1	0	3	GO:0003735,GO:0005840,GO:0006412
APU25_29075	57D28D4A219C0AAB8702E959FE493007	649	no	no					
APU25_29080	86AEE0662F9EF722A5491AA93A0E7A02	8704	no	no					
APU25_29085	EB2D9CD7A6CFF1FC7506D111094C6C11	195	yes	no					
APU25_29090	541FB7215B0D882CD20D34FA17876031	503	no	yes	4	2	0	1	GO:0046872
APU25_29095	0D83AA58E9407DF488721EB8D33EF506	406	no	no					
APU25_29100	18C807DC5A0B837F17B2F5BB856C8759	423	no	yes	4	1	0	3	GO:0006790,GO:0008441,GO:0046856
APU25_29105	CA7F5FDD99FFDD7D0A0AD353B25423B8	625	no	no					
APU25_29110	0FB7D67A1FC0DEB312D719BF1FA0E789	466	no	yes	1	1	0		
APU25_29115	D7EBFFC86B9DA6CA057417A2298F93A6	403	no	yes	5	2	0		
APU25_29120	ED88270D4E2CEEFB5DEB14F43A95F8DC	305	no	yes	2	1	0	1	GO:0005515
APU25_29125	62861B86E82F46F8DE938FA58C9BE296	335	no	no					
APU25_29130	FB0CA7B72BE289659A977351C6B55012	1455	no	no					
APU25_29135	C00E5C61640E8BE5284BA6825A1C92E4	645	no	no					
APU25_29140	EC9A794C2EF43739D7D685DA6B65DAF3	313	no	yes	3	1	0	2	GO:0008252,GO:0016787
APU25_29145	C60FBAE311031426A139100F9E53D63C	1001	no	no					
APU25_29150	3CD4AF6E47C82B749E8769EF3711C6A6	653	no	yes	3	1	0	1	GO:0010960
APU25_29155	B46276CEA739D88C0CE367914E51448A	270	no	no					
APU25_29160	7B8605A4E5E7F131029B055262FF414E	394	no	no					
APU25_29165	7B20CA8F3C90C242D13F624769D9B4E8	330	no	no					
APU25_29170	AD80C5FA2CF65F73521D1FE99E93F79F	559	yes	no					
APU25_29175	323DDF894A55840807EBAB2676495A2A	743	no	no					
APU25_29180	A4B0427174E9B5212B374A066A06CB6D	545	no	yes	7	1	0	3	GO:0004252,GO:0006508,GO:0008236
APU25_29185	6550815E539FD3C5F80B73110397B69C	133	no	no					
APU25_29190	422ECD4DAF38BA984CC0233B6C882F62	284	no	yes	3	1	0	1	GO:0016020
APU25_29195	DBBC400AABB44EA299D6AB02070C9F5A	326	no	no					
APU25_29200	BE0E09794B403F115A5FFD45336B77FB	302	no	yes	3	1	0		
APU25_29205	3FB13618B7DB1C63EEC3A904B804C254	702	yes	no					
APU25_29210	3412B8D62FF238FDCC2D96882B561454	476	no	yes	5	2	0	2	GO:0005524,GO:0016301
APU25_29215	9C6A79CC19D0677F5AB0179FA09B860B	526	no	yes	5	2	0	2	GO:0005524,GO:0016301
APU25_29220	F5E1E6ACC0D18AB769FC67FC1DFF44B6	124	no	no					
APU25_29225	56C75ED2E7ECF986DE0999C1C8191FC0	625	no	no					
APU25_29230	D575C9DCF4E06DC1D6893C9598F499EB	167	no	yes	2	1	0	2	GO:0061657,GO:0071569
APU25_29235	78CE0C7B3381F923C2BD6A6E2215088B	264	no	no					
APU25_29240	B3DB3CBACAE33AA8A5ABCEBE8C90BCFA	306	no	no					
APU25_29245	AEFB958E3CFBD23737C0917AEDD74A55	472	no	yes	2	1	0		
APU25_29250	2AE60E47ABEA64E7726823CC7FFCB60A	227	no	yes	6	1	0	3	GO:0006470,GO:0016311,GO:0019203
APU25_29255	84087AF51D786AFE1DA6F0DC5EAC9296	197	no	yes	3	1	0	3	GO:0009522,GO:0009538,GO:0015979
APU25_29260	C73F9465075099000BBCF201B8F0B7BE	267	no	no					
APU25_29265	5DBE715695CEF26FE29951E8EEA90EEA	460	no	no					
APU25_29270	34E81395FF55F4488852EAC35D0BAB68	475	no	no					
APU25_29275	6DB72AFF079E2BE25E46F83700FE1D40	275	no	yes	5	1	0	2	GO:0003824,GO:0016853
APU25_29280	A4AD04467ED2BACB5197AEB40515784C	551	no	no					
APU25_29285	9731F812481AB3602492C7DCE8A0615D	295	no	yes	2	1	0	2	GO:0005515,GO:0045048
APU25_29290	B4F5D5E4DBF8254EC3BE5BAB3E1752E8	164	no	no					
APU25_29295	D30B6C4735B18627C2502C65E34D2BE4	255	no	yes	2	1	0		
APU25_29300	18E0A67F6E48A4083AB8846E992B593A	536	no	yes	1	0	0		
APU25_29305	EC5DF111693B0DD73FB7D730E9576D71	910	no	yes	6	2	0	2	GO:0005515,GO:0016491
APU25_29310	F0AA1E19991885AE688AD5C2E8D2725A	449	no	yes	7	2	0	1	GO:0005515
APU25_29315	7444B073D7EB940F8CD04F7D1A3D8798	517	no	no					
APU25_29320	463CC56F3DBE18F531F32D07CB9136E1	365	no	no					
APU25_29325	C36001108A14F84F18C59118A466956A	423	no	no					
APU25_29330	DF687CF2F24471DB2016A9F219BACDFD	1164	no	no					
APU25_29335	522F39B9E4B3976909FBCA01607ABCEA	469	yes	no					
APU25_29340	D5BC02DDF44C789A25944643E2FABF1F	312	no	yes	4	1	0		
APU25_29345	3A6FF2C8EB4442F56B83937A9406FEF1	2013	no	no					
APU25_29350	837313DD7EF0E34A818BA23C93706AD3	615	no	yes	8	4	0	3	GO:0001731,GO:0003743,GO:0006413
APU25_29355	8C4C3CBB84D44FDB598A47830A6547A2	452	yes	no					
APU25_29360	FED59C1FE1C5C3699300BA83A3FDF010	713	no	no					
APU25_29365	651B2736D54228F5C87A932E09BE300F	652	no	no					
APU25_29370	DA4613E61D5B31137743F53B16590FA6	401	no	no					
APU25_29375	65B83D0660BC74BFC08D3C81B4B7FD46	449	no	no					
APU25_29380	5CE0EA382741B81193987F35221FA095	530	no	yes	0	0	0		
APU25_29385	34104BB4AB9C3F08EC8E1CE6CB6C5C2F	347	no	no					
APU25_29390	260EA0C9E5179FCD7FF3C2CB8845072F	226	no	yes	4	2	0		
APU25_29395	C065C096073E2238DC09F44A46D16A33	107	no	yes	0	0	0		
APU25_29400	A119A4216DE10521E16462E7F921DFB2	270	no	no					
APU25_29405	F21A5F75959AB1D8C8FDA6938B2E1C77	344	no	no					
APU25_29410	EAC800C9EF1E3F0E2963124090DB38CA	376	no	no					
APU25_29415	A0E65C026D54B0B33B1C306B3C998985	1093	no	no					
APU25_29420	237176A9DB42FA1FE84E4237B602C31F	790	no	no					
APU25_29425	F2873A77CE1701C4B157BF0DFB184E90	352	no	yes	2	1	0		
APU25_29430	6A74234AF207FA1C8160C8C8AD103249	207	no	yes	0	0	0		
APU25_29435	C0373C71636B904025B36FDCCDC8E134	531	yes	no					
APU25_29440	AF98139803965EF8ED3F0DD8662CD478	76	no	no					
APU25_29445	173EA403CD57BC11561DF48D16387C0B	246	no	no					
APU25_29450	6D51CBE5711BBD46E10E3E01594C90ED	698	no	no					
APU25_29455	F9E4069EF2459F4E7761D941D93A0F3F	271	no	yes	2	1	0	5	GO:0005509,GO:0009523,GO:0009654,GO:0015979,GO:0019898
APU25_29460	F85C599F5F386750ECB997B952A814C7	77	no	yes	1	1	0	1	GO:0005739
APU25_29465	9270C0CB3985CA1DBA7512675322E702	119	no	yes	3	1	0	3	GO:0003735,GO:0006412,GO:0015934
APU25_29470	5185478D6E977C0CD324F0D83B4CE238	274	no	no					
APU25_29475	C2C0A5BC859A4A7974D06862659800DE	573	no	no					
APU25_29480	5E84C06BE924E563EA541FB595F80065	182	no	yes	3	1	0	4	GO:0003723,GO:0003735,GO:0005840,GO:0006412
APU25_29485	42D7AA9A1EFE999E5696BE6D8ECBAFFD	532	no	no					
APU25_29490	4A70E47FDE61BEDC3695B17800E3012D	478	no	no					
APU25_29495	3AC4E8E816B8A6AE7EF9FA68A2F41EA7	349	no	no					
APU25_29500	4D5B8EE94F318DC75B8EA3B38B89FEEC	259	no	yes	3	1	0	3	GO:0003735,GO:0005840,GO:0006412
APU25_29505	27EA99D3D2B320FCEB114ED7AE42087C	411	no	no					
APU25_29510	C2064AEDACBB6F9EA1D462B12437FAD0	1416	no	no					
APU25_29515	70B62F69855E61B5E4E60F353DC76CE8	510	no	no					
APU25_29520	E6B518AB13576BC1FE58978519669A13	306	no	no					
APU25_29525	7DE3C0DD245132C75EE39D3B6B5DD396	464	no	yes	7	1	0	3	GO:0030170,GO:0031071,GO:0044571
APU25_29530	041EF3FF02D18C008A0426EA11AE71CA	259	no	yes	2	1	0	1	GO:0010190
APU25_29535	E3E647FB39610B5B88F3FF93F3CEB0B2	523	no	no					
APU25_29540	34996F2597AD6463A6855E87B9D7F362	149	no	yes	0	0	0		
APU25_29545	EED2B41E019DB1C1DF1DC505962049CD	442	no	no					
APU25_29550	CB23FB7C0010825D59E26E1B97F0E0B6	346	no	no					
APU25_29555	67D2C1D0264324DAAFE33A33AB2EDA21	839	no	yes	4	1	0	2	GO:0005634,GO:0046872
APU25_29560	0BC42E1B6C40E29CCEE1BE6AD50F0B57	331	no	yes	5	1	0	4	GO:0004672,GO:0004674,GO:0005524,GO:0006468
APU25_29565	F8E9557F1CFC618FF02919EF53013255	365	no	no					
APU25_29570	D6613CF5D954287112FBE4940B11EC8E	510	no	yes	7	1	0	2	GO:0003904,GO:0006281
APU25_29575	11233EEDF28D0209322AD53007DF5C1C	293	no	yes	4	1	0	3	GO:0003676,GO:0004535,GO:0030014
APU25_29580	438BCEDB8AE22194A4D05DC974950D3B	69	no	yes	0	0	0		
APU25_29585	C98D212DAF20946068B6C567CECC0921	868	no	no					
APU25_29590	446CCF319485B7887024F614E1DE722E	663	no	no					
APU25_29595	D552DA7A5ABDD150F84E08D082E86C68	128	no	yes	2	1	0	2	GO:0006457,GO:0016272
APU25_29600	712F8B5207374D89E6178FB4E914601D	682	no	no					
APU25_29605	594C068C72D51EA6F963FA0E5C97F959	631	no	yes	9	2	0	2	GO:0003676,GO:0003723
APU25_29610	7F8596C53FAF3D5EA7FD68BC4FDD5B86	239	no	yes	3	1	0	1	GO:0036211
APU25_29615	66677D093B270A35E3C20947A81EA600	200	no	yes	3	0	0	1	GO:0051879
APU25_29620	EFCAD71D4A7E6A203B79561A24EE2931	255	no	no					
APU25_29625	EA88B3A3EF78EE756F6D8AC9DACBFDAC	213	no	yes	2	1	0		
APU25_29630	484D4BB66FE5B393266E8660452B128E	224	no	yes	0	0	0		
APU25_29635	D137C19F6897490DA8FADB01F8C746A9	346	no	no					
APU25_29640	6526BF403E2442718C285E5A0A9A27CE	470	no	no					
APU25_29645	F803200B6049110A3C7F43239D298721	439	no	no					
APU25_29650	7618EA871F1AB37F8432FA50206F5401	218	no	yes	2	1	0		
APU25_29655	01264CF6A5FF2BA158842F9E9754F9FC	418	no	no					
APU25_29660	CBA4A553A061E86E596AA775D3C9B3C4	670	no	no					
APU25_29665	E0BFC8594B5333DB53F2159B2F51C2B1	133	no	no					
APU25_29670	3506D5D776D7C6431A9ACF39CDF05F09	852	no	no					
APU25_29675	8E8F2147BAB5A568E438EB718905C73C	109	no	yes	0	0	0		
APU25_29680	553B18B6A2846D0BE3303569F4E640B3	716	no	yes	10	2	0	5	GO:0004672,GO:0004674,GO:0004692,GO:0005524,GO:0006468
APU25_29685	C792CDBDC3BB89EFEC33D8CA1C945952	123	no	yes	2	1	0	5	GO:0005786,GO:0006614,GO:0008312,GO:0030942,GO:0048500
APU25_29690	2E3BBC1A37FEF9692E6082BB8C905B6D	421	no	no					
APU25_29695	07E13D3DD3E8A04897D9C20EF2ECB876	265	no	no					
APU25_29700	07837F9F62972498C4A1A22154BE7400	280	no	yes	3	1	0	1	GO:0004045
APU25_29705	299E195A57A1BDD26B9DBD75896D01AD	774	no	no					
APU25_29710	CFD628F12E6EDE4EF8B16E3F2C8EB180	156	no	no					
APU25_29715	30FD5BA4B298AA4914E3803A33A8043F	640	no	no					
APU25_29720	D4460B8DC21B3B689774F45CC1272FA9	420	no	yes	5	2	0	3	GO:0003747,GO:0006415,GO:0016149
APU25_29725	2D874C2A2219C82BBF1C2AC305BD6908	319	no	yes	3	1	0	3	GO:0015986,GO:0045259,GO:0046933
APU25_29730	D31E1C466698C2B62CA8A7B8BDE899C7	252	no	yes	1	1	0	2	GO:0006364,GO:0032040
APU25_29735	BDF066131034632A9D672F5A150838AA	182	no	yes	0	0	0		
APU25_29740	A7E70CB4B4425A16159661E6C500C4C8	736	yes	no					
APU25_29745	30CF315C16D0514C5194DD24A2736FBA	399	no	no					
APU25_29750	5E906D677EEFE71C0CF289A5467177A1	542	no	yes	7	3	0	4	GO:0003676,GO:0003724,GO:0005515,GO:0005524
APU25_29755	B3D38DD40DFF998F4DB18F4B89AA8AC4	1143	no	no					
APU25_29760	AA8496BC5A8178BD432F093EF17C0BA8	738	no	yes	0	0	0		
APU25_29765	A5738446F5831470762DCBFA5F816EC0	504	no	no					
APU25_29770	0DDC68D996404BEF845B21BDA7B61946	210	no	yes	1	1	0		
APU25_29775	AD0B3637859470343EF1BBD444D2E513	387	no	no					
APU25_29780	6EFF32196462B8FF5D9E7EBF629803B9	283	no	yes	4	1	0	3	GO:0004644,GO:0006189,GO:0009058
APU25_29785	D854257E83C423F84FA337F71898D0D9	712	no	no					
APU25_29790	082E0A322F504C96677B669345302193	106	no	yes	3	1	0	3	GO:0003735,GO:0005840,GO:0006412
APU25_29795	0FFB42BB13BC758487AC2FF33AE57E62	127	no	yes	3	1	0	2	GO:0005507,GO:0009055
APU25_29800	7F73AC3FC4253438B2BEC438A8ADF7BE	121	no	yes	3	1	0	2	GO:0005507,GO:0009055
APU25_29805	BD0D380350E0753BACD3278750A90E46	1642	no	no					
APU25_29810	5F08769C8E526B99440EE9DC88036697	287	no	yes	1	1	0		
APU25_29815	126F07E2CBA86FE65C1D8412302AB87F	545	no	no					
APU25_29820	DD08B3CC024CAD28C7768084E74397B6	458	no	yes	6	1	0	5	GO:0008610,GO:0009058,GO:0016765,GO:0045338,GO:0051996
APU25_29825	BD522E2550512FA6A1672D193123615B	482	no	yes	5	1	0		
APU25_29830	F3ADBCC49E3A4905E36FA3499FC32906	389	no	yes	5	1	0	4	GO:0005975,GO:0016853,GO:0019318,GO:0030246
APU25_29835	8A33DDFBBDD243E3D43B96E2BC1CCDDE	208	no	yes	2	0	0	2	GO:0003676,GO:0008270
APU25_29840	A9ED063960DA3C45D72471FFA65DCA52	302	no	no					
APU25_29845	31F00060D8903A971A78F57B8B1280E4	964	no	no					
APU25_29850	31E6215B718DAE856E62C4722C24E0B3	140	no	no					
APU25_29855	47A5A5A27581F95A5E32C55035A19DA2	259	no	no					
APU25_29860	7299C3FAC9D06AEE4069AD46C0D145C0	901	no	yes	6	2	0	5	GO:0004176,GO:0004222,GO:0005524,GO:0006508,GO:0016887
APU25_29865	C0FA063C7F1FF35B4C9CD02E72C5B301	141	no	yes	4	2	0		
APU25_29870	B192BDE5C9FCDCBF079A19B99344E47B	107	no	yes	0	0	0		
APU25_29875	99561A329B7F0662ED7B989E00E82F48	920	no	no					
APU25_29880	DDB9E6DC127F2D0A7CCEFFEDDFAFB4B9	454	no	no					
APU25_29885	7789AA0AD2F2EE0C81780D5BAC355472	296	no	no					
APU25_29890	504394A8BB61106DC0315213F18D2CA0	362	no	no					
APU25_29895	3EFB8FDFEA10EF906ABD57934BEAD170	242	no	no					
APU25_29900	0DA937C0E67458205E1552EDEF2FE64A	299	no	yes	1	0	0		
APU25_29905	21BAC1D3EB1AAC5D60449E1666C10E5E	138	no	yes	1	0	0		
APU25_29910	D3257FE3126A4D8F918EA90249D8F0E9	120	no	no					
APU25_29915	4C9ADDF5731E42A8E6F6364A19CAB8AD	1778	no	no					
APU25_29920	9724903F79F49031279D078C6EE5FA8B	853	no	no					
APU25_29925	3C2C4EBD0E85EB68742671623DA9E7A8	519	yes	no					
APU25_29930	6CE2F3B30575F4A8E57EEA7A65AAAC3A	767	no	no					
APU25_29935	64F5DEBF9FC8892960301BABF46AF8D2	437	yes	no					
APU25_29940	F60C08CD90820A70BED5071E25757734	562	no	no					
APU25_29945	A123B150E6E8321CFBBC47DF95652EDB	568	no	yes	6	2	0	3	GO:0004455,GO:0009082,GO:0016491
APU25_29950	0CB39FD50E79D32EA825903FBAEA500F	309	no	no					
APU25_29955	8610DF2F43A03E006F7BFC49BE40FCC3	295	no	no					
APU25_29960	3238C3A25FC5C843E4F6573DB48DE9DF	416	no	yes	1	1	0		
APU25_29965	026ABEEDEEA09EA3625D51B86348710C	518	no	yes	1	1	0		
APU25_29970	EE234E98EA719BE27FBE0BC20D49CA12	505	no	yes	0	0	0		
APU25_29975	E96DBC36BFEC8621B215035DF154D3CA	314	no	yes	1	1	0		
APU25_29980	50797A4CF4BAFE3D198F5C03E105E963	219	no	no					
APU25_29985	1A51593E80AB664F8B5D5CF38E5F967F	212	no	yes	0	0	0		
APU25_29990	39B2707A9E99C3C08428606C49E362F4	602	no	no					
APU25_29995	52E36551B86D82A43B56062E3080ACB8	493	no	no					
APU25_30000	C130156522FCAAA8EC3D3528FE4B7752	156	no	no					
APU25_30005	201851710D0E7BF961142B772FF81D06	198	no	yes	0	0	0		
APU25_30010	2977905DF66E80D364858C8287C8CA6C	212	no	yes	0	0	0		
APU25_30015	6A19E6F9C97D1CCCE54B928DE1EDE0A9	700	no	yes	3	1	0		
APU25_30020	1AC5FD6451867F06E282E69240A12F1C	702	no	yes	4	1	0	3	GO:0004672,GO:0005524,GO:0006468
APU25_30025	B2F53D94A0654933993A7CD3090CBD32	347	no	no					
APU25_30030	515695EE32B79551B6FCDD37AE20B03F	743	no	no					
APU25_30035	DB59DCF8A396EEE43F49C44B8F479A51	208	no	yes	0	0	0		
APU25_30040	8310AC223AA9B5833C2011C4AF14448E	341	no	no					
APU25_30045	652833B556794C4DC194CA59D751804D	483	no	no					
APU25_30050	FF4BF157A2807B86B21B3CC405C2E396	275	no	yes	3	1	0	2	GO:0003729,GO:0046872
APU25_30055	95C2820D99FDD9080A8B064CED1E1B02	1157	no	no					
APU25_30060	AB8749F0DB343FCEB4D9F55F9DAF554C	1153	no	no					
APU25_30065	9C61F5C16F8206F7A9B6BC35BBB9B58C	1167	no	no					
APU25_30070	32356BCDDD691F66974C8FCA94FCCAC1	141	no	yes	4	1	0	4	GO:0009522,GO:0009535,GO:0015979,GO:0016020
APU25_30075	94D34EE85568963C1918CC47C0A4D077	437	no	yes	4	1	0	3	GO:0005506,GO:0016705,GO:0031418
APU25_30080	0442DEE6E770B079223CBF23E12F1250	442	no	yes	4	1	0	3	GO:0005506,GO:0016705,GO:0031418
APU25_30085	4E6A8DBE6681644217D6D97A688F55F5	417	no	yes	5	3	0	1	GO:0005515
APU25_30090	A743DE3E50AC6A9285461A031997E289	222	no	yes	2	1	0	1	GO:0003677
APU25_30095	FCBC1D8B6D9646EBC937F50682C316B8	175	no	yes	2	1	0		
APU25_30100	DFB3EE2942C960089ECC1687ECC092E4	306	no	no					
APU25_30105	55057583621CCC007DAC28C08EEC3619	267	no	yes	3	1	0		
APU25_30110	E443A3ACDE6A3FF0695CDFA84C21E968	453	no	no					
APU25_30115	C74B03C066A9CBAF2296EA76CD055484	994	no	no					
APU25_30120	D16F764FD5351633DFCD527A5EAFCA6E	203	no	yes	5	1	0	2	GO:0003924,GO:0005525
APU25_30125	2DCF5DDDE0799073C2BC72DACD96AC74	239	no	yes	2	1	0		
APU25_30130	31AED2216E9DD7FF3B42217A76E2E161	106	no	yes	0	0	0		
APU25_30135	54B388C631B38125EB76805F4A959C7C	290	no	yes	6	2	0		
APU25_30140	43871EFBB9D6EFAF86654B34A21A53E9	358	no	no					
APU25_30145	5046E84A8A380E09A8BC0ADBC3FD6141	872	no	no					
APU25_30150	8C50DB8C71F8A68931F36F89F5CB18D1	436	no	yes	5	2	0	2	GO:0005515,GO:0006511
APU25_30155	0C733C0F48AB4AC11B6414E0E6686B36	277	no	yes	2	1	0		
APU25_30160	DDCAF6DF97D68F423DF4DAFDAD869080	344	no	yes	3	1	0	2	GO:0008168,GO:0032259
APU25_30165	997F83863AD7A9B22F06976EEDB01CB0	103	no	no					
APU25_30170	D9BFFDD1CF1DCBD4AF238BCD279758CD	70	no	no					
APU25_30175	E2F106DB59A53B05C44939B5B58553A7	463	no	no					
APU25_30180	BD68DFA36647AB6AA6C7A9BE25BB5C14	172	no	yes	1	1	0		
APU25_30185	99B8F394D7BAADD69C0CF12232ABE936	370	no	no					
APU25_30190	F692DFC7BED972D7111799373A0B72FC	208	no	yes	4	1	0	1	GO:0016787
APU25_30195	5FBF8C5B999A07D03BB08A06FE12AC62	601	no	no					
APU25_30200	EBE9A52EE380EA16DDB84B2D9DF8019A	162	no	yes	0	0	0		
APU25_30205	2D4AA7CEC7648992DA1669CC2C229BBC	360	no	yes	3	1	0	2	GO:0008242,GO:0016787
APU25_30210	9DAE09713F1ABAE8F580E663EBE72C6D	491	no	no					
APU25_30215	378EDEF60C456533B4FA22CF9A556902	425	no	no					
APU25_30220	1C048726D4C41854CA9340DA814ACCB8	197	no	no					
APU25_30225	CD11D278547521BC67373300D1727834	507	no	yes	0	0	0		
APU25_30230	77A254CEDB666E9BC074A1640C8ABC7C	159	no	yes	3	1	0		
APU25_30235	6F812218E2754C633A92D3D86B3BEB64	266	no	yes	1	0	0	1	GO:0005515
APU25_30240	62612BCB65A295832E416338B557016E	405	no	yes	6	2	0	3	GO:0003676,GO:0003724,GO:0005524
APU25_30245	E5FFA710BA7F7941F789316D8D865094	372	no	no					
APU25_30250	4A7A4C8E79A79B4C5F6DF7DE5A826CE3	90	no	yes	2	1	0		
APU25_30255	51BA80871BC062CD654E4F57AD0E78A1	225	no	yes	3	1	0		
APU25_30260	4E9C97425EEA407CC4B9C3334AA4572F	586	no	no					
APU25_30265	4029A7BD27D3FF1EA33C19F224318506	578	no	no					
APU25_30270	4C0D08B84C6BCC4E374EDE4B55DE6D25	103	no	yes	1	1	0		
APU25_30275	B8938A47FB7B3217A90E08C8F70A942E	149	no	no					
APU25_30280	DCA9B72E245E82E6AD15EB87B1A96A7A	141	no	yes	1	1	0		
APU25_30285	4ED8713E7AC7C369BE21AA19AC681A4E	352	no	no					
APU25_30290	DF054B5C00777E2D7B8C39E14BF704F8	308	no	yes	4	1	0	2	GO:0006596,GO:0050126
APU25_30295	B88786A0778BED22471136AF0C0FC153	377	no	yes	2	1	0	3	GO:0004668,GO:0009446,GO:0047632
APU25_30300	BE0EF88AF4560689F1D0DC0CF30689E9	100	no	no					
APU25_30305	47F597E542824F18EB5FA0B2691D9AB7	646	no	no					
APU25_30310	4447ADDC8D3FD8DAD5CFD048734CC5EB	425	no	no					
APU25_30315	73F5CA58D6A0ACD6135311F935407F66	63	no	yes	1	0	0		
APU25_30320	4164F5E98AD1B563504B91D2C926F3DD	124	no	yes	0	0	0		
APU25_30325	88091A0540809A28ECA5687FF58EC400	192	no	yes	1	1	0		
APU25_30330	657AB2DB57720E031B2077E301D597F4	1122	no	yes	0	0	0		
APU25_30335	EA9929175729614E0A727F29BE0D400A	319	no	no					
APU25_30340	03675516094F8663D1BD35869A5C117E	1068	no	no					
APU25_30345	C2E8D5DE155B09A2BC61FF70834A9CFA	177	no	yes	3	1	0	1	GO:0005515
APU25_30350	0E6513EB26E4D37A25307F192C9FF9AB	512	no	no					
APU25_30355	B553A3E9CE36C83C4D01D5625EC367FB	334	no	no					
APU25_30360	D449A27B8CF2DA16D64E197A860C223A	162	no	yes	4	1	0	2	GO:0003676,GO:0003723
APU25_30365	986FC01D483EACB73147154F115AF1C8	144	no	no					
APU25_30370	A0837DB837AB9C0DA12828A3BAB7B5EC	422	no	yes	1	1	0		
APU25_30375	2479EE8C456270B1DCFEA4124E04DB11	132	no	yes	4	1	0	1	GO:0003779
APU25_30380	5B80756B3307B45817B9A3D0E9902CD6	434	no	yes	2	1	0		
APU25_30385	79A03D80FD5832825822E8F058408A07	169	no	no					
APU25_30390	C2BFCA31B32AF24B2EB5A1D354B48DD3	375	no	no					
APU25_30395	9E16EA7CE1025DCD568E1668B2E04496	309	no	yes	3	1	0	1	GO:0008168
APU25_30400	22AEA228B4F427039E79DD3D2A11128C	419	no	yes	1	1	0		
APU25_30405	6054EB9879D978ECCAB3CC6B0DD2EDF5	395	no	no					
APU25_30410	81BEDFF9B8762AD899E2618A725E147C	579	no	yes	7	2	0	3	GO:0004470,GO:0016616,GO:0051287
APU25_30415	AE31600F05B49D9CA36AFBDE38072001	170	no	yes	0	0	0		
APU25_30420	057AB287C3A5D556B9D851E0A00841F3	645	no	no					
APU25_30425	C7B81F63BD1A7EB3953F85C4E7E3FAE2	362	no	yes	3	1	0	1	GO:0003824
APU25_30430	9599384A90B44876737860BE5444FE0D	284	no	yes	3	1	0		
APU25_30435	A3B41A6FDF49DDADE076B89E804C2F67	506	no	yes	6	2	0	6	GO:0000124,GO:0005669,GO:0006367,GO:0016251,GO:0046695,GO:0046982
APU25_30440	CDE69F81C40C103110A94E5E6351417A	328	no	no					
APU25_30445	63E77B5F42A0D47E335AC3ABDDC918A0	185	no	yes	2	1	0	1	GO:0005515
APU25_30450	56A89EF925A4192442523E354F93F447	500	no	no					
APU25_30455	BA4E5D0657154317076020EE85C3ACDA	722	no	no					
APU25_30460	1DEDCC256DBDF2F48BC6C4C9B909F5E7	1294	no	no					
APU25_30465	7A2B44C6285AF8C2484DC29018F661B4	905	no	no					
APU25_30470	0FD0D895357D77F2903FA84ECA0839E9	919	no	no					
APU25_30475	D05FD57B245C1B2AF8E9C6FCE05AC967	215	no	no					
APU25_30480	623A4E4E9B9480AD5868AC2EC5673DD3	104	no	yes	0	0	0		
APU25_30485	A65E16464E8EC04DD5B3F204E2A2838B	300	no	yes	1	1	0	2	GO:0006506,GO:0016020
APU25_30490	F34058E888F959ED6525C342EEE50F28	140	no	yes	3	1	0	1	GO:0046982
APU25_30495	77DDCE05CAA07D06E9C527D599226015	216	no	no					
APU25_30500	704DA54E9D8DFB1F0F8D8CC4F58632F3	66	no	no					
APU25_30505	F8851787C8EF2A683141F1DDD50A9A87	177	no	no					
APU25_30510	192616D812DC2AB3138519DDC935C523	154	yes	no					
APU25_30515	DA9585589BF8B159CE58D86D9E7BD11E	67	no	no					
APU25_30520	52B370639F0F51F8FAEA4C433CD99206	79	no	no					
APU25_30525	66D6907EA56F5B393A0D49CEF505667D	78	no	no					
APU25_30530	E05CB19F7BBEEA0C26B233DF5F753883	312	no	yes	4	1	0	2	GO:0004722,GO:0016787
APU25_30535	745576A80A3AB411C28C220BF03F6A5E	996	no	no					
APU25_30540	4BA971D1AD46C86DF720EDB0AFA38669	646	no	yes	5	1	0	2	GO:0005524,GO:0016887
APU25_30545	F2876F44966111A55FA3FFD970E4EFEE	743	no	yes	10	3	0	3	GO:0006511,GO:0031461,GO:0031625
APU25_30550	4F4BC78E4CD7A06D58EE46FA1EB0A8FD	166	no	yes	1	1	0		
APU25_30555	618069328D4818060D82937DFBBE2919	275	no	no					
APU25_30560	46F812AEF72FE780B4CD858E93905A9D	312	no	yes	4	1	0	1	GO:0005515
APU25_30565	D1725A3DF87BF72C94D251BDA919109E	376	no	no					
APU25_30570	64F16D78456BD79515D1DC691BD32621	1228	no	no					
APU25_30575	5C8A83F979B20A6D34C747A0E3BEAEB2	499	no	yes	8	2	0	4	GO:0004148,GO:0016491,GO:0016668,GO:0050660
APU25_30580	C13210F3F3A489367F18823C095F1F30	649	no	no					
APU25_30585	EA6F2E1156E175FBF25C0DE7B57D0E79	342	no	no					
APU25_30590	D81B5A448471A5EFA1F5EFEF888B410F	215	no	no					
APU25_30595	F8084CC806F5522386EED8CED04E23C7	139	no	yes	3	1	0	2	GO:0016226,GO:0051536
APU25_30600	C1EA330428DB0B2DB08E14A7911C68AE	428	no	yes	4	1	0		
APU25_30605	3E8581CB1EB77793965BAC677FB3B03D	263	no	no					
APU25_30610	81A8E48114259806F3481F46A454FA02	118	no	yes	4	1	0	4	GO:0005634,GO:0006355,GO:0008270,GO:0140673
APU25_30615	ED4BDF8E44FC398E69AC918B084D3182	176	no	yes	2	1	0	1	GO:0003824
APU25_30620	0F247510A7445AD63FC6A62677FF5D65	257	no	no					
APU25_30625	EC967D6EC0623910539E233DC7AC4A0D	457	no	yes	5	2	0	3	GO:0003676,GO:0006139,GO:0008408
APU25_30630	E4CBC1A0E084E866030212D4289BD7FD	524	no	no					
APU25_30635	9A7AA7A7921B6F8DC92C53922398344A	391	no	no					
APU25_30640	65E8498AD3F64AA55D855C0355DD99A1	1052	no	no					
APU25_30645	29A75D50934AAA09EB2CE93D1E9E0316	743	yes	no					
APU25_30650	BAAAAFF60E028106DD15FB8636AB3B65	411	no	no					
APU25_30655	4DF3A56B5CFF0E5BB368C5723E301D12	654	no	yes	7	3	0	6	GO:0003997,GO:0005777,GO:0006631,GO:0006635,GO:0016627,GO:0071949
APU25_30660	BF95E10DF8D0C4FEB00AFB507B25E0B7	86	no	no					
APU25_30665	6773DF342D3E017077CCE2B99BCA3EB6	287	no	no					
APU25_30670	20BCD684523135CEF37C7D37EFAC144A	433	no	yes	1	0	0		
APU25_30675	1AEF4FCCD2CB8BC62683ADE3B9E433C4	448	no	no					
APU25_30680	926E08DB55248ECCABEB56EA909A958F	511	no	no					
APU25_30685	284A4FB771620C4AB0A03498E41998C0	644	no	no					
APU25_30690	7151736ACE6D7385D17FB52175501D97	676	no	no					
APU25_30695	2B72CA4179ACFE830B83F4164003FC87	214	no	no					
APU25_30700	4D9EF9F04EF7A6EA4AD1297370F1AB7A	348	no	no					
APU25_30705	D2B5379BA44A13A26764E8BC3EAA80F7	140	no	no					
APU25_30710	66E07D935BB3AB67D53B15D35950FAE1	582	no	no					
APU25_30715	22F5B8ED20603FFBAB8467AC9192D635	330	no	no					
APU25_30720	E56794F66500F75C9542861CF6E6F36D	206	no	yes	0	0	0		
APU25_30725	5297100704CED0DA8560CACF1A33044C	1738	yes	no					
APU25_30730	5D29F7D15B4B1D7DE3B7B7AC3ED34CF0	124	no	yes	0	0	0		
APU25_30735	BD11B8EDDD5155EBEF268269FF45D82E	221	no	yes	0	0	0		
APU25_30740	974FF4CF967A44EDD71AFCB3AEF5EB88	339	no	no					
APU25_30745	AD590A87DB1C409D52BD32C1D6381DA3	745	no	no					
APU25_30750	9AECB5FFFE379A4E97971B22329B2B79	449	no	yes	5	1	0	3	GO:0008483,GO:0009058,GO:0030170
APU25_30755	900BA3344B384B3EC59ECF203D66A5FF	188	no	yes	2	1	0		
APU25_30760	5B8B10267A6FA908EB7B896ADB104E59	1045	no	no					
APU25_30765	D06EC19228F2D674651DE68EFC1686F6	493	no	no					
APU25_30770	80B3C2E56BC7D2CF46CC092E73422CFA	587	no	no					
APU25_30775	52FB3C83A68F7CE7CAE60D6BDDAA3C7A	1565	no	no					
APU25_30780	347209F3ECDD7472D3B2A3F93F140CC8	102	no	yes	4	1	0	1	GO:0000062
APU25_30785	330273CBDDBB884E89DD6BBF127BDC8F	255	no	no					
APU25_30790	A58EA97F147E434D17D72C8E71672936	1251	no	no					
APU25_30795	02C6AB38BB165A568123CA124099BB05	959	no	no					
APU25_30800	51AE1EB046038302C88FB246C41DEC0C	134	no	no					
APU25_30805	F294735DE209E817F955314513EB56EB	1215	no	no					
APU25_30810	F8003944A1715BC8B26B4C30DFF86D2D	320	no	no					
APU25_30815	208293DB08AE31F6D4D8AF9E0209088B	952	no	no					
APU25_30820	A01659716B0EBFFE29F774C3D64173D1	343	no	yes	2	1	0		
APU25_30825	ABEB6C1C4095795575E17B11AF2D5CBA	456	no	no					
APU25_30830	C8DDC6CA44ACB3E6D858C193B3E9F3C8	457	no	yes	0	0	0		
APU25_30835	8CFAD8C2333F626210143A1B2584ADC7	310	no	yes	1	1	0		
APU25_30840	B160C8067EA4FDDD0E3711407885C817	301	no	no					
APU25_30845	AE532E92B9610D355D1FE3E39518C478	264	no	no					
APU25_30850	36271B432EE2CF3029C6B1985C088F46	427	no	no					
APU25_30855	74A0AFF27A4F45641CC2D5DDD0A925C1	408	no	no					
APU25_30860	DBCAC4927D48B492C65BDF4F6C9877D5	435	no	no					
APU25_30865	2B46B160FCDD80334E4FBCB9C6B1E6A3	702	no	no					
APU25_30870	193FA36A478D29EC946A9838F06C81CE	185	no	no					
APU25_30875	F9D28AAC0A532E9B3BF93484FDFBAB84	351	no	yes	3	1	0	1	GO:0003824
APU25_30880	4E1695A57C921ADC04E7C9AA6F7ABFBB	391	no	no					
APU25_30885	3862E8F37A451681059492907DBE7F32	417	no	yes	3	1	0	2	GO:0000272,GO:0004553
APU25_30890	E35C557034038CF86BDA9986DE2B4CA1	462	no	no					
APU25_30895	CE59FC4DCBFB53554B8A7F190B71474B	68	no	yes	1	1	0		
APU25_30900	775526B0DE30BCDBD1A365BDA079743F	1202	no	no					
APU25_30905	67FC44C1250FF19361D97750A6863687	223	no	yes	1	1	0	2	GO:0022843,GO:0034765
APU25_30910	CC4B81E906FAB12C669442A73F4E9E37	734	no	yes	3	1	0	2	GO:0005515,GO:0043130
APU25_30915	BFE2F73B46981C7895F62887B5357203	1241	no	yes	1	1	0		
APU25_30920	78131A68A77D4046795AEED335637B1F	416	no	no					
APU25_30925	FC21CFD93A829603BACDAE75570B1227	284	no	no					
APU25_30930	53445CD0FF772C696A32D2CC23AC325B	162	no	no					
APU25_30935	5D390AF495BE1EDD8360D2047BE29785	387	no	no					
APU25_30940	37BE0D31F1E0429CB089CCA507E9FD60	233	no	yes	2	1	0		
APU25_30945	51CB62478FF48905569C984DABB095BF	492	no	yes	0	0	0		
APU25_30950	2648DC3611C80F40C229F31AFF522049	465	no	no					
APU25_30955	F632DEC477D721BF0DBC943600D0FEA6	507	no	yes	1	1	0		
APU25_30960	6A254B8C4EAB625245241E225AF78E7A	514	no	no					
APU25_30965	04B0BBB24073AA3CCEDFD656EC5510B8	362	no	yes	5	1	0	2	GO:0003755,GO:0005515
APU25_30970	664D63B26189998EA7041BF970AA9158	1041	no	no					
APU25_30975	F86C4FB0FC6C639DCCA7D73C2C4B7646	790	no	yes	6	1	0	3	GO:0004672,GO:0005524,GO:0006468
APU25_30980	9AFA0E2E47E35EC6000D90AD3829DBE2	891	no	yes	2	2	0		
APU25_30985	9499BA9E520B2474D6AD81D1C1582C6D	314	no	no					
APU25_30990	8B21382890C77BFA4882D75AB301D1EC	345	no	no					
APU25_30995	9B886C34EA843CE0AFAA92340D20AF73	352	no	no					
APU25_31000	207980CB21D33F8BACBFBE65EE5CBDBA	512	no	no					
APU25_31005	60642C9F010A0D180902BC4F81763AA6	253	no	no					
APU25_31010	DFC80DDB1E63B1E6C66D0D32F19D5CF2	195	no	yes	2	1	0		
APU25_31015	20C7481BC4434911975D73042E7DA76F	321	no	yes	7	2	0	1	GO:0003824
APU25_31020	93A6E567676FD28E3D7E04985CD9C311	426	no	no					
APU25_31025	488A554424239CB1F68A55CD39A5AD58	470	no	yes	2	1	0	3	GO:0015098,GO:0015689,GO:0016020
APU25_31030	05CD77B5E84E856D900B6F7410D923F1	1740	no	no					
APU25_31035	30EE713A72FBC61494AA86DD7E97B7CB	176	yes	no					
APU25_31040	42B3A9D5424CAB6B08BBB59A868F8AB4	276	no	yes	0	0	0		
APU25_31045	2790C300D63F09899FB1ECC1C946889C	209	no	yes	3	2	0	1	GO:0005515
APU25_31050	BFD8C09940065AC9FB9992471DA1392D	382	no	yes	3	1	0		
APU25_31055	6EF64455FF2EB4869D0224B9338177A3	553	no	no					
APU25_31060	CE831CBAD1B248E7BCD9F65B4BCFBDE4	558	yes	no					
APU25_31065	29DF8968D2141F1453916E4A10E41E20	1740	no	yes	5	3	0	4	GO:0003774,GO:0005515,GO:0005524,GO:0016459
APU25_31070	F7690D02FD20A7E5B0756F6AE549AD27	171	no	yes	0	0	0		
APU25_31075	425EB40F38BABE628E4DE72768FBA023	284	no	yes	3	1	0	2	GO:0004452,GO:0008299
APU25_31080	AAB1C925AD9FE6BC2AD79553D2A92467	403	no	yes	0	0	0		
APU25_31085	2B89EFC6B3A5BCC5EC4E62F4FE7119BE	266	no	no					
APU25_31090	D3E3F93C8B8C2D1AE78F367AC8DAF33D	140	no	yes	0	0	0		
APU25_31095	D4E6A6F675B72F781A065DE9AB809786	106	no	yes	4	1	0	5	GO:0005680,GO:0008270,GO:0031145,GO:0061630,GO:0097602
APU25_31100	4AA08593D4097B083B52DB1693C54CE7	323	no	yes	5	1	0	1	GO:0005515
APU25_31105	155E2EA2C9E79AA44DA49548B7283055	537	no	no					
APU25_31110	F646D5A60FDC8679D23ECC03A00F4879	340	no	yes	2	1	0	1	GO:0043190
APU25_31115	1F109AAC2E86B268758CBC3E25A36F04	318	no	no					
APU25_31120	DF78E805C82AC3610B0DE2021A316E5A	233	no	yes	0	0	0		
APU25_31125	C82E2BBDF9721069CE1BA6BC469635B3	82	no	yes	0	0	0		
APU25_31130	D96274E71C3900C0EEDCCD08367D6B57	142	no	yes	1	1	0	1	GO:0022904
APU25_31135	88F0331E9EDE010C737981C64D9C5AE5	567	no	yes	0	0	0		
APU25_31140	2EC965F9162B29C3F7D5C000D69456BF	250	no	yes	5	1	0	2	GO:0004807,GO:0006096
APU25_31145	F9310F2AD424723689D1CAF58E0B0BB2	799	no	no					
APU25_31150	96A44DAC8EA6C9B5607CB6BE324BF94E	547	no	yes	7	1	0	6	GO:0015144,GO:0015145,GO:0015749,GO:0016020,GO:0022857,GO:0055085
APU25_31155	4D8D3F1E6E31BE55323BEAE4F47AE95C	103	no	no					
APU25_31160	8D9A9AA5A2994A180FBADA2E13968C0F	1144	no	yes	1	0	0		
APU25_31165	CA5710574CF594B096E8F047B4F1A487	149	no	yes	3	1	0		
APU25_31170	FE610E63BFF9BCE3C24C53C4E3782808	466	no	yes	2	1	0	2	GO:0016746,GO:0016747
APU25_31175	5BFAE64541CBEDE891C046C92778E0FE	181	no	yes	0	0	0		
APU25_31180	09179789581B198D3BC10538CADEA95D	731	no	yes	8	5	0	2	GO:0003676,GO:0005524
APU25_31185	57B5A764CBF842BC4605076987D82C25	612	no	no					
APU25_31190	C07BABB25E3540BCAF2FB6194DF5D6EF	219	no	yes	2	1	0		
APU25_31195	258E80FB706AEFB4301E63BF71E64FE7	929	no	no					
APU25_31200	6178B1F2FBFFF6D017FF96B617204F0E	70	yes	no					
APU25_31205	22D69A02192DE3A9D08F0D3B450AD932	231	yes	no					
APU25_31210	F31515BA4972433C9DA9DA510E4F891C	298	no	yes	4	1	0	2	GO:0008253,GO:0009264
APU25_31215	9E5C4DC04DA65D50BBD440F77221FB99	155	no	yes	3	1	0		
APU25_31220	9C1B3ADC466F35767D20E8ECB37E67EE	236	no	yes	3	1	0		
APU25_31225	BB0E9BB4946A7F23E03B055C333BC6F4	130	no	yes	3	1	0	2	GO:0003735,GO:0032543
APU25_31230	7A488DB500BBF5750B322490769702C0	571	no	yes	5	1	0	2	GO:0003684,GO:0006281
APU25_31235	476A05BBCC7C151A95101D6AB3230958	321	no	no					
APU25_31240	031F18263FA14919C6535EEE483DF66F	286	no	yes	0	0	0		
APU25_31245	E792D8631BE244596E3A8FE0D72957E3	240	no	yes	0	0	0		
APU25_31250	3A3935B339FCB7D7B75F763CD8F7A9CC	459	no	yes	3	1	0	1	GO:0005515
APU25_31255	6D0D615730409695B0E3FE22121FC6E8	628	no	yes	1	1	0		
APU25_31260	B4EBF879520440D2F09A1875A5D10F80	220	no	yes	2	1	0	1	GO:0005515
APU25_31265	74716E71EDC75D2050F9298268F6D6F8	311	no	yes	3	1	0	1	GO:0051537
APU25_31270	365FD53B890A5D46BE48239527E33E27	315	no	yes	2	0	0		
APU25_31275	2964D287F52D28EDE2F7F71F8095ABE7	145	no	no					
APU25_31280	59D9104266284C40BCEFBC53179DAEDE	257	no	no					
APU25_31285	A72EC978BFF20CB2AEDB092B57A75B88	473	no	yes	0	0	0		
APU25_31290	8A2527538E04980F6651A876B0CAB31E	646	yes	no					
APU25_31295	49346A5BAFB9FC253CE8121DBE7B31E1	82	no	yes	0	0	0		
APU25_31300	733C78F04739D013943D5A3B31084181	2789	no	no					
APU25_31305	BB9FCAE747810513B4D761F0E5CAF320	364	no	yes	4	1	0	2	GO:0006862,GO:0055085
APU25_31310	250076FAE5827491AD2B415199FFEFC5	533	no	no					
APU25_31315	68CB871B858C445AE8479F46A71A00D2	151	no	yes	3	1	0	1	GO:0051536
APU25_31320	5926D5CE3EFE4EAB3E0960AF5FFAB052	133	no	no					
APU25_31325	39F5B171AD5D3D43DAEF1293BB68E3A5	244	no	yes	4	1	0		
APU25_31330	0B18290D0020F4379B785A74F57FE53F	2696	no	no					
APU25_31335	BF502984FD58339D56B0184877D66BCA	106	no	yes	4	1	0	3	GO:0003723,GO:0008380,GO:0030532
APU25_31340	8E609BDD70D3C87BD2EE80210F77FBBA	312	no	no					
APU25_31345	CF0F137A68913E082C955C08F666A0EB	562	no	no					
APU25_31350	1B2915D1B65BD52DCB2C29945C4E2A46	627	no	yes	5	1	0	3	GO:0004672,GO:0005524,GO:0006468
APU25_31355	40EF5D61FEAECF160D0AD703E74CE9CA	1387	no	no					
APU25_31360	9F2311E9A84B64B7475243A4E1D7225A	344	no	no					
APU25_31365	B07656CDCF40840AEDF9BE83BE2BC740	215	no	yes	3	1	0	3	GO:0003712,GO:0006357,GO:0016592
APU25_31370	FAC15265A0915495C1F365AF58C9A1C7	184	no	no					
APU25_31375	8FD0F0B06678578CA49DF683FFA20659	481	no	no					
APU25_31380	DB788CC328C37993C1A846CFA0C972EE	135	no	no					
APU25_31385	FF2AFE28BAC0FB37FBA5C11C2756EDEE	561	no	yes	5	1	0	2	GO:0022857,GO:0055085
APU25_31390	BAA47A0BFA0D0A97EDCF831EDC87A79D	536	no	no					
APU25_31395	E5EA33657B98325621AFEDFB594ED9AB	687	no	no					
APU25_31400	32DAD8193FA745544A778014767B0836	235	no	yes	1	0	0	1	GO:0006888
APU25_31405	47080FAEE3DA5A01A20634481112D76A	112	no	no					
APU25_31410	C7C9716A1EB1015EFAB3B42762E8160B	624	no	no					
APU25_31415	7BEF9E741202258668FE5799B2096586	475	no	no					
APU25_31420	F6EDE2BE3CFFB2CA91489CB64FC21943	842	no	yes	4	1	0	1	GO:0000009
APU25_31425	76FCF7767E683B5099AD4998CE5341E6	200	no	yes	3	1	0	2	GO:0015918,GO:0032934
APU25_31430	D65DDD04443015C0FC906E6B5EC0E59D	420	no	no					
APU25_31435	E87E4E1150439DF0B77FAED5B1699259	170	no	yes	3	1	0	2	GO:0015918,GO:0032934
APU25_31440	B727B58ACB2740B9F2096DC2D750C89A	471	no	no					
APU25_31445	04F1C5C960FC932B6D0A140835BE1CA1	327	no	yes	4	2	0	1	GO:0005515
APU25_31450	8BD09C1E859123C475BEBC2A60AA9407	494	no	yes	6	2	0	3	GO:0003676,GO:0003724,GO:0005524
APU25_31455	7F1BA123C507B191EB075C26BD09A7F7	304	no	no					
APU25_31460	E4CE0342B384E261F3E4352C63E83212	336	no	yes	4	1	0	1	GO:0003824
APU25_31465	53DFE9D9BA409630C87EA46610BA7139	967	no	yes	1	1	0	2	GO:0006364,GO:0032040
APU25_31470	A5CF2A605C22B9CED81890145C58C9A2	1100	no	no					
APU25_31475	E8E7DD1624125E49809F2C6C5FD97E00	140	no	yes	3	1	0	2	GO:0000413,GO:0003755
APU25_31480	E6EC50D460E384DABC114DECBF12C955	808	no	yes	5	2	0	1	GO:0005515
APU25_31485	528512F114F3961B1035FE0627871C41	416	no	yes	2	2	0		
APU25_31490	DBC41B89FFA10B49B16438131BEA72E0	605	no	yes	3	1	0	1	GO:0003824
APU25_31495	D20738ECE4372E830AEC053D31720CC5	363	no	yes	7	3	0	5	GO:0003676,GO:0005634,GO:0006351,GO:0006368,GO:0008270
APU25_31500	7C90A6AEB9F6A4657D8568BFA88BF1C3	391	no	yes	4	1	0	1	GO:0003676
APU25_31505	62FD63FFD97F50C3D9BBD350F5ABC9B8	455	no	yes	0	0	0		
APU25_31510	A852177D33A8B1B3D9618CA8258EC61E	465	no	yes	0	0	0		
APU25_31515	B83A9E16775EF3E123E47F216AA3B878	178	no	no					
APU25_31520	8259CD5D88C2E430F710078E67829ADD	704	no	yes	7	2	0	4	GO:0005524,GO:0006457,GO:0016887,GO:0140662
APU25_31525	B3A83BDF40151D00003F69CCF56CDC50	241	no	yes	1	1	0	2	GO:0005778,GO:0016559
APU25_31530	D9B32210100DCA1F15FF93F5AF72F40A	296	no	no					
APU25_31535	678DB25F01DA2A90CDFD142AC5BE74BA	344	no	no					
APU25_31540	5EAF671F2EAE2E03E3FAF2A6774ECABA	335	no	yes	3	1	0	2	GO:0003935,GO:0009231
APU25_31545	40245212D1CAD4F7CFA4628D7C8EA05A	67	no	no					
APU25_31550	E2FF0C406165E702E3B247DD0B7891A1	414	no	yes	0	0	0		
APU25_31555	CDE5B12F9B35323BBD501E698CD90342	409	no	yes	3	0	0	1	GO:0005515
APU25_31560	955092D26120623F1529C640529D2A42	397	no	yes	0	0	0		
APU25_31565	94D5DD9D2F4F9E0CFD27818246CCB9B3	501	no	no					
APU25_31570	8F39CF23E7037DC148F36ACC6319F25C	183	no	yes	4	1	0	3	GO:0000413,GO:0003755,GO:0006457
APU25_31575	A0BABC628FF560009448E0192C4CF992	242	no	yes	1	1	0		
APU25_31580	12B35AAFD67596B45740258762C7936C	175	no	no					
APU25_31585	367CAF8585EF6526ACCF6E5474BA1572	293	no	yes	4	2	0	3	GO:0005506,GO:0016226,GO:0051536
APU25_31590	2C81AF467F60EC4AFD0FA2DA3B205001	294	no	yes	3	1	0	2	GO:0005524,GO:0016887
APU25_31595	A8B44991EDBE92FE7B8389879CB3702E	384	no	yes	3	1	0	1	GO:0016787
APU25_31600	F59FF749A298F38F16156AB42696E5AD	1279	no	yes	11	4	0	5	GO:0005524,GO:0006605,GO:0006886,GO:0016020,GO:0017038
APU25_31605	62DB7419335F7BB45C3D262CB3F4CF3B	839	no	no					
APU25_31610	82AA1813E3FE4BE8E0768A1A688FC078	867	no	yes	5	1	0	2	GO:0004843,GO:0016579
APU25_31615	EBB2B36AA3D3A06C623EA6FE1992CC96	276	no	yes	1	0	0	1	GO:0070072
APU25_31620	36A138B09D0539CA847F965CD0743F3F	262	no	yes	3	1	0		
APU25_31625	9131AD22AD8A1ABFDB04BA63742E6669	120	no	yes	4	1	0	3	GO:0009522,GO:0015979,GO:0016020
APU25_31630	E5013564B7E181BEE3FE354D95DA4F8E	1357	no	yes	20	7	0	8	GO:0004854,GO:0005506,GO:0016491,GO:0046872,GO:0050660,GO:0051536,GO:0051537,GO:0071949
APU25_31635	3153519B25B4792A8BF64414085BE9DE	481	no	yes	5	2	0	2	GO:0030145,GO:0070006
APU25_31640	077F7802BF1F57176FD4269B64000388	446	no	yes	1	1	0		
APU25_31645	7A8F90BF11E93AAA6EF0A07283530CEE	591	no	yes	1	1	0	1	GO:0016020
APU25_31650	FCA6B654EC6618E6AE40B4F06EF1F8DA	309	no	yes	1	1	0		
APU25_31655	9C2D5937F7D8FC46803916837AD466FF	218	no	yes	1	1	0	1	GO:0016592
APU25_31660	E9C91A32C0A156EA7830FA2AB3EE6A2E	351	no	yes	2	1	0	1	GO:0009966
APU25_31665	417E85A128CA0F03BA113DB034651DA6	240	no	no					
APU25_31670	2013F01D4AB2DE36493B26FB0D7DD6E2	377	no	yes	2	1	0	1	GO:0008757
APU25_31675	92A8C737168A114CD619A057663EC1EC	588	no	yes	4	2	0	3	GO:0005634,GO:0006355,GO:0030015
APU25_31680	C39C062D678A94DCDB3B7E59B94DF7EF	207	no	yes	0	0	0		
APU25_31685	8C55A99C61751B2DC1CBF7450C85B1A7	259	no	no					
APU25_31690	103E64BE6D2FBAA7D557148A739B9341	92	no	no					
APU25_31695	E4FC0714458C8D05DFAEACD893A1FC63	256	no	yes	2	1	0	4	GO:0008198,GO:0008270,GO:0016491,GO:0051213
APU25_31700	B99B5E676D3FB53DBF980CEE902B62E6	916	no	no					
APU25_31705	D55FBDD6FDF2F456B1FFB088F2D786C5	277	no	yes	2	1	0	2	GO:0005515,GO:0043130
APU25_31710	2B7AF9559CB5B4C3B52BD07A3687C956	290	no	yes	5	1	0	1	GO:0016491
APU25_31715	2513C9BD282AA7599D98BF1A3CD60B5A	740	no	no					
APU25_31720	C79F34257114372AB92226327860D0F6	549	no	yes	4	3	0		
APU25_31725	C28EEE2A8CF0D7AAB51C4E3572BABEDB	530	no	yes	0	0	0		
APU25_31730	BD405053B3387F663D0895F8D6A36263	289	no	no					
APU25_31735	F32FB17D677F6358FA4F81300A5037A8	265	no	yes	2	1	0		
APU25_31740	49414FCD1A936614D9B3FA71A94A1EE7	910	no	no					
APU25_31745	FED076344051BDB35B949AF84C177A09	887	no	no					
APU25_31750	8DA013D5874D3AD70863D73AEC6C4ED1	177	no	no					
APU25_31755	F862E1D9CB286DAB76BDCD4D40990701	352	no	no					
APU25_31760	C3F92C61DBCFC515BEFACE23430001EF	424	no	yes	2	1	0		
APU25_31765	782536BFB525E0B7C9071D133FF620C6	385	no	no					
APU25_31770	919BFD3964124EA98C5B42A3E52B8FE5	584	no	yes	2	0	0	3	GO:0005515,GO:0016020,GO:0032977
APU25_31775	61CC040DF3B62459A9862BF5E3668396	356	yes	no					
APU25_31780	8132F4E2B8765509BA146811EB5FA7D8	407	no	yes	3	1	0	3	GO:0006631,GO:0016491,GO:0045300
APU25_31785	9269048521EA13057787F69FA1A9E7CB	453	no	no					
APU25_31790	FDF904A373B207405C2F56B05048A67E	197	no	yes	3	1	0		
APU25_31795	5E69B276A7B4B300B219413E721721B9	122	no	no					
APU25_31800	58883465C2584DFADF0AD9EF01D4C263	278	no	yes	0	0	0		
APU25_31805	98383532204CB6CAB6A5645B8A6C25F0	1069	no	no					
APU25_31810	243F96C1CE5D84FCE0A6352C8AD77704	968	no	no					
APU25_31815	E156835877CE767625FEB2CB7CB7FC66	326	no	no					
APU25_31820	5FE4E62D9F5DDB77E15A970C280CDDB5	677	no	yes	1	0	0		
APU25_31825	9D406936479F26B4D422D187C6B7FD25	344	no	yes	2	1	0	3	GO:0016020,GO:0046513,GO:0050291
APU25_31830	F7F55D96A112E1AFE3186ECA9975EA41	375	no	yes	0	0	0		
APU25_31835	135E03DCCA18E4CEC0542269F29CF90D	259	no	no					
APU25_31840	519F71524FDBF371F686EF97531F8CD3	345	no	yes	1	1	0		
APU25_31845	0DEDCB608DAA5FB5D83358BC44067F26	95	no	yes	0	0	0		
APU25_31850	F4AB8F4736D6D414D4A612C975392149	1905	no	yes	2	1	0	1	GO:0006355
APU25_31855	726267AD3B4394D0373865EC09E712BF	744	no	no					
APU25_31860	22A08CCEBC49D3BAE388A6F1F862968A	482	no	no					
APU25_31865	A1F0438373D17A9EB4981E3FFA0EA2B8	2759	no	yes	4	3	0	2	GO:0008381,GO:0016020
APU25_31870	BC5D3EC0B1FEB460D11D9D4983B12EEB	876	no	yes	1	1	0	4	GO:0005634,GO:0005732,GO:0006364,GO:0034457
APU25_31875	D1C4A353E88C42306C5631F677CF7FE1	129	no	no					
APU25_31880	56469D942174143D5087DB498FCB1FE4	329	no	yes	1	1	0		
APU25_31885	E21533245B6A763787023F4DA5B0D3EE	440	no	yes	0	0	0		
APU25_31890	1114864D8456EBA581CED1D0AA6BC8CE	684	no	no					
APU25_31895	B56F87E1F415D29C0949B5F6D302EBD8	311	no	yes	3	1	0		
APU25_31900	DDED09858990DCB8CD2802BBDB9C8BD2	297	no	yes	1	1	0		
APU25_31905	D590AE63B18FFE7275B47742832C43CA	527	no	yes	1	1	0	3	GO:0003743,GO:0005737,GO:0005852
APU25_31910	3C09AA4E2C3AE1DB77654C93CD6605DE	640	no	no					
APU25_31915	3DEEDD6F3075C909AE4311AD8B15A5DF	1678	no	yes	9	4	0	1	GO:0006355
APU25_31920	68F0C7F0C9FF209FBE7FCC9576B7E4FF	366	no	yes	2	1	0		
APU25_31925	FC9A66D998F0D84D16E5F4D035E79AA3	409	no	yes	2	1	0	1	GO:0016020
APU25_31930	4EA84860A537DBF6DCD14899871EA11F	384	no	no					
APU25_31935	57D444CAF0F3E322D85484B5056BEE88	935	no	no					
APU25_31940	8B3009F8CB05492A291174E8DE5EBE83	306	no	yes	5	1	0		
APU25_31945	BCDD46BA30ADDB845D30B7A9503EF589	1186	no	yes	6	2	0	3	GO:0000829,GO:0005524,GO:0046872
APU25_31950	FBBA9B5B5453CA37FABD3E0D6231D4D7	216	no	yes	4	1	0		
APU25_31955	C1F1FD4AB21EBAFE8DC7668B6F2D80CE	488	no	yes	3	1	0	2	GO:0006400,GO:0008479
APU25_31960	8CB454968498FD2D8726DA862A91912B	587	no	no					
APU25_31965	7F1F2A009F8860EDA5CB07B479E268E5	75	no	no					
APU25_31970	A6E2B0A9392E7B3E7AD0D6503B8FBC57	343	no	no					
APU25_31975	1EDC1665146D94909A9FA627A761F17F	1861	no	yes	9	3	0	3	GO:0061630,GO:1990112,GO:1990116
APU25_31980	C58CE17DEB7FFFFAF4B5B0A87FD51B02	605	yes	no					
APU25_31985	1FA665473737D7EEE9544346ECF4D39C	1778	no	yes	1	0	0	1	GO:0005643
APU25_31990	F47D69F0B22174B7DA11800DBFF950E7	1278	no	no					
APU25_31995	1D761866B477FE4BA641ED1B82F4449C	913	yes	no					
APU25_32000	CB19880A928D68B84AB56B4A91EAB30F	66	no	no					
APU25_32005	2F2C45D58083DBBA6D6D4F88AE0A0C0F	111	no	no					
APU25_32010	806ACBE123A0FD3FAAD30E53C8FA45A5	1072	no	yes	4	2	0	1	GO:0005669
APU25_32015	1774A6BB20A83AEFAD483D192E488F49	489	no	yes	1	1	0		
APU25_32020	507265EC04827CA87AC10B63263348B7	685	no	yes	6	2	0	2	GO:0005524,GO:0016887
APU25_32025	E4BABA2996B0AF416F023808B4615C3E	369	no	yes	5	2	0	4	GO:0004412,GO:0006520,GO:0016491,GO:0050661
APU25_32030	61AA39B0A697E99EBF29F2F940E013D5	752	no	yes	3	2	0	3	GO:0007030,GO:0015031,GO:0016020
APU25_32035	270D0E01FF566285A9847580F00DA762	386	no	no					
APU25_32040	83691A85F6BB516348A15AD18B49DB7D	1032	no	yes	0	0	0		
APU25_32045	73F2FA621637D0D1E17C0DB57ABC1328	168	no	yes	4	1	0		
APU25_32050	2586B091CF3B7DB50CD4119BD6C32892	275	no	yes	5	2	0	3	GO:0003735,GO:0006412,GO:0015934
APU25_32055	4F98B51AF58F475CF3DD86F056C0B8A0	162	no	yes	0	0	0		
APU25_32060	54947D5CE9D1F3E6C07A4B5D88691685	137	no	no					
APU25_32065	E29205720F4B8D7C9F1E56BD5D0C3F2B	623	no	yes	7	2	0	6	GO:0003924,GO:0005047,GO:0005525,GO:0005785,GO:0006614,GO:0006886
APU25_32070	76155A2EACAEB6B6E97E9074AFB2BCD9	1004	no	no					
APU25_32075	D9845943A5D8C5069641226F3CD16063	132	no	no					
APU25_32080	AA4DA353DBAFAC371E7FD99F0D50CDAB	446	no	yes	3	1	0	2	GO:0004298,GO:0016787
APU25_32085	DA657DE16C591A9C1F27A41D1626E38C	263	no	yes	4	2	0	6	GO:0000076,GO:0003676,GO:0005634,GO:0006974,GO:0008270,GO:0031297
APU25_32090	27E24FF1629DB915AB13847852AF4356	577	no	yes	3	1	0		
APU25_32095	278CC0DBB19287FC185314B8AF6C04ED	495	yes	no					
APU25_32100	F8B1B6C612A567714CDB4EBA984442AE	1074	no	no					
APU25_32105	7CCD3ADE1D9A0E2E95C0F1057B2C4109	396	no	yes	4	2	0	3	GO:0006633,GO:0016297,GO:0016790
APU25_32110	4523446E6A9EE82E1E4A7B4BB909EF1F	255	no	yes	2	1	0	1	GO:0016020
APU25_32115	6429128521052B6E8A0077B0330DF23D	214	no	yes	5	2	0	2	GO:0006351,GO:0006352
APU25_32120	D5717B59C59F853134BF09CE6A1E5EB8	17905	no	no					
APU25_32125	58D0236F7DDA50346650E1D899EC958F	101	no	yes	0	0	0		
APU25_32130	5D6109BD65BBCB37108F4EC0D6B496FA	275	no	yes	10	2	0	5	GO:0006099,GO:0009055,GO:0016491,GO:0051536,GO:0051537
APU25_32135	AB35F12CCAD58CB09DC8F9C542726BC1	281	no	yes	0	0	0		
APU25_32140	0369A32FA1F1696A3207482413528271	163	no	yes	2	1	0	2	GO:0005739,GO:0034551
APU25_32145	E6990F6AFF93F1E430DA07262935AF03	260	no	yes	9	3	0	4	GO:0003746,GO:0005737,GO:0006414,GO:0043043
APU25_32150	AA63901531B2A3E1F35633F3811E82EA	381	no	yes	4	1	0	2	GO:0004664,GO:0009094
APU25_32155	315D608544C0DDE61B81BF92E328CBA7	1042	no	yes	4	2	0	6	GO:0006812,GO:0006813,GO:0015297,GO:0016020,GO:0055085,GO:1902600
APU25_32160	EB710CB7D07684C2DD6F54A6E6CAB5BF	251	no	no					
APU25_32165	093580145A47DBFC9816F3D26CA700E5	594	no	no					
APU25_32170	3F6731E4D81AB8F7392BBCF013511C99	626	no	no					
APU25_32175	D37FC79F10DE6AD6DC1F224327F55A0D	1392	no	no					
APU25_32180	5ABA3127BFAA42DEA3440D6A6D5520F8	477	no	yes	3	1	0	2	GO:0005524,GO:0006468
APU25_32185	C8156BA9DC34F48A0BFA17F8AFFF898D	748	no	no					
APU25_32190	F5EAFF8D0ADBE707B83E0A4FA8DC5E50	269	no	yes	6	2	0	2	GO:0004735,GO:0055129
APU25_32195	7770DDD8A68212EE43E088A64B0D8E62	320	no	no					
APU25_32200	7809A1B379CAA578A5A8EA5537D68598	620	no	yes	3	1	0	6	GO:0003723,GO:0005047,GO:0005786,GO:0006614,GO:0008312,GO:0030942
APU25_32205	EED92A4DFCD6F3BDCE0F97F091DA7296	818	no	yes	11	4	0	3	GO:0005524,GO:0016787,GO:0016887
APU25_32210	A3840D2F57C5AF90BC935780795113B9	354	no	yes	1	1	0		
APU25_32215	ECE171B421CF33FFB7A81A766B95C3D8	483	no	yes	7	2	0	1	GO:0005515
APU25_32220	05B936F30EF19634A4A82CA6859710FB	473	yes	no					
APU25_32225	B8353E0EAB01598DCC5DA435FFC980D1	386	no	yes	7	1	0	3	GO:0003824,GO:0004356,GO:1901704
APU25_32230	4FACC974D06DF3425A2FAFF4F87AE84C	610	no	yes	6	2	0	3	GO:0004470,GO:0016616,GO:0051287
APU25_32235	37EDCB4748FE397140429C02B91B03F1	229	no	yes	3	1	0	3	GO:0005509,GO:0019722,GO:0019900
APU25_32240	76A5EBA0CAEA8F994C795B86B1E024C9	577	no	yes	2	0	0		
APU25_32245	45434A6F32DB3C561FD26C4641E7462F	816	no	no					
APU25_32250	23256ED4FFC58DFDC5E6ABA8D4B7C012	1182	no	yes	11	5	0	5	GO:0003684,GO:0003887,GO:0006281,GO:0016779,GO:0042276
APU25_32255	E81871D9599E42FDF3F715C9121FC3CD	183	no	yes	1	1	0		
APU25_32260	EC04D418869AB9844BB2DE424649F138	235	no	yes	0	0	0		
APU25_32265	0F83EA4640D938E12D61F27FCBEE2036	439	no	yes	1	2	0	1	GO:0006506
APU25_32270	B8FCAF2B7157FE393A7A93B924AF5267	698	no	yes	3	1	0	1	GO:0016020
APU25_32275	FD24249AF003C2A20C263A102643528E	316	no	yes	2	1	0		
APU25_32280	12A5A5AE1944B9AB441CF232AD4F87B9	245	no	yes	1	1	0		
APU25_32285	06579EC008A5DAE359681B44A4897719	1200	no	yes	4	0	0	1	GO:0005515
APU25_32290	CCBDDB16DFB112583044482B89CA430D	1206	no	no					
APU25_32295	A10AC1120394E36098613CF592600C19	1401	no	yes	6	2	0	4	GO:0000285,GO:0005524,GO:0046488,GO:0052742
APU25_32300	D3B6310E5A61276AB2F90921177D8358	601	no	no					
APU25_32305	8BDE6717D5E17171AAEB3C7B3EC55D8F	239	no	yes	0	1	0		
APU25_32310	76FF0B3194C06D484BB66B600EE9DC96	669	no	yes	1	0	0	1	GO:0005515
APU25_32315	7076E342258AAF8150F2DBEA3493ECEA	403	no	yes	4	1	0	2	GO:0004618,GO:0006096
APU25_32320	E53DA107E350FE101D2F6916B259227C	325	no	yes	3	1	0	2	GO:0004596,GO:0016747
APU25_32325	BC336C1C43EFA686E8DAB38710D79A7E	93	no	yes	3	1	0		
APU25_32330	725E0DE47ACD751C43ADFC97BC1C60EB	122	no	no					
APU25_32335	6A091D6BA47D73F80F1C0C92EE15A027	214	no	yes	4	1	0		
APU25_32340	45058D862BB0D6D614A81B78253F4391	504	no	yes	0	0	0		
APU25_32345	F782B3976924E7AADAF55A626674B192	118	no	yes	1	1	0		
APU25_32350	8E3B5FC22E40DD66EFAD70D072C52952	265	no	yes	3	1	0		
APU25_32355	4CCC93AE7CE6FBCDCDC4709B72A1B2E4	457	no	yes	8	1	0	3	GO:0004252,GO:0006508,GO:0008236
APU25_32360	B0038A1A8A71AAA986A63607573BB744	176	no	yes	3	1	0	1	GO:0016747
APU25_32365	6C0089D2B2E662AEB05AA2AEC67B80F6	542	no	yes	5	1	0	3	GO:0004672,GO:0005524,GO:0006468
APU25_32370	5073ED4B41DC04EAF7E9D102283B5D49	268	no	yes	5	2	0	2	GO:0016311,GO:0016791
APU25_32375	0E15151E9D3FCB1F9C6F4CB30BA6E32C	539	no	yes	5	2	0	4	GO:0004345,GO:0006006,GO:0016614,GO:0050661
APU25_32380	538B4F210CFB4A3633A24FA8FF441856	203	no	yes	3	1	0	1	GO:0016747
APU25_32385	07C847D46DDC18D3DE635BC88683F747	776	no	yes	4	1	0	4	GO:0000978,GO:0005667,GO:0006355,GO:0006357
APU25_32390	D6F82735C1D8F2964780F016317CA604	368	no	yes	10	3	0	2	GO:0003924,GO:0005525
APU25_32395	A46FF0385571251B882BA916423EBADA	285	no	yes	6	2	0	3	GO:0003676,GO:0005634,GO:0008270
APU25_32400	BC585EC6A2D37D395B0B1A9A49EBE324	218	no	no					
APU25_32405	BDE6FC60DBAB83C613175591948ECA0E	1422	no	yes	4	2	0	4	GO:0000723,GO:0003677,GO:0003720,GO:0003964
APU25_32410	20A7F211672B257C6A3B6DB6BCC0EE98	459	no	yes	6	1	0	3	GO:0019448,GO:0030170,GO:0031071
APU25_32415	F8CA7DA5DE219F80057149FB4337FBEF	578	no	yes	5	2	0	2	GO:0003755,GO:0005515
APU25_32420	16BF77AFE50764C735934CD4BBBA01E0	226	no	no					
APU25_32425	BE8FBC77C6B1C73EAD069462BC1B097E	347	no	no					
APU25_32430	E3046329B87F2BCA03CF7A0C0F5F2333	477	no	yes	4	1	0	2	GO:0003676,GO:0003723
APU25_32435	9805E3A618EC5A05F3E4E75962C60B4C	136	no	yes	0	0	0		
APU25_32440	D184562D47EC848090DDD151FB791A08	1673	no	no					
APU25_32445	08644F7B70B695F7518D2D57DC4728DE	497	no	no					
APU25_32450	7B79FC6312C31B6A8B29F8A68013E9F0	218	no	yes	1	1	0	1	GO:0005789
APU25_32455	3539D196BFDB42B755C3FBEA52D2EF80	745	no	yes	3	1	0	2	GO:0005524,GO:0016887
APU25_32460	AE030E0BA04253BC9115077D609252D2	385	no	yes	1	1	0	1	GO:0016746
APU25_32465	A40632276A05E9FE281E99B761490AA8	78	no	yes	2	1	0		
APU25_32470	4772830BD2DA07F1482A39AB18A36C2A	501	no	no					
APU25_32475	31A9519C8297C5C4A8E41223405EF85C	144	no	yes	0	0	0		
APU25_32480	029487194E54BCC8E7C42EA83AB28426	352	no	yes	1	1	0		
APU25_32485	61DE367BEA38C9F31CE97B514164F188	856	no	yes	9	2	0	3	GO:0003676,GO:0003723,GO:0006396
APU25_32490	49AD1A2A1AF56F89A1C75C4476F86CEC	64	no	yes	2	1	0	3	GO:0005507,GO:0005758,GO:0016531
APU25_32495	92A3431373518E11CDC7EFE2A58130BD	257	no	yes	4	2	0	1	GO:0005515
APU25_32500	1A08750BD1D839D7D12D091846706CD6	692	no	yes	2	3	0	1	GO:0005515
APU25_32505	3F4F3F89F00B4F11030682CE12DACFD9	111	no	no					
APU25_32510	E0D7B1082930E58CCB50D50ADD22DBBA	314	no	yes	4	1	0	2	GO:0008641,GO:0036211
APU25_32515	68A86E90E7ECD695F8A22856DCB081DE	469	no	no					
APU25_32520	7B79CBB35F31109E5232A347635A3217	472	no	no					
APU25_32525	850135F88ED160C264B702A9E8437EBA	264	no	no					
APU25_32530	85B24E9863CA15B6F623B7E8E6B049A8	357	no	yes	2	1	0		
APU25_32535	F3752C23AC75F8795E41EA523DF17AC6	245	no	yes	0	0	0		
APU25_32540	ADD29A46F246164965BC377A7B5D48E0	245	no	yes	0	0	0		
APU25_32545	D7F0D53D9BB007A6B1337B5DBE1BF0D7	126	no	yes	0	0	0		
APU25_32550	DE641C48A25A96D4EC87BB57627A7CD6	377	no	yes	0	0	0		
APU25_32555	236B1D836821185969D6A8B0230109A9	465	no	yes	9	3	0	3	GO:0000049,GO:0003924,GO:0005525
APU25_32560	8B1EF1B8DC5D54E045E6DF3AD637B301	106	no	no					
APU25_32565	9BDAD93089FC27A958CF7F188330E3AA	285	no	yes	0	0	0		
APU25_32570	0FC20397E0D5F215AC0D98A29468B86A	361	no	yes	5	2	0	2	GO:0004739,GO:0006086
APU25_32575	057D8DDDFA7F27BE77765538AE2897F5	360	no	no					
APU25_32580	8E9CC1A1A22D88204E2F148C01BA4347	649	no	yes	2	2	0		
APU25_32585	C068E69EF8D6D564E8F88EA46BCDB8F8	582	no	yes	7	2	0	2	GO:0016491,GO:0016668
APU25_32590	F48781F7CDBA5F77A6CE5F99CEB8EF46	167	no	yes	0	0	0		
APU25_32595	C26110A8FCEC574DD85B7FCC7EF7344D	376	no	yes	4	1	0		
APU25_32600	CA1090395EFA95540D80FD30E1DCC4E8	352	no	yes	6	1	0	1	GO:0008168
APU25_32605	3AA6501378BC21D3828A4270E46B88A2	752	no	no					
APU25_32610	D0959EF8FA2AC80B97CEC54D71FB1ED5	327	yes	no					
APU25_32615	2017A87D7A21A2AE952D0F31DD0BF757	773	no	no					
APU25_32620	3ECBD847A63ADB2BCBEF457BD2A95513	764	no	no					
APU25_32625	5D36D1623F17CDDA2A2B0BBDD137CE7C	228	no	yes	0	0	0		
APU25_32630	F41438ADBF772BE7CF200C0B16261783	515	no	yes	9	2	0	2	GO:0000398,GO:0005515
APU25_32635	E8BCD3DF1050D9F571B7E70A5C30958D	220	no	yes	5	2	0	3	GO:0003676,GO:0003723,GO:0008270
APU25_32640	81F1840DA7A40999611173B54F460830	2134	no	no					
APU25_32645	E78F9EA4D66EDD26D8B88A889B3EF6AB	261	no	yes	3	1	0	1	GO:0006412
APU25_32650	7A20F8BBB0F332D06479A6AC3A1F2AF9	657	no	yes	3	1	0	2	GO:0004222,GO:0006508
APU25_32655	6ACBC7773B492AE1382FDB0A27D533FA	796	no	yes	6	2	0	3	GO:0004252,GO:0006508,GO:0008236
APU25_32660	DA9DC2DF1EE8066192ADACFE24F9A87A	847	no	yes	6	1	0	3	GO:0004672,GO:0005524,GO:0006468
APU25_32665	AF2051AFFD2F272F174ACCFFC705C6C8	250	no	no					
APU25_32670	B7FC07FDAF4FF62CAC2D458272ADC128	838	no	yes	6	2	0	1	GO:0005515
APU25_32675	0B8337A3D3B51AE0E5EED2A2F2569E22	792	no	yes	2	1	0	1	GO:0019903
APU25_32680	5EA6B51ED7695A045B2F2150408129DC	270	no	no					
APU25_32685	6789D6E979365F51A163DABFFB498C2B	71	no	no					
APU25_32690	033BFC1B44DF1E49B3F586A375D98971	542	no	yes	2	1	0	2	GO:0022857,GO:0055085
APU25_32695	379C9536083BB1776FCDA21C9E4E3C07	577	no	yes	1	1	0	1	GO:0016757
APU25_32700	290CC7091481326C242A44A50D845C1D	122	no	yes	0	0	0		
APU25_32705	9FD965B88E1529169235660D5C655E64	263	no	yes	2	1	0	2	GO:0005484,GO:0031201
APU25_32710	4B50EF2168D89E7DEE926C5E2DFD43D5	773	no	yes	4	2	0	2	GO:0005634,GO:0042254
APU25_32715	25EC3287C205A5B40A05ECA8719FDB06	290	no	no					
APU25_32720	50E5403DB2730CDFE4AB1F49AF3D3564	929	yes	no					
APU25_32725	DDDD7A4A0729E1D4020F0CE3650BEC1F	530	no	no					
APU25_32730	37241F3C1E13A49B0140EF3FD28F6CBA	441	no	no					
APU25_32735	4E65F9749C6AFE5273E060C2F05739B1	378	no	yes	2	1	0		
APU25_32740	C358EB69D58DD3A3524DC76BBFBDDBBD	138	no	yes	3	1	0		
APU25_32745	D9D5A73473EB8ACDB6EFBFA0C58D3D0B	375	no	no					
APU25_32750	B125075A69BBBD76931916DDC5F08DED	475	no	yes	3	2	0	2	GO:0015031,GO:0016020
APU25_32755	02482068DC1F0EA551E334215884DB90	385	no	yes	0	0	0		
APU25_32760	80A683DBCA5D7CE52B4E5F46F7748309	597	no	yes	3	1	0		
APU25_32765	FD1AAA13265457C675BB529EAA8256FE	675	no	yes	7	2	0	4	GO:0000413,GO:0003755,GO:0005515,GO:0006457
APU25_32770	711820EF8BF23BBE1DFBCAA1495EE55B	261	no	yes	3	1	0		
APU25_32775	D4FE127AB1BBE456547878EA79C3D024	287	no	yes	3	1	0		
APU25_32780	DFB0E48F1E8005B2B7425CAB775E0B34	390	no	yes	3	1	0	1	GO:0016836
APU25_32785	32CD4869A18C21C6F5D899993F2A7727	401	no	yes	8	2	0	3	GO:0003824,GO:0003963,GO:0006396
APU25_32790	BD4893E4632FE286DED2CB835EE71269	358	no	yes	3	1	0	1	GO:0016702
APU25_32795	198093DA0E4179B915E54511D3784541	853	no	yes	9	3	0	2	GO:0003924,GO:0005525
APU25_32800	326E045C9A1FDAB46F7B650AE0FC408C	118	no	yes	2	1	0	4	GO:0003735,GO:0005840,GO:0006412,GO:0019843
APU25_32805	B6FF65005C1EF6B5D23E9F948D3DFFEA	231	no	no					
APU25_32810	3265437F756B39E412889A191C8DFE8B	321	no	yes	0	0	0		
APU25_32815	67388A809BEBEFCBC8A5F2D8CBE57DE5	481	no	no					
APU25_32820	22B5FA02B15FA0A64938D05E6C96E120	170	no	yes	0	0	0		
APU25_32825	B2E17DE7DD7912A64608936569777080	871	no	no					
APU25_32830	D8F3FEBF9ADFC9339BB505B6AC1A2FB1	492	no	yes	8	2	0	3	GO:0003824,GO:0008836,GO:0009085
APU25_32835	90EC0AE02BD3EFEB593560C630CAE334	405	no	yes	3	1	0		
APU25_32840	055C14541B93B7D91AF3BE80B6823CA9	341	no	yes	6	2	0	1	GO:0003824
APU25_32845	BAEDDF33F8DC3FD7393D9CFB1150B5E9	323	no	yes	4	1	0	1	GO:0004401
APU25_32850	66C57952DFADEB5C6D66320678CEA8B3	299	no	yes	0	0	0		
APU25_32855	321366E6DDD3B3F7F2CB523C5EE3AD7C	367	no	yes	0	0	0		
APU25_32860	A290670863EB199FE984B109B79325B6	586	no	yes	7	2	0	2	GO:0003676,GO:0003723
APU25_32865	504D538B73F81CD9C528D13AC47A5BA1	856	no	no					
APU25_32870	771CBBAF0292CDD16B5A248729D12FA8	286	no	yes	3	1	0	1	GO:0008757
APU25_32875	DD327191C76E7A1D47557A6165CF08CE	525	no	no					
APU25_32880	0ADC082D59CF2232F00BFEB91B070A37	144	no	yes	6	2	0	5	GO:0003723,GO:0003735,GO:0005840,GO:0006412,GO:0015934
APU25_32885	41E3AC4660C0D8614693159E61E432E0	369	no	yes	6	1	0	4	GO:0004672,GO:0004707,GO:0005524,GO:0006468
APU25_32890	30AEF678CCCFF14788DD761957F33197	441	no	yes	0	0	0		
APU25_32895	06CDDF52A0D9EF101A0420D3DA104ABB	312	no	yes	0	0	0		
APU25_32900	164AEEAD4471AB2C19B1E5DE3512A9CC	389	no	yes	4	1	0	3	GO:0004001,GO:0006166,GO:0016301
APU25_32905	0765B437EF7F22F1005F8024276FDD8A	383	no	no					
APU25_32910	6AD7C1307CA84A0EA2E1F07133E564B1	584	yes	no					
APU25_32915	65DB0DE152CEE9E8578BAFBDFDE80306	104	no	yes	0	0	0		
APU25_32920	F68A2950446EE246E92BCCAE10850F62	335	yes	no					
APU25_32925	98954131625DE17F6D543EE6B531BD04	379	no	yes	2	1	0		
APU25_32930	C58FC6BB261FA57D95697DBEAD0B8AB5	464	no	yes	4	1	0	2	GO:0006508,GO:0008233
APU25_32935	366372775BF388953F327B01E16DBDBE	233	no	yes	1	0	0	1	GO:0016301
APU25_32940	06EA532B5878B6592DE59FA1A39CAB0B	256	no	yes	4	1	0	6	GO:0005524,GO:0006139,GO:0006207,GO:0006221,GO:0016776,GO:0019205
APU25_32945	EDD7940E9D1139CC2DF358E2288D2BC8	336	no	yes	3	2	0	1	GO:0003677
APU25_32950	832AAB75D0312BA8860B01D68EBC0EE7	517	no	yes	5	3	0	1	GO:0003824
APU25_32955	B21050EFADD59F95FCE39860376E81DE	553	no	no					
APU25_32960	BEB75100F318C74A9B29E67A407879BF	275	no	yes	5	1	0	2	GO:0005515,GO:0048188
APU25_32965	DEB25FC15A552273B419B6F0300B1CA9	365	no	yes	3	1	0		
APU25_32970	B634D14A794B9C9DDB79684EB19E958B	332	no	yes	5	1	0	3	GO:0003676,GO:0003723,GO:0003729
APU25_32975	C3754B781F5AFD5D49C57CB41FBD5CDD	78	no	yes	0	0	0		
APU25_32980	8E69387BF4CE52EE57358D04C90A4F2F	396	no	no					
APU25_32985	E6D466908148034C2BF541709D9FFE18	984	no	no					
APU25_32990	71067BC95CF3CD3AD7E741FF29255890	540	no	no					
APU25_32995	9D36429240477FA0C39932AB293D6148	108	no	no					
APU25_33000	70DA5F5E3A754C2664D93D90303C010F	350	no	yes	4	2	0	1	GO:0006511
APU25_33005	B79C2BFFD22E2C6069617365C165B348	440	yes	no					
APU25_33010	51E467B518BA9753FC4EFB1D9C4015A8	448	no	yes	2	1	0	2	GO:0016301,GO:0032958
APU25_33015	793A70E81406D41A2CF5008FB1863E7D	286	no	no					
APU25_33020	014A2CDB1E46B06588ED8713CD87BB61	1018	no	yes	3	1	0		
APU25_33025	46C3933BA171458C114D895B24538385	398	no	yes	2	1	0		
APU25_33030	C2E579BF7874BC3B4E0CBD0843004CBD	430	no	yes	5	1	0	2	GO:0009058,GO:0030170
APU25_33035	A6ED3D6EFF4FCC7E6373F87D7497FC2D	580	no	no					
APU25_33040	A3A46DFD9970500805FDB4E52A5B5F4B	478	no	yes	4	2	0	2	GO:0005975,GO:0016757
APU25_33045	CA0558B09EBFE6CC92D5C2714D78E41D	437	no	no					
APU25_33050	86AD567F47F0690AC5B2470E4895D73B	1395	no	yes	4	1	0	1	GO:0005515
APU25_33055	A5D1DB749A69AF805A0386074E955BDB	452	no	yes	1	1	0	1	GO:0016020
APU25_33060	CEE5FBA55D2004FB2553E865FE28474A	493	no	no					
APU25_33065	93F17415B5EF839FB351971814880BAA	586	no	no					
APU25_33070	ABFB13C3D0615A4B678265396877F477	589	no	no					
APU25_33075	CD1B0E525B5A519965099CF04355E99D	375	no	yes	4	1	0	4	GO:0004801,GO:0005737,GO:0005975,GO:0006098
APU25_33080	6938B5C643F70D9E20A2B33CA5C47646	612	no	yes	4	1	0	1	GO:0003824
APU25_33085	833BA4B0FB2E98E457D2E5AA9478B7B8	382	no	yes	2	1	0	2	GO:0006355,GO:0042644
APU25_33090	F175D3583E4646E280A75EAE638BEF32	101	no	yes	0	0	0		
APU25_33095	98D96AD6448C144C21B00009C0410896	255	no	yes	0	0	0		
APU25_33100	491CCB460999DCE88879AEDFA550B1B6	307	no	no					
APU25_33105	64F407A90B5DC2CFE692F569F61E3B23	168	no	yes	3	1	0	2	GO:0003697,GO:0006260
APU25_33110	895B19B494A14439CCCA94B95BFBD4BA	288	no	yes	4	2	0	2	GO:0003697,GO:0006260
APU25_33115	C1FF0B2B52F41E0E711A51BE287001D4	492	no	yes	3	1	0	2	GO:0005515,GO:0008168
APU25_33120	B8DE5370CEB2A1ECDC5B2E0A8467B45F	112	no	yes	0	0	0		
APU25_33125	22CB86ACBC7D83240AD454D2122B9D30	810	no	no					
APU25_33130	463143F5141953915731748E996EB733	312	no	no					
APU25_33135	5A7A6B16C63123E428C28589CFB6D63D	536	no	yes	1	0	0	1	GO:0005515
APU25_33140	6ADD38D1AC4CCA83FF23B1129F31A3BC	620	no	no					
APU25_33145	A25F4F159AEEB660E9EBA636AAE89CC9	216	no	yes	4	1	0	2	GO:0003924,GO:0005525
APU25_33150	0306E4A3F392D626D658E4607922F0D1	210	no	yes	1	1	0	1	GO:0030014
APU25_33155	D8B000B6A3949745A5FDB13116CF421C	545	no	yes	3	1	0	2	GO:0022857,GO:0055085
APU25_33160	D490510CF37FBA73A89545AD136886A6	368	no	yes	0	0	0		
APU25_33165	FB095D24FD5F8C76AEA957B9A6276665	452	no	no					
APU25_33170	F000CCE158C28C66F5DFC6651253A360	194	no	no					
APU25_33175	320E62015FFAA639A9B176B917E9CE76	90	no	yes	0	0	0		
APU25_33180	420A220AA323384E5F677F5FAEF5BFE1	334	no	no					
APU25_33185	40EA602035467237B910B72886765928	142	no	no					
APU25_33190	637D3393B01397FB83CDBCC56D3EDEA4	248	no	yes	4	1	0	1	GO:0003676
APU25_33195	11BBF241E45A5858E7F20E38ACF1E1B7	227	no	no					
APU25_33200	DC1531A1E71A146BDF06E8965CCD48A0	260	no	yes	5	2	0	4	GO:0005484,GO:0006886,GO:0016020,GO:0016192
APU25_33205	2910AAEAF53F23A2E34E3246161DBB43	1300	no	no					
APU25_33210	0906B0D6F2177857020AEF8932FFD081	401	no	yes	2	1	0	3	GO:0016020,GO:0022857,GO:0055085
APU25_33215	C63CF49CC05E6D168E52D1503F701BF2	435	no	yes	2	1	0	1	GO:0015031
APU25_33220	5C46A76A1618A5F82E796C9D8FAFB97D	176	no	yes	2	1	0		
APU25_33225	420D5CEFE99E58C7E26D79BE535A29F3	673	no	no					
APU25_33230	90132E7AB4B19E305F82381904BE48A5	132	no	yes	0	0	0		
APU25_33235	DEB07A09D45454061DD0CAE67FA5ED1F	457	no	no					
APU25_33240	1798F879C102B5E4DB0E5D6E29C2B76E	272	no	yes	0	0	0		
APU25_33245	BA90ACB02287616D2A633FF4F6FCBD00	243	no	no					
APU25_33250	C31E74AFEB55B89438BE1F0E3BCDC86C	599	no	no					
APU25_33255	6DC2A59915ADDBF9EBCE3DF0AC3A32B5	452	no	no					
APU25_33260	FAF43C403E5295D87ABA62864BC63EB0	607	no	yes	5	1	0	2	GO:0005524,GO:0016887
APU25_33265	E4D86BAE45F18471BD5DD171998D079B	127	no	yes	0	0	0		
APU25_33270	4D52BAC8A6338AA8434AAB85F94E7D7F	330	no	yes	3	1	0		
APU25_33275	AD2A9CAF021B63F87543F1094BE9A150	695	no	yes	5	2	0	2	GO:0009166,GO:0016787
APU25_33280	9F78084E759D955A09E87B0FAD251E2D	399	no	yes	10	3	0	2	GO:0003924,GO:0005525
APU25_33285	BB38AC5BDC3A91A35AC95619F2A4DB05	334	no	no					
APU25_33290	B9F1CBCBF5A48179B41599ADD2FFB2DE	197	no	yes	7	2	0	3	GO:0003735,GO:0005840,GO:0006412
APU25_33295	D7CDB7D28FF6656375CD90A081163926	109	no	yes	3	1	0		
APU25_33300	C8E639A43D52770B6188DE4B6376F388	455	no	yes	8	2	0	2	GO:0016746,GO:0016747
APU25_33305	086AF6F079F2D2AF846DB7AD62ECECDF	331	no	yes	6	2	0	2	GO:0004416,GO:0051596
APU25_33310	AA97595C568944DB2B3BA291D7518453	273	no	no					
APU25_33315	1EA53BD5B1A234CD4C87460D451B71CD	174	no	yes	0	0	0		
APU25_33320	DCC5A27B8177BF6B0F833D9B913FE555	196	no	yes	0	0	0		
APU25_33325	699D83018D54EDC2D56D0B596808E231	691	no	yes	2	1	0		
APU25_33330	18850ADF72397D9E5E07FC003C1C7A48	287	no	yes	0	0	0		
APU25_33335	2D17FE43401D6F042742E767AE433D66	599	no	no					
APU25_33340	1A98969A1AB18D163C3243EA27F65615	170	no	yes	6	1	0	2	GO:0005960,GO:0019464
APU25_33345	7B3B2CAB42142F34963FA7D5D63D3D9D	277	no	yes	2	1	0		
APU25_33350	ED2657EFBB84C8C3E08111256FF4F4E2	479	no	yes	6	1	0	4	GO:0016830,GO:0016831,GO:0019752,GO:0030170
APU25_33355	923EDD3ACB26AF488AE6E9C570C93756	137	no	yes	0	0	0		
APU25_33360	B0DC154D9D66C98E3F078D9074E93144	404	no	yes	2	1	0	1	GO:0005515
APU25_33365	2F0B636D96ACF52FFA4B31F2B2369890	478	no	no					
APU25_33370	53DF199578C3DC8A783C5DB593AF07A2	253	no	no					
APU25_33375	96251749FC125BA698FE24965B0CD499	1436	no	no					
APU25_33380	E35ED4354EB32B4CB923A00ACF2715CD	1715	no	no					
APU25_33385	E2C05E2734FA7B921314356C9D8449F1	430	no	no					
APU25_33390	38289CB1B1A5AC83187CA45E86678082	242	no	yes	1	1	0		
APU25_33395	54EB8C94E43FE3B1C14111782CB1D696	665	no	yes	7	3	0	2	GO:0016020,GO:0055085
APU25_33400	1EFE20AF66D5B3C96AD0D9C6B5E05883	788	no	yes	1	0	0	1	GO:0005516
APU25_33405	A4BCF1A21D69360DE3A7433D9B8846B8	235	no	no					
APU25_33410	2C1B2531CF943CF8952E63868666EF00	989	no	yes	12	5	0	5	GO:0005524,GO:0005737,GO:0009408,GO:0016887,GO:0042026
APU25_33415	B85A4AF8D4EE78930C198F23301EDB1C	131	no	yes	3	1	0	3	GO:0000160,GO:0009927,GO:0043424
APU25_33420	B04582493B82799B6E00E73C0171C682	867	no	no					
APU25_33425	AE2D9DAAFA42D91FBC786A6894A13AF2	99	no	no					
APU25_33430	D17226DE50BA3FF49CB6602D08252A11	297	no	yes	5	2	0	5	GO:0003677,GO:0003824,GO:0003906,GO:0006281,GO:0006284
APU25_33435	D14DA9D45293A02A63D8536608942E4A	204	no	yes	3	1	0	3	GO:0003735,GO:0005840,GO:0006412
APU25_33440	AF13FB6C40EDB581F0501B2C37F1692F	345	no	yes	1	1	0		
APU25_33445	82E2AF38E1A14ED9CF32EF6FD4E9E505	268	no	yes	2	1	0		
APU25_33450	84CA5A12B9C1BACBF0838A9429D52B10	566	yes	no					
APU25_33455	439F3E062886DC2AD506638013D854CE	485	no	no					
APU25_33460	6013A014A961375B101297701FE90943	116	no	yes	5	2	0	5	GO:0003676,GO:0003899,GO:0006351,GO:0006355,GO:0008270
APU25_33465	F867FDB0DFF2FBDC2463B568C4A847AA	95	no	no					
APU25_33470	2F768264B1DF9352E150C454685C377A	357	no	yes	2	1	0	2	GO:0008168,GO:0032259
APU25_33475	7ABEAE76443488220FED1AF3EDE9506B	976	no	no					
APU25_33480	69EB9E5F770C3AA7603868435A5F4C62	692	no	no					
APU25_33485	645B254B61AD6ACBA68F493CF8AEB11D	379	no	yes	3	1	0	2	GO:0008460,GO:0009225
APU25_33490	A693538C3EDA8E70326602AA5AB8503E	563	no	no					
APU25_33495	175848976819F066C7A8BAD57FFF4641	167	no	yes	0	0	0		
APU25_33500	7C355BD273217CA46E278217276F66E9	598	no	yes	3	2	0		
APU25_33505	7570D6ED3AB6082BDAF0DB630B1D79C8	143	no	yes	2	1	0	3	GO:0003735,GO:0005840,GO:0006412
APU25_33510	A289A7BD2420C4AAD75B6B8FFEDFD864	790	no	no					
APU25_33515	697B802EC01D7D932BCE2C5307798578	1082	no	yes	13	4	0	5	GO:0003677,GO:0005524,GO:0005634,GO:0006338,GO:0031491
APU25_33520	BC6AFE99F0D5AF2A66D0009A079F3287	248	no	no					
APU25_33525	70ADAD334CBB49CFCA9A301410AB64EA	268	no	no					
APU25_33530	0C1C71EDEDF4AD83BB3F38457FC39EB9	231	no	yes	4	1	0	2	GO:0000175,GO:0003676
APU25_33535	E5BAC84995CD8F94340C8E32CD4C9D94	294	no	yes	3	1	0	2	GO:0006744,GO:0008289
APU25_33540	CA28B9D5F7CA81A2FA15B194C57228E7	422	no	no					
APU25_33545	5D87B8CC4A64B8D7BB8A07FD2E17849C	626	no	no					
APU25_33550	5BF53E4AA9F8EB27944321D0F75B1308	622	no	no					
APU25_33555	C7FF29F49608AB98FCF811E62A189E4B	88	no	no					
APU25_33560	CA41CC18242B38A965E88A9F68168A00	450	yes	no					
APU25_33565	ED68E6C3720D4E3BEFACAC8F3A150372	59	no	no					
APU25_33570	AAAAE41CC077E0F0DB0BDC6B3CE1AEBA	229	no	no					
APU25_33575	54B7189B3451D7FC14B3985242AAF7EF	223	no	no					
APU25_33580	741BBB4AD07A6D5404A42BE5E1440F14	290	no	no					
APU25_33585	DCECA4D56D2FBB0ACEC38FDFEC75AAA7	657	no	no					
APU25_33590	6AEA00CD94D44D4BD3CC332713992617	522	no	yes	9	2	0	6	GO:0003723,GO:0004349,GO:0005524,GO:0005737,GO:0016301,GO:0055129
APU25_33595	16E2152F58BFF2EDDA9185B474E4F202	352	no	yes	0	0	0		
APU25_33600	66A0432061177D4744B2465457F951FE	231	no	yes	0	0	0		
APU25_33605	5E7665FFF48FCF7F9A7DF3176E3E563E	191	no	yes	5	1	0	4	GO:0003735,GO:0005840,GO:0006412,GO:0015934
APU25_33610	E3B66ED2570C8329AE2FAFEEFDBC0319	614	yes	no					
APU25_33615	0370666182F861BD7933FF521E0DC564	397	no	no					
APU25_33620	23F752F7A21F0FA349E72E51EB1335DE	316	no	yes	0	0	0		
APU25_33625	48EFDAFDD9031746F632FE9B7BAF2FF0	136	no	no					
APU25_33630	1F5B465960B6ABBDA4F4DDF711C510E6	319	no	yes	1	1	0	1	GO:0016592
APU25_33635	41789C025F6D2D0CE759442A34F8E8D5	799	no	no					
APU25_33640	A9B22454DEDD2922E703F42718E8A392	233	no	yes	2	1	0	2	GO:0016020,GO:0016192
APU25_33645	BBBAF727B9D1F1D025019FAAD081D0AB	136	no	no					
APU25_33650	971FDBA37A0DF0772485C58EC4B73AE0	215	no	yes	2	1	0	2	GO:0044183,GO:0110102
APU25_33655	C435B9E8960591251EF9A6F66F10988E	623	no	no					
APU25_33660	6733F72CD967DD1BA8325F7ED044ABF0	338	no	no					
APU25_33665	D5891F133102DB4E1D86A91E2DF535E9	574	no	no					
APU25_33670	A62A0044FE43D0EF977CD39832E8DEF2	607	no	no					
APU25_33675	9CF7167594F18E25C22AC261700A62DB	304	no	no					
APU25_33680	1F0C638122E69A8AA99614AD55D1E9CE	179	no	yes	3	1	0	2	GO:0006457,GO:0016272
APU25_33685	EF30F462835250D76A909132692C0124	501	no	yes	1	0	0		
APU25_33690	533C6BEF515D74CA9A706DFECD5B65A7	254	no	yes	3	1	0	1	GO:0003677
APU25_33695	829C8C547136A7984AB0666F6F8A84A1	185	no	yes	1	0	0		
APU25_33700	F81149C0E6E49DC712AF0688EB8F7B7B	204	no	no					
APU25_33705	AC47FD2273A79F81F590F75D1774CC14	1036	no	no					
APU25_33710	C422F7CB7519943F774FE796B9806C6F	490	no	yes	6	3	0	4	GO:0000502,GO:0005515,GO:0030234,GO:0042176
APU25_33715	E11E06381D0DEB6BDD35640E88D220F7	568	no	no					
APU25_33720	86C76BB94C78436665BBC1CC8F073030	137	no	yes	1	1	0		
APU25_33725	621F459C25CC5145CE2BBA82BC706C7E	485	no	yes	2	1	0	1	GO:0008270
APU25_33730	349402D0B571CF0582069D85901E33F8	153	no	no					
APU25_33735	E130A7F82DA9A65DD161FBC5930C62BB	80	no	no					
APU25_33740	883FA9FC14063A61A8151DF66555DCA2	182	no	yes	2	1	0	4	GO:0005262,GO:0005789,GO:0016020,GO:0032469
APU25_33745	709028611665E3D34B41F0D0D1C0312A	310	no	yes	3	1	0		
APU25_33750	949DBDD3941BC835D190B76DDE2FF6E4	521	no	no					
APU25_33755	068008BEC9EDD7AD1C5410BE3155CBB0	762	no	no					
APU25_33760	B7DC04BC7216CAB4BF8D5944538D5D03	352	no	yes	2	1	0	3	GO:0016020,GO:0022857,GO:0055085
APU25_33765	C405C7E5759583CC599CC55545E9705C	831	no	no					
APU25_33770	41544C5C25287D67B313FCDEA3CD7025	1182	no	no					
APU25_33775	5063EF40C6BB2CF33B2F77F75143A7F6	371	no	yes	6	1	0	1	GO:0005515
APU25_33780	96B67BFC27AEDE835373167A0E987792	575	no	yes	6	1	0	1	GO:0005515
APU25_33785	0CCB15BE935183E720D8EEA1C2D813A9	234	no	yes	3	1	0	3	GO:0016020,GO:0016651,GO:0051539
APU25_33790	8EC11936E5E57A74820A3297DC460719	497	no	yes	2	1	0	2	GO:0003676,GO:0043231
APU25_33795	0563FA6D5F2D0CB29BEDC5A928C64C42	499	no	yes	3	1	0	1	GO:0016491
APU25_33800	C7D7E58FC67CA53E02BFE81F04405401	818	no	no					
APU25_33805	FBCAC125E8FC52DFD82FAE8A5EE61542	804	no	no					
APU25_33810	90B3678056543B2C84164D807FF8CE91	819	no	no					
APU25_33815	A21F3BEC3674B5E67C79235788B61DC4	826	no	no					
APU25_33820	202D3FED312B0D2774AAB778444B421D	823	no	no					
APU25_33825	BD298A24F1833C0D2F693668DDA856D2	332	no	yes	4	1	0	3	GO:0003824,GO:0004419,GO:0016833
APU25_33830	B7535BA838E14B8489D1BF70BECE264E	228	no	yes	2	1	0		
APU25_33835	9588B0819782D450021BE520E3A1C0D1	202	no	no					
APU25_33840	45AE75FC6DF63CA5F6E2B5050CA646D2	835	no	no					
APU25_33845	7581F2DB702D96BB1259B172E564EA1F	963	no	no					
APU25_33850	1EEF987C6A14D36C5F559513A40D3698	913	no	no					
APU25_33855	62BF3D4DE4E21C1B9073C55361DB4AD3	140	no	yes	0	0	0		
APU25_33860	AC26A75DDB933F8A3AABEB349D0C8EB3	765	no	yes	4	1	0	4	GO:0005515,GO:0005634,GO:0006396,GO:0031124
APU25_33865	C7FBD4CB1B8B05BCBD58DA301DF9042D	524	no	yes	1	1	0	1	GO:0016020
APU25_33870	D9A5BA4E114F6743D1A25449D2F85F40	1096	no	no					
APU25_33875	3044A14AB871D792671CDCAC8033E975	596	no	yes	7	2	0	5	GO:0003885,GO:0016020,GO:0016899,GO:0050660,GO:0071949
APU25_33880	8AA9A3186E783559122B4B847C98FA2B	185	no	no					
APU25_33885	DAC829850E4B57DD6BBEB26C6ABC8801	431	no	yes	3	1	0	2	GO:0003676,GO:0003723
APU25_33890	A18B94559A9F83F3F1BD50B5F242AEC6	257	no	yes	4	2	0	3	GO:0000287,GO:0006400,GO:0008193
APU25_33895	266BD85478529370708E64926F8F04CE	104	no	yes	2	1	0	2	GO:0005868,GO:0007018
APU25_33900	0E861E6221211A98E7E3C94F88451496	330	no	yes	0	0	0		
APU25_33905	13031ADAC45F50987009AE057757357A	565	no	no					
APU25_33910	DB81475698DBEB3A897F7729F48BB39A	199	no	yes	1	1	0	1	GO:0008380
APU25_33915	318E4C12808542648804EBAE677CAC77	99	no	yes	3	1	0	1	GO:0005739
APU25_33920	605CD32807DED90F65DAFC29827F3755	1111	no	yes	9	2	0	8	GO:0000049,GO:0000166,GO:0002161,GO:0004812,GO:0004822,GO:0005524,GO:0006418,GO:0006428
APU25_33925	EE44016AC7B3F990224C2555348C75D0	181	no	yes	0	0	0		
APU25_33930	3825703FD14C4ECDA350BF4D6B816044	70	no	yes	2	1	0		
APU25_33935	F7AA44B5C9E961B3348835387C5DD1FF	1612	no	yes	8	2	0	2	GO:0003682,GO:0008168
APU25_33940	853BBEF62C489438E9173E69E762BAB6	362	no	no					
APU25_33945	563609A3C3B631520D6CA56190A06C56	461	no	yes	4	1	0	1	GO:0005515
APU25_33950	E2841D176296FBBB5F6F783763579AE6	67	no	yes	2	1	0	1	GO:0046872
APU25_33955	E238C730F1BAD690856494611BD81267	227	no	yes	1	1	0		
APU25_33960	D92232C1E73062B9A5092BD01DC5F97E	523	no	yes	2	1	0	1	GO:0005515
APU25_33965	FEACA1C0A66C88FA806FF670E4D819B3	399	no	yes	4	1	0		
APU25_33970	FBF71D8B42A7AD2F3889681C844754B6	332	no	yes	2	1	0	1	GO:0051287
APU25_33975	E7F86F0FAC4E773E53430E63E099497D	291	no	no					
APU25_33980	74362C63A621F362DEF826E8562A5825	854	no	yes	2	1	0	2	GO:0006886,GO:0006893
APU25_33985	EF859AD214A0606A82697CEB276D00CE	603	no	yes	6	1	0	3	GO:0003824,GO:0004674,GO:0005524
APU25_33990	20DE2192355FA3E2C9A496D2A6A7BF51	442	no	yes	7	3	0	2	GO:0003747,GO:0006415
APU25_33995	4F10C70DC4CE8364449815694E32EFFB	1106	no	no					
APU25_34000	885E07B0D724B27A92C1F3D7B2370BA0	292	no	yes	2	1	0	3	GO:0005198,GO:0005515,GO:0006890
APU25_34005	0940B85A0B0996B3C789D6F86DC562D0	357	no	yes	3	1	0	2	GO:0006694,GO:0016616
APU25_34010	DF4715E0F2298A9B01A41913BE877623	66	no	no					
APU25_34015	BFA3EBF4A5AC27931B03F47A7BC6C935	305	no	yes	0	0	0		
APU25_34020	85AD235F99C3784F8A6D51FB662131A6	267	no	yes	1	1	0		
APU25_34025	796FA022E5BEC4E2CEB40B42CF5CED71	164	no	yes	0	0	0		
APU25_34030	E7DECAB36AD33D9AB52CD6657C1AD31E	135	no	yes	0	0	0		
APU25_34035	C675556249D71C051C9B369403619202	1472	no	yes	4	2	0	1	GO:0006355
APU25_34040	47CB26A413B16F8D1FA6F1140BA26CEF	348	no	yes	2	1	0		
APU25_34045	2E446B7D0F37EA646DC319303B22A39D	609	yes	no					
APU25_34050	A2A2F1D3F4F257B0E4785EA879B7970A	303	no	yes	5	1	0	2	GO:0000105,GO:0003949
APU25_34055	1200C8C2E59712A813F4B326AE2D2F1D	450	no	yes	9	2	0	4	GO:0005200,GO:0005525,GO:0005874,GO:0007017
APU25_34060	901C239EC95E7CC927B482369680EB0B	590	no	yes	3	1	0		
APU25_34065	C1AFA1E0AFD89063D917033D275A7E9B	335	no	no					
APU25_34070	0FB1D4EFFB86944F5CD3C2EACCDAC40E	549	no	yes	2	1	0	5	GO:0015297,GO:0016020,GO:0042910,GO:0055085,GO:1990961
APU25_34075	4320DDECAC7FBB0D8CDDF496551B807E	468	no	yes	4	1	0	1	GO:0005515
APU25_34080	7FF6B932D8B60AB96886090D7BD119D7	170	no	yes	1	1	0		
APU25_34085	666FB52DF9AEEF5991E16D72D784F5B1	91	no	no					
APU25_34090	E7AED59F5F83FC55D48885AB20D82D2D	867	no	no					
APU25_34095	543F89C595EF428A84EE88B99AAB304C	390	no	yes	6	2	0	4	GO:0006006,GO:0016620,GO:0050661,GO:0051287
APU25_34100	4342022DEE510DD247C58A2273EA74D9	179	no	yes	4	1	0	2	GO:0000814,GO:0071985
APU25_34105	B332D5351F13C8F1547B4DAD390D9910	1182	no	yes	10	3	0	2	GO:0003676,GO:0005515
APU25_34110	FC90B3F4BF066C7BF2B480AE988ED905	708	no	no					
APU25_34115	3977C3EF68473B6E65DAA9212C99BD1C	501	no	no					
APU25_34120	72DAEB52BF2695D4A3332C8354D3BB29	157	no	yes	1	1	0	2	GO:0005789,GO:0016020
APU25_34125	D77E321FABCBC9CF504D84A32F85E22F	439	no	yes	7	3	0	2	GO:0005524,GO:0016887
APU25_34130	2EEC3F119EF297E313718A0289BA988C	302	no	no					
APU25_34135	4409036BF614DC475BB3D57E29E2B1AC	875	no	no					
APU25_34140	1B20E90C0D7E60A652522CF763176C99	687	no	no					
APU25_34145	D0E2FEC0FC3410791BC15FC68AF589D2	490	yes	no					
APU25_34150	7FE53B4065F95646B17F011EBF612729	608	no	yes	2	1	0		
APU25_34155	27B6C7447318F39F089A02EFF7776C44	461	no	no					
APU25_34160	8BB8966BFDB67E1FA6285D11ED300663	849	no	no					
APU25_34165	0CA8BF5255C774A6A7D35518E8000CB2	383	no	no					
APU25_34170	7AF03833821CBF7A0E5ED0A55AEFAB7D	336	no	yes	3	1	0	2	GO:0004722,GO:0006470
APU25_34175	6AFAE071F61A50A87401CDD7B1A60716	218	no	no					
APU25_34180	749A11971AF92A1B1B7BE04FECB6CA5D	231	no	no					
APU25_34185	01BC2F657822478CBED1DB35444654C3	1250	no	no					
APU25_34190	DE85A07DCA70ED4D6DE789FF25F4CE44	217	no	no					
APU25_34195	F0E7A5F27B77E09C8404156F99563222	787	no	no					
APU25_34200	1151F3B11655F4B5546104668C0DB81B	69	no	yes	0	0	0		
APU25_34205	1308291561CB9E0809AC05E5E0761114	165	no	yes	4	1	0	1	GO:0015035
APU25_34210	898D4F61B960882830613FDB2D22DCD5	442	no	no					
APU25_34215	547C6CBEFC0B85D5EDB7C4A3AB7787A2	564	no	yes	5	2	0	3	GO:0003676,GO:0003724,GO:0005524
APU25_34220	62A15F9E256D6C0AA990A7BB22AD22A4	1058	no	yes	3	2	0	1	GO:0005515
APU25_34225	38E3CA9369BFDDDEE5C6167E88E81C2B	403	no	yes	2	1	0	3	GO:0009101,GO:0016020,GO:0016758
APU25_34230	D35FC0F29891E11D22EA544806BE72B7	921	no	yes	8	3	0	3	GO:0004553,GO:0005975,GO:0030246
APU25_34235	028919CC121EA39D541F064925B706E8	367	no	yes	4	1	0		
APU25_34240	2EAF5D1048BD5CA2CBEF595659D6A5DE	1232	no	yes	8	5	0		
APU25_34245	45CDFBB137508B3C438FE4CEB60D22C8	377	no	yes	6	2	0	2	GO:0003676,GO:0003723
APU25_34250	2CD5904BC00D86CE6A5D93225C02A0E9	150	no	no					
APU25_34255	D5244C19D4AEFEBC254E8455DAE75C8B	88	yes	no					
APU25_34260	8AA01530DC84F91F0970E3640E24E648	272	no	no					
APU25_34265	44EC42A2CA2C9604DA7EC74BF04237DC	374	no	yes	3	2	0	3	GO:0000808,GO:0005634,GO:0006260
APU25_34270	4310AB6A11A712233743EAD220F534A1	851	no	yes	5	1	0	4	GO:0005507,GO:0008131,GO:0009308,GO:0048038
APU25_34275	567D334ED35E9E2D347BFAFC598DC105	589	yes	no					
APU25_34280	89FECB721459059004DC41640C6B2823	357	no	yes	2	1	0	2	GO:0016020,GO:0016192
APU25_34285	638B4CD505A4CD6D2DC2754884BF753D	497	no	yes	4	1	0	2	GO:0016628,GO:0071949
APU25_34290	D93E3B8FBAAA132B544E16835C4291B5	385	no	yes	3	0	0	1	GO:0016311
APU25_34295	8B3ABF8893E645A9F93D76C6923A7244	331	no	yes	4	1	0	4	GO:0005484,GO:0006886,GO:0016020,GO:0016192
APU25_34300	46F8C8048F8B29272DA5E238687D253B	646	no	no					
APU25_34305	0E35033271EDF74AFF395EEE2D8C552F	604	no	yes	3	1	0	3	GO:0004672,GO:0005524,GO:0006468
APU25_34310	2FA1BA092AB08586DFB1BB3A67D49CDD	189	no	yes	1	1	0	1	GO:0016020
APU25_34315	33A37F12725ADA7A44EEC5A7CD49F082	296	no	yes	3	1	0	2	GO:0005524,GO:0016887
APU25_34320	C80277DF901CF5921722241470EDB976	188	no	no					
APU25_34325	4464CE92FB52809792EB71E31236D179	1255	no	no					
APU25_34330	249D6EA99C6BE8BD3EBF18B5D5297647	332	no	no					
APU25_34335	675DEC1B2F10A814EBFAF6485301AFB6	346	no	yes	3	0	0		
APU25_34340	AD91F761112E72A23A943FF35C862E0B	231	no	yes	3	1	0		
APU25_34345	818CBE08D09C38821E4CD04F7724F15D	830	no	no					
APU25_34350	14F1BCE432F199FD891B1ABA4C2B77F7	498	no	no					
APU25_34355	FE51DF2443480EEA01D7E11437294824	286	no	yes	3	1	0		
APU25_34360	87F7693BDC07C08ACC26B08AF64BEBB1	182	no	yes	4	2	0	2	GO:0003723,GO:0019843
APU25_34365	BDEE802178A648C99F66A20D883AE8B0	283	no	yes	4	1	0	3	GO:0004106,GO:0009073,GO:0046417
APU25_34370	95F154B79409AB0E1B5D8BBC7D59AF9B	457	no	yes	0	0	0		
APU25_34375	5DE882CE7DD347292337C9C4FE40E955	1043	no	yes	5	2	0	3	GO:0003677,GO:0003899,GO:0006351
APU25_34380	2E9EB9A480EAF6C064747D4FFF381555	448	no	yes	2	1	0	2	GO:0003700,GO:0006355
APU25_34385	47FE9982D28E23FD246230B9BDEFCEEC	710	no	no					
APU25_34390	2B29CED53C01070DC8114A88D02B9D6E	955	no	no					
APU25_34395	97889C40CF5FEA1A3B08CC5B0DC38250	238	no	yes	2	1	0		
APU25_34400	D7046AFA94A4E4EF5FAB4F6B28C4DB7E	498	yes	no					
APU25_34405	EBB55E0D0E0439EA32A96ABDDB7E7134	123	no	no					
APU25_34410	4808B6081DB9423AEE8589D913D09EFF	278	no	no					
APU25_34415	301931B752A6CF2D9D8D6E8C82542B81	591	no	yes	4	2	0	2	GO:0005524,GO:0016887
APU25_34420	B9B505E04DE72DFFBC1E33F4BDEEF213	532	no	no					
APU25_34425	9D93A8210CF14B6BAD441ED4C909518C	902	no	no					
APU25_34430	F16236E807682D23496367F680179564	725	no	no					
APU25_34435	0D6B55F610CFE17CF45219DA2FBBC38D	337	no	yes	1	1	0	1	GO:0016747
APU25_34440	24E688486EF52FF9415E66A4B422EA5A	422	no	yes	2	1	0		
APU25_34445	67CC236784823BD92E4449F8249365B5	299	no	yes	2	0	0		
APU25_34450	BF8C1FC1D9CACAD563B6799469A8D615	419	no	no					
APU25_34455	F9AC79EDF828CB6C05DDF9A4BD9A96C9	294	no	yes	2	0	0		
APU25_34460	1A9D5EA0FE6A2B7417725B7B51299E6B	301	no	yes	3	1	0	1	GO:0006644
APU25_34465	920278F18F0F726E42B9942BCC49609B	505	no	yes	4	2	0	2	GO:0003723,GO:0005634
APU25_34470	CEE7F5E3EC5D5C98D8D1AEEB00D1479D	193	no	yes	4	1	0	2	GO:0003723,GO:0046872
APU25_34475	26B03631D72EDEE7230C518A3E083CE6	395	no	no					
APU25_34480	7CCBC6FEFFA4E19D1372F87A294FC122	549	no	no					
APU25_34485	84B0CDD1F458AC962EAA208B7DCBD41C	738	no	yes	9	3	0	2	GO:0006511,GO:0031625
APU25_34490	C86347F13035C719597BAD0664BF907D	245	no	yes	3	1	0	3	GO:0004176,GO:0004252,GO:0006508
APU25_34495	33C4374240A2DF44E5D319ABBFF29DE7	874	no	no					
APU25_34500	79969CD52EEA335DB2DD7E45DF872B65	178	no	yes	0	0	0		
APU25_34505	FD57880765930D1B63404BA4557A6769	155	no	yes	2	0	0	1	GO:0005515
APU25_34510	3DA1E073499D33A4386ECD431B42ACBA	246	no	yes	6	2	0		
APU25_34515	C245C943748E37C7EA0B0186CD7C140D	477	no	yes	1	1	0		
APU25_34520	B05843FB4D77EF666AE1CF4AC29AE47F	576	no	yes	1	1	0		
APU25_34525	0D36CE73B98576D1386F6D8AE518F3DF	465	no	no					
APU25_34530	D6441FB14233C10CDC4EE5C5F8F7EFD3	192	no	yes	2	1	0	1	GO:0010181
APU25_34535	899DD235DEE2786BFF98A3B530B1566E	423	no	yes	3	1	0	1	GO:0016020
APU25_34540	84CC6AA0F37DBC137F5C99CBEDB29806	327	no	yes	3	1	0	1	GO:0016787
APU25_34545	07E475A87C06E52559D47447A1BE5341	171	no	yes	3	1	0	2	GO:0030008,GO:0048193
APU25_34550	18187C92E0DF022A394D9FC39086962A	211	no	yes	4	1	0	2	GO:0003924,GO:0005525
APU25_34555	CF220C891EF8CA60904AFFAC4DF51237	666	no	yes	13	3	0	4	GO:0003677,GO:0003917,GO:0005694,GO:0006265
APU25_34560	5EF25E6048516495D2CC263BB71EED0B	354	no	yes	3	1	0	2	GO:0005315,GO:1990547
APU25_34565	BF19EA5073163F4091804B75A3EE6936	195	no	no					
APU25_34570	DAEED4D18712FD6EA036B5033E438229	1534	no	no					
APU25_34575	2EE84B65EFEF3F30B7E4B2C58C6466B6	328	no	yes	1	1	0		
APU25_34580	8E93C55C94C9873B99F29401147F6743	404	no	no					
APU25_34585	E87E6B9F4456CAB553C3B5FC388F6B1D	807	no	no					
APU25_34590	A37ED82FEC7E8BC7C6A5207B48A6A681	233	no	yes	4	1	0	2	GO:0003676,GO:0003723
APU25_34595	90D635B6B323DF886819776D7AD3CE59	2099	no	no					
APU25_34600	FAE3E1376C4C2B3C951C5C0D2FC541BD	119	no	yes	0	0	0		
APU25_34605	2EFE694B8D50998559439641F6709447	145	no	yes	4	2	0	2	GO:0000266,GO:0005515
APU25_34610	6618AA1396BE7614FBA8A63FC7739057	365	no	yes	3	1	0	2	GO:0004077,GO:0036211
APU25_34615	2F903A8FD243F1957227BF7B57DBE1A6	239	no	yes	3	1	0	1	GO:0003676
APU25_34620	1BA0CC12A838F0FC67408628E5536E19	539	no	yes	8	1	0	4	GO:0005524,GO:0006457,GO:0016887,GO:0140662
APU25_34625	768B845DCBA47976B6C29424A2159633	256	no	yes	2	1	0	2	GO:0006897,GO:0016020
APU25_34630	15564C5B9AB1639123474A66ACD4614F	245	no	yes	3	1	0		
APU25_34635	675832C362D51676818717FB622F2C3A	657	no	yes	2	1	0	1	GO:0006281
APU25_34640	DE6315DC24BB081393D5F67FA39F173A	648	no	no					
APU25_34645	C5872ECE406567FBF50EFA84463F9151	332	no	yes	3	1	0		
APU25_34650	DAA49BF1A8C2CF6F8971E9E0E74CBD48	152	no	yes	0	0	0		
APU25_34655	08505A96E150198A2940EC742E1FACE8	189	no	yes	3	1	0	3	GO:0004596,GO:0016747,GO:0017196
APU25_34660	A1AF94BCEE48DE21CF8EDDEB6806FB59	929	no	no					
APU25_34665	6CF0466334C86AA0410DE7C39D2AA6A6	505	no	yes	3	1	0	1	GO:0070569
APU25_34670	5A9B5088DA04B1ACAC2C3ACF87C47973	276	no	yes	3	1	0	4	GO:0000774,GO:0006457,GO:0042803,GO:0051087
APU25_34675	A65A54AC1B8EE36D1994DD25DF4BA108	107	no	no					
APU25_34680	3638C2EEBB1016CB5CA407838333184D	239	no	no					
APU25_34685	53FCDED4E70C013B65E5DF7DC27C0419	378	yes	no					
APU25_34690	67561F9AB6C8CD9B7860FACD14C70901	235	no	yes	2	1	0	1	GO:0008757
APU25_34695	BA26A4C47A06A43F783B9230A6F761FC	221	no	no					
APU25_34700	C4A80DFF2A3C60E8D81F4E9CEEB35447	2011	no	no					
APU25_34705	C51C5510168F375D253C3503ABF4E504	817	no	yes	2	1	0	1	GO:0005680
APU25_34710	833C9400CF64630A365D684C965C9A98	135	no	yes	0	0	0		
APU25_34715	5CEE609ACF1B56871CBD1128DCC3316C	275	no	yes	1	1	0		
APU25_34720	E0B6EBE7F48349D90D198112D6277405	763	no	no					
APU25_34725	16C2E5EC6D35DC26B2A57C8BCF5558C4	211	no	yes	1	1	0		
APU25_34730	A6BA315233864145455B4BFE02901F4F	512	no	yes	6	2	0	3	GO:0003676,GO:0003724,GO:0005524
APU25_34735	1BBBBD47212C78DBB3A2777CDF1264FD	153	no	yes	2	1	0		
APU25_34740	F73BDECC110D1F3B5F66A3CD96E7A788	533	no	no					
APU25_34745	1EC14BB4D2B8D4301F2271D7FEAC4BCE	157	no	no					
APU25_34750	E0C63D1F28F966B465CCEE2F90B9E38A	335	no	no					
APU25_34755	EB6E89562C6766CF3068E9E833708CC6	333	no	no					
APU25_34760	0EBF7C0C9352F2CAF52A9D2B01A789AB	797	no	yes	8	2	0	4	GO:0004672,GO:0005515,GO:0005524,GO:0006468
APU25_34765	537C1E47782CB61E04F8CE8F3EBF68F7	447	no	no					
APU25_34770	613C87A30204BB589928B5803B2565F9	556	no	no					
APU25_34775	82195C55DAFD573E774FAACABD7FF3CD	1276	no	yes	2	0	0	1	GO:0005515
APU25_34780	2CB5560625356BA80DF9B409581B2FD0	416	no	yes	2	1	0		
APU25_34785	61ED684C63239FEC18DD343334108DE3	285	yes	no					
APU25_34790	B1E7AC4C1E545ADC784ADD2E1617DBE8	334	no	yes	2	1	0		
APU25_34795	B317E6C4B636C71E5133A4105950572C	544	no	no					
APU25_34800	A6494FD7E3D3372FEB561CF2DBA1C902	135	no	yes	0	0	0		
APU25_34805	49D781442AF1972816220A06CF720DF9	434	no	no					
APU25_34810	090DB8DCEDD8D03C88710CF89DAA8A5B	605	no	yes	7	2	0	1	GO:0005525
APU25_34815	9E8FC73B7800AF75A2F2BCAF9D70863B	570	no	yes	7	2	0	3	GO:0004672,GO:0005524,GO:0006468
APU25_34820	B9CC2FF6615B0BFD6254A64B163F9A8D	329	no	yes	3	1	0		
APU25_34825	C178CFD81E873AADE3A830FDB82D1376	501	no	yes	6	1	0	3	GO:0009058,GO:0016740,GO:0030170
APU25_34830	951A5F0D62EE521FEFA375A87A0E4E5E	352	no	yes	1	1	0		
APU25_34835	ABFC06D7284859F3C7FEB8F28EF61194	490	no	yes	6	1	0	3	GO:0009058,GO:0016740,GO:0030170
APU25_34840	E2243C70839E08FBE27138F6F5AA1885	88	no	yes	0	0	0		
APU25_34845	6A561075B7249CEEC5942ED8A4737887	784	no	yes	2	1	0		
APU25_34850	E76B75E08F57EC044EBEB486F3203C82	282	no	yes	3	1	0		
APU25_34855	7A3C1F01AEF55695DAF71FAE0B5EB4A8	430	no	yes	3	1	0	2	GO:0006629,GO:0016788
APU25_34860	5446A0B74503924E2E00C364717A8844	558	no	no					
APU25_34865	8AF82D1FC402B2531AF005A2249A2E3D	550	no	no					
APU25_34870	A2588415DF2927E816B36A23FD6CCCA2	104	no	yes	3	1	0	3	GO:0003735,GO:0005840,GO:0006412
APU25_34875	7E94FACDBC3CA28C0E5693EAA1D75565	498	no	yes	7	4	0	8	GO:0000049,GO:0000166,GO:0004812,GO:0004826,GO:0005524,GO:0005737,GO:0006432,GO:0043039
APU25_34880	C6CDBAA2BCC4894CBD692E9928421EB1	277	no	no					
APU25_34885	0068421BA741C7D998E86D421C8730FB	566	no	yes	4	1	0	2	GO:0022857,GO:0055085
APU25_34890	5C74BFD3AEC715FD453498EAB67FD68D	460	no	yes	4	2	0	2	GO:0016491,GO:0046872
APU25_34895	0C66EFE92DA64C5251F62F9C72E07029	447	no	no					
APU25_34900	F6D5988D4A3FD38F96E09F585F7BB42D	364	no	yes	1	0	0		
APU25_34905	2741F4DCCE8767BA78B256C6C216363C	447	no	yes	3	1	0		
APU25_34910	25884CBE31DE0C60B9BB9C46B4376E66	386	no	no					
APU25_34915	66030273CAAAA32E2470AF7DB0EA7F26	108	no	yes	1	1	0	3	GO:0016471,GO:0046961,GO:1902600
APU25_34920	F1A1C4CB9312A7A7C0C0FF17C60629EA	256	no	no					
APU25_34925	5673C81D2756DB4BF8F5B721FD117D2F	544	no	yes	4	2	0	2	GO:0016020,GO:0042500
APU25_34930	76FC6A474052DC43AA79EC5A6302FD26	612	no	no					
APU25_34935	09387FE2AC0D94F3C2E8EDF3D53A0761	270	yes	no					
APU25_34940	E6C67E27877AF34116FFAE2F9012F09F	259	no	no					
APU25_34945	660EB0F345248E8FFAB3E4F2F9CF1BC7	434	no	no					
APU25_34950	30297EC1B3FA74B23EDB9E3EC0B1E078	364	no	yes	3	1	0	2	GO:0005524,GO:0016887
APU25_34955	BF483F87E49029D61E46CB3E0828E855	511	no	yes	7	1	0	4	GO:0000166,GO:0004019,GO:0005525,GO:0006164
APU25_34960	C8A6E41B3101808CD75A6C5F7C25F8EB	853	no	yes	3	1	0	2	GO:0016020,GO:0055085
APU25_34965	3C25EEEEAEBDC6510DCBF0B8EC3C1541	347	no	yes	6	2	0	1	GO:0006457
APU25_34970	4EBE87FE4171595DB1E30921748058BB	347	no	no					
APU25_34975	42CD485209620EFC00AC7470E98A7B5C	414	no	yes	0	0	0		
APU25_34980	A1CCE4E4B392C9EDC6153F543B952399	165	no	yes	0	0	0		
APU25_34985	D823AE241ADEED32C4934CB68E4E934C	413	no	no					
APU25_34990	A45BF5CA31F2465A277D249FA7165818	458	no	yes	1	1	0	3	GO:0003677,GO:0005666,GO:0006383
APU25_34995	BF0975D348E2D2FC5D6E59315C754C1D	397	no	yes	2	1	0	1	GO:0016757
APU25_35000	87DBBD14CCE8D8C085DB0A85EAE98A0C	705	no	no					
APU25_35005	AC6F23B1F456D487E4B3DB3C01094E8E	183	no	no					
APU25_35010	9B463F1C0F5A488AD3B176C7C52DC1E8	1434	no	no					
APU25_35015	CDA98ECB3F7473A7927ED70E770AA329	552	no	no					
APU25_35020	C9E0270273151E5FFFAF6098E856C985	166	no	yes	6	2	0	3	GO:0003735,GO:0005840,GO:0006412
APU25_35025	DCCD98CFF29E6448FB0BF029BD891696	476	no	yes	8	3	0	2	GO:0003714,GO:0005515
APU25_35030	0C51C3EC305D1284220382D2E9B20CAD	459	no	yes	0	0	0		
APU25_35035	6ADEC01459D4D5C8D76C3B00C67F44C8	544	no	no					
APU25_35040	5ACCB2EFFABBD882A673D521002DC675	219	no	yes	5	1	0	3	GO:0004176,GO:0004252,GO:0006508
APU25_35045	1C18B2DECE80ED212CA3EC86C2B68F72	265	no	yes	2	1	0	2	GO:0004518,GO:0034477
APU25_35050	CED0688FBC746180E46760B85291E08F	112	no	no					
APU25_35055	1EDD8479A26A49E87F9824892E880BAF	317	no	yes	5	1	0	1	GO:0009664
APU25_35060	8AC9DFCBF25CF4758AE28378FE978471	456	no	yes	5	1	0	1	GO:0009664
APU25_35065	7E1B62751B777D81FEF72F72E8AFF674	864	no	yes	2	1	0	1	GO:0005515
APU25_35070	67357656071C5BD08EB771A7D16BA022	352	no	no					
APU25_35075	4606A2BE58590F9CEB81E834C661365E	618	no	no					
APU25_35080	99D1D26EF8304E2C6A928A4A0F6A74C6	129	no	yes	2	1	0	3	GO:0003735,GO:0005840,GO:0006412
APU25_35085	3372553DC69E18CFA50324C8FFDF4302	713	no	no					
APU25_35090	85D7A1DAADE74C7CE593858523853087	236	no	no					
APU25_35095	44D025E0E747F09FDB7BABF4D7F73272	269	no	yes	4	1	0	2	GO:0000814,GO:0071985
APU25_35100	07E48AA9FCA70C3594AE9F12162656D4	943	no	no					
APU25_35105	3FC1379B2D77671A6F26053083988262	897	no	no					
APU25_35110	63944B394005EFBB54EC7D6B21AE5F61	445	no	yes	4	1	0	3	GO:0004672,GO:0005524,GO:0006468
APU25_35115	B53A25929FABBDE8E145FFD829F73534	402	no	yes	3	1	0	2	GO:0006482,GO:0051723
APU25_35120	4F81ACEB7B121DE9612AF588DFBF1B42	315	no	yes	5	2	0	4	GO:0005484,GO:0006886,GO:0016020,GO:0016192
APU25_35125	103995EAFCEE7C68CE683D51A7040B94	291	no	yes	2	1	0	2	GO:0005515,GO:0006886
APU25_35130	FDAAF7804F3D30647AFF39D4704AE6EB	297	no	no					
APU25_35135	F442876332051C0D8C05BDF57E470B9D	320	no	yes	2	1	0	2	GO:0009765,GO:0016020
APU25_35140	00552998676EBEC36FAC12B518ACB626	802	yes	no					
APU25_35145	3B193B334589667A6BDF984865BD1EC3	686	no	yes	2	1	0		
APU25_35150	FE4549C59DE38AAAA8DB78905567B094	66	no	yes	0	0	0		
APU25_35155	19FAEC85666ABA2A0106649A7CD19250	230	no	yes	2	1	0	1	GO:0003676
APU25_35160	F329C85E148F5D0B1704374FA7FF4CD8	1925	no	no					
APU25_35165	BB9CEE33846214C69456F4FB9943B92E	344	no	yes	5	2	0	4	GO:0005975,GO:0016791,GO:0042132,GO:0042578
APU25_35170	CD5A93270390A5176EB3713562A52353	495	no	no					
APU25_35175	D541D7D8F1C793384E04A8DFABB62DEC	977	no	no					
APU25_35180	B692BAF938EA1BC5FD1DAA0D121E7F60	373	no	yes	2	1	0		
APU25_35185	32F021CA7BF56D3DC61E823F5C26B6DB	304	no	yes	2	1	0	2	GO:0000413,GO:0003755
APU25_35190	16AB030CAA9FD83DAA1EE41F8CFA7B9C	77	no	no					
APU25_35195	8DEBF39130EB4543BF7DA8AC68BCC81B	389	no	yes	3	1	0		
APU25_35200	B37E28E635A6BFA41C58EDEFD085F6BA	1434	no	no					
APU25_35205	92D07C29902CCBA819DA33E3F6853F94	484	no	no					
APU25_35210	67100FCC151322201DC0884EB30F68F0	788	no	yes	3	1	0	2	GO:0005509,GO:0005515
APU25_35215	E7E1A7ED96706F2E8BD760FF945414AB	904	no	yes	6	3	0	3	GO:0000502,GO:0030234,GO:0042176
APU25_35220	17F2879A3F40A96DFF05C35E74063AD6	291	no	no					
APU25_35225	00137CE4BDD36DC44F4330C85ADA01CE	688	no	no					
APU25_35230	185C30C7D81CDC9CCEA01205D81E5A74	256	no	yes	3	1	0	1	GO:0008113
APU25_35235	4E68708A6D76EEF87C2A75DA583B0D93	416	no	no					
APU25_35240	7F5526D8395E1467430FC4433255C033	1025	no	yes	5	2	0	2	GO:0003723,GO:0004540
APU25_35245	6D1BBB280886828944BA879EE8E816C9	622	no	yes	1	1	0	3	GO:0009101,GO:0016020,GO:0016758
APU25_35250	DFAF2CC91798C2791DBB9FAD6C06DB35	146	no	yes	1	1	0	4	GO:0009523,GO:0009654,GO:0015979,GO:0042651
APU25_35255	0D0295790CC3D7E2942DFEB8B25ED8F2	396	no	yes	2	1	0	2	GO:0004252,GO:0016020
APU25_35260	44C8204E80915482E6F2DE736063E1D0	281	no	yes	4	1	0	2	GO:0003676,GO:0003723
APU25_35265	B3A4CD595142DAD798EDB73FC7ACD08D	250	no	yes	7	2	0		
APU25_35270	5D79EDC71130BB1B73AA4834CC4F7046	243	no	no					
APU25_35275	202A0A9C7B6322FA73FE987507CDAD6F	547	no	yes	3	1	0	1	GO:0005515
APU25_35280	7AE69760F62147436C119BE168562EDE	459	no	yes	6	2	0	1	GO:0005515
APU25_35285	F12540FD57F1052E11632DB908DA1BCE	458	no	no					
APU25_35290	FA28077F91F2CC9DDC1A9FDDB517D57E	367	no	no					
APU25_35295	8B5E0D37A05FFF732579CE40D0AAF9AF	434	no	yes	3	1	0	1	GO:0016624
APU25_35300	1A796671BA27D10A5C1F44762B3E1281	87	no	yes	4	1	0	1	GO:0000062
APU25_35305	8CA727BEC2601315B1E72E2D9FA56C1C	492	no	no					
APU25_35310	880A88372416D6BBDE3E6E4D04359B4D	647	no	yes	4	1	0	2	GO:0005515,GO:0042800
APU25_35315	B6F7CE27D9E95EBCE4487C676C641B09	133	no	yes	1	1	0		
APU25_35320	5B287A10CD84790CF33BBCCDD5BD2460	656	no	yes	3	1	0	4	GO:0006857,GO:0016020,GO:0022857,GO:0055085
APU25_35325	C8FDD77940B7ED2CDDA63102547B470F	249	no	yes	2	1	0		
APU25_35330	B305D210A965AAC9B88AB9BB1C2EC2E5	68	no	yes	3	1	0	1	GO:0006122
APU25_35335	8E8CAFD40B6654DFA5E2EE3485E147C7	482	no	yes	6	3	0		
APU25_35340	CA5A28509599C94227E3DC98F0375720	850	no	yes	0	0	0		
APU25_35345	86AFF93C55CE38908599C693151B5C76	163	no	yes	0	0	0		
APU25_35350	BFB6761EAC15EFF7DC8F9D4E939245ED	422	no	yes	1	1	0		
APU25_35355	B6854CC0EEF82C91238CB372B51D0EE0	698	no	yes	5	2	0	2	GO:0003677,GO:0006303
APU25_35360	265AB3E4D121679E2CBF07E9BBC08357	256	no	yes	0	0	0		
APU25_35365	9815FE9577D241FB12E9C72C68B2DF0C	115	no	yes	0	0	0		
APU25_35370	3E1CACC10E9E45CE23DA7E40802A88F5	121	no	yes	3	1	0	2	GO:0005739,GO:0045277
APU25_35375	FCB4F1BF96ABDDBF609F01650FBE881F	318	no	no					
APU25_35380	2947E7C7C43F001E701BC9C40549D193	459	no	yes	3	1	0	1	GO:0008641
APU25_35385	5CC03C5AA61428C8FE9C7B2BC3722DC4	794	no	no					
APU25_35390	B74F6F7565C37BF2A4A4BEA4061AF9E7	253	no	yes	5	1	0	4	GO:0008444,GO:0008654,GO:0016020,GO:0016780
APU25_35395	7C912701B8CC348ED97B1120E28FC7B3	427	no	yes	2	1	0	1	GO:0003700
APU25_35400	F3A4E9ED975CD5FCE1930A76E4139491	228	no	yes	1	1	0		
APU25_35405	4FA3A9C77F71D3F33CFA07D1D31B5DC6	1033	no	yes	7	2	0	7	GO:0003676,GO:0003677,GO:0003678,GO:0004386,GO:0005524,GO:0006139,GO:0016818
APU25_35410	2252773664DDF87EEDFF530EAA299D8E	108	no	yes	0	0	0		
APU25_35415	EFA37E1C05B17DFE03E1C0F2CF8198A8	199	no	yes	2	0	0		
APU25_35420	C71CB244431E748BB14D74C7D79B90B2	332	no	yes	0	0	0		
APU25_35425	290BDC27CCDD228592FCC865D20A0508	355	no	yes	3	1	0		
APU25_35430	D7E12BF0C0DECF470E6EA4F768740D00	122	no	yes	4	1	0	4	GO:0003735,GO:0005840,GO:0006412,GO:0015935
APU25_35435	C4D7420B256F887906D354A5EEAC8941	444	no	yes	1	0	0	3	GO:0002151,GO:0031011,GO:0071339
APU25_35440	667E9ECCC36FE308E4D30A53DD6AF5D8	445	no	yes	1	0	0		
APU25_35445	670D3C41B5A71318BB1170B47AF1F677	494	no	yes	5	1	0	1	GO:0005515
APU25_35450	BA732A514CBEDEC78CEE7231846BBB02	179	no	yes	4	2	0	2	GO:0003677,GO:0008270
APU25_35455	A44952CC9A8D2C80E5776F15B9821ED6	204	no	yes	2	1	0	1	GO:0006914
APU25_35460	FA11E12F661E85DCA8FF03CE53C2CEEB	327	no	yes	5	1	0	3	GO:0004725,GO:0006470,GO:0016311
APU25_35465	657C1DF0748869EE54E680C18D698440	226	no	yes	2	1	0	3	GO:0005506,GO:0016226,GO:0051536
APU25_35470	6ECF6AD655D4CC4E3846F99AC9536119	510	no	yes	4	2	0	3	GO:0005515,GO:0005778,GO:0016560
APU25_35475	00E7EB1FA13D3E792A20B84A6F925000	301	no	yes	3	1	0		
APU25_35480	0E4FE6C07A6DC2DFE649FA85C83DF272	106	no	yes	0	0	0		
APU25_35485	00570176DE9EFE076857C3CFFDC38AB9	486	no	yes	1	1	0		
APU25_35490	FD82FAF6B5E796356F948A706DFE7F33	925	no	no					
APU25_35495	53FD08006C6754B1E44B67A664D666AE	722	no	yes	2	0	0		
APU25_35500	7022DD29FCB6516CBDA1A47983C5932A	219	no	no					
APU25_35505	AFCE692FFB8F2CFB34BEA9A5B780BFE0	459	no	yes	0	0	0		
APU25_35510	27A51CCF75D6EE990B64EA090369691B	297	no	yes	2	0	0		
APU25_35515	BE65B93FCBA626EFA88F92A8AD865D68	907	no	yes	5	2	0	4	GO:0006821,GO:0015108,GO:0016020,GO:0055085
APU25_35520	B380E2B2416037893DF7DBEC83B32CC1	302	no	yes	3	1	0		
APU25_35525	07938DC291893899F59E13EA2395E07C	405	no	yes	6	1	0	5	GO:0004152,GO:0005737,GO:0006207,GO:0016020,GO:0016627
APU25_35530	ED90FF1E740C19CECAF1CF1C1BA4DD1A	503	no	no					
APU25_35535	933F4B1C8D201C42A6DF75DB40D11109	560	no	yes	7	2	0	1	GO:0005515
APU25_35540	AB79DB36391374FE761D77B9E26E29C1	467	no	no					
APU25_35545	AF203A905D4A29C48C0FD01A79B6D49B	430	no	yes	2	0	0	1	GO:0009976
APU25_35550	3302F268D8CCBDD3C0B9DD402AD4BCFC	653	no	yes	3	1	0	2	GO:0005524,GO:0006468
APU25_35555	0EE9C7ACA4B6F69E596638B1EA5E3FF1	656	no	yes	5	2	0	1	GO:0005515
APU25_35560	8AAF5A1E22E5B35C43E35DE1ED46686D	984	no	yes	10	4	0	3	GO:0006508,GO:0008237,GO:0008270
APU25_35565	2DCDDA9968513ABAAFD8D43AFD20BA09	204	no	no					
APU25_35570	12303984782CD5D233D25CC1F5F84FA3	386	no	no					
APU25_35575	C209E89E7F0D4F7D83CD33B330D8B067	206	yes	no					
APU25_35580	A88C7DFB80A559B72E4F798DEE3C9FB1	1180	no	yes	13	4	0	5	GO:0004553,GO:0004565,GO:0005975,GO:0009341,GO:0030246
APU25_35585	CBC6FB5BC8B9F7FFDBC653773B7F722A	312	no	yes	1	1	0		
APU25_35590	4573C746C6A19B391653C465BF274222	84	no	yes	4	1	0	2	GO:0000398,GO:0003723
APU25_35595	60CFB140602CA7B10A520D66CA76569E	2188	no	no					
APU25_35600	CE6D05A85372266C68911BE93B6EAFC0	308	no	yes	1	1	0		
APU25_35605	C48AD1D66EBFFEE5745BE5E6728E18AF	242	no	yes	4	1	0	3	GO:0008654,GO:0016020,GO:0016780
APU25_35610	40B17EE6EA6A7E3198296F4798BEDDF8	131	no	yes	0	0	0		
APU25_35615	A9E45C794E45BC761AA3320B00D583FA	2223	no	no					
APU25_35620	72936410CB3D35591EEBC0E405210C2C	373	no	yes	6	2	0	4	GO:0005975,GO:0016791,GO:0042132,GO:0042578
APU25_35625	BDE0B7D5D967B5B1DCF1F8B2BC1E3BF2	628	no	no					
APU25_35630	11AB17537802422D343F6B8A8648BBF8	490	no	yes	6	1	0	3	GO:0003868,GO:0009072,GO:0016701
APU25_35635	7E2C25AD39F49DE08F3B71DF9D5727E7	162	no	yes	3	1	0	1	GO:0016747
APU25_35640	DDF575219B0FB829F15E6D9D493F5A22	335	no	yes	3	1	0	1	GO:0003924
APU25_35645	175CB5B7E4EA8869BA027F0B83A9B455	879	no	yes	7	3	0	4	GO:0003824,GO:0004553,GO:0005975,GO:0043169
APU25_35650	57B955066883AC322CCDBE6E53ADD317	345	no	yes	1	1	0		
APU25_35655	FAD17D8D8CBF6D3B5D07194C2699E126	410	no	yes	3	1	0	1	GO:0003860
APU25_35660	382996D222493EEECE1A0EC484D1BC22	333	no	yes	5	1	0		
APU25_35665	FFE45CA0DE60C4D344ADCF5593323D4C	533	no	no					
APU25_35670	4E3376A9405F77238171A559CF7B7F11	1179	no	no					
APU25_35675	893F79944820D8FB50DAB88EA6FA2CF9	615	yes	no					
APU25_35680	C643635C171CDFB592EA0E26A48506F1	172	no	no					
APU25_35685	5F2E135ECCE9AD2470A08B090EBB29CB	230	no	yes	1	1	0		
APU25_35690	454CF8606A618612BBC1FF511A978887	331	no	yes	4	1	0	3	GO:0008299,GO:0050518,GO:0070567
APU25_35695	712BEDA2ECD8D96DA0B61E255C5B920F	238	no	no					
APU25_35700	29D1B2249F9673E1BF3D6DDE53F71274	289	no	no					
APU25_35705	82E64CFC110680BC5AF07AFBF617A5B8	208	no	yes	0	0	0		
APU25_35710	1F22CB9E1E39BD8375C145FA25A9C4EC	412	no	no					
APU25_35715	561A394880AB7C89C5195B1DC6D1D9BD	270	no	no					
APU25_35720	F6DBA33F8531CB2187818362301D3844	669	no	yes	3	1	0	7	GO:0006812,GO:0015297,GO:0015386,GO:0016020,GO:0055085,GO:0071805,GO:1902600
APU25_35725	2D185E6A84AA1725E6F8CE7BC861AB47	275	no	yes	1	0	0		
APU25_35730	D3C2DF409B9B29C050B4DEA5C40659ED	173	no	no					
APU25_35735	78DFDDB1E80AFEAD20363A875AB25F98	749	no	yes	1	1	0	1	GO:0043022
APU25_35740	A68E58AECEEA73319905650F74CB3DA8	277	no	yes	2	1	0		
APU25_35745	36EA6B4B62DFD812AE2A4D60DB78E54C	179	no	no					
APU25_35750	4142C2EB443A78232537030959CAB2DD	709	no	no					
APU25_35755	FF5D62988240AA5B6E6C291E924FA816	898	no	yes	7	3	0	2	GO:0061630,GO:0072344
APU25_35760	8815B5F57231A57B84117ECDA24D27F7	129	no	no					
APU25_35765	7C0DA46CD905DF79402F55FF98DF988E	180	no	no					
APU25_35770	B2FDB1FF6A0FC691B9EDEF137495A5B3	211	no	yes	0	0	0		
APU25_35775	ACF76ED429C4863FBC804AC4027BC2DC	1093	no	no					
APU25_35780	565888119A47C09764009614F5C06E93	206	no	no					
APU25_35785	CEA089BDD23A074AAE287E5C3E13C71D	285	no	no					
APU25_35790	BCB8FF76DF04EAF0CA14D64BF431B33F	788	yes	no					
APU25_35795	658754835CBFE5E09271A9D869C1856F	104	no	no					
APU25_35800	4AC17593F6ADB40A3EE4FF4E0FC355F3	263	no	no					
APU25_35805	4319DBA71FF60A85993FDAA33774F846	303	no	no					
APU25_35810	32A2A71C29B1D4FD866146991385BC81	408	no	no					
APU25_35815	45BE536762A95DBF079D83BEA2F77003	119	no	yes	0	0	0		
APU25_35820	9A22922DC05036963EBA8F366380BB8E	422	no	yes	1	1	0		
APU25_35825	F4EFECACFA5BDF92E8A94476D0F241FD	329	no	yes	4	1	0	3	GO:0015267,GO:0016020,GO:0055085
APU25_35830	A9955EC2EF94F847898B0F532CFCD4B9	152	no	yes	2	1	0		
APU25_35835	1AA5EA1C76EAD627A9ABA5674E4E5915	637	no	no					
APU25_35840	04B1A69188F434C427A3B98B30A664CC	364	no	no					
APU25_35845	97C7B2C51B594B0F3FA1450E02B1FC70	210	no	yes	0	0	0		
APU25_35850	329E11FB3439435424B3BB21984BF63D	329	no	no					
APU25_35855	AD447265034797D09E99B0FC0AF733EC	871	no	yes	2	0	0		
APU25_35860	B678B7B99C35F352707F8A898387A347	120	no	yes	2	1	0		
APU25_35865	AAD764A21357C2E92C2B76E0EF5FB4F7	360	no	yes	1	0	0		
APU25_35870	0A4B932BCB8A835863E8483E38E59815	135	no	yes	0	0	0		
APU25_35875	7A5CB8D15609B05A05053718E0AE799C	664	no	no					
APU25_35880	A5DCB9F0F3B70DA96C03863475C5BF60	458	no	yes	3	1	0	1	GO:0005515
APU25_35885	47009B63EFA5A12A5B2B21070F6199FD	917	no	no					
APU25_35890	81EE85AD3757707D8575706A83C3937F	329	no	yes	7	2	0	4	GO:0003677,GO:0005524,GO:0006260,GO:0016887
APU25_35895	32D86A88C73F03C00626AD3F11D9651D	327	no	yes	3	1	0	2	GO:0006862,GO:0055085
APU25_35900	4245532F8FE6EF2E32CA4F6A4CD11020	218	no	no					
APU25_35905	0C8E91870291CE7C73217DA3EFE2F22E	615	no	no					
APU25_35910	7F7E338D9BB9D1445C9B9F1E0E8778A1	1117	no	no					
APU25_35915	FE89550BB7EE60E065AD27A9FA8D44B4	190	no	no					
APU25_35920	56C9EF336D3AFD3F518218F69BE2E505	109	no	yes	2	1	0	5	GO:0003677,GO:0005634,GO:0006260,GO:0006281,GO:0006310
APU25_35925	38DE3C8ADFE2585B23FE7EDFE5562A29	694	no	yes	9	3	0	7	GO:0000166,GO:0004812,GO:0004820,GO:0005524,GO:0005737,GO:0006418,GO:0006426
APU25_35930	A4178B3CEB9E1D4279D102C284C13BC0	372	no	no					
APU25_35935	37C59E4E38CB7D74DE0FD0B60D29F6BB	543	no	no					
APU25_35940	63D8C1F753AD71B996A4F2431DEEEE68	429	no	no					
APU25_35945	7962E9667B70D1817B7F3AE85BF9CAB9	214	no	no					
APU25_35950	33B636BC7DFAF4AFDD58F760D413F7C7	216	no	yes	4	1	0		
APU25_35955	E4707CBC6715DF3000CF0A7A08064043	227	no	yes	0	0	0		
APU25_35960	3C0F0B0D0E07DFC0DDB5AA5B86460CCC	157	no	yes	0	0	0		
APU25_35965	51FCA823E09B09AB94632B798AD0649D	292	no	yes	6	1	0	4	GO:0003723,GO:0003735,GO:0006412,GO:0015934
APU25_35970	58084C9051257633922FAA032BE060C7	453	no	yes	2	1	0	1	GO:0031151
APU25_35975	2ACB265FC2DAFD7010A6171361F6FC15	104	no	yes	0	0	0		
APU25_35980	50B458249A794C515B0A98082C319418	173	no	yes	0	0	0		
APU25_35985	A5CE5904805A1492436CE5205207BF7C	324	no	no					
APU25_35990	25D58955EBB915F64B17F860813F1C5C	293	no	yes	2	1	0	1	GO:0008233
APU25_35995	E2256193432801D65F87E232F06AD6B5	204	no	yes	3	1	0		
APU25_36000	D8C79AFB366F3C421814D028675CBD74	171	no	yes	1	1	0		
APU25_36005	3C3763E76D07A35E380D115A2FBDC224	853	no	no					
APU25_36010	1B9F6D0E5F31062EE8EDDD2D0D31D139	1246	no	yes	9	2	0	4	GO:0000166,GO:0003676,GO:0003677,GO:0003887
APU25_36015	35E2BE2AFA385FC16D3428FAB0C200AC	995	no	no					
APU25_36020	387829F7FC0D37A8E0F5CD563F35C424	63	no	no					
APU25_36025	6EF272E336F58BCD36F45BD763521565	684	no	no					
APU25_36030	E0EDB56B357FD6331C2BF82FE656E26D	461	no	yes	5	1	0	2	GO:0003924,GO:0005525
APU25_36035	A21AD6CD88004E9A5C233AAB2170A63F	105	no	yes	0	0	0		
APU25_36040	F85F21D37C4D010CF61577249363E34E	448	no	no					
APU25_36045	BCC71126B1FD094C2FFCFF53B1E387BC	521	no	no					
APU25_36050	0B03CFA3D91AA94C41C2C8942AC396D3	714	no	yes	4	2	0	1	GO:0016747
APU25_36055	E992FEC0FF152C7F1DA21B3AE60204C8	565	no	no					
APU25_36060	31CB94776C136B8D1C1FBD7385EFC4EF	515	no	no					
APU25_36065	E69C25A0A55E25659757551141A63D83	321	no	yes	5	1	0	2	GO:0005515,GO:0006406
APU25_36070	0FA093B5E0A5DEBEF7B5198879C708CC	308	no	yes	2	1	0		
APU25_36075	8358297B17737F1D6F8F75141754B0C9	1473	no	yes	0	0	0		
APU25_36080	3A6A470D604E264A87A60C4CA573728F	125	no	no					
APU25_36085	97AF58CDCA35F807DD69FBFF08260A9B	493	no	yes	7	2	0	5	GO:0000245,GO:0004843,GO:0006397,GO:0008270,GO:0016579
APU25_36090	D073C524B6AE067C5AE8F30F7C026891	592	no	yes	1	1	0	1	GO:0005634
APU25_36095	D84A3BD573C2AC834F7441B73C495994	304	no	yes	0	0	0		
APU25_36100	1D906FB8A06C2F9EC07914327E0A1F42	2004	no	no					
APU25_36105	D7A39773C5F27E0393D85E440FD7BF80	194	no	no					
APU25_36110	FB377325A05143D0A0F46966934EC11D	676	no	yes	7	3	0	6	GO:0003997,GO:0005777,GO:0006631,GO:0006635,GO:0016627,GO:0071949
APU25_36115	3BF67F20E248BD3E347D9C7A300D1BCB	258	no	yes	3	1	0	1	GO:0005509
APU25_36120	0378A5EC8435532285BA34E41F28D994	357	no	no					
APU25_36125	65235A7BD031AF9482E7C68E06A82BBF	173	no	yes	0	0	0		
APU25_36130	5494DE2D86F9B9AAC078E59B9F3EE7A3	273	no	yes	2	1	0	2	GO:0005524,GO:0016301
APU25_36135	246AF60A387A18144FBED2CDDA5DC27D	529	no	yes	5	2	0	4	GO:0004556,GO:0005509,GO:0005975,GO:0043169
APU25_36140	FCD8CE0C4BDE5AD04975BB5A040E367C	495	no	yes	9	2	0	5	GO:0004588,GO:0004590,GO:0006207,GO:0006221,GO:0044205
APU25_36145	C54C4A5C9CA364187EB021BA3043BFAA	807	no	no					
APU25_36150	62F8F47599B9A29CA6BC34039A8D6C65	138	no	yes	4	1	0	3	GO:0003824,GO:0003908,GO:0006281
APU25_36155	9571DF47E468C1AF7A7CFB7B73BE075D	313	no	yes	0	0	0		
APU25_36160	B1848337080F27F9E186017E954B44FD	71	no	no					
APU25_36165	0E12BB906B2F6131E1690FAE10B27CD9	316	no	yes	0	0	0		
APU25_36170	59656E2950794F662158435D7A9EAFC7	297	no	yes	0	0	0		
APU25_36175	65674D8E1F20BC52D85F8CB32A22AA3C	316	no	no					
APU25_36180	EDE8786922FFA1C86711036C566078C4	399	no	yes	1	1	0		
APU25_36185	F9A30107AB2B2302260933C4AA1194E4	344	no	yes	0	0	0		
APU25_36190	5CD48C92E279E59DF9490B7711B9DE5E	261	no	no					
APU25_36195	2DEBBE819AA25ECC31153AA654D6358D	280	no	no					
APU25_36200	EA3F9BB111CD415F7B69CAE03D6442E9	189	no	no					
APU25_36205	DC06D0E9823E1263F042DCC83E386F39	308	no	yes	0	0	0		
APU25_36210	547A7308FA0E9A3C5B18E8EB87BB9A9C	228	no	yes	0	0	0		
APU25_36215	5B1ADE8F991ED6DE04693F08530496EC	326	no	no					
APU25_36220	783718074CF07BBE913372DCC5D41900	305	no	yes	4	1	0	4	GO:0004601,GO:0006979,GO:0020037,GO:0034599
APU25_36225	943DBDD1C6BFDA4BFD456A8984BBF3CC	4272	no	no					
APU25_36230	94B46838C85362535BD74EE3B905BF4F	701	no	yes	10	3	0	5	GO:0003924,GO:0005509,GO:0005525,GO:0005741,GO:0007005
APU25_36235	DA021DE69A3FB5FA698F371B1213E392	106	no	yes	0	0	0		
APU25_36240	900707273A074C4DA7E8ABA83EAEBB89	1723	no	no					
APU25_36245	1BC6E9E1815D6DAE82B7CDB1AD6170CA	421	no	no					
APU25_36250	98A40479A728C2E4D3789562885CD4D9	268	no	yes	3	1	0	1	GO:0003824
APU25_36255	52DDCB2D8A30B75F83F0F0C2154319A9	319	no	yes	3	2	0		
APU25_36260	0ACF52010C929AB0F52DDDA0E88EAA01	168	no	yes	0	0	0		
APU25_36265	8128D264708712B70A8025A91C96FF6F	485	no	yes	4	1	0		
APU25_36270	91144DB87B58C7D07DD5FF4A1ABD8CEB	221	yes	no					
APU25_36275	1EDAFA98A9A0BAFB17F9A946D47B56F6	268	no	no					
APU25_36280	71F5C7086D5824534E45CE249D1616E8	493	no	no					
APU25_36285	B490491E8D946C777642A55DDCA39C93	237	no	yes	0	0	0		
APU25_36290	8C53579845DF276D672A2DCB1258E970	1033	no	no					
APU25_36295	68F67C52B6C6DCFEC9F657F3BAE6DE0C	92	no	yes	1	1	0		
APU25_36300	B0B8B50E7B02721C69A2018443882FE7	463	no	yes	3	0	0	1	GO:0005515
APU25_36305	0F9CA0D4068B4D3CFF109E4F0F66EDEF	364	no	yes	4	3	0	1	GO:0005515
APU25_36310	E079A50C28CF5147288BE54EC40F1399	426	no	yes	3	2	0	2	GO:0005789,GO:0006487
APU25_36315	D22778A0EA7F1E941E457B164FCB3F13	259	no	yes	2	1	0	2	GO:0042721,GO:0045039
APU25_36320	B55C2070EF0D7DF4EE0D6F63B927935A	469	no	yes	2	1	0	3	GO:0004177,GO:0006508,GO:0008270
APU25_36325	274C93A1DE0C82B1203ABD52CD302BD1	407	no	no					
APU25_36330	FBF48CBF4B8AA77B6D51B2F53A656075	253	no	yes	5	2	0	3	GO:0003735,GO:0006412,GO:0015934
APU25_36335	FA591B7E6ABD2B38808E4542E0C83210	123	no	yes	2	1	0		
APU25_36340	15BB0F48F018BFBDEE4B61E58B0AB1C7	595	no	no					
APU25_36345	4A0CBAEC0A211B4E2090A1436B41A29A	970	no	yes	5	3	0	2	GO:0005515,GO:0016192
APU25_36350	CB154C8A9EE1C4C8BA312301DEDAFF04	183	no	no					
APU25_36355	C0E986B0A53066FA29EEAE16342B36EC	283	no	yes	3	1	0		
APU25_36360	D5A6069D4E05B246AC10D30E7FD0B99E	189	no	no					
APU25_36365	99A52DC62546B3A4B18B75C4C48DFBE9	1106	no	no					
APU25_36370	68B0CD4C4AA5353029B9217FD9FC605C	304	no	yes	1	1	0		
APU25_36375	3C0EBBF37336E1C8C57D36A232442B2D	522	yes	no					
APU25_36380	111DA047049E420502F0D0FBC08E4D01	345	no	no					
APU25_36385	1E4BF83E02D3FC5D6D76AB862095677D	95	no	no					
APU25_36390	C7FFE215969FB1797DDE34A9F2BBF916	608	no	no					
APU25_36395	8D1C5D19F54C93CE9493098A0D62A36F	198	no	no					
APU25_36400	A3FBAC55EAC58A92AA8F9E7693614990	260	no	yes	2	1	0		
APU25_36405	2F61D3B163D788FFC147338683E926DB	395	no	no					
APU25_36410	AF2948E9B760F5050F8A2A791A46F72D	603	no	no					
APU25_36415	F295D7A520C3A423257BA0EEE739A247	454	no	no					
APU25_36420	99E76CB05CC966A10FA9575AF9A804EB	491	no	no					
APU25_36425	A323536EB357194619B3FDC7D9994D01	221	no	yes	5	1	0	2	GO:0004601,GO:0006979
APU25_36430	0ACE47DF076C9FCCEF3D32030A54F820	515	no	yes	0	0	0		
APU25_36435	4789B19DD4FFD8BA68646CEDBDA58D05	512	no	yes	9	3	0	1	GO:0016491
APU25_36440	3E02F4B6225E8032B6FB0E32D5F29414	249	no	no					
APU25_36445	593536C95D6ED63CA6FA0EAB80A107E7	962	no	yes	0	0	0		
APU25_36450	51E7826EB8FF83635624D2188F1D24D2	318	no	no					
APU25_36455	0B979052780A8A67B9080BAF85CFB6D8	675	no	no					
APU25_36460	6BD7B40DDEF61DD8178D9ED114B041DD	644	no	yes	5	3	0		
APU25_36465	A111A288CD1D8DFAC8DAC192AF45DFFE	342	no	no					
APU25_36470	1DDF635E39104973A1AF47AFAB356BF1	353	no	no					
APU25_36475	2A8A34FBF1657B696CCCED21434C6335	491	no	yes	3	1	0		
APU25_36480	36C25B12A64A7E3014EC692825EBFF44	335	no	yes	4	1	0	1	GO:0005515
APU25_36485	875F3968E7BC9FFA076130ABADE4E6C6	101	no	yes	0	0	0		
APU25_36490	700F0D1B6637C9807F0B1FF07384782C	93	no	yes	2	1	0		
APU25_36495	A384AB49291114C318AE8C7E5C2E1574	419	no	no					
APU25_36500	58AA818692FED01871E850EC96C1E5B0	171	no	yes	1	1	0		
APU25_36505	484819DD5F0219DFF07EA7A429B21BA3	511	no	no					
APU25_36510	002C4F1CD5C66F2C3F1B74B67AE1307D	244	no	yes	3	1	0		
APU25_36515	B8E43BE1D34390DDA79AF92C93B9ECA1	422	no	yes	9	3	0	3	GO:0003995,GO:0016627,GO:0050660
APU25_36520	CF949ED53EBFFDBAD4577A1706646CD1	812	no	no					
APU25_36525	654C7174A69BFE18AF02E48CE53D29A3	511	no	no					
APU25_36530	BA1DA31960B94ED776BA720B4ADD671C	490	no	no					
APU25_36535	69CA4ED089AAFD5370E18779012D6ACC	107	no	yes	3	1	0	2	GO:0005739,GO:0006120
APU25_36540	81E60B37BFB9F280EC928F8569FE4E3A	256	no	no					
APU25_36545	4EB8BD91501EADD6A0706B0960FFD518	667	no	no					
APU25_36550	CEADDA196FDC6C014BC11869EE7EE5E5	402	no	yes	7	1	0	3	GO:0003676,GO:0003723,GO:0045292
APU25_36555	E9BE3255327164AC003459BC7CF49598	323	no	yes	3	1	0	1	GO:0016020
APU25_36560	C31F0DBDEDA04DE11DAF0786F3F55E02	1365	no	no					
APU25_36565	41477DE5B7A3C82E9EC823DC95E1BDC9	293	no	yes	4	1	0	4	GO:0003677,GO:0005524,GO:0006281,GO:0140664
APU25_36570	A07B22409E7984E834EB9EC2C562A78E	202	no	no					
APU25_36575	348F259D3BEC18C5C92C4ED9219DC74E	217	no	yes	0	0	0		
APU25_36580	1949AC6B0C62B5B46D4278A23BCACE31	347	no	no					
APU25_36585	AFB92AD670CEC318DDF77B890B2BB2CE	201	no	yes	3	1	0	3	GO:0003735,GO:0005840,GO:0006412
APU25_36590	8E04CB9CAAA770F3A90AB1B11FCCEFEB	493	no	yes	7	2	0	5	GO:0003824,GO:0004333,GO:0006099,GO:0006106,GO:0016829
APU25_36595	47367F63595A7146EDC11BD7CFCF7F10	117	no	yes	1	0	0		
APU25_36600	6BBDAF9E224C6A928FE4F0D9664F9E5D	37	no	yes	2	1	0		
APU25_36605	72FAF78997BBC39987A98DA346E138B4	152	no	yes	4	2	0	3	GO:0003735,GO:0005840,GO:0006412
APU25_36610	EE7B3D9B7FE3919FCE8530AA4CE40BAE	258	no	yes	2	1	0	2	GO:0006812,GO:0008324
APU25_36615	469596A340689F32DD39AD7DBD4271FC	352	no	yes	5	1	0	5	GO:0005524,GO:0016226,GO:0051536,GO:0051539,GO:0140663
APU25_36620	AB0D3890F7E6F5C574234B235408F07F	605	no	yes	5	2	0	3	GO:0003676,GO:0003724,GO:0005524
APU25_36625	B4E874F75CCCF7E0CAB94E35F9FD3BEA	307	no	no					
APU25_36630	6FA813236F435F45EAFCC518B494D938	1038	no	no					
APU25_36635	2CBB5DBE1290C32C754F73B17A9483B4	117	no	yes	3	1	0	2	GO:0003743,GO:0006413
APU25_36640	57F7104132DFA135318173E1169A3206	152	no	yes	3	1	0		
APU25_36645	C84422DF0F7C5E52098F82D5B5496351	79	no	no					
APU25_36650	58F8AC03649CD73A64851BF03C93225C	519	no	no					
APU25_36655	42ED797F8A8BE96E84E173F82469FE56	508	no	yes	5	2	0	5	GO:0004326,GO:0005524,GO:0009058,GO:0009396,GO:0016881
APU25_36660	E01F1CC29F37C70172E5C5B5C1A5A469	370	no	no					
APU25_36665	8AF9DDB44EB4D1FF2DE6572F983EC484	372	no	yes	2	1	0	2	GO:0016757,GO:0080147
APU25_36670	39D90A8B61438CA1E6B389AD4C95C86E	580	no	no					
APU25_36675	9EE8B0762C4285A792416D34FE9D0B76	507	no	no					
APU25_36680	32C9D9D685556DDA6F1A75FAF0A00A29	1377	no	no					
APU25_36685	BC7D79A306C6FB39B3188CEC05F0D161	100	no	no					
APU25_36690	C38D6FDA3EA76E14644F794F08E6D190	367	no	yes	2	1	0	2	GO:0006629,GO:0016491
APU25_36695	0DB3ADA23E401ABB56DD1272C81729D8	665	yes	no					
APU25_36700	3055E51B524A690E33741C511270E9A8	382	no	no					
APU25_36705	19C74D19DE3CF5DDCA80FC81E9B41E4E	349	no	no					
APU25_36710	F38681D5A57C1CA4F60986E9496127EF	808	no	no					
APU25_36715	78CBFA9FEADD4EB64889101B9975AFFD	273	no	yes	2	1	0		
APU25_36720	5978C260C08970D71C9D7939E6A051FE	322	no	yes	5	1	0	1	GO:0016311
APU25_36725	C1018F0068422D08D4FF8565166E1F64	356	yes	no					
APU25_36730	ECA204447FD9CB7D14687D0921E4A489	436	no	no					
APU25_36735	1892F1D125910496A664DCEB870613A4	271	no	yes	3	1	0		
APU25_36740	4C83140866A02D306FA915A7D7B8B45A	490	no	yes	6	2	0	3	GO:0005515,GO:0006508,GO:0008236
APU25_36745	73CD4043DD4602E13D23EEF9052F81F5	431	no	no					
APU25_36750	37B2BA1414AA930F3D5FC9BDE1AAFA42	298	no	yes	1	1	0		
APU25_36755	5CB922D3C9011E682BA3084EBD75F6BB	700	no	no					
APU25_36760	80876CCCEA20F4F8F881A567419CFCA3	216	no	no					
APU25_36765	D478C0B22BF9462D583CE12BECF59E92	407	no	yes	6	2	0	4	GO:0004047,GO:0005515,GO:0005960,GO:0006546
APU25_36770	452A2C9005C7D6FDD618F739F2ED458B	186	no	yes	0	0	0		
APU25_36775	C0C7F0C288B7E26A2EEF5D3485FCEDDD	405	no	yes	5	1	0	4	GO:0015995,GO:0016020,GO:0016765,GO:0046408
APU25_36780	2745F0EEAB1C0F011DB260B03BCF7E58	1043	no	yes	0	0	0		
APU25_36785	2143767F6A4BF041444BCCF95BFDFBFA	1364	no	no					
APU25_36790	BFEAB74667BD79B3E135A27FC0CFBDEB	501	no	no					
APU25_36795	0E9399C4E78DDDF00F032FA181F00ADB	913	no	no					
APU25_36800	83CA678734131B978B30CB418A51363F	636	no	no					
APU25_36805	059D6A05255657BF06158ED3E6BF0EE5	766	no	no					
APU25_36810	E29CFFBE247CBA3CB93E11DD62795597	556	no	no					
APU25_36815	032F612A2D044473C716303DB4A65B55	459	no	no					
APU25_36820	F7D1F0710D699448FF33FE6BAADB1AA6	586	no	yes	5	1	0	4	GO:0004497,GO:0005506,GO:0016705,GO:0020037
APU25_36825	C4DDF97D16A44D0E5FE23BABDE2A3316	186	yes	no					
APU25_36830	167B725BA99360B0BA80EA8189A43952	632	no	no					
APU25_36835	E75A5CFAD9E30F9EA42AE3E8C42ED613	237	no	no					
APU25_36840	12B2A5DF0E53639BA3319C1BFBCB8CF5	241	no	yes	3	1	0		
APU25_36845	8C084B4D48198D5060E2913546A9CD56	275	no	yes	2	1	0	4	GO:0000287,GO:0004417,GO:0005524,GO:0009228
APU25_36850	9FDB44A8B8CAD9EB295AD344038B65F4	1118	no	no					
APU25_36855	63DF2FA12CC28638A2FE67888A6C7585	122	no	yes	2	1	0	1	GO:0046982
APU25_36860	F3A989DE9855F039865C6125E4E30D4B	358	no	yes	4	2	0	2	GO:0005975,GO:0016757
APU25_36865	EB14E4591F7976322935DDDBD562CF97	1830	no	no					
APU25_36870	30CEB45B7E44F17B4F24476260D37EDD	577	yes	no					
APU25_36875	391CB49A4D3E998A689FD095EE8D1919	570	no	yes	4	1	0		
APU25_36880	555A71F38A500A64EA24125F7BC5C060	236	no	yes	3	1	0	1	GO:0016311
APU25_36885	9B04A53083ED67BF482765EA33FA8321	202	no	yes	1	1	0		
APU25_36890	F23E5F7D7A53DEFCF1FA93678D18578A	510	no	no					
APU25_36895	C838ED11473B572E2B068AD45A462516	830	no	no					
APU25_36900	9763416D219D9AF5876665CBF8D5CEF9	433	no	no					
APU25_36905	78E8B93F511A4048A23154BFCC27AACE	176	no	no					
APU25_36910	8D571D687BB0F7F3EC41BF34D02E313A	2098	no	no					
APU25_36915	8661361EA896DCF5FBEA78536677C3C8	328	no	yes	2	1	0	3	GO:0006355,GO:0008270,GO:0043565
APU25_36920	631BAE24334486C77529DD77C2DD7090	359	no	no					
APU25_36925	49068C3EAB05FC7B3C2E25775F5E0735	501	no	yes	4	2	0	1	GO:0005515
APU25_36930	B1B928BFA5D82EAA0E8BF7DB186BB146	187	no	no					
APU25_36935	74C917B1CF7E14E469031F7AD6B95BF8	732	no	no					
APU25_36940	9EFBC89D6FC5A68F2A94BB790AC4DE18	433	no	no					
APU25_36945	1CB161D70A18E4B48FBBE19AEF8A6E44	158	no	yes	2	1	0	3	GO:0006355,GO:0008270,GO:0043565
APU25_36950	0EAC1A59985A88951E97E4C127E4DD1F	504	no	no					
APU25_36955	016205DFDC52E57AE4417AE5CD2DE49F	240	no	yes	7	2	0	1	GO:0003723
APU25_36960	56A5703307C349456C7F1983AEBF07DB	785	no	yes	0	0	0		
APU25_36965	3B03D764B874159A03CDAD6FC6F10D8C	994	no	no					
APU25_36970	E9265EE92BDFDE76861E69E075BF9846	438	no	yes	4	2	0	1	GO:0005524
APU25_36975	A3C905CA3D23B950D84F19591642B3B7	96	no	yes	3	1	0		
APU25_36980	B5032D80827FBE269CEA18BE33B12D43	765	yes	no					
APU25_36985	A26047F3545EF4C10258DEF3D62634BD	214	no	yes	0	0	0		
APU25_36990	531B09D976E6EE2C39ED9F77697E124D	276	no	yes	0	0	0		
APU25_36995	BDF73636EA476CDCDE9F988647BBC0F8	463	no	no					
APU25_37000	19A6531DEC1DED960F08D5F982B89732	178	no	yes	2	1	0	1	GO:0022900
APU25_37005	C53AFD271BABE7F7428EA8153A24C69D	245	no	yes	3	1	0	1	GO:0004582
APU25_37010	408EB0352745D79F2965251A74055B8E	1215	no	no					
APU25_37015	39B8C013028F0BFA9100E2CA0AE8C934	984	no	no					
APU25_37020	9D80ADDF36198CD62F02A8FE9AE9BB9A	189	no	yes	3	1	0		
APU25_37025	84FBF0939F4ED290DDE43F979C8A840C	145	no	yes	4	1	0	5	GO:0003723,GO:0003735,GO:0005840,GO:0006412,GO:0015935
APU25_37030	8A2E48BDAE3BABD4C7870C8EEE83DFCC	363	no	yes	2	1	0		
APU25_37035	52E74DE24A22745196562A0F4E767233	804	no	no					
APU25_37040	95C683AA10519FB06320E5BD55566BEA	198	no	yes	1	0	0		
APU25_37045	F193AE791A18B5264DF420F67668B96A	327	no	no					
APU25_37050	0BDE1A35BBE19D053EEBAC0EF0834139	746	no	yes	3	2	0		
APU25_37055	E96E8D74AE13E36E219D704106F61350	288	no	no					
APU25_37060	2820FA8B618E1D697E5704F6A8567268	237	no	no					
APU25_37065	0DCFDF62A6D69801BFAC6BA4B548381E	195	no	no					
