locus_tag	source	interpro_accessions	pfam_accessions	ncbifam	prosite	smart	cdd	superfamily	n_domains	interpro_accessions_other_libs
APU25_00005	matches_api	IPR010674,IPR012973,IPR027417,IPR031167,IPR041623	PF06858,PF08155,PF17835		PS51710		cd01897	SSF52540	6	IPR006073,IPR024926
APU25_00010	ips6_local	IPR001288,IPR019814,IPR019815,IPR036787,IPR036788	PF00707,PF05198	TIGR00168				SSF54364,SSF55200	5	
APU25_00015	matches_api	IPR018108,IPR023395	PF00153		PS50920			SSF103506	3	IPR002067
APU25_00020	matches_api	IPR013584	PF08373		PS51286	SM00952			3	IPR050870
APU25_00025	matches_api	IPR027921	PF15370						1	
APU25_00030	ips6_local	IPR001179	PF00254		PS50059			SSF54534	3	
APU25_00035	matches_api	IPR000640,IPR000795,IPR005225,IPR006298,IPR009000,IPR027417,IPR031157,IPR035647,IPR035651,IPR047041,IPR048876,IPR053905	PF00009,PF00679,PF21018,PF22042	TIGR00231,TIGR01394	PS00301,PS51722		cd01891,cd03710	SSF50447,SSF52540,SSF54980	13	IPR042116
APU25_00040	ips6_local	IPR021861	PF11957						1	
APU25_00045	matches_api	IPR004148,IPR027267	PF03114					SSF103657	2	
APU25_00050	ips6_local	IPR048371	PF21373						1	
APU25_00055	ips6_local	IPR000073,IPR029058	PF00561					SSF53474	2	
APU25_00060	matches_api	IPR019038	PF09507						1	IPR041913
APU25_00065	matches_api	IPR012476	PF07817						1	IPR038506
APU25_00070	matches_api				PS51257				1	IPR034595
APU25_00075	ips6_local								0	
APU25_00080	matches_api	IPR029069					cd03443	SSF54637	2	
APU25_00085	matches_api	IPR008797,IPR023222	PF05757					SSF101112	2	IPR054099
APU25_00090	matches_api	IPR029008	PF07019						1	IPR008504
APU25_00095	ips6_local							SSF57997	1	
APU25_00100	ips6_local								0	
APU25_00105	matches_api	IPR002937,IPR014101,IPR036188	PF01593	TIGR02730				SSF51905	3	IPR045892
APU25_00110	ips6_local								0	
APU25_00115	matches_api	IPR004843,IPR029052	PF00149				cd00144	SSF56300	3	IPR050126
APU25_00120	matches_api	IPR011012,IPR028565,IPR036168	PF00928		PS51072		cd09254,cd14830	SSF49447,SSF64356	6	IPR027059
APU25_00125	matches_api	IPR002136,IPR023574,IPR025755	PF00573,PF14374					SSF52166	3	IPR045240
APU25_00130	ips6_local	IPR014044,IPR018244,IPR035940	PF00188		PS01009	SM00198		SSF55797	4	
APU25_00135	ips6_local	IPR014044,IPR018244,IPR034113,IPR035940	PF00188		PS01009	SM00198	cd05382	SSF55797	5	
APU25_00140	ips6_local	IPR014044,IPR018244,IPR035940	PF00188		PS01009,PS01010	SM00198		SSF55797	5	
APU25_00145	matches_api	IPR032368,IPR044867,IPR044868	PF04683,PF16550		PS51916				3	IPR006773,IPR038108,IPR038633
APU25_00150	ips6_local	IPR000878,IPR003043,IPR006366,IPR035996	PF00590	NF004790,TIGR01469	PS00839,PS00840		cd11642	SSF53790	7	
APU25_00155	matches_api	IPR001678,IPR006027,IPR018314,IPR029063,IPR035926,IPR049560,IPR054728	PF01029,PF01189,PF22458		PS01153,PS51686		cd02440	SSF48013,SSF53335	8	IPR023267
APU25_00160	matches_api	IPR002478,IPR004521,IPR015947,IPR041366,IPR048248	PF17832,PF26292	TIGR00451	PS50890	SM00359	cd11609,cd21155	SSF88697	8	IPR016437
APU25_00165	matches_api	IPR019716	PF10780						1	IPR036249,IPR052473
APU25_00170	matches_api								0	IPR052776
APU25_00175	matches_api	IPR007133	PF03985						1	
APU25_00180	ips6_local								0	
APU25_00185	matches_api	IPR001222,IPR001529,IPR019761,IPR034014	PF01096,PF02150		PS00466,PS01030,PS51133	SM00440,SM00661	cd10509	SSF57783	9	IPR012164
APU25_00190	ips6_local								0	
APU25_00195	ips6_local								0	
APU25_00200	ips6_local	IPR000719,IPR008271,IPR011009	PF00069		PS00108,PS50011	SM00220	cd14003	SSF56112	6	
APU25_00205	ips6_local								0	
APU25_00210	matches_api	IPR003819	PF02668					SSF51197	2	IPR042098,IPR050411
APU25_00215	matches_api	IPR048319,IPR048361	PF04129,PF20655						2	IPR007258
APU25_00220	matches_api	IPR021151,IPR031633,IPR036224,IPR038749	PF05916,PF16922				cd11711,cd21692	SSF158573,SSF160059	6	IPR008591
APU25_00225	matches_api	IPR003099,IPR008927,IPR036291,IPR046826,IPR059064	PF02153,PF26213		PS51176			SSF48179,SSF51735	5	IPR045011
APU25_00230	matches_api	IPR005570,IPR012340	PF03870			SM00658		SSF50249	3	
APU25_00235	ips6_local	IPR024989,IPR036259	PF12832					SSF103473	2	
APU25_00240	matches_api	IPR030826,IPR031414	PF17070	TIGR04560	PS51257				3	
APU25_00245	matches_api								0	
APU25_00250	matches_api	IPR019136,IPR041499	PF09734,PF17682						2	IPR040454,IPR042536
APU25_00255	ips6_local	IPR004147,IPR011009	PF03109				cd05121	SSF56112	3	
APU25_00260	matches_api	IPR002347,IPR036291	PF00106				cd05233	SSF51735	3	IPR052625
APU25_00265	ips6_local	IPR001487,IPR027353,IPR036427	PF00439,PF17035		PS50014,PS51525	SM00297	cd04369	SSF47370	7	
APU25_00270	ips6_local								0	
APU25_00275	ips6_local								0	
APU25_00280	matches_api	IPR013830	PF13472				cd01838	SSF52266	3	IPR036514,IPR045136
APU25_00285	ips6_local	IPR035623,IPR041591	PF17780				cd16166		2	
APU25_00290	matches_api	IPR027417						SSF52540	1	
APU25_00295	matches_api	IPR000361,IPR016092,IPR017870,IPR035903	PF01521	TIGR00049	PS01152			SSF89360	4	IPR031108
APU25_00300	matches_api	IPR000629,IPR001650,IPR011545,IPR014001,IPR014014,IPR027417	PF00270,PF00271		PS00039,PS51192,PS51194,PS51195	SM00487,SM00490	cd17940,cd18787	SSF52540	11	
APU25_00305	ips6_local	IPR002033,IPR019820	PF00902	TIGR00945	PS01218				3	
APU25_00310	ips6_local	IPR024491	PF10961						1	
APU25_00315	ips6_local								0	
APU25_00320	matches_api	IPR005097,IPR036291	PF03435					SSF51735	2	IPR051276
APU25_00325	ips6_local	IPR006083,IPR023577,IPR027417,IPR033469	PF00485,PF01928		PS51707		cd02028	SSF52540,SSF55154	6	
APU25_00330	matches_api	IPR009080,IPR014758,IPR015413,IPR033911,IPR041872	PF09334,PF19303	TIGR00398			cd00814	SSF47323,SSF52374	6	IPR014729,IPR023457
APU25_00335	ips6_local	IPR000008,IPR009543,IPR035892	PF00168,PF25036		PS50004,PS50096		cd00030	SSF49562	6	
APU25_00340	matches_api	IPR000095,IPR011039,IPR036390,IPR040450,IPR040504	PF02270,PF17683		PS50108			SSF46785,SSF50916	5	IPR003196,IPR036388
APU25_00345	ips6_local	IPR000644,IPR001807,IPR014743,IPR046342	PF00571,PF00654		PS51371	SM00116		SSF54631,SSF81340	6	
APU25_00350	matches_api	IPR000683,IPR036291,IPR055170	PF01408,PF22725					SSF51735,SSF55347	4	
APU25_00355	ips6_local	IPR004821	PF01467					SSF52374	2	
APU25_00360	matches_api	IPR000182,IPR016181,IPR019467	PF00583,PF10394		PS51186		cd04301	SSF55729	5	IPR017380,IPR037113
APU25_00365	ips6_local	IPR013087,IPR019447,IPR036236,IPR041330,IPR041995,IPR056767	PF10357,PF18131,PF25092,PF25095		PS00028	SM01253		SSF57667	7	
APU25_00370	ips6_local								0	
APU25_00375	ips6_local								0	
APU25_00380	ips6_local	IPR005720	PF01180	NF006183			cd02940	SSF51395	4	
APU25_00385	ips6_local								0	
APU25_00390	matches_api	IPR002659	PF01762						1	
APU25_00395	ips6_local	IPR004887,IPR005615,IPR016185	PF03199,PF03917	TIGR01986				SSF52440,SSF56059	5	
APU25_00400	ips6_local	IPR001623,IPR011990,IPR019734,IPR036869	PF00226		PS50076	SM00028,SM00271		SSF46565,SSF48452	6	
APU25_00405	ips6_local								0	
APU25_00410	ips6_local	IPR004045,IPR010987,IPR036249,IPR036282	PF13409,PF13410		PS50404,PS50405		cd00570	SSF47616,SSF52833	7	
APU25_00415	ips6_local	IPR000409,IPR011047,IPR023362,IPR036372,IPR057496	PF02138,PF25400		PS50197,PS51783	SM01026	cd06071	SSF50998,SSF81837	8	
APU25_00420	ips6_local	IPR000727			PS50192	SM00397	cd15841	SSF58038	4	
APU25_00425	ips6_local	IPR004333,IPR036893	PF03110		PS51141			SSF103612	3	
APU25_00430	matches_api	IPR000626,IPR029071	PF00240		PS50053		cd17039	SSF54236	4	
APU25_00435	ips6_local	IPR001623,IPR036869	PF00226		PS50076	SM00271	cd06257	SSF46565	5	
APU25_00440	ips6_local	IPR001680,IPR016024,IPR029347	PF00400,PF14538			SM00320,SM01302		SSF101908,SSF48371	6	
APU25_00445	ips6_local	IPR016024						SSF48371	1	
APU25_00450	ips6_local								0	
APU25_00455	matches_api	IPR001015,IPR019772,IPR033644,IPR033659,IPR063966	PF00762,PF31213	TIGR00109	PS00534		cd00419,cd03411	SSF103511,SSF53800	8	
APU25_00460	matches_api								0	
APU25_00465	ips6_local	IPR000330,IPR001650,IPR014001,IPR027417,IPR049730	PF00176,PF00271		PS51192,PS51194	SM00487,SM00490	cd18004,cd18793	SSF52540	9	
APU25_00470	matches_api	IPR032839	PF14655						1	IPR026059
APU25_00475	ips6_local	IPR001841,IPR008913,IPR017921,IPR027370,IPR037274,IPR037275,IPR039512	PF05495,PF13445,PF14599		PS50089,PS51266,PS51270	SM00184		SSF161219,SSF161245,SSF57850	10	
APU25_00480	matches_api	IPR015418	PF09340						1	
APU25_00485	ips6_local								0	
APU25_00490	matches_api	IPR003377	PF03311			SM01398			2	
APU25_00495	matches_api	IPR000738,IPR004364,IPR004365,IPR004522,IPR006195,IPR012340,IPR045864	PF00152,PF01336	NF003037,TIGR00457	PS50862,PS51185		cd00776,cd04318	SSF50249,SSF55681	10	IPR002312
APU25_00500	matches_api	IPR015590,IPR016160,IPR016161,IPR029510	PF00171		PS00070,PS00687			SSF53720	4	IPR016162,IPR016163
APU25_00505	ips6_local	IPR017956				SM00384			1	
APU25_00510	ips6_local	IPR013892	PF08583						1	
APU25_00515	ips6_local	IPR001623,IPR036869,IPR063298,IPR064065	PF30912,PF30914		PS50076	SM00271	cd06257	SSF46565	6	
APU25_00520	ips6_local	IPR041084	PF05450,PF18266					SSF53187	3	
APU25_00525	matches_api	IPR009688	PF06916						1	IPR045866
APU25_00530	ips6_local	IPR001005,IPR009057	PF13921		PS50090		cd00167	SSF46689	4	
APU25_00535	matches_api	IPR001017,IPR005475,IPR011603,IPR029061,IPR031717,IPR032106	PF00676,PF02779,PF16078,PF16870	NF006914,NF008907,TIGR00239		SM00861	cd02016	SSF52518	10	IPR042179
APU25_00540	ips6_local								0	
APU25_00545	ips6_local								0	
APU25_00550	matches_api	IPR001841	PF13639		PS50089	SM00184		SSF57850	4	IPR013083,IPR043312
APU25_00555	matches_api	IPR001680,IPR036322	PF00400		PS50082,PS50294	SM00320		SSF50978	5	IPR015943,IPR050853
APU25_00560	matches_api	IPR016040,IPR036291	PF16363				cd05230	SSF51735	3	IPR044516
APU25_00565	ips6_local	IPR000073,IPR029058	PF00561					SSF53474	2	
APU25_00570	matches_api	IPR000073,IPR029058	PF00561					SSF53474	2	IPR050471
APU25_00575	ips6_local	IPR000073,IPR029058	PF00561					SSF53474	2	
APU25_00580	ips6_local	IPR001734	PF00474		PS50283				2	
APU25_00585	matches_api	IPR000572,IPR001199,IPR005066,IPR014756,IPR022407,IPR036374,IPR036400	PF00173,PF00174,PF03404		PS00559,PS50255	SM01117	cd02111	SSF55856,SSF56524,SSF81296	10	IPR008335
APU25_00590	ips6_local	IPR030397	PF03568		PS51700				2	
APU25_00595	ips6_local	IPR001161,IPR001650,IPR006935,IPR014001,IPR027417,IPR032438,IPR032830	PF04851,PF13625,PF16203	TIGR00603	PS51192,PS51194	SM00487,SM00490	cd18029,cd18789	SSF52540	11	
APU25_00600	matches_api	IPR000608,IPR016135,IPR023313	PF00179		PS00183,PS50127	SM00212	cd23797	SSF54495	6	
APU25_00605	matches_api								0	
APU25_00610	matches_api	IPR007112,IPR036908			PS50842		cd22271	SSF50685	3	IPR036749
APU25_00615	ips6_local	IPR036908					cd22271	SSF50685	2	
APU25_00620	matches_api	IPR014830,IPR036497	PF08718					SSF110004	2	
APU25_00625	matches_api	IPR014830,IPR036497	PF08718					SSF110004	2	
APU25_00630	ips6_local	IPR001494,IPR013713,IPR016024	PF03810,PF08506		PS50166	SM00913		SSF48371	5	
APU25_00635	ips6_local								0	
APU25_00640	ips6_local	IPR001594	PF01529		PS50216				2	
APU25_00645	ips6_local	IPR011701,IPR020846,IPR036259,IPR044777	PF07690		PS50850		cd17380	SSF103473	4	
APU25_00650	ips6_local	IPR005069	PF03407						1	
APU25_00655	matches_api	IPR000868,IPR036380	PF00857				cd00431	SSF52499	3	
APU25_00660	ips6_local	IPR006076,IPR036188	PF01266					SSF51905	2	
APU25_00665	ips6_local	IPR001623,IPR036869	PF00226		PS50076	SM00271	cd06257	SSF46565	5	
APU25_00670	matches_api	IPR003863	PF02713					SSF55961	2	IPR023393
APU25_00675	ips6_local	IPR001012,IPR018997,IPR029071,IPR036339	PF00789,PF09409		PS50033	SM00580	cd09212	SSF143503,SSF54236	7	
APU25_00680	ips6_local								0	
APU25_00685	ips6_local								0	
APU25_00690	ips6_local	IPR000719,IPR011009	PF00069		PS50011			SSF56112	3	
APU25_00695	matches_api								0	
APU25_00700	ips6_local								0	
APU25_00705	ips6_local	IPR007452	PF04357						1	
APU25_00710	matches_api	IPR001041,IPR010241,IPR036010	PF00111	TIGR02008	PS51085		cd00207	SSF54292	5	IPR012675
APU25_00715	ips6_local	IPR000073,IPR029058	PF12697					SSF53474	2	
APU25_00720	matches_api	IPR000504,IPR035979	PF00076		PS50102	SM00360		SSF54928	4	IPR012677
APU25_00725	ips6_local	IPR013112,IPR013130,IPR017927	PF01794,PF08022		PS51384				3	
APU25_00730	ips6_local	IPR013112,IPR013130,IPR017927	PF01794,PF08022		PS51384				3	
APU25_00735	ips6_local								0	
APU25_00740	ips6_local	IPR013112,IPR013130	PF01794,PF08022				cd06186		3	
APU25_00745	matches_api	IPR013112,IPR013130,IPR017927	PF01794,PF08022		PS51384		cd06186		4	IPR039261
APU25_00750	ips6_local	IPR013112,IPR013130,IPR017927,IPR017938	PF01794,PF08022		PS51384		cd06186	SSF63380	5	
APU25_00755	matches_api	IPR013216,IPR029063	PF08241				cd02440	SSF53335	3	IPR050508
APU25_00760	ips6_local	IPR015947						SSF88697	1	
APU25_00765	matches_api	IPR000719,IPR002048,IPR008271,IPR011009,IPR011992,IPR017441,IPR018247	PF00069,PF13499		PS00018,PS00107,PS00108,PS50011,PS50222	SM00054,SM00220	cd05117	SSF47473,SSF56112	12	IPR050205
APU25_00770	ips6_local	IPR010084,IPR013114,IPR029069	PF07977	NF000582			cd01288	SSF54637	4	
APU25_00775	ips6_local								0	
APU25_00780	ips6_local	IPR000626,IPR001611,IPR003591,IPR029071	PF13855		PS50053	SM00364,SM00369		SSF52058,SSF54236	6	
APU25_00785	ips6_local								0	
APU25_00790	ips6_local								0	
APU25_00795	matches_api	IPR002347,IPR020904,IPR036291,IPR057326	PF13561		PS00061	SM00822		SSF51735	4	
APU25_00800	ips6_local								0	
APU25_00805	ips6_local								0	
APU25_00810	ips6_local	IPR004326	PF03094						1	
APU25_00815	matches_api	IPR002347,IPR011294,IPR020904,IPR036291	PF00106	NF009093,TIGR01963	PS00061			SSF51735	5	IPR050259
APU25_00820	ips6_local								0	
APU25_00825	matches_api	IPR002068,IPR008978	PF00011		PS01031		cd06464	SSF49764	4	IPR031107
APU25_00830	ips6_local	IPR040855,IPR045667	PF07034,PF18137				cd20704		3	
APU25_00835	ips6_local	IPR004776	PF03547						1	
APU25_00840	ips6_local	IPR002641,IPR016035	PF01734		PS51635			SSF52151	3	
APU25_00845	ips6_local	IPR005788,IPR005792,IPR013766,IPR017937,IPR036249	PF00085,PF13848	TIGR01126,TIGR01130	PS00194,PS51352		cd02961,cd02981,cd02995	SSF52833	10	
APU25_00850	ips6_local	IPR007482	PF04387						1	
APU25_00855	ips6_local	IPR019547	PF10520						1	
APU25_00860	ips6_local	IPR003316,IPR036390	PF02319			SM01372		SSF46785	3	
APU25_00865	matches_api	IPR011990,IPR019734	PF13432		PS50005	SM00028		SSF48452	4	IPR050498
APU25_00870	ips6_local	IPR001404,IPR019805,IPR020568,IPR020575,IPR036890,IPR037196	PF00183,PF13589	NF003555	PS00298,PS51257		cd16927	SSF110942,SSF54211,SSF55874	9	
APU25_00875	ips6_local	IPR013126,IPR018181,IPR029047,IPR029048,IPR042050,IPR043129	PF00012	NF001413	PS00297,PS00329,PS01036		cd10241	SSF100920,SSF100934,SSF53067	9	
APU25_00880	matches_api	IPR001789,IPR011006			PS50110	SM00448		SSF52172	3	IPR045279
APU25_00885	matches_api	IPR008629,IPR037215	PF05419				cd16383	SSF140869	3	
APU25_00890	ips6_local								0	
APU25_00895	ips6_local	IPR000644,IPR001093,IPR005990,IPR015875,IPR046342	PF00478,PF00571	TIGR01302	PS00487,PS51371	SM01240	cd00381,cd04601	SSF51412,SSF54631	10	
APU25_00900	ips6_local	IPR001199,IPR018506,IPR036400	PF00173		PS00191,PS50255	SM01117		SSF55856	5	
APU25_00905	matches_api	IPR014756,IPR040445,IPR041647	PF01007,PF17655					SSF81296,SSF81324	4	IPR013518,IPR016449
APU25_00910	ips6_local	IPR008831	PF05669						1	
APU25_00915	ips6_local								0	
APU25_00920	ips6_local	IPR012977,IPR016024	PF08158					SSF48371	2	
APU25_00925	matches_api								0	
APU25_00930	matches_api	IPR002088	PF01239		PS51147			SSF48439	3	
APU25_00935	ips6_local	IPR015947,IPR019614,IPR029063,IPR041532	PF10672,PF17785				cd02440,cd11572,cd21153	SSF53335,SSF88697	7	
APU25_00940	ips6_local		PF13483						1	
APU25_00945	matches_api	IPR000489,IPR000550,IPR006390,IPR011005,IPR035907	PF00809,PF01288	TIGR01496,TIGR01498	PS00792,PS00793,PS00794,PS50972		cd00483,cd00739	SSF51717,SSF55083	12	IPR045031
APU25_00950	matches_api	IPR005345	PF03660						1	
APU25_00955	matches_api		PF09741						1	IPR019141
APU25_00960	ips6_local	IPR001412,IPR002300,IPR002303,IPR009008,IPR009080,IPR010978,IPR013155,IPR019499,IPR033705	PF00133,PF08264,PF10458	NF004349,TIGR00422	PS00178		cd00817,cd07962	SSF46589,SSF47323,SSF50677,SSF52374	12	
APU25_00965	ips6_local	IPR001926,IPR006653,IPR006654,IPR036052	PF00291	TIGR00263	PS00168		cd06446	SSF53686	5	
APU25_00970	ips6_local	IPR022170	PF12483						1	
APU25_00975	matches_api	IPR001272,IPR008210,IPR015994	PF01293	NF006820,NF006821,TIGR00224	PS00532		cd00484	SSF53795,SSF68923	8	IPR013035
APU25_00980	matches_api	IPR006694	PF04116						1	IPR050307
APU25_00985	matches_api	IPR002684,IPR006638,IPR007197,IPR010722,IPR058240	PF04055,PF06968	TIGR00433	PS51918	SM00729,SM00876	cd01335	SSF102114	8	IPR013785,IPR024177
APU25_00990	matches_api	IPR002110,IPR036770	PF00023,PF12796		PS50088,PS50297	SM00248		SSF48403	6	
APU25_00995	ips6_local	IPR018108,IPR023395	PF00153		PS50920			SSF103506	3	
APU25_01000	matches_api	IPR001932,IPR036457	PF00481		PS51746	SM00332	cd00143	SSF81606	5	IPR015655
APU25_01005	ips6_local	IPR039438	PF12907					SSF118359	2	
APU25_01010	matches_api	IPR002921,IPR029058	PF01764				cd00519	SSF53474	3	IPR051218
APU25_01015	ips6_local	IPR029041						SSF51730	1	
APU25_01020	matches_api								0	
APU25_01025	ips6_local	IPR000089,IPR001882,IPR005479,IPR005481,IPR005482,IPR011053,IPR011054,IPR011761,IPR011764,IPR016185,IPR041265	PF00289,PF00364,PF02785,PF02786,PF18140	NF006367	PS00188,PS00866,PS00867,PS50968,PS50975,PS50979	SM00878	cd06850	SSF51230,SSF51246,SSF52440,SSF56059	18	
APU25_01030	matches_api	IPR006133,IPR006134,IPR006172,IPR012337,IPR017964,IPR025687,IPR043502,IPR056435	PF00136,PF03104,PF14260,PF24055	TIGR00592	PS00116	SM00486	cd05533,cd05777	SSF53098,SSF56672	11	IPR023211,IPR036397,IPR042087,IPR050240
APU25_01035	ips6_local	IPR014730,IPR033947	PF01012			SM00893	cd01715	SSF52402	4	
APU25_01040	matches_api								0	
APU25_01045	matches_api	IPR004856	PF03155						1	
APU25_01050	matches_api	IPR021298	PF11069						1	
APU25_01055	ips6_local								0	
APU25_01060	matches_api	IPR001692,IPR012131,IPR016161	PF00815	TIGR00069	PS00611		cd06572	SSF53720	5	IPR022695
APU25_01065	matches_api	IPR000268,IPR020789,IPR023580	PF01194	NF003089	PS01112			SSF46924	4	
APU25_01070	ips6_local	IPR007185,IPR054300	PF04042,PF22062						2	
APU25_01075	matches_api								0	
APU25_01080	matches_api	IPR005599	PF03901						1	
APU25_01085	ips6_local	IPR004843,IPR008963,IPR015914,IPR025733,IPR029052,IPR040974,IPR041792	PF00149,PF14008,PF16656,PF17808				cd00839	SSF49363,SSF56300	7	
APU25_01090	ips6_local	IPR036915						SSF47954	1	
APU25_01095	ips6_local	IPR008011,IPR045297	PF05347				cd20264		2	
APU25_01100	ips6_local	IPR000504,IPR025742,IPR026896,IPR035979	PF00076,PF14304,PF14327		PS50102	SM00360	cd12398	SSF54928	7	
APU25_01105	matches_api	IPR000791	PF01184	NF038013					2	IPR047623
APU25_01110	ips6_local	IPR003000,IPR026590,IPR029035	PF02146		PS50305		cd01408	SSF52467	4	
APU25_01115	ips6_local	IPR002821,IPR003692,IPR008040,IPR049517	PF01968,PF02538,PF05378,PF19278						4	
APU25_01120	ips6_local								0	
APU25_01125	ips6_local	IPR001005,IPR009057,IPR017930	PF00249		PS50090,PS51294	SM00717	cd00167	SSF46689	6	
APU25_01130	matches_api	IPR023696,IPR023801	PF00850				cd09991	SSF52768	3	IPR000286,IPR003084,IPR037138
APU25_01135	ips6_local								0	
APU25_01140	matches_api								0	
APU25_01145	ips6_local	IPR016024						SSF48371	1	
APU25_01150	matches_api	IPR004871,IPR011047,IPR018846,IPR058543	PF03178,PF10433,PF23726					SSF50998	4	IPR015943,IPR050358
APU25_01155	matches_api	IPR001806,IPR005225,IPR027417	PF00071	TIGR00231	PS51419	SM00174,SM00175		SSF52540	6	
APU25_01160	ips6_local	IPR000315,IPR010402,IPR049808	PF00643,PF06203		PS50119,PS51017	SM00336	cd19821		6	
APU25_01165	matches_api	IPR019542	PF10513						1	IPR024943
APU25_01170	ips6_local	IPR036278					cd15482	SSF50939	2	
APU25_01175	ips6_local	IPR004364,IPR004365,IPR004523,IPR006195,IPR012340,IPR045864	PF00152,PF01336	NF003483,TIGR00458	PS50862		cd00776,cd04320	SSF50249,SSF55681	9	
APU25_01180	ips6_local	IPR001841			PS50089	SM00184	cd16448	SSF57850	4	
APU25_01185	ips6_local	IPR018108,IPR023395	PF00153		PS50920			SSF103506	3	
APU25_01190	ips6_local						cd11660		1	
APU25_01195	matches_api	IPR003959,IPR027417,IPR048571	PF00004,PF21228					SSF52540	3	IPR044960
APU25_01200	ips6_local	IPR002775,IPR036882	PF01918					SSF82704	2	
APU25_01205	ips6_local	IPR005607,IPR035925	PF03909		PS50858	SM00751		SSF140383	4	
APU25_01210	ips6_local	IPR005339,IPR021151,IPR036224,IPR056783	PF05916,PF24997				cd11710,cd21696	SSF158573	5	
APU25_01215	ips6_local	IPR002921,IPR029058,IPR063390	PF01764,PF31009					SSF53474	3	
APU25_01220	ips6_local	IPR003721	PF02569	TIGR00018			cd00560	SSF52374	4	
APU25_01225	ips6_local	IPR001330,IPR008930,IPR026873	PF00432				cd02894	SSF48239	3	
APU25_01230	matches_api	IPR003750,IPR012340,IPR029028	PF02598		PS51257		cd18086	SSF50249,SSF75217	5	IPR029026
APU25_01235	ips6_local	IPR000834,IPR008969	PF00246		PS52035	SM00631		SSF49464,SSF53187	5	
APU25_01240	matches_api	IPR001680,IPR019775,IPR036322,IPR056551	PF00400,PF23098		PS00678,PS50082,PS50294	SM00320	cd00200	SSF50978	8	IPR015943,IPR020472,IPR051980
APU25_01245	matches_api	IPR000407	PF01150		PS01238				2	
APU25_01250	ips6_local	IPR004853,IPR037185	PF03151					SSF103481	2	
APU25_01255	ips6_local								0	
APU25_01260	ips6_local	IPR000719,IPR008271,IPR011009	PF00069		PS00108,PS50011	SM00220		SSF56112	5	
APU25_01265	ips6_local								0	
APU25_01270	ips6_local								0	
APU25_01275	ips6_local	IPR000719,IPR008271,IPR011009,IPR017441	PF00069		PS00107,PS00108,PS50011	SM00220		SSF56112	6	
APU25_01280	ips6_local								0	
APU25_01285	matches_api	IPR000537,IPR011937,IPR026046	PF01040	TIGR02235			cd13962		3	
APU25_01290	matches_api								0	
APU25_01295	ips6_local	IPR011722,IPR036623	PF08755	TIGR02097		SM00992		SSF141255	4	
APU25_01300	ips6_local	IPR002921,IPR029058	PF01764				cd00519	SSF53474	3	
APU25_01305	ips6_local	IPR013929,IPR013930,IPR016024	PF08620,PF08621					SSF48371	3	
APU25_01310	ips6_local	IPR008429	PF05602						1	
APU25_01315	matches_api	IPR007201,IPR035979	PF04059				cd12277	SSF54928	3	
APU25_01320	matches_api	IPR001965,IPR011011,IPR019786,IPR019787,IPR024610	PF12998		PS01359,PS50016	SM00249,SM01408	cd15587	SSF57903	7	IPR013083,IPR028651
APU25_01325	matches_api	IPR005484,IPR057268	PF00861				cd00432	SSF53137	3	
APU25_01330	ips6_local	IPR003593,IPR003959,IPR007034,IPR012948,IPR027417,IPR030387,IPR037875	PF00004,PF04950,PF08142		PS51714	SM00382,SM00785,SM01362	cd01882	SSF52540	9	
APU25_01335	ips6_local	IPR053939,IPR053940	PF06862,PF22916						2	
APU25_01340	ips6_local								0	
APU25_01345	ips6_local	IPR004853,IPR037185	PF03151					SSF103481	2	
APU25_01350	matches_api	IPR002687,IPR012976,IPR019175,IPR036070	PF01798,PF09785		PS51358	SM00931		SSF89124	5	IPR027105,IPR042239
APU25_01355	ips6_local	IPR002523,IPR039204,IPR045863	PF01544,PF22099				cd12823	SSF144083	4	
APU25_01360	matches_api	IPR010820	PF07223						1	
APU25_01365	ips6_local	IPR008532,IPR021846	PF05670,PF05833,PF11923						3	
APU25_01370	ips6_local	IPR013766,IPR036249	PF00085		PS51257			SSF52833	3	
APU25_01375	ips6_local	IPR011050						SSF51126	1	
APU25_01380	ips6_local								0	
APU25_01385	ips6_local								0	
APU25_01390	ips6_local								0	
APU25_01395	ips6_local								0	
APU25_01400	ips6_local	IPR003663,IPR005828,IPR005829,IPR020846,IPR036259,IPR044778	PF00083	TIGR00879	PS00216,PS00217,PS50850		cd17361	SSF103473	7	
APU25_01405	matches_api	IPR009030,IPR011641	PF07699			SM01411	cd00185	SSF57184	4	
APU25_01410	matches_api	IPR007834	PF05160			SM01385			2	
APU25_01415	matches_api	IPR000719,IPR008271,IPR011009,IPR039192	PF00069		PS00108,PS50011	SM00220	cd14137	SSF56112	6	IPR050591
APU25_01420	ips6_local	IPR011990,IPR019544	PF10516					SSF48452	2	
APU25_01425	matches_api	IPR003593,IPR003959,IPR003960,IPR027417,IPR041569	PF00004,PF17862		PS00674	SM00382	cd19501	SSF52540	6	
APU25_01430	matches_api	IPR000253,IPR001878,IPR008984,IPR036875	PF00098,PF00498		PS50006,PS50158	SM00240,SM00343		SSF49879,SSF57756	8	IPR050923
APU25_01435	matches_api	IPR049551	PF14765						1	IPR042104
APU25_01440	matches_api	IPR006887,IPR016024,IPR055236	PF04802,PF22972					SSF48371,SSF50729	4	IPR011989,IPR011993,IPR051137
APU25_01445	ips6_local								0	
APU25_01450	matches_api	IPR028055,IPR047196	PF02096	TIGR03592			cd20070		3	IPR001708
APU25_01455	ips6_local	IPR002921,IPR029058	PF01764				cd00519	SSF53474	3	
APU25_01460	matches_api	IPR024371,IPR036259	PF13000					SSF103473	2	IPR004752
APU25_01465	ips6_local	IPR001787,IPR018258,IPR028909,IPR036164	PF00829	TIGR00061	PS01169			SSF141091	4	
APU25_01470	matches_api								0	
APU25_01475	matches_api		PF13668						1	IPR052965
APU25_01480	ips6_local	IPR000330,IPR001650,IPR014001,IPR014012,IPR027417,IPR049730	PF00176,PF00271,PF07529		PS51192,PS51194,PS51204	SM00487,SM00490,SM00573	cd18003,cd18793	SSF52540	12	
APU25_01485	ips6_local	IPR009003,IPR064058	PF30586					SSF50494	2	
APU25_01490	ips6_local								0	
APU25_01495	ips6_local								0	
APU25_01500	ips6_local								0	
APU25_01505	matches_api								0	
APU25_01510	ips6_local	IPR025423	PF13664						1	
APU25_01515	ips6_local								0	
APU25_01520	ips6_local	IPR001075,IPR034904	PF01106					SSF117916	2	
APU25_01525	matches_api								0	
APU25_01530	matches_api	IPR001650,IPR011545,IPR014001,IPR014014,IPR027417	PF00270,PF00271		PS51192,PS51194,PS51195	SM00487,SM00490	cd17950,cd18787	SSF52540	10	
APU25_01535	matches_api	IPR003428,IPR036561	PF02330					SSF54529	2	
APU25_01540	matches_api	IPR001353,IPR016050,IPR016295,IPR023333,IPR029055	PF00227		PS00854,PS51476		cd03760	SSF56235	5	
APU25_01545	ips6_local								0	
APU25_01550	ips6_local	IPR006639,IPR064098	PF04258			SM00730			2	
APU25_01555	ips6_local	IPR001278,IPR001412,IPR005148,IPR008909,IPR009080,IPR035684,IPR036695	PF00750,PF03485,PF05746	TIGR00456	PS00178	SM00836,SM01016	cd00671	SSF47323,SSF52374,SSF55190	11	
APU25_01560	ips6_local								0	
APU25_01565	matches_api	IPR001680,IPR036322	PF00400		PS50082	SM00320		SSF50978	4	IPR015943
APU25_01570	matches_api	IPR010516	PF06487						1	IPR042534
APU25_01575	matches_api	IPR016558,IPR058560	PF04104,PF26466				cd07322		3	IPR007238
APU25_01580	ips6_local	IPR001715,IPR010441,IPR036872	PF06294		PS50021			SSF47576	3	
APU25_01585	matches_api	IPR056309	PF24763						1	
APU25_01590	matches_api	IPR005225,IPR006689,IPR027417,IPR045872	PF00025	TIGR00231	PS51417	SM00175,SM00177,SM00178	cd04150	SSF52540	8	IPR024156
APU25_01595	matches_api								0	
APU25_01600	ips6_local	IPR000719,IPR008271,IPR011009,IPR017441	PF00069		PS00107,PS00108,PS50011	SM00220	cd06606	SSF56112	7	
APU25_01605	ips6_local	IPR001623,IPR018253,IPR024586,IPR036869,IPR055225	PF00226,PF11875,PF22774		PS00636,PS50076	SM00271	cd06257	SSF46565	8	
APU25_01610	matches_api	IPR006439,IPR036412	PF00702	TIGR01509				SSF56784	3	IPR023198,IPR023214
APU25_01615	matches_api	IPR000297,IPR001763,IPR023058,IPR036873	PF00581,PF00639		PS01096,PS50198,PS50206	SM00450		SSF52821,SSF54534	8	IPR046357,IPR052204
APU25_01620	matches_api	IPR003226	PF03690						1	
APU25_01625	matches_api	IPR008942,IPR013809	PF01417		PS50942	SM00273	cd03571	SSF48464	5	
APU25_01630	matches_api								0	
APU25_01635	ips6_local	IPR049258	PF21773						1	
APU25_01640	matches_api	IPR000194,IPR004100,IPR005725,IPR020003,IPR022878,IPR027417,IPR031686,IPR036121,IPR055190	PF00006,PF02874,PF16886,PF22919	NF003220,TIGR01042	PS00152		cd01134,cd18111,cd18119	SSF47917,SSF50615,SSF52540	13	IPR023366,IPR024034
APU25_01645	matches_api	IPR000558,IPR007125,IPR009072,IPR055333	PF00125		PS00357	SM00427	cd22910	SSF47113	5	
APU25_01650	matches_api	IPR004123,IPR036249	PF02966			SM01410	cd02954	SSF52833	4	
APU25_01655	matches_api	IPR006568,IPR007180	PF04037,PF04046			SM00581			3	IPR052584
APU25_01660	matches_api	IPR016024	PF13513					SSF48371	2	IPR011989,IPR040122
APU25_01665	matches_api	IPR007248	PF04117						1	
APU25_01670	ips6_local								0	
APU25_01675	ips6_local	IPR014876	PF08766		PS51998				2	
APU25_01680	matches_api	IPR005496,IPR022369	PF03741	TIGR03718					2	
APU25_01685	ips6_local	IPR003890,IPR003891,IPR016024	PF02854		PS51366	SM00543		SSF48371	4	
APU25_01690	matches_api	IPR017923	PF08711		PS51319				2	IPR035441,IPR044204
APU25_01695	ips6_local	IPR003604,IPR013087,IPR036236	PF12874			SM00451		SSF57667	3	
APU25_01700	matches_api	IPR006153	PF00999						1	IPR038770,IPR051843
APU25_01705	ips6_local	IPR006085,IPR006086,IPR008918,IPR029060,IPR036279	PF00752,PF00867			SM00279,SM00484,SM00485	cd09867,cd09907	SSF47807,SSF88723	9	
APU25_01710	ips6_local	IPR008979,IPR011330					cd10919	SSF49785,SSF88713	3	
APU25_01715	matches_api	IPR000266,IPR012340,IPR019979,IPR028333,IPR032440	PF00366,PF16205	TIGR03630	PS00056		cd00364	SSF50249	6	
APU25_01720	ips6_local								0	
APU25_01725	ips6_local	IPR000048,IPR001589,IPR027417,IPR036872	PF00612		PS00019,PS50096	SM00015		SSF47576,SSF52540	6	
APU25_01730	matches_api	IPR006634	PF03798		PS50922	SM00724			3	IPR050846
APU25_01735	matches_api								0	
APU25_01740	matches_api	IPR005123,IPR027450	PF13532		PS51471			SSF51197	3	IPR032854,IPR037151
APU25_01745	ips6_local	IPR000504,IPR033744,IPR035979	PF00076		PS50102	SM00360	cd12324	SSF54928	5	
APU25_01750	matches_api	IPR000644,IPR014756,IPR032640,IPR046342	PF00571,PF16561		PS51371	SM00116	cd02859	SSF54631,SSF81296	7	IPR013783,IPR050511
APU25_01755	matches_api	IPR000719,IPR011009	PF00069		PS50011	SM00220		SSF56112	4	IPR011989,IPR051177
APU25_01760	matches_api								0	
APU25_01765	ips6_local	IPR000719,IPR002048,IPR008271,IPR011009,IPR011992,IPR017441	PF00069,PF13833		PS00107,PS00108,PS50011,PS50222	SM00054,SM00220		SSF47473,SSF56112	10	
APU25_01770	matches_api	IPR003337,IPR006379,IPR036412	PF02358	TIGR00685,TIGR01484			cd01627	SSF56784	5	IPR023214,IPR044651
APU25_01775	ips6_local	IPR036278					cd15482	SSF50939	2	
APU25_01780	ips6_local								0	
APU25_01785	matches_api	IPR000629,IPR001650,IPR011545,IPR014001,IPR027417,IPR044742	PF00270,PF00271		PS00039,PS51192,PS51194	SM00487,SM00490	cd00268,cd18787	SSF52540	10	
APU25_01790	matches_api	IPR016064,IPR064509	PF01513,PF20143					SSF111331	3	IPR002504,IPR017437,IPR017438
APU25_01795	matches_api	IPR001017,IPR017597,IPR029061	PF00676	TIGR03182			cd02000	SSF52518	4	IPR050642
APU25_01800	matches_api	IPR002744,IPR034904	PF01883					SSF117916	2	IPR039796
APU25_01805	matches_api	IPR000073,IPR029058	PF00561					SSF53474	2	
APU25_01810	ips6_local								0	
APU25_01815	ips6_local	IPR000195,IPR035969	PF00566		PS50086	SM00164		SSF47923	4	
APU25_01820	matches_api	IPR002305	PF00579	NF006330				SSF52374	3	IPR014729,IPR023617,IPR050489
APU25_01825	ips6_local	IPR048509	PF07092						1	
APU25_01830	ips6_local	IPR000408,IPR001849,IPR009091	PF00415		PS00626,PS50003,PS50012	SM00233		SSF50729,SSF50985	7	
APU25_01835	ips6_local	IPR007719,IPR038765	PF05023		PS51443			SSF54001	3	
APU25_01840	ips6_local	IPR013658	PF08450					SSF63829	2	
APU25_01845	matches_api	IPR003439,IPR003593,IPR015856,IPR017871,IPR027417	PF00005		PS00211,PS50893	SM00382	cd03225	SSF52540	6	IPR050334
APU25_01850	ips6_local	IPR006941,IPR012337	PF04857					SSF53098	2	
APU25_01855	ips6_local	IPR003663,IPR005828,IPR005829,IPR020846,IPR036259	PF00083	TIGR00879	PS00216,PS00217,PS50850		cd17362	SSF103473	7	
APU25_01860	ips6_local	IPR004333,IPR036893	PF03110		PS51141			SSF103612	3	
APU25_01865	ips6_local	IPR005135,IPR036691	PF03372					SSF56219	2	
APU25_01870	ips6_local								0	
APU25_01875	ips6_local	IPR000195,IPR035969	PF00566		PS50086	SM00164		SSF47923	4	
APU25_01880	ips6_local	IPR027417,IPR032705,IPR041664	PF13191,PF14629					SSF52540	3	
APU25_01885	matches_api	IPR013880	PF08571						1	
APU25_01890	matches_api	IPR000994,IPR004545,IPR036005,IPR036390	PF00557	TIGR00495			cd01089	SSF46785,SSF55920	5	IPR001714,IPR036388,IPR047113
APU25_01895	ips6_local	IPR003769,IPR014719	PF02617					SSF54736	2	
APU25_01900	ips6_local	IPR006139,IPR006140,IPR029753,IPR036291	PF00389,PF02826		PS00671		cd12183	SSF51735,SSF52283	6	
APU25_01905	ips6_local	IPR008754	PF05572					SSF55486	2	
APU25_01910	matches_api	IPR000652,IPR020861,IPR035990	PF00121	TIGR00419	PS00171,PS51440		cd00311	SSF51351	6	IPR013785,IPR022896
APU25_01915	ips6_local	IPR029021	PF14566			SM01301	cd14496	SSF52799	4	
APU25_01920	ips6_local								0	
APU25_01925	matches_api			NF049860					1	IPR037497
APU25_01930	ips6_local	IPR000682,IPR029063	PF01135	TIGR00080	PS01279		cd02440	SSF53335	5	
APU25_01935	matches_api	IPR029063,IPR041698	PF13649				cd02440	SSF53335	3	
APU25_01940	matches_api	IPR000425,IPR023271	PF00230					SSF81338	2	IPR050363
APU25_01945	matches_api	IPR005999,IPR018483,IPR018484,IPR018485,IPR042018,IPR043129	PF00370,PF02782	NF000756,TIGR01311	PS00445,PS00933		cd07792	SSF53067	8	IPR000577
APU25_01950	matches_api	IPR000425,IPR023271	PF00230					SSF81338	2	IPR050363
APU25_01955	ips6_local	IPR000425,IPR023271	PF00230					SSF81338	2	
APU25_01960	ips6_local	IPR000425,IPR023271	PF00230					SSF81338	2	
APU25_01965	ips6_local	IPR000425,IPR023271	PF00230					SSF81338	2	
APU25_01970	ips6_local	IPR006958,IPR029004	PF01778,PF04874						2	
APU25_01975	ips6_local								0	
APU25_01980	matches_api	IPR001374,IPR003593,IPR014001,IPR027417,IPR036867,IPR041677,IPR041679,IPR047187,IPR048761	PF01424,PF13086,PF13087,PF21138			SM00382,SM00487	cd18044,cd18808	SSF52540,SSF82708	10	IPR050534
APU25_01985	matches_api	IPR016071,IPR035437	PF00565		PS50830	SM00318		SSF50199	4	
APU25_01990	ips6_local	IPR006218,IPR006269	PF00793	NF003543,TIGR01362	PS52061			SSF51569	5	
APU25_01995	ips6_local	IPR001926,IPR036052	PF00291					SSF53686	2	
APU25_02000	matches_api	IPR045299					cd20266		1	IPR016488
APU25_02005	ips6_local								0	
APU25_02010	ips6_local	IPR002347,IPR036291	PF00106					SSF51735	2	
APU25_02015	matches_api	IPR001593	PF01015			SM01397			2	IPR027500
APU25_02020	matches_api	IPR008389	PF05493						1	
APU25_02025	matches_api	IPR000642,IPR003593,IPR003959,IPR003960,IPR005936,IPR011546,IPR027417,IPR037219,IPR041569	PF00004,PF01434,PF06480,PF17862	TIGR01241	PS00674	SM00382	cd19501	SSF140990,SSF52540	10	
APU25_02030	ips6_local	IPR010073,IPR010918,IPR029062,IPR036604,IPR036676,IPR036921,IPR040707,IPR041609,IPR055181	PF02769,PF13507,PF18072,PF18076,PF22689	NF003672,TIGR01735	PS51273	SM01211	cd01740,cd02203,cd02204	SSF109736,SSF52317,SSF55326,SSF56042,SSF82697	17	
APU25_02035	ips6_local	IPR005123,IPR006620,IPR044862	PF13640		PS51471	SM00702			3	
APU25_02040	matches_api	IPR002013	PF02383		PS50275				2	
APU25_02045	ips6_local	IPR000266,IPR012340,IPR019984	PF00366	NF004123			cd00364	SSF50249	4	
APU25_02050	ips6_local	IPR000504,IPR034207,IPR035979	PF00076		PS50102	SM00360	cd12368	SSF54928	5	
APU25_02055	matches_api								0	
APU25_02060	matches_api	IPR002553,IPR008152,IPR009028,IPR013041,IPR016024	PF01602,PF02883			SM00809		SSF48371,SSF49348,SSF55711	6	IPR011989,IPR012295,IPR017104,IPR050840
APU25_02065	ips6_local	IPR018997,IPR036339	PF09409				cd09212	SSF143503	3	
APU25_02070	ips6_local	IPR001841,IPR003137,IPR011016	PF02225,PF13639		PS50089	SM00184,SM00744		SSF57850	6	
APU25_02075	matches_api	IPR015864	PF06574					SSF52374	2	IPR014729
APU25_02080	ips6_local	IPR004192,IPR006317,IPR017941,IPR036922	PF00355,PF02921	TIGR01416	PS51296		cd03470	SSF50022,SSF81502	7	
APU25_02085	ips6_local	IPR000756,IPR001206,IPR016064	PF00609,PF00781		PS50146	SM00045,SM00046		SSF111331	6	
APU25_02090	matches_api	IPR001902,IPR002645,IPR011547,IPR036513	PF00916,PF01740	TIGR00815	PS50801		cd07042	SSF52091	6	
APU25_02095	ips6_local	IPR000547,IPR015348,IPR016024,IPR016025,IPR022365,IPR055358	PF00637,PF01394,PF09268,PF13838		PS50236	SM00299		SSF48371,SSF50989	8	
APU25_02100	matches_api	IPR001680,IPR036322,IPR049404	PF21289		PS50082,PS50294	SM00320		SSF50978	5	IPR015943,IPR045152
APU25_02105	ips6_local	IPR001471,IPR016177			PS51032	SM00380	cd00018	SSF54171	4	
APU25_02110	matches_api	IPR001471,IPR016177	PF00847		PS51032	SM00380	cd00018	SSF54171	5	IPR036955
APU25_02115	matches_api	IPR029454	PF14778						1	
APU25_02120	ips6_local	IPR000182,IPR001048,IPR016181,IPR036393	PF00583,PF00696		PS51186		cd04301	SSF53633,SSF55729	6	
APU25_02125	matches_api	IPR018108,IPR023395	PF00153		PS50920			SSF103506	3	IPR002067
APU25_02130	matches_api	IPR001005,IPR006447,IPR009057,IPR017884,IPR017930	PF00249	TIGR01557	PS50090,PS51293,PS51294	SM00717	cd00167	SSF46689	8	
APU25_02135	ips6_local	IPR001623,IPR002939,IPR008971,IPR018253,IPR036869	PF00226,PF01556		PS00636,PS50076	SM00271	cd06257,cd10747	SSF46565,SSF49493	9	
APU25_02140	matches_api	IPR000905,IPR017861,IPR043129	PF00814	TIGR00329,TIGR03722			cd24132	SSF53067	5	IPR034680
APU25_02145	ips6_local	IPR006133,IPR006134,IPR006172,IPR012337,IPR015088,IPR017964,IPR024647,IPR043502,IPR045846	PF00136,PF03104,PF08996,PF12254	TIGR00592	PS00116	SM00486	cd05532,cd05776	SSF53098,SSF56672	11	
APU25_02150	ips6_local								0	
APU25_02155	ips6_local	IPR001841,IPR017907	PF13639		PS00518,PS50089	SM00184		SSF57850	5	
APU25_02160	matches_api	IPR025712	PF13874						1	IPR024864
APU25_02165	ips6_local	IPR001394,IPR018200,IPR028889,IPR038765	PF00443		PS00972,PS00973,PS50235			SSF54001	5	
APU25_02170	ips6_local								0	
APU25_02175	matches_api	IPR001892,IPR010979,IPR018269,IPR019980	PF00416	TIGR03631	PS00646,PS50159			SSF46946	5	IPR027437
APU25_02180	ips6_local	IPR035802					cd03572		1	
APU25_02185	matches_api								0	
APU25_02190	ips6_local	IPR017423	PF04189						1	
APU25_02195	matches_api	IPR002528	PF01554						1	IPR044644
APU25_02200	matches_api	IPR001810,IPR036047	PF12937		PS50181			SSF81383	3	IPR052121
APU25_02205	ips6_local	IPR000504,IPR007201,IPR034454,IPR035979	PF04059		PS50102		cd12531	SSF54928	4	
APU25_02210	matches_api	IPR001650,IPR027417,IPR049730	PF00271		PS51194		cd18793	SSF52540	4	IPR052583
APU25_02215	matches_api	IPR002078,IPR003593,IPR003959,IPR004176,IPR018368,IPR019489,IPR027417,IPR028299,IPR036628,IPR041546	PF00004,PF02861,PF07724,PF10431,PF17871		PS00870,PS00871,PS50045,PS51903	SM00382,SM01086	cd00009,cd19499	SSF52540,SSF81923	15	IPR001270,IPR050130
APU25_02220	ips6_local	IPR000330,IPR001841,IPR011011,IPR014001,IPR018957,IPR027417,IPR048686,IPR048695	PF00097,PF00176,PF21324,PF21325		PS50089	SM00184,SM00487	cd18070	SSF52540,SSF57850,SSF57903	11	
APU25_02225	ips6_local	IPR003953,IPR005288,IPR015939,IPR027477,IPR036188,IPR037099	PF00890,PF02910	TIGR00551				SSF46977,SSF51905,SSF56425	6	
APU25_02230	matches_api	IPR001680,IPR036322	PF00400		PS50082,PS50294	SM00320	cd00200	SSF50978	6	IPR015943,IPR045245
APU25_02235	matches_api	IPR001494,IPR016024,IPR057947	PF03810,PF25795					SSF48371	3	IPR011989,IPR044189
APU25_02240	ips6_local								0	
APU25_02245	ips6_local	IPR013057	PF01490						1	
APU25_02250	matches_api	IPR013057	PF01490						1	
APU25_02255	ips6_local	IPR003191,IPR015894,IPR027417,IPR030386,IPR036543	PF02263,PF02841		PS51715		cd01851	SSF48340,SSF52540	6	
APU25_02260	ips6_local	IPR008811,IPR017853	PF05691					SSF51445	2	
APU25_02265	ips6_local	IPR008672	PF05557					SSF75704	2	
APU25_02270	matches_api	IPR001680,IPR019775,IPR036322	PF00400		PS00678,PS50082,PS50294	SM00320		SSF50978	6	IPR015943,IPR020472,IPR051243
APU25_02275	matches_api								0	
APU25_02280	matches_api	IPR001372,IPR037177	PF01221			SM01375		SSF54648	3	
APU25_02285	ips6_local	IPR006816	PF04727		PS51335				2	
APU25_02290	matches_api	IPR011124,IPR040843	PF07496,PF18755		PS51050				3	
APU25_02295	matches_api	IPR057234	PF25498						1	
APU25_02300	ips6_local	IPR022764,IPR035952	PF01694					SSF144091	2	
APU25_02305	ips6_local	IPR000719,IPR008271,IPR011009	PF00069		PS00108,PS50011	SM00220		SSF56112	5	
APU25_02310	ips6_local	IPR000385,IPR007197,IPR010505,IPR013483,IPR058240	PF04055,PF06463	TIGR02666	PS01305,PS51918		cd01335,cd21117	SSF102114	8	
APU25_02315	ips6_local	IPR000504,IPR006767,IPR006768,IPR035979,IPR036265	PF00076,PF04676,PF04677		PS50102	SM00360	cd07380	SSF54197,SSF54928	8	
APU25_02320	ips6_local	IPR046341					cd10527	SSF82199	2	
APU25_02325	ips6_local	IPR005631,IPR036714	PF03937					SSF109910	2	
APU25_02330	ips6_local								0	
APU25_02335	matches_api	IPR015362,IPR036348	PF09282			SM01273		SSF101931	3	IPR039333
APU25_02340	ips6_local	IPR000182,IPR016181	PF00583		PS51186		cd04301	SSF55729	4	
APU25_02345	ips6_local	IPR005100,IPR005824,IPR005825,IPR006645,IPR008991,IPR022581,IPR039385,IPR041973,IPR041976,IPR041977,IPR041978,IPR057934,IPR057936	PF03439,PF11942,PF23037,PF23042,PF23287,PF23290,PF23291		PS01108	SM00738,SM00739	cd06081,cd06083,cd06084,cd06085,cd09888	SSF50104	16	
APU25_02350	ips6_local	IPR016024	PF20168					SSF48371	2	
APU25_02355	matches_api	IPR036866						SSF56281	1	
APU25_02360	ips6_local								0	
APU25_02365	ips6_local								0	
APU25_02370	ips6_local								0	
APU25_02375	ips6_local	IPR000399,IPR000873,IPR011766,IPR012000,IPR012001,IPR020845,IPR025110,IPR029035,IPR029061,IPR045310	PF00205,PF00501,PF02775,PF02776,PF13193	NF006721	PS00187,PS00455		cd02004,cd05926,cd07035	SSF52467,SSF52518,SSF56801	14	
APU25_02380	matches_api	IPR003689	PF02535						1	
APU25_02385	ips6_local								0	
APU25_02390	matches_api	IPR025718	PF13867						1	IPR024145,IPR038291
APU25_02395	matches_api	IPR004131	PF03030	NF001960,TIGR01104					3	
APU25_02400	ips6_local	IPR014782,IPR042097,IPR045357	PF01433,PF17900					SSF55486,SSF63737	4	
APU25_02405	ips6_local	IPR007858,IPR049629	PF05186				cd22965		2	
APU25_02410	matches_api								0	
APU25_02415	matches_api	IPR013951,IPR036609	PF08642					SSF69848	2	
APU25_02420	matches_api	IPR017499	PF11264						1	
APU25_02425	matches_api	IPR011037,IPR015793,IPR015795,IPR015813,IPR036918	PF00224,PF02887					SSF50800,SSF51621,SSF52935	5	IPR001697,IPR015806,IPR040442
APU25_02430	matches_api	IPR001353,IPR016050,IPR023333,IPR029055	PF00227		PS00854,PS51476		cd03763	SSF56235	5	IPR000243
APU25_02435	matches_api	IPR011012,IPR022775	PF01217				cd14829	SSF64356	3	IPR039652
APU25_02440	matches_api	IPR016064,IPR064509	PF01513,PF20143					SSF111331	3	IPR002504,IPR017437,IPR017438
APU25_02445	ips6_local	IPR021261	PF10998						1	
APU25_02450	ips6_local	IPR007245	PF04113						1	
APU25_02455	ips6_local	IPR003593,IPR027417,IPR045735	PF19568			SM00382	cd00009	SSF52540	4	
APU25_02460	ips6_local				PS51257				1	
APU25_02465	ips6_local								0	
APU25_02470	ips6_local								0	
APU25_02475	matches_api								0	
APU25_02480	matches_api	IPR008637	PF05514						1	
APU25_02485	ips6_local	IPR016024,IPR024395	PF12348					SSF48371	2	
APU25_02490	ips6_local	IPR000679	PF00320		PS50114	SM00401	cd00202	SSF57716	5	
APU25_02495	ips6_local	IPR043972	PF19036						1	
APU25_02500	matches_api	IPR000644,IPR046342	PF00571		PS51371	SM00116		SSF54631	4	IPR051462
APU25_02505	matches_api	IPR002634,IPR036065	PF01722					SSF82657	2	IPR045115
APU25_02510	matches_api	IPR001878,IPR018962	PF09353		PS50158	SM00343			3	IPR053021
APU25_02515	ips6_local								0	
APU25_02520	ips6_local	IPR007109	PF04427		PS50833	SM00879			3	
APU25_02525	matches_api	IPR005326	PF03501						1	IPR036388,IPR037447
APU25_02530	matches_api	IPR003613,IPR003888,IPR003889	PF04564,PF05964,PF05965		PS51542,PS51543	SM00542		SSF57850	7	IPR013083,IPR040092
APU25_02535	ips6_local	IPR000407	PF01150		PS01238				2	
APU25_02540	matches_api	IPR036869,IPR063810	PF30945					SSF46565	2	IPR038753
APU25_02545	matches_api	IPR007856,IPR008138,IPR008139,IPR011001	PF03489,PF05184		PS50015	SM00741		SSF47862	5	IPR051428
APU25_02550	matches_api	IPR007000	PF04916						1	
APU25_02555	ips6_local	IPR004333,IPR036893	PF03110		PS51141			SSF103612	3	
APU25_02560	matches_api	IPR015590,IPR016160,IPR016161	PF00171		PS00070			SSF53720	3	IPR016162,IPR016163,IPR044638
APU25_02565	ips6_local								0	
APU25_02570	ips6_local	IPR001653,IPR018510	PF01678	TIGR00652	PS01326			SSF54506	4	
APU25_02575	matches_api	IPR011041,IPR054539	PF22807					SSF50952	2	IPR011042
APU25_02580	matches_api	IPR006336,IPR011556,IPR014746	PF04107	TIGR01436				SSF55931	3	IPR035434
APU25_02585	matches_api	IPR001650,IPR011545,IPR012562,IPR014001,IPR027417,IPR044742,IPR059027	PF00270,PF00271,PF08152,PF26142		PS51192,PS51194	SM00487,SM00490	cd00268,cd18787	SSF52540	11	
APU25_02590	ips6_local	IPR010033,IPR010036,IPR036412	PF12689	TIGR01681,TIGR01685				SSF56784	4	
APU25_02595	matches_api	IPR008796	PF05479						1	IPR044907
APU25_02600	ips6_local								0	
APU25_02605	ips6_local	IPR016024,IPR024372,IPR055443	PF13001,PF24492					SSF48371	3	
APU25_02610	matches_api	IPR036259						SSF103473	1	
APU25_02615	matches_api	IPR000073,IPR029058	PF12697					SSF53474	2	
APU25_02620	matches_api								0	
APU25_02625	matches_api	IPR002016,IPR010255,IPR019793,IPR019794	PF00141		PS00435,PS00436,PS50873		cd00691	SSF48113	6	IPR002207,IPR044831
APU25_02630	ips6_local	IPR001752,IPR019821,IPR027417	PF00225		PS00411,PS50067	SM00129	cd00106	SSF52540	6	
APU25_02635	ips6_local	IPR004859	PF03159						1	
APU25_02640	matches_api	IPR001733,IPR015927,IPR019533,IPR019758,IPR036286,IPR063090	PF00717,PF31032	TIGR02228	PS00761		cd06530	SSF51306	6	
APU25_02645	matches_api								0	IPR011990
APU25_02650	matches_api	IPR022796	PF00504					SSF103511	2	IPR001344
APU25_02655	ips6_local	IPR002921,IPR029058	PF01764				cd00519	SSF53474	3	
APU25_02660	ips6_local	IPR002549	PF01594						1	
APU25_02665	matches_api								0	
APU25_02670	matches_api	IPR004506,IPR046885	PF03054,PF20258	NF001138,TIGR00420			cd01998	SSF52402	6	IPR014729
APU25_02675	matches_api								0	
APU25_02680	matches_api								0	
APU25_02685	ips6_local	IPR000569,IPR016024,IPR035983,IPR057948	PF00632,PF25579		PS50237	SM00119		SSF48371,SSF56204	6	
APU25_02690	ips6_local	IPR011990						SSF48452	1	
APU25_02695	ips6_local	IPR000679,IPR001962,IPR017932,IPR029055	PF00320,PF00733		PS50114,PS51278	SM00401	cd00202,cd01991	SSF52402,SSF56235,SSF57716	10	
APU25_02700	matches_api	IPR003323	PF02338		PS50802		cd22750		3	
APU25_02705	ips6_local	IPR001375,IPR029058,IPR045550	PF00326,PF19283					SSF53474,SSF82171	4	
APU25_02710	ips6_local								0	
APU25_02715	ips6_local								0	
APU25_02720	ips6_local								0	
APU25_02725	ips6_local								0	
APU25_02730	matches_api	IPR012340,IPR048970	PF21473					SSF50249	2	
APU25_02735	matches_api	IPR021998	PF12165						1	IPR045104
APU25_02740	ips6_local	IPR008011,IPR045295	PF05347				cd20268		2	
APU25_02745	matches_api	IPR001865,IPR005707,IPR018130,IPR023591	PF00318	TIGR01012	PS00962,PS00963		cd01425	SSF52313	6	IPR027498
APU25_02750	matches_api	IPR003689	PF02535						1	
APU25_02755	matches_api	IPR001697,IPR011037,IPR015793,IPR015795,IPR015813,IPR018209,IPR036918	PF00224,PF02887	NF004491,NF004978,TIGR01064	PS00110			SSF50800,SSF51621,SSF52935	9	IPR015806,IPR040442
APU25_02760	matches_api	IPR002777	PF01920				cd23164	SSF46579	3	IPR009053
APU25_02765	matches_api	IPR026627	PF14813						1	IPR044980
APU25_02770	ips6_local	IPR007624,IPR007627,IPR007630,IPR013324,IPR013325,IPR014284	PF04539,PF04542,PF04545	TIGR02937				SSF88659,SSF88946	6	
APU25_02775	matches_api	IPR003347,IPR041667	PF13621		PS51184	SM00558		SSF51197	4	IPR050910
APU25_02780	ips6_local	IPR055259	PF13524					SSF53756	2	
APU25_02785	ips6_local	IPR000719,IPR001245,IPR003591,IPR008271,IPR011009,IPR013210,IPR017441	PF07714,PF08263		PS00107,PS00108,PS50011	SM00220,SM00369	cd13999	SSF52058,SSF56112	10	
APU25_02790	ips6_local								0	
APU25_02795	matches_api	IPR013255	PF08234				cd23784		2	IPR045143
APU25_02800	matches_api								0	
APU25_02805	matches_api	IPR006108,IPR006176,IPR008927,IPR036291	PF00725,PF02737					SSF48179,SSF51735	4	IPR013328,IPR022694
APU25_02810	ips6_local								0	
APU25_02815	matches_api	IPR006082,IPR006083,IPR027417	PF00485	NF005655	PS00567		cd02026	SSF52540	5	
APU25_02820	matches_api	IPR001623,IPR036869			PS50076	SM00271	cd06257	SSF46565	4	
APU25_02825	ips6_local	IPR001623,IPR003604,IPR013087,IPR018253,IPR022755,IPR036236,IPR036869,IPR054076	PF00226,PF12171,PF21884		PS00028,PS00636,PS50076,PS50157	SM00271,SM00451	cd06257	SSF46565,SSF57667	12	
APU25_02830	matches_api								0	
APU25_02835	ips6_local								0	
APU25_02840	matches_api	IPR001766			PS50039				1	IPR036388
APU25_02845	matches_api	IPR055343	PF13883					SSF50475	2	IPR012349,IPR037119
APU25_02850	ips6_local	IPR012337,IPR022898,IPR024567	PF01351	NF000595	PS51975		cd07182	SSF53098	5	
APU25_02855	matches_api	IPR001279,IPR001660,IPR011084,IPR013761,IPR036866	PF00536,PF07522,PF12706		PS50105	SM00454	cd09487,cd16273	SSF47769,SSF56281	9	
APU25_02860	matches_api	IPR015310,IPR036338	PF09229					SSF103111	2	
APU25_02865	ips6_local	IPR001763,IPR036873			PS50206	SM00450		SSF52821	3	
APU25_02870	matches_api	IPR003369	PF02416						1	
APU25_02875	matches_api	IPR009500	PF06549						1	
APU25_02880	ips6_local	IPR006000,IPR018483,IPR018484,IPR018485,IPR043129	PF00370,PF02782	TIGR01312	PS00933		cd07809	SSF53067	6	
APU25_02885	matches_api	IPR001752,IPR027417	PF00225		PS50067	SM00129	cd01374	SSF52540	5	IPR027640,IPR036961
APU25_02890	matches_api	IPR028031	PF14687						1	IPR027986
APU25_02895	matches_api	IPR011705	PF07707			SM00875			2	
APU25_02900	matches_api	IPR006973	PF04889						1	
APU25_02905	matches_api	IPR003388	PF02453		PS50845				2	
APU25_02910	matches_api	IPR002173,IPR011611,IPR029056	PF00294		PS00584		cd01167	SSF53613	4	IPR050306
APU25_02915	ips6_local	IPR000330,IPR001650,IPR001841,IPR014001,IPR017907,IPR027370,IPR027417,IPR049730	PF00176,PF00271,PF13445		PS00518,PS50089,PS51192,PS51194	SM00184,SM00487,SM00490	cd18008,cd18793	SSF52540,SSF57850	14	
APU25_02920	matches_api								0	
APU25_02925	matches_api	IPR000571,IPR032378,IPR036855	PF00642,PF16543		PS50103	SM00356		SSF90229	5	
APU25_02930	matches_api	IPR000462,IPR048254	PF01066		PS00379				2	IPR014472,IPR043130
APU25_02935	ips6_local								0	
APU25_02940	ips6_local								0	
APU25_02945	ips6_local								0	
APU25_02950	matches_api	IPR004853	PF03151						1	IPR050186
APU25_02955	ips6_local	IPR001680,IPR006594,IPR007582,IPR019775,IPR036322,IPR037264	PF00400,PF04494		PS00678,PS50082,PS50294,PS50896	SM00320	cd00200	SSF160897,SSF50978	10	
APU25_02960	matches_api								0	
APU25_02965	ips6_local	IPR001163,IPR010920,IPR034100,IPR047575	PF01423		PS52002	SM00651	cd01722	SSF50182	5	
APU25_02970	matches_api	IPR004827,IPR045314,IPR046347	PF00170		PS00036,PS50217	SM00338	cd14702	SSF57959	6	IPR044827
APU25_02975	matches_api	IPR001406,IPR020097,IPR020103	PF01416	TIGR00071				SSF55120	3	IPR020094,IPR020095
APU25_02980	matches_api		PF09742						1	IPR019142
APU25_02985	ips6_local	IPR000340,IPR000387,IPR011009,IPR015275,IPR020422,IPR029021	PF00782,PF09192		PS50054,PS50056	SM00195	cd14498	SSF52799,SSF56112	8	
APU25_02990	ips6_local	IPR023753,IPR036188	PF07992					SSF51905	2	
APU25_02995	matches_api	IPR000473,IPR035977	PF00444	TIGR01022				SSF57840	3	IPR052010
APU25_03000	matches_api	IPR013766,IPR017937,IPR018997,IPR036249,IPR036339	PF00085,PF09409		PS00194,PS51352	SM00580	cd02947,cd09212	SSF143503,SSF52833	9	
APU25_03005	matches_api	IPR013174	PF08285						1	
APU25_03010	ips6_local	IPR001965,IPR003034,IPR004181,IPR011011,IPR036361	PF02037		PS50800,PS51044	SM00249,SM00513		SSF57903,SSF68906	7	
APU25_03015	ips6_local	IPR000467	PF01585		PS50174	SM00443			3	
APU25_03020	matches_api	IPR001487,IPR027353,IPR036427	PF00439,PF17035		PS50014,PS51525	SM00297	cd04369	SSF47370	7	IPR038336
APU25_03025	matches_api	IPR001650,IPR002464,IPR004589,IPR011545,IPR014001,IPR027417,IPR032284	PF00270,PF00271,PF16124	TIGR00614	PS00690,PS51192,PS51194	SM00487,SM00490	cd17920,cd18794	SSF52540	12	
APU25_03030	matches_api	IPR036249	PF14561					SSF52833	2	IPR011990
APU25_03035	ips6_local	IPR000897,IPR003593,IPR013822,IPR027417,IPR036225	PF00448,PF02881		PS00300	SM00382,SM00962,SM00963	cd17874	SSF47364,SSF52540	9	
APU25_03040	matches_api	IPR000719,IPR002048,IPR008271,IPR011009,IPR011992	PF00069,PF13202		PS00108,PS50011,PS50222	SM00220	cd00051,cd05117	SSF47473,SSF56112	10	IPR050205
APU25_03045	ips6_local	IPR001451,IPR005881,IPR010493,IPR011004,IPR018357,IPR045304,IPR053376	PF00132,PF06426	NF041874,TIGR01172	PS00101	SM00971	cd03354	SSF51161	8	
APU25_03050	matches_api								0	
APU25_03055	matches_api	IPR004923	PF03239						1	
APU25_03060	matches_api	IPR006685,IPR010920,IPR011014	PF00924					SSF50182,SSF82861	3	IPR045275
APU25_03065	matches_api	IPR000683,IPR036291,IPR055170	PF01408,PF22725					SSF51735,SSF55347	4	
APU25_03070	matches_api	IPR013216,IPR025774,IPR029063	PF08241		PS51581		cd02440	SSF53335	4	IPR050447
APU25_03075	matches_api	IPR001107,IPR032435,IPR036013	PF01145,PF16200			SM00244	cd08829	SSF117892	5	IPR001972,IPR050710
APU25_03080	matches_api	IPR004240	PF02990						1	
APU25_03085	matches_api	IPR001202,IPR001849,IPR036020	PF00169,PF00397		PS01159,PS50003,PS50020	SM00233,SM00456	cd00201	SSF50729,SSF51045	10	IPR011993,IPR045893
APU25_03090	matches_api	IPR007192,IPR011990,IPR019734	PF00515,PF04049,PF13174,PF13414,PF13432		PS50005	SM00028		SSF48452	8	
APU25_03095	matches_api	IPR018788	PF10178						1	IPR053720
APU25_03100	matches_api	IPR004087,IPR004088,IPR036612	PF00013		PS50084	SM00322	cd00105	SSF54791	5	
APU25_03105	ips6_local	IPR001841,IPR004274,IPR004331,IPR016965,IPR017907,IPR036412	PF03031,PF06888,PF15227		PS00518,PS50089,PS50969,PS51382	SM00184,SM00577	cd07521,cd14447,cd16449	SSF56784,SSF57850	14	
APU25_03110	ips6_local	IPR000571			PS50103	SM00356			2	
APU25_03115	matches_api								0	
APU25_03120	ips6_local								0	
APU25_03125	matches_api	IPR001623,IPR036869	PF00226		PS50076	SM00271	cd06257	SSF46565	5	
APU25_03130	matches_api	IPR016064,IPR064509	PF01513,PF20143					SSF111331	3	IPR002504,IPR017437,IPR017438
APU25_03135	matches_api	IPR000979,IPR024654,IPR028661,IPR029052	PF12850	TIGR00040			cd07394	SSF56300	4	
APU25_03140	matches_api	IPR000195,IPR035969	PF00566		PS50086	SM00164		SSF47923	4	IPR050302
APU25_03145	matches_api	IPR001214,IPR046341	PF00856		PS50280		cd10527	SSF82199	4	IPR050600
APU25_03150	ips6_local								0	
APU25_03155	matches_api	IPR005336	PF03650						1	
APU25_03160	ips6_local	IPR011697,IPR015527,IPR029062	PF07722		PS51273,PS51275			SSF52317	4	
APU25_03165	matches_api	IPR000719,IPR004147,IPR011009	PF03109		PS50011	SM00220	cd05121	SSF56112	5	IPR050154
APU25_03170	matches_api	IPR001680,IPR036322	PF00400		PS50082	SM00320		SSF50978	4	IPR015943
APU25_03175	matches_api	IPR000573,IPR001030,IPR006248,IPR018136,IPR036008	PF00330,PF00694	NF005558,TIGR01340	PS00450,PS01244		cd01578	SSF52016,SSF53732	9	IPR015928,IPR015931,IPR015932,IPR050926
APU25_03180	matches_api	IPR001509,IPR036291	PF01370				cd05271	SSF51735	3	IPR051207
APU25_03185	matches_api	IPR006156,IPR006157	PF02152	TIGR00525,TIGR00526		SM00905	cd00534	SSF55620	6	IPR043133
APU25_03190	matches_api								0	
APU25_03195	ips6_local								0	
APU25_03200	ips6_local								0	
APU25_03205	ips6_local								0	
APU25_03210	matches_api	IPR000730,IPR022648,IPR022649,IPR022659,IPR046938	PF00705,PF02747	TIGR00590	PS01251		cd00577	SSF55979	6	
APU25_03215	ips6_local	IPR006073,IPR027417,IPR048422,IPR060017	PF01926,PF21516,PF28564					SSF52540	4	
APU25_03220	matches_api	IPR011990						SSF48452	1	
APU25_03225	ips6_local	IPR004843,IPR007281,IPR029052,IPR041796	PF00149,PF04152			SM01347	cd00840	SSF56300	5	
APU25_03230	matches_api	IPR003675	PF02517						1	IPR039731
APU25_03235	ips6_local	IPR015324,IPR029063	PF09243					SSF53335	2	
APU25_03240	matches_api	IPR040233	PF09747						1	IPR018613
APU25_03245	ips6_local	IPR019595,IPR055343	PF10615,PF13883					SSF50475	3	
APU25_03250	matches_api	IPR001307,IPR001763,IPR036873	PF00581		PS00683,PS50206	SM00450	cd01448,cd01449	SSF52821	7	IPR045078
APU25_03255	matches_api	IPR011701,IPR020846,IPR036259	PF07690		PS50850			SSF103473	3	IPR044770
APU25_03260	matches_api	IPR006204,IPR020568,IPR036554	PF00288					SSF54211,SSF55060	3	IPR014721
APU25_03265	matches_api	IPR007276	PF04147						1	
APU25_03270	ips6_local	IPR003864,IPR027815,IPR032880	PF02714,PF13967,PF14703						3	
APU25_03275	matches_api	IPR004277	PF03034						1	
APU25_03280	matches_api	IPR002129,IPR010107,IPR015424	PF00282	TIGR01788				SSF53383	3	IPR015421
APU25_03285	ips6_local								0	
APU25_03290	ips6_local	IPR016087,IPR036298	PF16036					SSF54626	2	
APU25_03295	ips6_local								0	
APU25_03300	ips6_local	IPR002921,IPR029058	PF01764				cd00519	SSF53474	3	
APU25_03305	matches_api	IPR002921,IPR029058	PF01764				cd00519	SSF53474	3	IPR051218
APU25_03310	matches_api	IPR004843,IPR029052	PF00149					SSF56300	2	IPR052963
APU25_03315	ips6_local	IPR005822,IPR005823,IPR023563,IPR036899	PF00572	TIGR01066	PS00783		cd00392	SSF52161	5	
APU25_03320	ips6_local	IPR000589,IPR005290,IPR009068	PF00312	TIGR00952	PS00362	SM01387	cd00353	SSF47060	6	
APU25_03325	matches_api	IPR001841,IPR060384	PF27641		PS50089			SSF57850	3	IPR013083,IPR039301
APU25_03330	ips6_local	IPR002794	PF01940						1	
APU25_03335	ips6_local	IPR001898	PF00939	TIGR00785					2	
APU25_03340	ips6_local								0	
APU25_03345	matches_api	IPR001680,IPR036322	PF00400		PS50082,PS50294	SM00320	cd00200	SSF50978	6	IPR015943,IPR020472,IPR039241
APU25_03350	ips6_local	IPR002687,IPR012974,IPR012976,IPR036070	PF01798,PF08156		PS51358	SM00931		SSF89124	5	
APU25_03355	matches_api	IPR006955,IPR016024	PF04871					SSF48371	2	IPR011989,IPR024095
APU25_03360	matches_api	IPR001373,IPR016158,IPR016159,IPR019559,IPR036317,IPR036390,IPR059120	PF00888,PF10557,PF26557		PS50069	SM00182,SM00884		SSF46785,SSF74788,SSF75632	9	IPR036388,IPR045093
APU25_03365	matches_api	IPR002328,IPR011032,IPR013149,IPR013154,IPR020843,IPR036291,IPR045306	PF00107,PF08240		PS00059	SM00829	cd05285	SSF50129,SSF51735	7	
APU25_03370	ips6_local	IPR001854,IPR018254,IPR036049	PF00831	TIGR00012	PS00579		cd00427	SSF46561	5	
APU25_03375	matches_api	IPR002634,IPR036065	PF01722					SSF82657	2	
APU25_03380	ips6_local	IPR004871,IPR058543	PF03178,PF23726						2	
APU25_03385	ips6_local								0	
APU25_03390	ips6_local								0	
APU25_03395	matches_api	IPR003697,IPR029001	PF02545	TIGR00172			cd00555	SSF52972	4	
APU25_03400	ips6_local	IPR021418,IPR021726,IPR032302	PF11262,PF11732,PF16134						3	
APU25_03405	ips6_local								0	
APU25_03410	matches_api								0	
APU25_03415	ips6_local								0	
APU25_03420	matches_api	IPR002989	PF01469						1	
APU25_03425	ips6_local	IPR009003,IPR064058	PF30586					SSF50494	2	
APU25_03430	matches_api	IPR009003,IPR064058	PF30586					SSF50494	2	
APU25_03435	matches_api	IPR003115,IPR036086	PF02195			SM00470	cd16395	SSF110849	4	IPR016692
APU25_03440	matches_api	IPR011008						SSF54909	1	
APU25_03445	matches_api								0	
APU25_03450	ips6_local	IPR000690,IPR003604,IPR013085,IPR036236	PF06220		PS50171	SM00451		SSF57667	4	
APU25_03455	matches_api	IPR011032,IPR013149,IPR013154,IPR020843,IPR036291	PF00107,PF08240			SM00829	cd05282	SSF50129,SSF51735	6	
APU25_03460	matches_api	IPR013894,IPR032199	PF08585,PF16099			SM01161			3	IPR042470
APU25_03465	ips6_local	IPR000795,IPR002547,IPR005225,IPR009000,IPR012340,IPR023115,IPR027417,IPR029459,IPR033714,IPR036925	PF00009,PF01588,PF11987,PF14578	NF003078,TIGR00231	PS50886,PS51722		cd01887,cd02796,cd03703,cd16266	SSF50249,SSF50447,SSF52156,SSF52540	16	
APU25_03470	matches_api	IPR004853	PF03151						1	IPR050186
APU25_03475	ips6_local	IPR005755,IPR005822,IPR023563,IPR036899	PF00572	TIGR01077	PS00783		cd00392	SSF52161	5	
APU25_03480	matches_api	IPR001107,IPR036013	PF01145			SM00244	cd03407	SSF117892	4	IPR050710
APU25_03485	matches_api	IPR061980,IPR063331,IPR063482	PF30754,PF30755,PF30758						3	
APU25_03490	ips6_local	IPR000977,IPR012308,IPR012309,IPR012310,IPR012340,IPR016059,IPR036599	PF01068,PF04675,PF04679	TIGR00574	PS00333,PS00697,PS50160		cd07900,cd07969	SSF117018,SSF50249,SSF56091	12	
APU25_03495	ips6_local	IPR001478,IPR004387,IPR008915,IPR036034,IPR041489	PF02163,PF17820	TIGR00054		SM00228	cd06163	SSF50156	6	
APU25_03500	matches_api	IPR000043,IPR015878,IPR020082,IPR036291	PF00670,PF05221	NF004005,TIGR00936	PS00738,PS00739	SM00996,SM00997	cd00401	SSF51735,SSF52283	11	IPR042172
APU25_03505	ips6_local	IPR008278,IPR037143,IPR055066	PF01648,PF22624					SSF56214	3	
APU25_03510	matches_api	IPR000595,IPR002641,IPR016035,IPR018490,IPR056556	PF00027,PF01734,PF24179		PS50042,PS51635	SM00100	cd00038	SSF51206,SSF52151	9	IPR014710,IPR050301
APU25_03515	matches_api	IPR053924,IPR053926	PF02631,PF21982						2	IPR003783,IPR036388
APU25_03520	ips6_local								0	
APU25_03525	ips6_local	IPR000629,IPR001650,IPR011545,IPR014001,IPR014014,IPR025313,IPR027417	PF00270,PF00271,PF13959		PS00039,PS51192,PS51194,PS51195	SM00487,SM00490,SM01178	cd17941,cd18787	SSF52540	13	
APU25_03530	ips6_local							SSF52047	1	
APU25_03535	ips6_local	IPR012725,IPR013126,IPR018181,IPR029047,IPR029048,IPR043129	PF00012	NF001413,NF003520,TIGR02350	PS00297,PS00329		cd10234	SSF100920,SSF100934,SSF53067	10	
APU25_03540	ips6_local	IPR018392,IPR036779	PF01476		PS51782	SM00257	cd00118	SSF54106	5	
APU25_03545	matches_api	IPR023572,IPR036820	PF01951					SSF69819	2	IPR002804
APU25_03550	ips6_local								0	
APU25_03555	matches_api	IPR002133,IPR022628,IPR022629,IPR022630,IPR022631,IPR022636	PF00438,PF02772,PF02773	TIGR01034	PS00376,PS00377		cd18079	SSF55973	8	
APU25_03560	matches_api	IPR001757,IPR004014,IPR006068,IPR008250,IPR018303,IPR023298,IPR023299,IPR036412,IPR059000	PF00122,PF00689,PF00690,PF08282,PF13246	TIGR01494	PS00154	SM00831		SSF56784,SSF81653,SSF81660,SSF81665	12	IPR023214,IPR044492
APU25_03565	ips6_local								0	
APU25_03570	matches_api	IPR001163,IPR010920,IPR034101,IPR047575	PF01423		PS52002	SM00651	cd01723	SSF50182	5	IPR027141
APU25_03575	ips6_local								0	
APU25_03580	ips6_local	IPR002110,IPR036770	PF12796		PS50088,PS50297	SM00248		SSF48403	5	
APU25_03585	matches_api	IPR001041,IPR006058,IPR036010	PF00111		PS00197,PS51085		cd00207	SSF54292	5	IPR012675
APU25_03590	ips6_local	IPR003615,IPR029471,IPR063191	PF14279,PF30803			SM00507	cd00085		4	
APU25_03595	ips6_local	IPR014756,IPR032640	PF16561				cd02859	SSF81296	3	
APU25_03600	ips6_local	IPR011016	PF12906		PS51292	SM00744		SSF57850	4	
APU25_03605	ips6_local	IPR000253,IPR001965,IPR008984,IPR011011,IPR019787	PF00498,PF00628		PS50006,PS50016	SM00240,SM00249	cd15545,cd22673	SSF49879,SSF57903	10	
APU25_03610	matches_api	IPR006683,IPR029069,IPR033120	PF03061		PS51770		cd03442	SSF54637	4	IPR040170
APU25_03615	matches_api	IPR015221,IPR016155	PF09138				cd01764	SSF54285	3	IPR012675
APU25_03620	ips6_local	IPR008278,IPR037143	PF01648					SSF56214	2	
APU25_03625	matches_api	IPR004895	PF03208						1	
APU25_03630	ips6_local	IPR002477,IPR036365	PF01471					SSF47090	2	
APU25_03635	ips6_local	IPR005669	PF13531	TIGR00971				SSF53850	3	
APU25_03640	ips6_local	IPR005375,IPR029071	PF03671				cd01766	SSF54236	3	
APU25_03645	ips6_local	IPR004364,IPR004365,IPR006195,IPR012340,IPR044136,IPR045864	PF00152,PF01336		PS50862		cd04322	SSF50249,SSF55681	6	
APU25_03650	matches_api	IPR002347,IPR036291	PF00106				cd05233	SSF51735	3	IPR052625
APU25_03655	matches_api	IPR009060					cd14270	SSF46934	2	
APU25_03660	ips6_local	IPR061883	PF31137						1	
APU25_03665	matches_api	IPR006016	PF00582					SSF52402	2	
APU25_03670	matches_api	IPR013216,IPR029063	PF08241				cd02440	SSF53335	3	IPR050508
APU25_03675	ips6_local	IPR004000,IPR043129	PF00022			SM00268		SSF53067	3	
APU25_03680	matches_api	IPR001441,IPR036424	PF01255	TIGR00055			cd00475	SSF64005	4	
APU25_03685	matches_api						cd22992		1	IPR045290
APU25_03690	matches_api	IPR036140,IPR048278	PF00235					SSF55770	2	
APU25_03695	matches_api								0	IPR038863
APU25_03700	ips6_local								0	
APU25_03705	matches_api	IPR024053,IPR036208	PF01847					SSF49468,SSF55486	3	IPR024079,IPR037140
APU25_03710	matches_api	IPR001360,IPR017853	PF00232					SSF51445	2	
APU25_03715	matches_api	IPR001841,IPR017907,IPR033438	PF13639,PF17175		PS00518,PS50089	SM00184		SSF57850	6	IPR013083
APU25_03720	matches_api								0	
APU25_03725	matches_api	IPR018108,IPR023395	PF00153		PS50920,PS51257			SSF103506	4	IPR002067
APU25_03730	ips6_local	IPR022783	PF07842						1	
APU25_03735	ips6_local	IPR000719,IPR008271,IPR011009	PF00069		PS00108,PS50011	SM00220		SSF56112	5	
APU25_03740	matches_api	IPR003582,IPR023210,IPR036812	PF00248,PF01549			SM00254	cd19071	SSF51430	5	IPR020471
APU25_03745	matches_api	IPR002150,IPR034704	PF01197	TIGR00105				SSF143800	3	IPR042105
APU25_03750	matches_api	IPR002059,IPR011129,IPR012340,IPR019844	PF00313		PS00352,PS51857	SM00357	cd04458	SSF50249	6	
APU25_03755	matches_api	IPR004838,IPR004839,IPR015424	PF00155		PS00105		cd00609	SSF53383	4	IPR015421,IPR050596
APU25_03760	ips6_local	IPR020966	PF11744						1	
APU25_03765	matches_api	IPR000504,IPR035979	PF00076		PS50102	SM00360	cd12306	SSF54928	5	IPR012677
APU25_03770	ips6_local	IPR003593,IPR003959,IPR003960,IPR027417,IPR034732	PF00004,PF13771		PS00674,PS51805	SM00382	cd15571	SSF52540	7	
APU25_03775	ips6_local	IPR007621	PF04536						1	
APU25_03780	matches_api	IPR006838	PF04750						1	
APU25_03785	ips6_local	IPR004333,IPR036893	PF03110		PS51141			SSF103612	3	
APU25_03790	ips6_local								0	
APU25_03795	matches_api	IPR003439,IPR003593,IPR015856,IPR027417	PF00005		PS50893	SM00382	cd03225	SSF52540	5	IPR050095
APU25_03800	matches_api								0	
APU25_03805	matches_api								0	
APU25_03810	ips6_local								0	
APU25_03815	ips6_local	IPR013657	PF08449						1	
APU25_03820	matches_api	IPR018108,IPR023395	PF00153		PS50920			SSF103506	3	IPR002067
APU25_03825	matches_api	IPR001680,IPR019775,IPR036322	PF00400		PS00678,PS50082,PS50294	SM00320	cd00200	SSF50978	7	IPR015943,IPR020472,IPR045223
APU25_03830	ips6_local	IPR013626,IPR017941,IPR036922	PF00355,PF08417		PS51296			SSF50022,SSF55961	5	
APU25_03835	matches_api	IPR001353,IPR016050,IPR023333,IPR029055	PF00227		PS00854,PS51476		cd03757	SSF56235	5	
APU25_03840	ips6_local								0	
APU25_03845	ips6_local	IPR019496	PF10453		PS51257				2	
APU25_03850	ips6_local								0	
APU25_03855	matches_api	IPR000299,IPR000857,IPR001752,IPR019748,IPR019749,IPR019821,IPR027417,IPR035963	PF00225,PF00373,PF00784,PF21989		PS00411,PS50057,PS50067,PS51016	SM00129,SM00139,SM00295	cd01366,cd14473	SSF47031,SSF50729,SSF52540	16	IPR011993,IPR014352,IPR027640,IPR036961,IPR038185
APU25_03860	ips6_local	IPR000994,IPR007865,IPR029149,IPR036005	PF00557,PF05195			SM01011	cd01087	SSF53092,SSF55920	6	
APU25_03865	matches_api								0	
APU25_03870	matches_api							SSF52374	1	IPR014729,IPR036653
APU25_03875	ips6_local								0	
APU25_03880	ips6_local		PF19420					SSF55909	2	
APU25_03885	ips6_local	IPR002557,IPR004302,IPR036508	PF01607,PF03067		PS50940,PS51257	SM00494		SSF57625	6	
APU25_03890	ips6_local	IPR004302	PF03067						1	
APU25_03895	matches_api	IPR015797						SSF55811	1	
APU25_03900	matches_api	IPR016181,IPR022676,IPR022677,IPR022678	PF01233,PF02799		PS00975,PS00976			SSF55729	5	IPR000903
APU25_03905	matches_api	IPR000719,IPR008271,IPR011009	PF00069		PS00108,PS50011	SM00220		SSF56112	5	
APU25_03910	ips6_local	IPR063609	PF27634						1	
APU25_03915	matches_api	IPR004827,IPR046347				SM00338	cd14686	SSF57959	3	
APU25_03920	matches_api	IPR004853	PF03151						1	IPR050186
APU25_03925	matches_api	IPR018908	PF10639						1	
APU25_03930	ips6_local	IPR016024,IPR049362,IPR057566,IPR057567	PF21547,PF24173,PF24181					SSF48371	4	
APU25_03935	matches_api	IPR022227	PF12576						1	
APU25_03940	matches_api	IPR017946,IPR030395	PF03009		PS51704			SSF51695	3	IPR051578
APU25_03945	matches_api	IPR000358,IPR009078,IPR030475,IPR033909	PF00268		PS00368		cd01049	SSF47240	4	IPR012348
APU25_03950	matches_api	IPR002099,IPR013507,IPR014762,IPR014790,IPR020568,IPR036890,IPR037198	PF01119,PF08676,PF13589	TIGR00585	PS00058	SM00853,SM01340	cd03484,cd16926	SSF118116,SSF54211,SSF55874	12	IPR014721,IPR038973,IPR042120,IPR042121
APU25_03955	ips6_local	IPR004601,IPR036237	PF03851					SSF51658	2	
APU25_03960	matches_api	IPR004601,IPR036237	PF03851	TIGR00629				SSF51658	3	
APU25_03965	ips6_local	IPR001401,IPR027417,IPR030381,IPR045063	PF00350		PS51718	SM00053	cd08771	SSF52540	5	
APU25_03970	ips6_local	IPR000977,IPR001357,IPR012308,IPR012309,IPR012310,IPR012340,IPR016059,IPR036420,IPR044125	PF01068,PF04675,PF04679	TIGR00574	PS00333,PS00697,PS50160,PS50172		cd07903	SSF50249,SSF52113,SSF56091	12	
APU25_03975	matches_api	IPR002685,IPR029044	PF01793					SSF53448	2	
APU25_03980	ips6_local	IPR011335						SSF52980	1	
APU25_03985	matches_api							SSF55781	1	
APU25_03990	matches_api	IPR005378	PF03635						1	IPR042491
APU25_03995	ips6_local	IPR003228,IPR009072	PF03847				cd07981	SSF47113	3	
APU25_04000	matches_api	IPR056336	PF23317						1	IPR024862
APU25_04005	ips6_local	IPR056336	PF23317						1	
APU25_04010	matches_api	IPR063529	PF31181						1	IPR050452
APU25_04015	matches_api	IPR056336	PF23317						1	IPR024862
APU25_04020	matches_api	IPR004274,IPR036412	PF03031					SSF56784	2	IPR023214
APU25_04025	ips6_local								0	
APU25_04030	matches_api	IPR000845,IPR035994	PF01048				cd09008	SSF53167	3	IPR044580
APU25_04035	matches_api	IPR007109	PF04427		PS50833	SM00879		SSF52954	4	IPR044281
APU25_04040	matches_api	IPR002035,IPR036465	PF13519					SSF53300	2	
APU25_04045	matches_api	IPR006349,IPR006357,IPR036412	PF13242,PF13344	TIGR01452,TIGR01460				SSF56784	5	IPR023214
APU25_04050	matches_api	IPR001163,IPR010920,IPR034105,IPR047575	PF01423		PS52002	SM00651	cd01730	SSF50182	5	IPR040002
APU25_04055	ips6_local	IPR002843,IPR036079	PF01992					SSF103486	2	
APU25_04060	matches_api	IPR000923,IPR002387,IPR008972,IPR028871	PF00127	TIGR02656	PS00196		cd04219	SSF49503	5	IPR001235
APU25_04065	matches_api	IPR039204	PF22099				cd12823		2	
APU25_04070	ips6_local	IPR001611,IPR003591	PF00560,PF13855			SM00369		SSF52058	4	
APU25_04075	matches_api								0	
APU25_04080	matches_api	IPR003593,IPR004504,IPR020568,IPR020588,IPR027417,IPR041166	PF13481,PF13541,PF18073	TIGR00416	PS50162	SM00382		SSF52540,SSF54211	8	IPR014721
APU25_04085	ips6_local							SSF52047	1	
APU25_04090	matches_api	IPR011032,IPR018369,IPR020818	PF00166		PS00681	SM00883	cd00320	SSF50129	5	IPR037124
APU25_04095	matches_api	IPR001965,IPR011011,IPR011124,IPR019786,IPR019787			PS01359,PS50016,PS51050	SM00249	cd05162,cd15489	SSF57903,SSF63748	8	IPR013083
APU25_04100	matches_api	IPR004531,IPR005146,IPR005147,IPR009061,IPR040659,IPR041616,IPR045864	PF03484,PF17759,PF18262	TIGR00471	PS51483	SM00873,SM00874	cd00769	SSF46955,SSF55681	10	IPR020825,IPR045060
APU25_04105	matches_api	IPR000326,IPR036938	PF01569			SM00014		SSF48317	3	
APU25_04110	matches_api	IPR001345,IPR013078,IPR029033	PF00300		PS00175	SM00855	cd07067	SSF53254	5	IPR050275
APU25_04115	ips6_local	IPR002365,IPR008930,IPR018333,IPR032696,IPR032697	PF13243,PF13249	TIGR01787	PS01074		cd02892	SSF48239	6	
APU25_04120	ips6_local	IPR046760,IPR046761	PF06485,PF20429						2	
APU25_04125	matches_api	IPR008380,IPR036412	PF05761	TIGR02244			cd07522	SSF56784	4	IPR016695,IPR023214
APU25_04130	matches_api								0	
APU25_04135	ips6_local	IPR011990,IPR019734,IPR025986	PF13877		PS50005	SM00028		SSF48452	4	
APU25_04140	ips6_local	IPR001412,IPR002305,IPR002307,IPR002942,IPR054608	PF00579,PF22421	TIGR00234	PS00178,PS50889	SM00363	cd00165,cd00805	SSF52374,SSF55174	10	
APU25_04145	ips6_local	IPR014782,IPR015211,IPR016024,IPR042097,IPR045357,IPR049980	PF01433,PF09127,PF17900			SM01263	cd09599	SSF48371,SSF55486,SSF63737	8	
APU25_04150	matches_api	IPR002125,IPR016192,IPR016193,IPR035105	PF00383		PS00903,PS51747		cd01286	SSF53927	5	IPR015517
APU25_04155	ips6_local	IPR007361	PF04248						1	
APU25_04160	ips6_local	IPR000504,IPR035979	PF00076		PS50102	SM00360	cd00590	SSF54928	5	
APU25_04165	matches_api								0	
APU25_04170	ips6_local								0	
APU25_04175	ips6_local								0	
APU25_04180	ips6_local								0	
APU25_04185	ips6_local								0	
APU25_04190	matches_api	IPR000218,IPR005745,IPR019972,IPR036853	PF00238	TIGR01067	PS00049	SM01374	cd00337	SSF50193	6	
APU25_04195	ips6_local	IPR003613,IPR019474	PF04564,PF10408		PS51698	SM00504		SSF57850	5	
APU25_04200	ips6_local	IPR003593,IPR027417				SM00382		SSF52540	2	
APU25_04205	ips6_local	IPR001985,IPR009006,IPR016067,IPR022644,IPR022653,IPR029066,IPR048283	PF01536,PF02784	TIGR00535	PS00878			SSF50621,SSF51419,SSF56276	7	
APU25_04210	matches_api								0	
APU25_04215	matches_api	IPR016040,IPR036291	PF13460					SSF51735	2	
APU25_04220	matches_api	IPR063966	PF31213					SSF103511	2	
APU25_04225	matches_api	IPR006439,IPR036412,IPR041492	PF13419	TIGR01509				SSF56784	3	IPR023198,IPR023214,IPR051806
APU25_04230	ips6_local	IPR007853	PF05180		PS51501				2	
APU25_04235	matches_api	IPR000648,IPR037239	PF01237					SSF144000	2	
APU25_04240	ips6_local	IPR006439,IPR036412	PF00702	TIGR01549				SSF56784	3	
APU25_04245	matches_api	IPR001926,IPR005856,IPR005859,IPR036052	PF00291	TIGR01136,TIGR01139			cd01561	SSF53686	5	IPR050214
APU25_04250	ips6_local								0	
APU25_04255	ips6_local	IPR018108,IPR023395	PF00153		PS50920			SSF103506	3	
APU25_04260	matches_api	IPR001619,IPR036045	PF00995					SSF56815	2	IPR027482,IPR043127,IPR043154
APU25_04265	matches_api								0	
APU25_04270	matches_api	IPR031790	PF15906				cd16661	SSF57850	3	IPR013083,IPR016818
APU25_04275	ips6_local	IPR011016	PF12906		PS51292	SM00744		SSF57850	4	
APU25_04280	matches_api	IPR007112,IPR036749,IPR036908			PS50842		cd22271	SSF49590,SSF50685	4	
APU25_04285	ips6_local	IPR001932,IPR036457	PF00481		PS51746	SM00332	cd00143	SSF81606	5	
APU25_04290	matches_api	IPR009071,IPR036910			PS50118	SM00398		SSF47095	3	IPR031061
APU25_04295	matches_api	IPR000277,IPR015424,IPR054542	PF01053		PS00868		cd00614	SSF53383	4	IPR015421,IPR015422,IPR044639
APU25_04300	matches_api	IPR013870	PF08561						1	
APU25_04305	ips6_local								0	
APU25_04310	matches_api	IPR000953,IPR002717,IPR016181,IPR016197,IPR025995,IPR040706	PF01853,PF11717,PF17772		PS51726	SM00298		SSF54160,SSF55729	7	IPR036388,IPR050603
APU25_04315	matches_api	IPR029052						SSF56300	1	
APU25_04320	matches_api	IPR022796	PF00504					SSF103511	2	IPR001344
APU25_04325	matches_api	IPR006554,IPR006555,IPR010614,IPR010643,IPR013020,IPR014013,IPR027417	PF06733,PF06777,PF13307	TIGR00604	PS51193	SM00488,SM00491	cd18788	SSF52540	9	IPR001945,IPR045028
APU25_04330	ips6_local	IPR000432,IPR005747,IPR007696,IPR027417,IPR036187	PF00488	TIGR01069	PS00486	SM00533,SM00534		SSF48334,SSF52540	7	
APU25_04335	ips6_local	IPR001312,IPR022672,IPR022673,IPR043129	PF00349,PF03727		PS51748			SSF53067	4	
APU25_04340	matches_api	IPR008721,IPR054113	PF05460,PF21913				cd11583		3	IPR020529
APU25_04345	ips6_local	IPR015267	PF09184						1	
APU25_04350	ips6_local	IPR019035	PF09497			SM01281			2	
APU25_04355	ips6_local								0	
APU25_04360	ips6_local	IPR045325	PF06979						1	
APU25_04365	matches_api	IPR000648,IPR018494,IPR037239	PF01237		PS01013			SSF144000	3	
APU25_04370	ips6_local	IPR023753,IPR036188	PF07992					SSF51905	2	
APU25_04375	ips6_local								0	
APU25_04380	matches_api	IPR001650,IPR004589,IPR011545,IPR014001,IPR017923,IPR027417,IPR035441	PF00270,PF00271,PF08711	TIGR00614	PS51192,PS51194,PS51319	SM00487,SM00490	cd17920	SSF47676,SSF52540	12	
APU25_04385	ips6_local								0	
APU25_04390	matches_api	IPR002048,IPR003439,IPR003593,IPR011992,IPR017871,IPR027417,IPR043926	PF00005,PF19055		PS00211,PS50222,PS50893	SM00382	cd03213	SSF47473,SSF52540	9	IPR050352
APU25_04395	matches_api	IPR019605,IPR036525	PF10644					SSF52490	2	IPR049942
APU25_04400	matches_api	IPR001206,IPR016064	PF00781		PS50146	SM00046		SSF111331	4	IPR017438,IPR050187
APU25_04405	ips6_local	IPR018325,IPR018326,IPR018328,IPR038765	PF03835,PF10403,PF10405			SM01030,SM01032		SSF54001	6	
APU25_04410	matches_api								0	
APU25_04415	ips6_local	IPR004139,IPR029044	PF03071					SSF53448	2	
APU25_04420	matches_api	IPR002068,IPR008978	PF00011		PS01031		cd00298	SSF49764	4	
APU25_04425	matches_api	IPR000782,IPR036378	PF02469		PS50213	SM00554		SSF82153	4	
APU25_04430	matches_api	IPR000719,IPR011009,IPR017441,IPR020635	PF00069		PS00107,PS50011	SM00219		SSF56112	5	IPR050108
APU25_04435	matches_api	IPR000719,IPR000961,IPR008271,IPR011009,IPR017441,IPR059233	PF00069		PS00107,PS00108,PS50011,PS51285	SM00133,SM00220	cd05599,cd21742	SSF56112	10	IPR050839
APU25_04440	matches_api	IPR002347,IPR020904,IPR036291	PF13561	NF005559	PS00061			SSF51735	4	
APU25_04445	matches_api	IPR006096,IPR006097,IPR033524,IPR036291,IPR046346,IPR050724	PF00208,PF02812	NF006929	PS00074	SM00839		SSF51735,SSF53223	7	IPR006095,IPR014362
APU25_04450	matches_api								0	
APU25_04455	matches_api	IPR000008,IPR035892	PF00168		PS50004	SM00239	cd00030	SSF49562	5	
APU25_04460	ips6_local	IPR003958,IPR009072	PF00808				cd22908	SSF47113	3	
APU25_04465	matches_api	IPR001296,IPR031814,IPR038013	PF00534,PF15924				cd03806	SSF53756	4	
APU25_04470	matches_api	IPR000315,IPR001623,IPR008978,IPR018253,IPR036869	PF00226,PF00643		PS00636,PS50076	SM00271	cd06257,cd19757	SSF46565,SSF49764	9	IPR050817
APU25_04475	matches_api	IPR029044	PF13896					SSF53448	2	IPR051292
APU25_04480	ips6_local	IPR001611			PS51450			SSF52058	2	
APU25_04485	ips6_local	IPR005804,IPR015876	PF00487				cd03505		2	
APU25_04490	matches_api								0	
APU25_04495	matches_api	IPR002048,IPR011992,IPR018247	PF13499,PF13833		PS00018,PS50222	SM00054	cd00051	SSF47473	7	IPR050145
APU25_04500	matches_api	IPR004207,IPR008990	PF02941					SSF50090	2	IPR044166
APU25_04505	ips6_local	IPR000534,IPR005986,IPR012280,IPR036291	PF01118,PF02774	NF011456,TIGR01296		SM00859	cd02316,cd18131	SSF51735,SSF55347	9	
APU25_04510	ips6_local	IPR002913	PF01852		PS50848			SSF55961	3	
APU25_04515	matches_api								0	
APU25_04520	ips6_local								0	
APU25_04525	ips6_local								0	
APU25_04530	matches_api	IPR001206,IPR016064	PF00781		PS50146	SM00046		SSF111331	4	IPR017438,IPR050187
APU25_04535	matches_api	IPR000408,IPR009091,IPR058923	PF25390		PS00626,PS50012			SSF50985	4	IPR051210
APU25_04540	ips6_local	IPR001357,IPR002054,IPR010996,IPR027421,IPR029398,IPR036420,IPR043519	PF14716,PF14791		PS50172	SM00483		SSF47802,SSF52113,SSF81301	7	
APU25_04545	matches_api								0	
APU25_04550	ips6_local	IPR058581	PF04982						1	
APU25_04555	matches_api	IPR009631	PF06799						1	
APU25_04560	matches_api								0	
APU25_04565	ips6_local								0	
APU25_04570	matches_api	IPR002020,IPR005811,IPR017440,IPR017866,IPR033847,IPR036291,IPR036969	PF00285,PF00549		PS00399,PS01216,PS01217		cd06100	SSF48256,SSF51735	8	IPR016102,IPR016143
APU25_04575	matches_api								0	
APU25_04580	matches_api	IPR001753,IPR018376,IPR029045	PF00378		PS00166		cd06558	SSF52096	4	
APU25_04585	ips6_local	IPR003010,IPR003694,IPR022310,IPR036526	PF00795,PF02540	TIGR00552	PS50263		cd00553,cd07570	SSF52402,SSF56317	8	
APU25_04590	ips6_local	IPR000195,IPR021935,IPR035969	PF00566,PF12068		PS50086	SM00164		SSF47923	5	
APU25_04595	ips6_local								0	
APU25_04600	ips6_local	IPR002110,IPR036770	PF12796		PS50088,PS50297	SM00248		SSF48403	5	
APU25_04605	ips6_local	IPR003000,IPR026590,IPR029035	PF02146		PS50305			SSF52467	3	
APU25_04610	ips6_local								0	
APU25_04615	ips6_local								0	
APU25_04620	ips6_local								0	
APU25_04625	matches_api	IPR001680,IPR019775,IPR036322	PF00400		PS00678,PS50082,PS50294	SM00320		SSF50978	6	IPR015943,IPR051243
APU25_04630	ips6_local	IPR011701,IPR020846,IPR036259	PF07690		PS50850			SSF103473	3	
APU25_04635	ips6_local	IPR000225,IPR016024				SM00185		SSF48371	2	
APU25_04640	ips6_local		PF28132						1	
APU25_04645	ips6_local								0	
APU25_04650	matches_api	IPR002130,IPR020892,IPR029000	PF00160		PS00170,PS50072		cd01925	SSF50891	5	IPR044666
APU25_04655	ips6_local	IPR017703,IPR057460	PF25455	TIGR03317				SSF103025	3	
APU25_04660	ips6_local	IPR001357,IPR002054,IPR018944,IPR019843,IPR028207,IPR036420,IPR043519	PF10391,PF14792		PS00522,PS50172	SM00483	cd00141	SSF52113,SSF81301,SSF81585	9	
APU25_04665	matches_api				PS51257				1	
APU25_04670	matches_api	IPR019831,IPR019832,IPR019833,IPR036314,IPR036324	PF00081,PF02777		PS00088			SSF46609,SSF54719	5	IPR001189
APU25_04675	matches_api	IPR001611			PS51450			SSF52058	2	IPR032675,IPR050216
APU25_04680	matches_api	IPR000156,IPR015007,IPR045207	PF00638,PF08911		PS50196	SM00160	cd13169	SSF50729	6	IPR011993,IPR045255
APU25_04685	matches_api	IPR000086,IPR015797,IPR020084,IPR047198	PF00293		PS00893,PS51462		cd04666	SSF55811	5	
APU25_04690	ips6_local	IPR033471	PF06584			SM01135			2	
APU25_04695	ips6_local								0	
APU25_04700	matches_api	IPR010721	PF06966						1	
APU25_04705	matches_api	IPR002912,IPR004789,IPR019455,IPR039557,IPR045865,IPR054480	PF10369,PF22629	NF008864,TIGR00119	PS51671		cd04878	SSF55021	7	IPR027271
APU25_04710	ips6_local	IPR000368,IPR001296,IPR012820,IPR056735,IPR056736	PF00534,PF00862,PF24861,PF24862	TIGR02470				SSF53756	6	
APU25_04715	matches_api	IPR000819,IPR008283,IPR011356,IPR043472,IPR064115	PF00883,PF02789	NF002076	PS00631		cd00433	SSF52949,SSF53187	7	IPR023042
APU25_04720	ips6_local	IPR011990,IPR019734	PF13432,PF14559		PS50005	SM00028		SSF48452	5	
APU25_04725	matches_api	IPR004345	PF03134						1	
APU25_04730	matches_api	IPR003958,IPR009071,IPR009072,IPR036910	PF00505,PF00808		PS50118		cd00084	SSF47095,SSF47113	6	IPR050342
APU25_04735	ips6_local	IPR001412,IPR002305,IPR002306	PF00579	TIGR00233	PS00178		cd00806	SSF52374	5	
APU25_04740	matches_api	IPR007271,IPR037185	PF04142	TIGR00803				SSF103481	3	
APU25_04745	ips6_local	IPR012336,IPR013766,IPR036249	PF13905		PS51352		cd02964	SSF52833	4	
APU25_04750	ips6_local	IPR000261,IPR000300,IPR001680,IPR011047,IPR011992,IPR036691,IPR056454	PF22669,PF23754		PS50031	SM00128,SM00320		SSF47473,SSF50998,SSF56219	8	
APU25_04755	ips6_local	IPR001005,IPR009057,IPR039467	PF15963			SM00717	cd00167	SSF46689	4	
APU25_04760	matches_api	IPR038936	PF30997						1	
APU25_04765	matches_api	IPR003891,IPR016024	PF02847		PS51366	SM00544		SSF48371	4	IPR050781
APU25_04770	ips6_local	IPR029159	PF15011						1	
APU25_04775	matches_api								0	
APU25_04780	ips6_local	IPR001537,IPR029028	PF00588				cd18096	SSF75217	3	
APU25_04785	matches_api								0	
APU25_04790	ips6_local	IPR029344	PF15247						1	
APU25_04795	ips6_local								0	
APU25_04800	matches_api	IPR002792,IPR005839,IPR006638,IPR007197,IPR013848,IPR020612,IPR058240	PF00919,PF04055	TIGR00089	PS01278,PS50926,PS51449,PS51918	SM00729		SSF102114	9	IPR006463,IPR023404,IPR038135
APU25_04805	ips6_local	IPR006667,IPR036739	PF01769					SSF161093	2	
APU25_04810	ips6_local	IPR003395,IPR010935,IPR027417,IPR036277	PF02463,PF06470			SM00968		SSF52540,SSF75553	5	
APU25_04815	ips6_local	IPR000261,IPR011992,IPR025939	PF14186		PS50031,PS51911			SSF47473	4	
APU25_04820	matches_api	IPR013049,IPR034136,IPR036078,IPR049333	PF04406,PF20768,PF21180		PS52041		cd00223	SSF56726	6	IPR002815,IPR004085,IPR036388
APU25_04825	ips6_local	IPR006476	PF09713	TIGR01589					2	
APU25_04830	ips6_local	IPR007871,IPR021721	PF05206,PF11722						2	
APU25_04835	ips6_local								0	
APU25_04840	matches_api	IPR005117,IPR006066,IPR006067,IPR011787,IPR036136,IPR045854	PF01077,PF03460	NF010029,TIGR02042	PS00365			SSF55124,SSF56014	7	IPR045169
APU25_04845	ips6_local	IPR003448,IPR036563	PF02391				cd00756	SSF54690	3	
APU25_04850	ips6_local	IPR007274	PF04145						1	
APU25_04855	ips6_local	IPR004636,IPR005814,IPR015424,IPR049704	PF00202	NF002325,NF002874,TIGR00707	PS00600		cd00610	SSF53383	7	
APU25_04860	ips6_local	IPR005814,IPR015424,IPR049704	PF00202		PS00600		cd00610	SSF53383	4	
APU25_04865	matches_api	IPR019362	PF10229						1	
APU25_04870	ips6_local	IPR000629,IPR001650,IPR001870,IPR003877,IPR011545,IPR013320,IPR014001,IPR014014,IPR027417	PF00270,PF00271,PF00622		PS00039,PS50188,PS51192,PS51194,PS51195	SM00449,SM00487,SM00490	cd12873,cd18787	SSF49899,SSF52540	15	
APU25_04875	ips6_local								0	
APU25_04880	ips6_local								0	
APU25_04885	matches_api	IPR005351	PF03669						1	
APU25_04890	matches_api								0	
APU25_04895	ips6_local	IPR001296,IPR011835,IPR013534	PF00534,PF08323	TIGR02095			cd03791	SSF53756	5	
APU25_04900	matches_api	IPR002657	PF01758						1	IPR004710,IPR038770
APU25_04905	ips6_local	IPR060529	PF27662						1	
APU25_04910	ips6_local	IPR007379,IPR032710	PF04280	NF033779		SM00978		SSF54427	4	
APU25_04915	ips6_local	IPR006098,IPR006099,IPR006158,IPR006159,IPR016176,IPR036724	PF01642,PF02310	NF006944,TIGR00640,TIGR00641	PS51332		cd02071,cd03679	SSF51703,SSF52242	10	
APU25_04920	matches_api	IPR000119,IPR010992	PF00216					SSF47729	2	
APU25_04925	matches_api	IPR000238,IPR020053,IPR023799	PF02033	TIGR00082	PS01319			SSF89919	4	IPR015946
APU25_04930	ips6_local	IPR004113,IPR006094,IPR016164,IPR016166,IPR036318	PF01565,PF02913		PS51387			SSF55103,SSF56176	5	
APU25_04935	matches_api	IPR000868,IPR036380	PF00857					SSF52499	2	IPR052347
APU25_04940	ips6_local	IPR056557	PF23553						1	
APU25_04945	ips6_local	IPR006638,IPR007197,IPR027492,IPR058240	PF04055	TIGR00048	PS51918	SM00729	cd01335	SSF102114	6	
APU25_04950	matches_api	IPR003439,IPR003593,IPR017871,IPR027417	PF00005		PS00211,PS50893	SM00382		SSF52540	5	
APU25_04955	matches_api	IPR002818,IPR006286,IPR029062	PF01965	TIGR01382	PS51273,PS51276		cd03169	SSF52317	6	
APU25_04960	matches_api	IPR002659	PF01762						1	
APU25_04965	ips6_local	IPR006917,IPR011256,IPR018790	PF04832,PF10184					SSF55136	3	
APU25_04970	ips6_local	IPR000504,IPR035979	PF00076		PS50102	SM00360		SSF54928	4	
APU25_04975	ips6_local								0	
APU25_04980	ips6_local	IPR007271	PF04142						1	
APU25_04985	ips6_local								0	
APU25_04990	ips6_local								0	
APU25_04995	matches_api	IPR029063,IPR046408,IPR049011	PF05093,PF20922					SSF53335	3	IPR007785
APU25_05000	ips6_local	IPR012955,IPR057476	PF08172,PF25398						2	
APU25_05005	matches_api	IPR005031	PF03364					SSF55961	2	IPR023393
APU25_05010	ips6_local	IPR018816,IPR019134	PF09732,PF10312			SM01050			3	
APU25_05015	matches_api	IPR002853				SM00531		SSF57783	2	IPR013083,IPR039997
APU25_05020	ips6_local	IPR014756,IPR040445,IPR041647	PF01007,PF17655					SSF81296,SSF81324	4	
APU25_05025	ips6_local								0	
APU25_05030	ips6_local	IPR006984,IPR029060,IPR057776	PF04900,PF24779				cd08553	SSF88723	4	
APU25_05035	matches_api	IPR002119,IPR007125,IPR009072,IPR032454,IPR032458,IPR061508	PF00125,PF16211		PS00046	SM00414	cd00074	SSF47113	6	
APU25_05040	matches_api	IPR001680,IPR036322	PF00400		PS50082,PS50294	SM00320		SSF50978	5	IPR015943,IPR020472,IPR040324
APU25_05045	ips6_local								0	
APU25_05050	ips6_local	IPR010920,IPR019050,IPR025609,IPR025761,IPR025762,IPR025768	PF12701		PS51512,PS51513,PS51536	SM01199,SM01271	cd01736	SSF50182	8	
APU25_05055	ips6_local	IPR007000	PF04916						1	
APU25_05060	matches_api	IPR000554,IPR047861	PF01251		PS00948				2	
APU25_05065	ips6_local	IPR002130,IPR003613,IPR020892,IPR026951,IPR029000	PF00160		PS00170,PS50072,PS51698	SM00504	cd01923,cd16663	SSF50891,SSF57850	9	
APU25_05070	ips6_local	IPR001568,IPR018188,IPR033130,IPR033697,IPR036430	PF00445		PS00530,PS00531		cd01061	SSF55895	5	
APU25_05075	matches_api	IPR001568,IPR018188,IPR036430	PF00445		PS00530			SSF55895	3	
APU25_05080	ips6_local	IPR001568,IPR036430	PF00445					SSF55895	2	
APU25_05085	matches_api	IPR001568,IPR018188,IPR033130,IPR033697,IPR036430	PF00445		PS00530,PS00531		cd01061	SSF55895	5	
APU25_05090	matches_api	IPR014306,IPR017595,IPR018020,IPR023416,IPR023418,IPR036778,IPR036817	PF00576,PF09349	NF010372,TIGR02962,TIGR03180	PS00768		cd05822	SSF158694,SSF49472	9	
APU25_05095	matches_api	IPR001680,IPR036322,IPR056150	PF24807		PS50082,PS50294	SM00320	cd00200	SSF50978	6	IPR015943,IPR033010
APU25_05100	ips6_local								0	
APU25_05105	matches_api	IPR003173,IPR009044,IPR014876	PF02229,PF08766		PS51998			SSF109715,SSF54447	5	IPR045125
APU25_05110	matches_api	IPR010979,IPR012319,IPR015886,IPR035937	PF01149,PF06831		PS51068	SM00898,SM01232	cd08972	SSF46946,SSF81624	8	
APU25_05115	matches_api								0	
APU25_05120	ips6_local								0	
APU25_05125	ips6_local								0	
APU25_05130	matches_api	IPR001041,IPR018298,IPR036010	PF00111		PS00814,PS51085		cd00207	SSF54292	5	IPR001055,IPR012675
APU25_05135	matches_api	IPR003836,IPR043129	PF02685	TIGR00749			cd24008	SSF53067	4	
APU25_05140	ips6_local	IPR014016,IPR014017,IPR027417	PF00580,PF13361		PS51198,PS51217		cd17932,cd18807	SSF52540	7	
APU25_05145	ips6_local	IPR049625	PF04577						1	
APU25_05150	matches_api	IPR001173,IPR029044	PF13632					SSF53448	2	
APU25_05155	ips6_local	IPR007676	PF04597						1	
APU25_05160	ips6_local								0	
APU25_05165	ips6_local	IPR016181						SSF55729	1	
APU25_05170	matches_api	IPR024253,IPR036249	PF02114				cd02988	SSF52833	3	IPR051498
APU25_05175	ips6_local	IPR000432,IPR007695,IPR007696,IPR016151,IPR027417,IPR036187	PF00488,PF01624,PF05192			SM00533,SM00534	cd20404	SSF48334,SSF52540,SSF55271	9	
APU25_05180	matches_api	IPR021829,IPR029063	PF11899,PF13489				cd02440	SSF53335	4	
APU25_05185	ips6_local	IPR003593,IPR003959,IPR027417,IPR060400	PF00004,PF27107		PS50096	SM00382		SSF52540	5	
APU25_05190	matches_api		PF02466						1	IPR045238
APU25_05195	ips6_local	IPR013626,IPR036922	PF08417					SSF50022,SSF55961	3	
APU25_05200	ips6_local	IPR005828,IPR005829,IPR020846,IPR036259	PF00083		PS00216,PS00217,PS50850			SSF103473	5	
APU25_05205	ips6_local	IPR003613,IPR022764,IPR035952,IPR045210	PF01694,PF04564		PS51698	SM00504	cd16664	SSF144091,SSF57850	7	
APU25_05210	ips6_local	IPR004154,IPR006195,IPR015807,IPR041715,IPR045864	PF03129,PF13393	TIGR00442	PS50862		cd00773	SSF52954,SSF55681	7	
APU25_05215	ips6_local							SSF101447	1	
APU25_05220	ips6_local	IPR002634,IPR036065	PF01722					SSF82657	2	
APU25_05225	matches_api	IPR005835,IPR005836,IPR011004,IPR011831,IPR029044,IPR064045	PF00483,PF25247	NF002772,TIGR02091	PS00808,PS00809,PS00810		cd02508,cd04651	SSF51161,SSF53448	11	
APU25_05230	matches_api	IPR000719,IPR008271,IPR011009	PF00069		PS00108,PS50007,PS50011	SM00220		SSF56112	6	IPR047173
APU25_05235	matches_api	IPR005097,IPR036291	PF03435					SSF51735	2	IPR051276
APU25_05240	matches_api								0	IPR055323
APU25_05245	ips6_local	IPR004037,IPR004038,IPR029064	PF01248		PS01082			SSF55315	3	
APU25_05250	ips6_local								0	
APU25_05255	matches_api	IPR007956,IPR035372	PF05292,PF17408						2	IPR038351,IPR038917,IPR042303
APU25_05260	matches_api	IPR007318	PF04191						1	
APU25_05265	ips6_local								0	
APU25_05270	ips6_local	IPR000504,IPR034353,IPR035979,IPR060369	PF00076,PF27577		PS50102	SM00360	cd12263	SSF54928	6	
APU25_05275	matches_api	IPR004360,IPR029068,IPR037523	PF00903		PS51819			SSF54593	3	IPR050383
APU25_05280	matches_api								0	
APU25_05285	matches_api							SSF55961	1	IPR023393
APU25_05290	ips6_local	IPR002048,IPR003817,IPR018247,IPR033177	PF02666	TIGR00163	PS00018,PS50222				4	
APU25_05295	matches_api	IPR001247,IPR003029,IPR004087,IPR004088,IPR012162,IPR012340,IPR015847,IPR020568,IPR036345,IPR036456,IPR036612	PF00013,PF00575,PF01138,PF03725	NF008805,TIGR03591	PS50084,PS50126	SM00316,SM00322	cd11364	SSF46915,SSF50249,SSF54211,SSF54791,SSF55666	16	IPR027408
APU25_05300	matches_api	IPR006214	PF01027				cd10430		2	
APU25_05305	matches_api	IPR002800,IPR028978,IPR048022	PF01947	NF037993				SSF64288	3	
APU25_05310	matches_api	IPR000504,IPR035979	PF00076		PS50102	SM00360	cd12231	SSF54928	5	IPR012677
APU25_05315	matches_api								0	
APU25_05320	matches_api	IPR000504,IPR035979	PF00076		PS50102	SM00360	cd12307	SSF54928	5	IPR012677
APU25_05325	matches_api	IPR025086,IPR053822	PF13297,PF22782						2	IPR051421
APU25_05330	matches_api	IPR005828,IPR005829,IPR020846,IPR036259	PF00083		PS00216,PS00217,PS50850		cd17360	SSF103473	6	IPR003663,IPR050814
APU25_05335	matches_api								0	
APU25_05340	matches_api								0	
APU25_05345	ips6_local	IPR000462,IPR004570,IPR048254	PF01066	TIGR00560	PS00379				3	
APU25_05350	matches_api								0	
APU25_05355	ips6_local	IPR000571,IPR057444	PF00642,PF25512		PS50103	SM00356			4	
APU25_05360	ips6_local								0	
APU25_05365	matches_api	IPR007808	PF05129					SSF57783	2	IPR038567
APU25_05370	ips6_local								0	
APU25_05375	ips6_local								0	
APU25_05380	matches_api	IPR006221,IPR017926,IPR029062	PF00117	TIGR00566	PS51273		cd01743	SSF52317	5	IPR050472
APU25_05385	matches_api	IPR000594,IPR014929,IPR030468,IPR033127,IPR035985	PF00899,PF08825		PS00865	SM01181	cd01488	SSF69572	6	IPR023318,IPR045886
APU25_05390	ips6_local	IPR011009						SSF56112	1	
APU25_05395	matches_api	IPR005349	PF03647						1	IPR044890
APU25_05400	ips6_local	IPR003691	PF02537						1	
APU25_05405	ips6_local	IPR001619,IPR036045	PF00995					SSF56815	2	
APU25_05410	ips6_local								0	
APU25_05415	ips6_local	IPR003395,IPR027417,IPR029052	PF02463					SSF52540,SSF56300	3	
APU25_05420	matches_api	IPR006166,IPR011335,IPR047416,IPR047417	PF02732			SM00891	cd20074,cd21036	SSF52980	5	IPR033309,IPR036388,IPR042530
APU25_05425	matches_api	IPR013906	PF08597						1	IPR023194
APU25_05430	ips6_local	IPR007282	PF04153						1	
APU25_05435	ips6_local	IPR002048,IPR011992,IPR018247	PF13499		PS00018,PS50222	SM00054	cd16185	SSF47473	6	
APU25_05440	matches_api	IPR018866	PF10497						1	IPR040221
APU25_05445	ips6_local	IPR012879	PF07946						1	
APU25_05450	matches_api	IPR003251,IPR008434,IPR009078	PF02915	NF010172,TIGR02029			cd01047	SSF47240	5	
APU25_05455	ips6_local	IPR002110,IPR014043,IPR016035,IPR016036,IPR036770	PF00698,PF12796		PS50088,PS50297	SM00248,SM00827		SSF48403,SSF52151,SSF55048	9	
APU25_05460	ips6_local	IPR001494,IPR016024,IPR058669	PF03810,PF25758		PS50166	SM00913		SSF48371	5	
APU25_05465	matches_api	IPR001680,IPR019775,IPR027525,IPR036322	PF24805		PS00678,PS50082,PS50294	SM00320	cd00200	SSF50978	7	IPR015943,IPR020472
APU25_05470	ips6_local								0	
APU25_05475	matches_api	IPR000795,IPR009000,IPR009001,IPR027417,IPR054696	PF00009,PF22594		PS51722			SSF50447,SSF50465,SSF52540	6	IPR050100
APU25_05480	ips6_local	IPR002159	PF01130						1	
APU25_05485	matches_api	IPR001926,IPR004450,IPR036052	PF00291	TIGR00260			cd01563	SSF53686	4	IPR050214
APU25_05490	matches_api	IPR003698,IPR006638,IPR007197,IPR031691,IPR058240	PF04055,PF16881	NF004019,NF009544,TIGR00510	PS51918	SM00729	cd01335	SSF102114	9	IPR013785,IPR027526
APU25_05495	matches_api	IPR000870,IPR006203,IPR006204,IPR013750,IPR020568,IPR036554	PF00288,PF08544	NF002288,TIGR00191	PS00627			SSF54211,SSF55060	7	IPR014721
APU25_05500	ips6_local								0	
APU25_05505	matches_api	IPR006904	PF04819						1	IPR042127
APU25_05510	matches_api	IPR005804,IPR013866	PF00487,PF08557			SM01269			3	
APU25_05515	matches_api	IPR003700,IPR015813	PF02548	NF001452,TIGR00222			cd06557	SSF51621	5	IPR040442
APU25_05520	ips6_local	IPR002634,IPR003808,IPR036065	PF01722,PF02657					SSF82649,SSF82657	4	
APU25_05525	matches_api	IPR005349	PF03647						1	IPR044890
APU25_05530	matches_api	IPR007112,IPR036908			PS50842		cd22271	SSF50685	3	IPR036749
APU25_05535	ips6_local		PF21203				cd22209		2	
APU25_05540	matches_api	IPR002082,IPR006130,IPR006131,IPR006132,IPR036901	PF00185,PF02729	NF002032,TIGR00670	PS00097			SSF53671	6	
APU25_05545	matches_api	IPR007194,IPR024096,IPR037992	PF04051				cd14944	SSF111126	3	
APU25_05550	matches_api	IPR001844,IPR002423,IPR027409,IPR027410,IPR027413	PF00118	NF000592,NF009487,NF009488,NF009489,TIGR02348			cd03344	SSF48592,SSF52029,SSF54849	10	
APU25_05555	matches_api	IPR003451	PF02401	NF009911,TIGR00216			cd13944		4	
APU25_05560	matches_api	IPR002129,IPR015424	PF00282					SSF53383	2	IPR010977,IPR015421,IPR015422
APU25_05565	matches_api	IPR005067,IPR009078	PF03405				cd01050	SSF47240	3	IPR012348
APU25_05570	ips6_local								0	
APU25_05575	matches_api	IPR042091	PF16740						1	IPR026762
APU25_05580	matches_api	IPR017941,IPR036922,IPR057415	PF00355,PF25471	NF010001	PS51296		cd03471	SSF50022	6	IPR005805,IPR014349
APU25_05585	ips6_local	IPR002641,IPR016035,IPR021771	PF01734,PF11815		PS51635			SSF52151	4	
APU25_05590	matches_api	IPR032816	PF09335						1	IPR015414
APU25_05595	matches_api	IPR012419	PF07779						1	
APU25_05600	matches_api								0	
APU25_05605	matches_api	IPR006175,IPR035959	PF01042				cd06154	SSF55298	3	
APU25_05610	ips6_local	IPR033290	PF24161						1	
APU25_05615	ips6_local								0	
APU25_05620	ips6_local								0	
APU25_05625	matches_api	IPR003492,IPR036259	PF02487					SSF103473	2	
APU25_05630	matches_api	IPR007866	PF05197						1	
APU25_05635	matches_api								0	
APU25_05640	ips6_local	IPR002130,IPR020892,IPR029000	PF00160		PS00170,PS50072		cd01928	SSF50891	5	
APU25_05645	matches_api	IPR005814,IPR010164,IPR015424,IPR049704	PF00202	TIGR01885	PS00600		cd00610	SSF53383	5	IPR015421,IPR015422,IPR050103
APU25_05650	ips6_local	IPR009080,IPR015273,IPR015803,IPR032678	PF01406,PF09190	TIGR00435		SM00840	cd00672	SSF47323,SSF52374	7	
APU25_05655	matches_api	IPR018108,IPR023395	PF00153		PS50920			SSF103506	3	
APU25_05660	ips6_local								0	
APU25_05665	ips6_local	IPR011012,IPR022775	PF01217					SSF64356	2	
APU25_05670	ips6_local	IPR005900,IPR006148,IPR037171	PF01182	TIGR01198			cd01400	SSF100950	4	
APU25_05675	ips6_local	IPR000182,IPR016181,IPR056511	PF23209		PS51186			SSF55729	3	
APU25_05680	ips6_local	IPR013233	PF08320						1	
APU25_05685	ips6_local	IPR002885,IPR004367,IPR011990,IPR033443,IPR036915	PF02984,PF13041,PF17177	TIGR00756	PS51375		cd20529	SSF47954,SSF48452	8	
APU25_05690	matches_api	IPR032704	PF14617						1	IPR027417
APU25_05695	ips6_local	IPR036322						SSF50978	1	
APU25_05700	ips6_local	IPR003140,IPR029058	PF02230					SSF53474	2	
APU25_05705	ips6_local	IPR001202,IPR002013,IPR036020	PF02383		PS50020,PS50275	SM00456	cd00201	SSF51045	6	
APU25_05710	ips6_local	IPR031468			PS51847		cd21675		2	
APU25_05715	ips6_local	IPR002989	PF01469		PS51257				2	
APU25_05720	ips6_local	IPR002989	PF01469						1	
APU25_05725	ips6_local								0	
APU25_05730	ips6_local	IPR002989	PF01469						1	
APU25_05735	ips6_local	IPR007757,IPR029063	PF05063		PS51143			SSF53335	3	
APU25_05740	matches_api	IPR011146,IPR019808,IPR036265	PF01230		PS00892,PS51084		cd01276	SSF54197	5	IPR001310
APU25_05745	ips6_local	IPR023210,IPR036812	PF00248				cd19094	SSF51430	3	
APU25_05750	matches_api	IPR013863	PF08553					SSF63829	2	IPR015943,IPR040458
APU25_05755	matches_api	IPR002792,IPR005839,IPR005840,IPR006638,IPR007197,IPR013848,IPR020612,IPR058240	PF00919,PF04055,PF18693	TIGR00089,TIGR01125	PS01278,PS50926,PS51449,PS51918	SM00729	cd01335	SSF102114	12	IPR012340,IPR023404,IPR038135
APU25_05760	matches_api								0	
APU25_05765	matches_api								0	
APU25_05770	matches_api								0	
APU25_05775	matches_api	IPR001272,IPR008210	PF01293					SSF53795,SSF68923	3	IPR013035
APU25_05780	ips6_local	IPR004274,IPR036412	PF03031		PS50969		cd00048	SSF56784	4	
APU25_05785	matches_api	IPR007305	PF04178						1	IPR045176
APU25_05790	matches_api	IPR001736			PS50035		cd09137	SSF56024	3	IPR016270
APU25_05795	ips6_local	IPR001005,IPR001623,IPR009057,IPR018253,IPR036869,IPR054076	PF00226,PF21884,PF23082		PS00636,PS50076,PS50090	SM00271,SM00717	cd00167,cd06257	SSF46565,SSF46689	12	
APU25_05800	ips6_local	IPR000089,IPR001078,IPR004167,IPR011053,IPR036625	PF00198,PF00364,PF02817		PS50968,PS51826		cd06849	SSF47005,SSF51230,SSF52777	9	
APU25_05805	matches_api	IPR012926	PF07851						1	
APU25_05810	matches_api	IPR002347,IPR014358,IPR036291	PF13561	NF004957			cd05372	SSF51735	4	
APU25_05815	matches_api	IPR013517,IPR028994,IPR056376	PF13517,PF23722					SSF69318	3	IPR045232
APU25_05820	matches_api	IPR001680,IPR036322	PF00400			SM00320		SSF50978	3	IPR015943,IPR051150
APU25_05825	matches_api	IPR001623,IPR036869	PF00226		PS50076	SM00271	cd06257	SSF46565	5	
APU25_05830	ips6_local								0	
APU25_05835	ips6_local								0	
APU25_05840	ips6_local								0	
APU25_05845	ips6_local	IPR005018			PS50836				1	
APU25_05850	ips6_local	IPR005018,IPR006593	PF03188		PS50836,PS50939	SM00665	cd08760		5	
APU25_05855	ips6_local	IPR002921,IPR029058	PF01764				cd00519	SSF53474	3	
APU25_05860	ips6_local	IPR001623,IPR002939,IPR008971,IPR018253,IPR036869	PF00226,PF01556		PS00636,PS50076	SM00271	cd06257	SSF46565,SSF49493	8	
APU25_05865	ips6_local								0	
APU25_05870	ips6_local								0	
APU25_05875	ips6_local	IPR013584,IPR016024,IPR058917	PF08373,PF26188		PS51286	SM00952		SSF48371	5	
APU25_05880	matches_api	IPR001806,IPR005225,IPR027417	PF00071	TIGR00231	PS51417,PS51419,PS51420,PS51421	SM00173,SM00174,SM00175,SM00176,SM00177	cd01863	SSF52540	13	IPR050227
APU25_05885	matches_api	IPR001660,IPR013761	PF07647		PS50105	SM00454		SSF47769	4	IPR039184
APU25_05890	ips6_local	IPR003593,IPR003959,IPR004487,IPR019489,IPR027417	PF07724,PF10431	NF003745,TIGR00382		SM00382,SM01086	cd19497	SSF52540	8	
APU25_05895	matches_api	IPR009069						SSF47072	1	
APU25_05900	ips6_local	IPR004274,IPR011948,IPR036412	PF03031	TIGR02251	PS50969	SM00577	cd07521	SSF56784	6	
APU25_05905	matches_api	IPR035445						SSF55277	1	
APU25_05910	matches_api	IPR003729,IPR036104	PF02577		PS51658			SSF103256	3	
APU25_05915	matches_api	IPR006342,IPR029063	PF05050	TIGR01444				SSF53335	3	IPR052514
APU25_05920	ips6_local	IPR006342,IPR029063	PF05050	TIGR01444				SSF53335	3	
APU25_05925	ips6_local	IPR022042	PF12251						1	
APU25_05930	matches_api	IPR002051,IPR016084					cd19165	SSF48613	2	
APU25_05935	ips6_local	IPR019354	PF10220						1	
APU25_05940	matches_api	IPR003171,IPR004621,IPR029041	PF02219	TIGR00677			cd00537	SSF51730	4	
APU25_05945	ips6_local	IPR003121,IPR014876,IPR019835,IPR036885	PF02201,PF08766		PS51925,PS51998	SM00151	cd10567	SSF109715,SSF47592	8	
APU25_05950	matches_api								0	
APU25_05955	matches_api	IPR009003,IPR036034,IPR041517	PF13365,PF17815					SSF50156,SSF50494	4	IPR001940,IPR046449
APU25_05960	matches_api								0	IPR040357
APU25_05965	ips6_local	IPR011033,IPR027275	PF05239					SSF50346	2	
APU25_05970	ips6_local	IPR000719,IPR011009			PS50011	SM00220		SSF56112	3	
APU25_05975	ips6_local								0	
APU25_05980	ips6_local	IPR016024						SSF48371	1	
APU25_05985	matches_api								0	
APU25_05990	matches_api	IPR003386,IPR029058	PF02450					SSF53474	2	
APU25_05995	matches_api	IPR007462	PF04367						1	
APU25_06000	matches_api	IPR001852,IPR011060,IPR033755	PF01680	NF003215,TIGR00343	PS01235,PS51129		cd04727	SSF51366	7	IPR013785
APU25_06005	matches_api	IPR000644,IPR046342	PF00571		PS51371	SM00116	cd02205	SSF54631	5	IPR050511
APU25_06010	matches_api	IPR013730	PF08524						1	
APU25_06015	matches_api								0	
APU25_06020	ips6_local	IPR001236,IPR001252,IPR010945,IPR011273,IPR015955,IPR022383,IPR036291	PF00056,PF02866	NF003916,TIGR01757,TIGR01759	PS00068		cd01338	SSF51735,SSF56327	9	
APU25_06025	matches_api	IPR001650,IPR002464,IPR003593,IPR007502,IPR011545,IPR011709,IPR014001,IPR027417,IPR044756,IPR048333	PF00270,PF00271,PF04408,PF07717,PF21010		PS00690,PS51192,PS51194	SM00382,SM00487,SM00490,SM00847	cd17973,cd18791	SSF52540	15	
APU25_06030	matches_api	IPR014730,IPR033948	PF01012			SM00893	cd01714	SSF52402	4	IPR012255,IPR014729
APU25_06035	ips6_local	IPR005493,IPR010203,IPR036704	PF03737	NF006875,TIGR01935			cd16841	SSF89562	5	
APU25_06040	matches_api	IPR018108,IPR023395	PF00153		PS50920			SSF103506	3	IPR002067,IPR050567
APU25_06045	ips6_local	IPR000192,IPR015424,IPR020578	PF00266		PS00595		cd06451	SSF53383	4	
APU25_06050	matches_api								0	
APU25_06055	ips6_local	IPR001236,IPR001252,IPR010097,IPR015955,IPR022383,IPR036291	PF00056,PF02866	TIGR01772	PS00068		cd01337	SSF51735,SSF56327	7	
APU25_06060	ips6_local	IPR006909,IPR006910,IPR036390	PF04824,PF04825					SSF46785	3	
APU25_06065	ips6_local	IPR002328,IPR011032,IPR013149,IPR013154,IPR014183,IPR020843,IPR036291	PF00107,PF08240	TIGR02818	PS00059	SM00829	cd08300	SSF50129,SSF51735	8	
APU25_06070	ips6_local	IPR002489,IPR002932,IPR006005,IPR006982,IPR017932,IPR023753,IPR028261,IPR029055,IPR036188,IPR036485	PF00310,PF01493,PF01645,PF04898,PF07992,PF14691	NF008730,TIGR01317	PS51278		cd00713,cd00982,cd02808	SSF46548,SSF51395,SSF51905,SSF56235,SSF69336	17	
APU25_06075	matches_api								0	IPR044966
APU25_06080	ips6_local	IPR001683,IPR036871	PF00787		PS50195	SM00312		SSF64268	4	
APU25_06085	ips6_local	IPR004939,IPR008979,IPR016901	PF03256		PS51284	SM01337	cd08366	SSF49785	5	
APU25_06090	matches_api	IPR007527			PS50966				1	
APU25_06095	matches_api								0	
APU25_06100	ips6_local	IPR008979,IPR011705,IPR022041	PF07707,PF12248			SM00875		SSF49785	4	
APU25_06105	matches_api	IPR003038	PF02109						1	
APU25_06110	ips6_local	IPR008011	PF05347						1	
APU25_06115	matches_api	IPR001353,IPR022281,IPR023333,IPR029055	PF00227	NF003964,TIGR03692	PS51476		cd01913	SSF56235	6	
APU25_06120	matches_api	IPR002755,IPR014052	PF01896	TIGR00335			cd04860	SSF56747	4	
APU25_06125	ips6_local	IPR005835,IPR018357,IPR029044,IPR045233,IPR056729	PF00483,PF25087		PS00101		cd06425	SSF53448	5	
APU25_06130	matches_api	IPR000555,IPR006141,IPR012337,IPR012591,IPR012592,IPR012984,IPR019580,IPR019581,IPR019582,IPR021983,IPR036844,IPR037518	PF01398,PF08082,PF08083,PF08084,PF10596,PF10597,PF10598,PF12134		PS50249,PS50817	SM00232	cd08056,cd13838	SSF51294,SSF53098	15	IPR027652,IPR042516,IPR043172,IPR043173
APU25_06135	ips6_local	IPR043519,IPR058920	PF26180					SSF81301,SSF81631	3	
APU25_06140	ips6_local	IPR001680,IPR011047,IPR019775,IPR036322,IPR041452	PF00400,PF17908		PS00678,PS50082,PS50294	SM00320	cd00200	SSF50978,SSF50998	9	
APU25_06145	matches_api	IPR001841,IPR024766	PF12678		PS50089	SM00184		SSF57850	4	IPR013083,IPR051031
APU25_06150	matches_api	IPR036412,IPR041492	PF13419				cd07505	SSF56784	3	IPR023198,IPR023214
APU25_06155	matches_api						cd11296		1	
APU25_06160	matches_api	IPR009038	PF01105			SM01190			2	IPR015720
APU25_06165	matches_api								0	
APU25_06170	matches_api	IPR011990,IPR019734	PF13432,PF14559		PS50005	SM00028		SSF48452,SSF81901	6	IPR031101
APU25_06175	matches_api	IPR000640,IPR000795,IPR005225,IPR006298,IPR009000,IPR027417,IPR031157,IPR035647,IPR035651,IPR047041,IPR047042,IPR047043,IPR048876,IPR053905	PF00009,PF00679,PF21018,PF22042	TIGR00231,TIGR01394	PS00301,PS51722	SM00838	cd01891,cd03691,cd03710,cd16263	SSF50447,SSF52540,SSF54980	16	IPR042116
APU25_06180	matches_api	IPR029063,IPR030382,IPR056743,IPR056744	PF02475,PF25133		PS51684			SSF53335	4	IPR025792
APU25_06185	ips6_local	IPR000547,IPR007810,IPR063274,IPR064047	PF05131,PF28736,PF28737		PS50236			SSF75011	5	
APU25_06190	ips6_local	IPR008183,IPR011013,IPR025532	PF01263				cd09020	SSF74650	3	
APU25_06195	matches_api	IPR021825	PF11891						1	
APU25_06200	ips6_local	IPR036860					cd00173	SSF55550	2	
APU25_06205	matches_api	IPR004882	PF03194						1	
APU25_06210	matches_api	IPR007529	PF04438		PS51083		cd21437	SSF144232	4	IPR039723
APU25_06215	matches_api	IPR006353,IPR006357,IPR036412	PF13242,PF13344	TIGR01456,TIGR01460				SSF56784	5	IPR023214,IPR050324
APU25_06220	matches_api	IPR004827,IPR046347	PF00170		PS50217	SM00338	cd14704	SSF57959	5	
APU25_06225	matches_api	IPR007135	PF03987						1	
APU25_06230	ips6_local	IPR001128,IPR017972,IPR036396	PF00067		PS00086		cd11046	SSF48264	4	
APU25_06235	ips6_local	IPR001763,IPR036873	PF00581		PS50206	SM00450	cd00158	SSF52821	5	
APU25_06240	matches_api								0	
APU25_06245	matches_api	IPR000504,IPR035979	PF00076		PS50102			SSF54928	3	IPR012677
APU25_06250	ips6_local	IPR001164,IPR008942,IPR013809,IPR037278	PF01412,PF01417		PS50115,PS50942	SM00105,SM00273	cd03571,cd08204	SSF48464,SSF57863	10	
APU25_06255	matches_api	IPR040464	PF05770						1	IPR008656
APU25_06260	matches_api								0	
APU25_06265	matches_api	IPR002068,IPR008978	PF00011		PS01031		cd06464	SSF49764	4	IPR031107
APU25_06270	matches_api	IPR001905,IPR024041	PF00909	TIGR00836				SSF111352	3	IPR029020
APU25_06275	ips6_local	IPR004625,IPR013749,IPR029056	PF08543	TIGR00687	PS51257		cd01173	SSF53613	5	
APU25_06280	ips6_local	IPR004456,IPR006124,IPR017850	PF01676,PF10143				cd16011	SSF53649	4	
APU25_06285	matches_api								0	
APU25_06290	ips6_local	IPR060581	PF27980						1	
APU25_06295	ips6_local	IPR010844	PF07303		PS51980				2	
APU25_06300	matches_api	IPR001163,IPR010920,IPR017132,IPR047575	PF01423		PS52002	SM00651	cd01729	SSF50182	5	IPR044641
APU25_06305	matches_api	IPR008979,IPR013857	PF08547					SSF49785	2	IPR039131
APU25_06310	matches_api	IPR009543	PF25036						1	IPR026847
APU25_06315	ips6_local	IPR000277,IPR015424	PF01053					SSF53383	2	
APU25_06320	ips6_local	IPR001377	PF01092			SM01405			2	
APU25_06325	ips6_local	IPR003347,IPR003349,IPR004198	PF02373,PF02375,PF02928		PS51183,PS51184	SM00545,SM00558		SSF51197	8	
APU25_06330	matches_api	IPR027417						SSF52540	1	IPR005294
APU25_06335	ips6_local	IPR000504,IPR035979	PF00076		PS50102	SM00360	cd00590	SSF54928	5	
APU25_06340	ips6_local	IPR006073,IPR022998,IPR027417,IPR036206	PF01926,PF02581				cd09912	SSF51391,SSF52540	5	
APU25_06345	matches_api	IPR025564	PF14159						1	IPR033344
APU25_06350	matches_api	IPR006461	PF04749	TIGR01571					2	
APU25_06355	ips6_local								0	
APU25_06360	matches_api	IPR003613	PF04564		PS51698	SM00504	cd16655	SSF57850	5	IPR013083,IPR052085
APU25_06365	ips6_local	IPR007849	PF05176						1	
APU25_06370	matches_api								0	
APU25_06375	ips6_local	IPR002646,IPR032828,IPR043519	PF01743,PF12627				cd05398	SSF81301,SSF81891	5	
APU25_06380	ips6_local	IPR000626,IPR001394,IPR018200,IPR028889,IPR029071,IPR038765	PF00443		PS00972,PS00973,PS50053,PS50235	SM00213	cd02657,cd16104	SSF54001,SSF54236	10	
APU25_06385	matches_api	IPR001594	PF01529		PS50216				2	IPR039859
APU25_06390	ips6_local	IPR009003,IPR064058	PF30586					SSF50494	2	
APU25_06395	matches_api	IPR004928	PF03244						1	
APU25_06400	matches_api	IPR009737,IPR036249	PF06999					SSF52833	2	
APU25_06405	matches_api	IPR001926,IPR005966,IPR036052	PF00291	TIGR01275				SSF53686	3	IPR027278
APU25_06410	matches_api	IPR007681,IPR016123	PF04603					SSF55724	2	
APU25_06415	matches_api								0	
APU25_06420	matches_api								0	
APU25_06425	matches_api	IPR010674,IPR027417,IPR030389,IPR041623	PF02421,PF06858,PF17835					SSF52540	4	IPR006073
APU25_06430	ips6_local	IPR001878,IPR036875	PF00098		PS50158	SM00343		SSF57756	4	
APU25_06435	matches_api	IPR002496,IPR008179,IPR021130,IPR038019	PF01502,PF01503	NF000768,TIGR03188			cd11534	SSF101386,SSF141734	7	IPR023019
APU25_06440	matches_api	IPR001163,IPR010920,IPR060343	PF01423,PF28412			SM00651		SSF50182	4	IPR039267
APU25_06445	matches_api	IPR005031	PF03364					SSF55961	2	IPR023393
APU25_06450	ips6_local	IPR022796	PF00504					SSF103511	2	
APU25_06455	matches_api	IPR016156,IPR023753,IPR036188,IPR048618	PF07992,PF21791					SSF51905,SSF55424	4	IPR050446
APU25_06460	ips6_local	IPR003021	PF02144						1	
APU25_06465	ips6_local								0	
APU25_06470	ips6_local								0	
APU25_06475	matches_api								0	
APU25_06480	matches_api	IPR002124	PF01215		PS51257,PS51359			SSF57802	4	IPR036972
APU25_06485	ips6_local								0	
APU25_06490	matches_api	IPR002358,IPR019906,IPR020040,IPR036789	PF00347	TIGR03654	PS00525			SSF56053	4	IPR000702
APU25_06495	matches_api	IPR021622	PF11559						1	
APU25_06500	matches_api	IPR044076	PF00428				cd05833		2	IPR027534,IPR038716
APU25_06505	ips6_local								0	
APU25_06510	matches_api	IPR001041,IPR006058,IPR010241,IPR036010	PF00111	TIGR02008	PS00197,PS51085		cd00207	SSF54292	6	IPR012675
APU25_06515	ips6_local	IPR002123,IPR023083	PF01553,PF14829			SM00563		SSF69593	4	
APU25_06520	matches_api	IPR001602,IPR035917	PF01894	TIGR00149				SSF111038	3	
APU25_06525	matches_api	IPR059242					cd23701		1	
APU25_06530	ips6_local	IPR003425	PF02325						1	
APU25_06535	ips6_local	IPR017946,IPR030395	PF03009		PS51704		cd08556	SSF51695	4	
APU25_06540	ips6_local	IPR001752,IPR019821,IPR027417	PF00225		PS00411,PS50067	SM00129	cd01374	SSF52540,SSF57997	7	
APU25_06545	matches_api	IPR002877,IPR002942,IPR004538,IPR029063	PF01479,PF01728	TIGR00478	PS50889	SM00363	cd00165,cd02440	SSF53335,SSF55174	9	IPR036986,IPR047048
APU25_06550	matches_api								0	
APU25_06555	matches_api	IPR011701,IPR020846,IPR036259	PF07690		PS50850			SSF103473	3	IPR000849,IPR051337
APU25_06560	matches_api								0	
APU25_06565	ips6_local	IPR000432,IPR005747,IPR027417,IPR036187	PF00488	TIGR01069		SM00534		SSF48334,SSF52540	5	
APU25_06570	ips6_local	IPR003439,IPR003593,IPR017871,IPR027417,IPR032781,IPR058770	PF00005,PF12848,PF26051		PS00211,PS50893	SM00382	cd03221	SSF52540	8	
APU25_06575	matches_api								0	IPR042421
APU25_06580	ips6_local	IPR019133	PF09731						1	
APU25_06585	matches_api	IPR000182,IPR016181	PF00583		PS51186		cd04301	SSF55729	4	IPR050832
APU25_06590	ips6_local	IPR000941,IPR020809,IPR020810,IPR020811,IPR029017,IPR036849	PF00113,PF03952	TIGR01060	PS00164	SM01192,SM01193	cd03313,cd22962	SSF47391,SSF51604,SSF54826	11	
APU25_06595	ips6_local	IPR003844,IPR037185	PF02694	NF002586				SSF103481	3	
APU25_06600	ips6_local								0	
APU25_06605	matches_api	IPR019140	PF09739						1	
APU25_06610	ips6_local	IPR025954,IPR045353	PF14443,PF19256			SM01122			3	
APU25_06615	ips6_local								0	
APU25_06620	ips6_local	IPR016087,IPR036298	PF02431					SSF54626	2	
APU25_06625	ips6_local								0	
APU25_06630	matches_api	IPR004088,IPR012340,IPR036612,IPR037319	PF15985,PF21262				cd05790	SSF110324,SSF50249,SSF54791	6	IPR026699
APU25_06635	ips6_local	IPR004827			PS00036	SM00338	cd14686		3	
APU25_06640	ips6_local	IPR004827			PS00036				1	
APU25_06645	ips6_local	IPR004827			PS00036				1	
APU25_06650	ips6_local								0	
APU25_06655	matches_api								0	
APU25_06660	ips6_local	IPR004827			PS00036		cd14686		2	
APU25_06665	matches_api								0	
APU25_06670	ips6_local	IPR004827			PS00036				1	
APU25_06675	matches_api	IPR001412,IPR002305,IPR002306	PF00579	TIGR00233	PS00178		cd00806	SSF52374	5	IPR014729
APU25_06680	matches_api		PF02466						1	IPR039175
APU25_06685	matches_api								0	
APU25_06690	matches_api								0	
APU25_06695	matches_api	IPR001680,IPR011047,IPR019775,IPR056153	PF23381		PS00678,PS50082,PS50294	SM00320	cd00200	SSF50998	7	IPR015943,IPR020472,IPR037588
APU25_06700	ips6_local	IPR009071,IPR036910	PF00505		PS50118	SM00398	cd00084	SSF47095	5	
APU25_06705	matches_api	IPR000008,IPR031468,IPR035892,IPR039010	PF00168,PF17047		PS50004,PS51847	SM00239	cd00030,cd21677	SSF49562	8	IPR045050
APU25_06710	ips6_local								0	
APU25_06715	matches_api	IPR037485	PF22978						1	
APU25_06720	matches_api								0	
APU25_06725	ips6_local						cd14686		1	
APU25_06730	matches_api	IPR001602,IPR035917	PF01894	TIGR00149	PS01314			SSF111038	4	
APU25_06735	matches_api								0	
APU25_06740	ips6_local	IPR000782,IPR036378			PS50213,PS51257			SSF82153	3	
APU25_06745	matches_api	IPR000782,IPR036378	PF02469		PS50213,PS51257	SM00554		SSF82153	5	
APU25_06750	matches_api	IPR022227	PF12576						1	
APU25_06755	matches_api								0	
APU25_06760	matches_api	IPR000008,IPR031468,IPR035892,IPR039010	PF00168,PF17047		PS50004,PS51847	SM00239	cd00030,cd21677	SSF49562	8	IPR045050
APU25_06765	matches_api	IPR003864,IPR027815,IPR032880	PF02714,PF13967,PF14703						3	IPR045122
APU25_06770	matches_api	IPR007213,IPR011610,IPR029063	PF04072	TIGR00027				SSF53335	3	
APU25_06775	matches_api	IPR008979,IPR017853,IPR036156,IPR041625,IPR054593	PF17753,PF22666		PS51257			SSF49303,SSF49785,SSF51445	6	IPR013783,IPR050887
APU25_06780	matches_api								0	
APU25_06785	matches_api	IPR000225,IPR016024			PS50176			SSF48371	2	IPR011989
APU25_06790	ips6_local	IPR027417	PF13671					SSF52540	2	
APU25_06795	matches_api	IPR004276	PF03033					SSF53756	2	IPR050426
APU25_06800	ips6_local	IPR000569,IPR009060,IPR010309,IPR010314,IPR015940,IPR025527,IPR035983	PF00632,PF06012,PF06025,PF14377,PF22562		PS50030,PS50237,PS52064	SM00119	cd00078	SSF46934,SSF56204	12	
APU25_06805	ips6_local	IPR003673,IPR023606	PF02515					SSF89796	2	
APU25_06810	matches_api	IPR015797						SSF55811	1	
APU25_06815	matches_api	IPR002110,IPR036770	PF00023,PF12796		PS50088,PS50297	SM00248		SSF48403	6	
APU25_06820	ips6_local	IPR004808,IPR005135,IPR010666,IPR020847,IPR020848,IPR036691	PF03372,PF06839		PS00726,PS00728,PS51435,PS51999			SSF56219	7	
APU25_06825	matches_api	IPR019180	PF09791						1	
APU25_06830	matches_api	IPR005995,IPR006124,IPR011258,IPR017850,IPR036646	PF01676,PF06415	TIGR01307			cd16010	SSF53649,SSF64158	6	
APU25_06835	matches_api								0	
APU25_06840	matches_api								0	IPR023614
APU25_06845	ips6_local	IPR009003	PF13365					SSF50494	2	
APU25_06850	matches_api				PS51257				1	
APU25_06855	ips6_local	IPR000999,IPR001650,IPR003100,IPR005034,IPR011545,IPR014001,IPR027417,IPR036389	PF00270,PF00271,PF00636,PF03368		PS00517,PS50142,PS51192,PS51194,PS51327	SM00487,SM00490,SM00535,SM00949	cd00593,cd18034	SSF52540,SSF54768,SSF69065	18	
APU25_06860	ips6_local	IPR001650,IPR007502,IPR011545,IPR011709,IPR014001,IPR027417	PF00270,PF00271,PF07717,PF21010		PS51192,PS51194	SM00487,SM00490,SM00847	cd18791	SSF52540	11	
APU25_06865	matches_api								0	
APU25_06870	ips6_local							SSF51197	1	
APU25_06875	matches_api	IPR024336	PF12928						1	IPR024337
APU25_06880	ips6_local	IPR010326	PF06046						1	
APU25_06885	ips6_local	IPR016024,IPR022075,IPR032460	PF11935,PF12295					SSF48371	3	
APU25_06890	matches_api	IPR000426,IPR001353,IPR023332,IPR029055	PF00227,PF10584	NF003075	PS00388,PS51475	SM00948	cd03752	SSF56235	8	
APU25_06895	ips6_local								0	
APU25_06900	matches_api	IPR000330,IPR001650,IPR001841,IPR014001,IPR027417,IPR049730	PF00176,PF00271,PF13639		PS50089,PS51194	SM00184,SM00487,SM00490	cd18793	SSF52540,SSF57850	11	IPR013083,IPR038718,IPR052583
APU25_06905	matches_api	IPR003008,IPR008280,IPR013838,IPR017975,IPR018316,IPR036525	PF00091,PF03953		PS00227,PS00228	SM00864,SM00865	cd02187	SSF52490,SSF55307	9	IPR000217,IPR002453,IPR023123,IPR037103
APU25_06910	matches_api	IPR007120,IPR007121,IPR007641,IPR007642,IPR007644,IPR007645,IPR007646,IPR007647,IPR015712	PF00562,PF04560,PF04561,PF04563,PF04565,PF04566,PF04567		PS01166		cd00653	SSF64484	10	IPR014724,IPR037033,IPR037034
APU25_06915	matches_api	IPR013169	PF08315						1	
APU25_06920	ips6_local	IPR001394,IPR002083,IPR018200,IPR024729,IPR028889,IPR029346,IPR038765	PF00443,PF12436,PF14533,PF22486		PS00972,PS00973,PS50144,PS50235	SM00061	cd00121,cd02659	SSF49599,SSF54001	13	
APU25_06925	ips6_local	IPR000182,IPR001048,IPR016181,IPR036393	PF00583,PF00696		PS51186		cd04301	SSF53633,SSF55729	6	
APU25_06930	matches_api	IPR007197,IPR058240	PF04055		PS51918		cd01335	SSF102114	4	IPR004383,IPR013785,IPR040072
APU25_06935	matches_api	IPR004087,IPR004088,IPR036612	PF00013			SM00322	cd00105	SSF54791	4	
APU25_06940	matches_api	IPR022796	PF00504					SSF103511	2	IPR001344
APU25_06945	ips6_local	IPR004241,IPR029071	PF02991				cd16128	SSF54236	3	
APU25_06950	ips6_local	IPR001047,IPR018283,IPR022309	PF01201	TIGR00307	PS01193		cd11380		4	
APU25_06955	matches_api	IPR021137,IPR037229	PF01632					SSF143034	2	IPR001706
APU25_06960	ips6_local	IPR001623,IPR011990,IPR018253,IPR019734,IPR036869	PF00226,PF13432,PF14559		PS00636,PS50005,PS50076	SM00028,SM00271	cd06257	SSF46565,SSF48452	11	
APU25_06965	matches_api	IPR007308			PS51479				1	IPR038534,IPR039693
APU25_06970	ips6_local								0	
APU25_06975	matches_api	IPR013261	PF08294		PS51257				2	IPR038552
APU25_06980	ips6_local	IPR002293	PF13520						1	
APU25_06985	matches_api	IPR032710,IPR036188	PF13738					SSF51905,SSF54427	3	IPR050982
APU25_06990	matches_api	IPR007461	PF04366				cd11524		2	IPR051702
APU25_06995	ips6_local	IPR001412,IPR002300,IPR002301,IPR009008,IPR009080,IPR010663,IPR013155,IPR033708	PF00133,PF06827,PF08264	TIGR00392	PS00178		cd07960	SSF47323,SSF50677,SSF52374	9	
APU25_07000	ips6_local								0	
APU25_07005	ips6_local								0	
APU25_07010	ips6_local	IPR000169,IPR000668,IPR013201,IPR025660,IPR025661,IPR038765,IPR039417	PF00112,PF08246		PS00139,PS00639,PS00640	SM00645,SM00848	cd02248	SSF54001	9	
APU25_07015	matches_api	IPR054414	PF06244						1	IPR010422
APU25_07020	matches_api	IPR002314,IPR002320,IPR004095,IPR004154,IPR006195,IPR012676,IPR012947,IPR018163,IPR033728,IPR045864,IPR047246	PF00587,PF02824,PF03129,PF07973	TIGR00418	PS50862,PS51880	SM00863	cd00771,cd00860,cd01667	SSF52954,SSF55186,SSF55681,SSF81271	15	IPR012675,IPR036621
APU25_07025	matches_api	IPR001623,IPR002939,IPR008971,IPR018253,IPR036869	PF00226,PF01556		PS00636,PS50076	SM00271	cd06257,cd10747	SSF46565,SSF49493	9	
APU25_07030	matches_api	IPR000811,IPR035090	PF00343		PS00102		cd04300	SSF53756	4	
APU25_07035	matches_api	IPR000994,IPR002467,IPR031615,IPR036005	PF00557,PF15801	TIGR00500	PS00680,PS52013		cd01086	SSF55920	7	IPR001714
APU25_07040	matches_api	IPR003375,IPR008990	PF02427	NF002745				SSF50090	3	
APU25_07045	matches_api	IPR006696	PF04241						1	
APU25_07050	ips6_local	IPR001568,IPR018188,IPR033130,IPR033697,IPR036430	PF00445		PS00530,PS00531		cd01061	SSF55895	5	
APU25_07055	ips6_local	IPR019152	PF09755						1	
APU25_07060	ips6_local	IPR013197,IPR055207	PF08221,PF22536						2	
APU25_07065	matches_api								0	
APU25_07070	ips6_local	IPR021966,IPR024598,IPR025086,IPR031774	PF11931,PF12108,PF13297,PF16837						4	
APU25_07075	matches_api	IPR003690	PF02536			SM00733			2	IPR038538
APU25_07080	matches_api								0	
APU25_07085	matches_api								0	
APU25_07090	matches_api	IPR005612	PF03914,PF26702						2	IPR027193
APU25_07095	matches_api	IPR015813,IPR039556	PF13714				cd00377	SSF51621	3	IPR040442
APU25_07100	matches_api	IPR000073,IPR029058	PF00561					SSF53474	2	IPR050471
APU25_07105	ips6_local	IPR011990						SSF48452	1	
APU25_07110	matches_api	IPR011513	PF07574						1	IPR036388
APU25_07115	ips6_local	IPR001902,IPR002645,IPR011547,IPR036513	PF00916,PF01740	TIGR00815	PS50801		cd07042	SSF52091	6	
APU25_07120	matches_api	IPR006767,IPR006768,IPR036265	PF04676,PF04677					SSF54197	3	IPR040194
APU25_07125	matches_api	IPR000297	PF00639		PS50198			SSF54534	3	IPR043323,IPR046357
APU25_07130	matches_api								0	
APU25_07135	ips6_local	IPR000717,IPR036390,IPR045135	PF01399,PF10602		PS50250	SM00088		SSF46785	5	
APU25_07140	ips6_local	IPR001357,IPR001841,IPR001876,IPR017907,IPR036420	PF13923		PS00518,PS01358,PS50089,PS50172,PS50199	SM00184,SM00292,SM00547		SSF52113,SSF57850	11	
APU25_07145	matches_api								0	
APU25_07150	matches_api	IPR018203,IPR036188	PF00996					SSF51905	2	IPR000806
APU25_07155	ips6_local	IPR002818,IPR029062	PF01965				cd03139	SSF52317	3	
APU25_07160	matches_api	IPR007590	PF04502						1	IPR043701
APU25_07165	matches_api	IPR001986,IPR006264,IPR013792,IPR023193	PF00275	TIGR01356	PS00104,PS00885		cd01556	SSF55205	6	IPR036968
APU25_07170	matches_api	IPR000626,IPR029071			PS50053			SSF54236	2	
APU25_07175	ips6_local	IPR011766,IPR012000,IPR012001,IPR029035,IPR029061,IPR047213,IPR047214	PF00205,PF02775,PF02776				cd02005,cd07038	SSF52467,SSF52518	7	
APU25_07180	matches_api	IPR006096,IPR006097,IPR033524,IPR033922,IPR036291,IPR046346	PF00208,PF02812		PS00074	SM00839	cd01076	SSF51735,SSF53223	7	IPR006095,IPR014362
APU25_07185	ips6_local	IPR022803,IPR031309,IPR031310,IPR057266	PF00281,PF00673	NF003258				SSF55282	4	
APU25_07190	ips6_local	IPR011013						SSF74650	1	
APU25_07195	matches_api								0	
APU25_07200	matches_api								0	
APU25_07205	matches_api	IPR010286,IPR029063	PF05971					SSF53335	2	
APU25_07210	matches_api	IPR006620,IPR044862	PF13640			SM00702			2	IPR051559
APU25_07215	ips6_local	IPR000571,IPR057444	PF25512		PS50103	SM00356			3	
APU25_07220	ips6_local	IPR004837	PF01699						1	
APU25_07225	ips6_local								0	
APU25_07230	matches_api								0	
APU25_07235	ips6_local	IPR002908,IPR036524	PF01491		PS50810			SSF55387	3	
APU25_07240	matches_api	IPR063727	PF30948						1	IPR033246
APU25_07245	ips6_local	IPR024989,IPR036259	PF12832					SSF103473	2	
APU25_07250	ips6_local	IPR002989	PF01469						1	
APU25_07255	matches_api	IPR008521,IPR037185	PF05653					SSF103481	2	
APU25_07260	matches_api	IPR018108,IPR023395	PF00153		PS50920			SSF103506	3	IPR002067,IPR002113
APU25_07265	ips6_local	IPR004147,IPR011009,IPR044095	PF03109				cd13971	SSF56112	3	
APU25_07270	matches_api	IPR028322	PF15365						1	
APU25_07275	ips6_local								0	
APU25_07280	ips6_local	IPR013766,IPR036249	PF00085				cd02947	SSF52833	3	
APU25_07285	matches_api	IPR019410,IPR029063	PF10294					SSF53335	2	
APU25_07290	matches_api	IPR001279,IPR003034,IPR036866	PF00753		PS50800			SSF56281	3	IPR013471,IPR036361
APU25_07295	matches_api								0	
APU25_07300	ips6_local	IPR004932	PF03248						1	
APU25_07305	ips6_local	IPR019147	PF09750						1	
APU25_07310	ips6_local								0	
APU25_07315	matches_api	IPR003425	PF02325						1	
APU25_07320	ips6_local	IPR003607,IPR006674	PF01966			SM00471	cd00077	SSF109604	4	
APU25_07325	ips6_local	IPR002575,IPR006091,IPR009075,IPR009100,IPR011009,IPR013786,IPR036250,IPR041726	PF00441,PF01636,PF02770,PF02771				cd05154	SSF47203,SSF56112,SSF56645	8	
APU25_07330	ips6_local	IPR001126,IPR017961,IPR036775,IPR043502,IPR053848	PF00817,PF11799,PF21999		PS50173			SSF100879,SSF56672	6	
APU25_07335	matches_api								0	
APU25_07340	matches_api	IPR004429,IPR019818,IPR024084	PF00180	TIGR00169	PS00470	SM01329		SSF53659	5	
APU25_07345	ips6_local								0	
APU25_07350	ips6_local	IPR001179,IPR036824,IPR041232	PF00254,PF17800		PS50059			SSF54534,SSF69203	5	
APU25_07355	ips6_local	IPR001041,IPR006058,IPR010241,IPR036010	PF00111	TIGR02008	PS00197,PS51085		cd00207	SSF54292	6	
APU25_07360	matches_api	IPR008501	PF05615						1	
APU25_07365	ips6_local	IPR001841,IPR017907	PF13639		PS00518,PS50089	SM00184		SSF57850	5	
APU25_07370	ips6_local	IPR006554,IPR010614,IPR014013,IPR027417	PF06733		PS51193	SM00488		SSF52540	4	
APU25_07375	ips6_local								0	
APU25_07380	matches_api	IPR001623,IPR002939,IPR008971,IPR018253,IPR036869	PF00226,PF01556		PS00636,PS50076	SM00271	cd06257,cd10747	SSF46565,SSF49493	9	IPR051736
APU25_07385	matches_api	IPR001680,IPR036322			PS50082	SM00320		SSF50978	3	IPR015943
APU25_07390	matches_api	IPR001650,IPR011545,IPR014001,IPR027417	PF00270,PF00271		PS51192,PS51194	SM00487,SM00490	cd18787	SSF52540	8	
APU25_07395	ips6_local	IPR001680,IPR003613,IPR019775,IPR036322,IPR045210	PF00400,PF04564		PS00678,PS50082,PS50294,PS51698	SM00320,SM00504	cd00200,cd16664	SSF50978,SSF57850	12	
APU25_07400	ips6_local	IPR000719,IPR008271,IPR011009,IPR017441	PF00069		PS00107,PS00108,PS50011	SM00220		SSF56112	6	
APU25_07405	ips6_local								0	
APU25_07410	matches_api								0	
APU25_07415	matches_api	IPR000782,IPR036378	PF02469		PS50213	SM00554		SSF82153	4	
APU25_07420	matches_api						cd00229	SSF52266	2	IPR036514
APU25_07425	matches_api	IPR000719,IPR011009	PF00069		PS50011			SSF56112	3	
APU25_07430	ips6_local	IPR000582,IPR006652,IPR011043,IPR035984,IPR056819	PF00887,PF01344,PF24681,PF24922		PS51228			SSF47027,SSF50965	7	
APU25_07435	ips6_local	IPR002156,IPR009027,IPR011320,IPR012337	PF01693,PF13456		PS50879		cd09279	SSF53098,SSF55658	6	
APU25_07440	matches_api								0	
APU25_07445	matches_api	IPR006895,IPR006896,IPR006900,IPR012990,IPR036174,IPR036175,IPR036180,IPR036465	PF04810,PF04811,PF04815,PF08033					SSF53300,SSF81811,SSF81995,SSF82754,SSF82919	9	IPR029006,IPR050550
APU25_07450	ips6_local								0	
APU25_07455	ips6_local	IPR001701,IPR008928,IPR033126	PF00759		PS00698			SSF48208	3	
APU25_07460	ips6_local	IPR001701,IPR008928,IPR033126	PF00759		PS00698			SSF48208	3	
APU25_07465	ips6_local	IPR001701,IPR008928,IPR033126	PF00759		PS00698			SSF48208	3	
APU25_07470	matches_api	IPR002195,IPR006680,IPR011059,IPR017593,IPR032466	PF01979	TIGR03178	PS00482			SSF51338,SSF51556	5	IPR050138
APU25_07475	ips6_local	IPR002477,IPR036365	PF01471					SSF47090	2	
APU25_07480	ips6_local	IPR000873,IPR020845,IPR032387,IPR060613	PF00501,PF16177,PF27750		PS00455			SSF56801	5	
APU25_07485	matches_api	IPR001163,IPR010920,IPR047575	PF01423		PS52002	SM00651	cd01717	SSF50182	5	IPR050914
APU25_07490	matches_api	IPR001611			PS51450			SSF52058	2	IPR032675
APU25_07495	ips6_local	IPR001487,IPR001606,IPR018501,IPR036427,IPR036431	PF00439,PF01388,PF02791		PS50014,PS51011	SM00297,SM00501,SM01014	cd16100,cd20404	SSF46774,SSF47370	12	
APU25_07500	matches_api	IPR003697,IPR029001	PF02545					SSF52972	2	
APU25_07505	ips6_local	IPR001357,IPR036420	PF16770		PS50172	SM00292	cd00027	SSF52113	5	
APU25_07510	ips6_local								0	
APU25_07515	ips6_local	IPR002035,IPR003903,IPR036465	PF02809,PF13519		PS50330	SM00726		SSF53300	5	
APU25_07520	ips6_local		PF08700						1	
APU25_07525	matches_api	IPR006073,IPR027417,IPR030378	PF01926		PS51721		cd01857	SSF52540	4	IPR043358
APU25_07530	ips6_local								0	
APU25_07535	matches_api								0	
APU25_07540	matches_api								0	IPR044200
APU25_07545	matches_api	IPR001623,IPR021788	PF11833				cd06257		2	
APU25_07550	matches_api	IPR003439,IPR003593,IPR011527,IPR027417,IPR036640	PF00005,PF06472		PS50893,PS50929	SM00382	cd03223	SSF52540,SSF90123	8	IPR050835
APU25_07555	matches_api	IPR000719,IPR001245,IPR002110,IPR008271,IPR011009,IPR017441,IPR036770	PF07714,PF12796		PS00107,PS00108,PS50011,PS50088,PS50297	SM00220,SM00248	cd13999	SSF48403,SSF56112	12	IPR051681
APU25_07560	matches_api	IPR002733,IPR023473,IPR036071	PF01871	TIGR00296	PS51112			SSF143447	4	IPR027485
APU25_07565	ips6_local	IPR000594,IPR019572,IPR028077,IPR033127,IPR035985	PF00899,PF10585,PF14732		PS00865			SSF69572	5	
APU25_07570	matches_api	IPR011990,IPR019734				SM00028		SSF48452	2	IPR051966
APU25_07575	matches_api	IPR001585	PF00923					SSF51569	2	IPR013785
APU25_07580	matches_api	IPR004000,IPR043129	PF00022			SM00268		SSF53067	3	
APU25_07585	matches_api								0	
APU25_07590	matches_api	IPR012954,IPR016024,IPR022125	PF08146,PF12397			SM01036		SSF48371	4	IPR011989,IPR040191
APU25_07595	ips6_local	IPR000048,IPR001609,IPR027417	PF00063,PF00612		PS50096,PS51456	SM00015,SM00242	cd00124,cd23767	SSF52540	9	
APU25_07600	matches_api								0	
APU25_07605	ips6_local	IPR001048,IPR004662,IPR036393,IPR041727	PF00696	TIGR00761			cd04250	SSF53633	4	
APU25_07610	matches_api								0	
APU25_07615	matches_api	IPR001537,IPR029028,IPR029064	PF00588				cd18095	SSF55315,SSF75217	4	IPR029026,IPR051259
APU25_07620	ips6_local	IPR003807,IPR004331,IPR018966	PF02656,PF03105,PF09359		PS51382		cd07751,cd14447		6	
APU25_07625	ips6_local	IPR003439,IPR003593,IPR011527,IPR017871,IPR027417,IPR036640,IPR044726,IPR044746	PF00005,PF00664		PS00211,PS50893,PS50929	SM00382	cd03244,cd03250,cd18579,cd18580	SSF52540,SSF90123	12	
APU25_07630	matches_api	IPR000719,IPR008271,IPR011009	PF00069		PS00108,PS50011	SM00220	cd14125	SSF56112	6	IPR050235
APU25_07635	ips6_local	IPR003439,IPR003593,IPR017871,IPR027417,IPR032781	PF00005,PF12848		PS00211,PS50893	SM00382	cd03221	SSF52540	7	
APU25_07640	ips6_local	IPR012875	PF07896						1	
APU25_07645	matches_api	IPR004853	PF03151						1	IPR050186
APU25_07650	ips6_local	IPR040457,IPR041470	PF04130,PF17681						2	
APU25_07655	ips6_local								0	
APU25_07660	ips6_local								0	
APU25_07665	matches_api								0	
APU25_07670	matches_api	IPR003439,IPR003593,IPR011527,IPR017871,IPR027417,IPR036640	PF00005,PF00664		PS00211,PS50893,PS50929	SM00382	cd03249,cd18577,cd18578	SSF52540,SSF90123	11	IPR039421
APU25_07675	matches_api	IPR000195,IPR035969	PF00566		PS50086	SM00164		SSF47923	4	IPR045913
APU25_07680	ips6_local	IPR005610	PF03912	TIGR03047					2	
APU25_07685	matches_api								0	
APU25_07690	matches_api	IPR027417,IPR041677,IPR041679,IPR047187	PF13086,PF13087				cd18808	SSF52540	4	IPR045055
APU25_07695	ips6_local								0	
APU25_07700	matches_api	IPR021255	PF10988		PS51257				2	
APU25_07705	matches_api	IPR000782,IPR007112,IPR007117,IPR036378,IPR036749,IPR036908	PF01357,PF02469		PS50213,PS50842,PS50843	SM00554	cd22271	SSF49590,SSF50685,SSF82153	10	
APU25_07710	matches_api	IPR040463	PF05529						1	
APU25_07715	ips6_local	IPR014854	PF08743						1	
APU25_07720	matches_api	IPR008733	PF05648						1	
APU25_07725	matches_api	IPR002110,IPR036770	PF12796		PS50088,PS50297	SM00248		SSF48403	5	IPR051573
APU25_07730	matches_api	IPR036259						SSF103473	1	IPR002259
APU25_07735	ips6_local								0	
APU25_07740	matches_api	IPR006076,IPR036188	PF01266					SSF51905	2	
APU25_07745	matches_api	IPR003439,IPR003593,IPR017871,IPR027417	PF00005		PS00211,PS50893	SM00382	cd00267	SSF52540	6	
APU25_07750	matches_api	IPR005226	PF03649						1	
APU25_07755	ips6_local	IPR003439,IPR003593,IPR013525,IPR017871,IPR027417	PF00005,PF01061		PS00211,PS50893,PS51257	SM00382		SSF52540	7	
APU25_07760	matches_api								0	
APU25_07765	matches_api								0	
APU25_07770	ips6_local	IPR011011,IPR019786,IPR064051	PF30811		PS01359			SSF57903	3	
APU25_07775	ips6_local	IPR000719,IPR008271,IPR011009	PF00069		PS00108,PS50011	SM00220	cd14133	SSF56112	6	
APU25_07780	matches_api	IPR000581,IPR004404,IPR020558,IPR037237,IPR056740	PF00920,PF24877	NF002068,TIGR00110	PS00886,PS00887			SSF143975,SSF52016	8	IPR042096,IPR050165
APU25_07785	ips6_local	IPR004333,IPR036893	PF03110		PS51141			SSF103612	3	
APU25_07790	ips6_local								0	
APU25_07795	ips6_local	IPR002464,IPR006554,IPR010614,IPR014013,IPR027417,IPR057498	PF06733,PF23109		PS00690,PS51193	SM00488	cd17970	SSF52540	7	
APU25_07800	ips6_local	IPR006555	PF13307,PF23116			SM00491	cd18788	SSF57850	5	
APU25_07805	ips6_local	IPR000679	PF00320		PS00344,PS50114	SM00401	cd00202	SSF57716	6	
APU25_07810	ips6_local	IPR001697,IPR011037,IPR015793,IPR015795,IPR015813,IPR018209,IPR036918	PF00224,PF02887	TIGR01064	PS00110			SSF50800,SSF51621,SSF52935	7	
APU25_07815	matches_api	IPR000089,IPR001078,IPR006255,IPR011053	PF00198,PF00364	TIGR01347	PS50968		cd06849	SSF51230,SSF52777	7	IPR023213,IPR050537
APU25_07820	matches_api	IPR003338,IPR003593,IPR003959,IPR003960,IPR004201,IPR009010,IPR027417,IPR029067,IPR041569	PF00004,PF02933,PF17862		PS00674	SM00382,SM01073	cd00009	SSF50692,SSF52540,SSF54585	10	IPR039812
APU25_07825	matches_api	IPR000629,IPR001650,IPR011545,IPR014001,IPR027417	PF00270,PF00271		PS00039,PS51192,PS51194	SM00487,SM00490	cd18787	SSF52540	9	
APU25_07830	ips6_local	IPR000719,IPR008271,IPR011009,IPR055900	PF00069,PF24289		PS00108,PS50011	SM00220	cd14016	SSF56112	7	
APU25_07835	ips6_local	IPR013766,IPR036249	PF00085		PS51352		cd02947	SSF52833	4	
APU25_07840	ips6_local	IPR000649,IPR002575,IPR005251,IPR009212,IPR011009,IPR011559,IPR037171	PF01008,PF01636	NF004326,TIGR00512,TIGR00524,TIGR01767				SSF100950,SSF56112	8	
APU25_07845	matches_api	IPR008811,IPR017853	PF05691					SSF51445	2	IPR013785
APU25_07850	matches_api	IPR021475	PF11326						1	
APU25_07855	matches_api	IPR011059,IPR013108,IPR032466	PF07969	NF005759			cd01293	SSF51338,SSF51556	5	IPR052349
APU25_07860	ips6_local								0	
APU25_07865	ips6_local	IPR002052,IPR004556,IPR029063,IPR041698	PF13649	TIGR00536	PS00092		cd02440	SSF53335	5	
APU25_07870	ips6_local	IPR001241,IPR002205,IPR003594,IPR006171,IPR013506,IPR013760,IPR018522,IPR020568,IPR031660,IPR034157,IPR036890	PF00204,PF00521,PF01751,PF02518,PF16898		PS00177,PS50880,PS52040	SM00433,SM00434	cd00187,cd03365,cd03481,cd16930	SSF54211,SSF55874,SSF56719	17	
APU25_07875	ips6_local	IPR000073,IPR004433,IPR004561,IPR005801,IPR012001,IPR013342,IPR029017,IPR029058,IPR029061,IPR032264,IPR036849	PF02776,PF12697,PF13378,PF16582,PF30495	TIGR00173,TIGR00543		SM00922	cd02009,cd07037	SSF51604,SSF52518,SSF53474,SSF54826,SSF56322	15	
APU25_07880	ips6_local	IPR016035						SSF52151	1	
APU25_07885	matches_api								0	
APU25_07890	ips6_local	IPR001757,IPR006121,IPR008250,IPR017969,IPR018303,IPR023298,IPR023299,IPR027256,IPR036163,IPR036412,IPR059000	PF00122,PF00403,PF00702	TIGR01494,TIGR01525	PS00154,PS01047,PS01229,PS50846		cd00371	SSF55008,SSF56784,SSF81653,SSF81660,SSF81665	15	
APU25_07895	matches_api	IPR004843,IPR008963,IPR015914,IPR025733,IPR029052,IPR041792	PF00149,PF14008,PF16656				cd00839	SSF49363,SSF56300	6	IPR039331
APU25_07900	matches_api	IPR004843,IPR008963,IPR015914,IPR025733,IPR029052,IPR041792	PF00149,PF14008,PF16656				cd00839	SSF49363,SSF56300	6	IPR039331
APU25_07905	ips6_local	IPR004843,IPR008963,IPR015914,IPR025733,IPR029052,IPR041792	PF00149,PF14008,PF16656				cd00839	SSF49363,SSF56300	6	
APU25_07910	matches_api	IPR019151	PF09754					SSF159659	2	IPR016562,IPR038389
APU25_07915	ips6_local								0	
APU25_07920	matches_api								0	
APU25_07925	ips6_local								0	
APU25_07930	ips6_local	IPR000182,IPR016181	PF00583		PS51186		cd04301	SSF55729	4	
APU25_07935	matches_api	IPR000629,IPR001650,IPR011545,IPR014001,IPR027417	PF00270,PF00271		PS00039,PS51192,PS51194	SM00487,SM00490	cd18787	SSF52540	9	
APU25_07940	matches_api	IPR006113,IPR006114,IPR006115,IPR008927,IPR036291	PF00393,PF03446	NF006765,TIGR00873		SM01350		SSF48179,SSF51735	7	IPR006183,IPR013328
APU25_07945	ips6_local	IPR001606,IPR036431	PF01388		PS51011	SM00501,SM01014	cd16100	SSF46774	6	
APU25_07950	matches_api	IPR002110,IPR036770	PF00023,PF12796		PS50088,PS50297	SM00248		SSF48403	6	
APU25_07955	matches_api	IPR001401,IPR027417,IPR030381,IPR045063	PF00350		PS51718	SM00053	cd08771	SSF52540	5	IPR022812
APU25_07960	ips6_local	IPR006196,IPR012340	PF01176					SSF50249	2	
APU25_07965	ips6_local	IPR002683,IPR016123	PF01789					SSF55724	2	
APU25_07970	ips6_local	IPR000262,IPR008259,IPR012133,IPR037396	PF01070		PS00557,PS51349		cd02809	SSF51395	5	
APU25_07975	matches_api	IPR002180,IPR034964,IPR036467	PF00885	TIGR00114			cd09209	SSF52121	4	
APU25_07980	matches_api	IPR005185	PF03733						1	IPR031308
APU25_07985	ips6_local	IPR000782,IPR036378	PF02469		PS50213,PS51257	SM00554		SSF82153	5	
APU25_07990	ips6_local								0	
APU25_07995	ips6_local								0	
APU25_08000	ips6_local								0	
APU25_08005	matches_api								0	
APU25_08010	ips6_local	IPR000782,IPR036378	PF02469		PS50213			SSF82153	3	
APU25_08015	ips6_local	IPR001678,IPR018314,IPR029063,IPR049560,IPR057285,IPR057286	PF01189,PF25376,PF25378		PS01153,PS51686			SSF53335	6	
APU25_08020	matches_api	IPR002146	PF00430				cd06503		2	IPR034679,IPR050059
APU25_08025	matches_api	IPR001810,IPR009061,IPR022656,IPR036047	PF05181,PF12937				cd21075	SSF46955,SSF81383	5	IPR037129
APU25_08030	matches_api	IPR000092,IPR008949,IPR033749	PF00348	TIGR02749	PS00444,PS00723		cd00685	SSF48576	6	
APU25_08035	matches_api	IPR002109,IPR004480,IPR033658,IPR036249	PF00462	TIGR00365	PS51354		cd03028	SSF52833	5	
APU25_08040	matches_api								0	
APU25_08045	matches_api	IPR004147,IPR011009,IPR045307	PF03109				cd13969	SSF56112	3	IPR051130
APU25_08050	ips6_local	IPR003689	PF02535		PS51257				2	
APU25_08055	ips6_local	IPR007252	PF04121						1	
APU25_08060	matches_api								0	
APU25_08065	matches_api	IPR018962	PF09353						1	IPR053021
APU25_08070	matches_api	IPR011722,IPR036623	PF08755			SM00992		SSF141255	3	
APU25_08075	matches_api	IPR025585	PF13326						1	IPR038450
APU25_08080	matches_api								0	
APU25_08085	ips6_local								0	
APU25_08090	matches_api								0	
APU25_08095	ips6_local	IPR006091,IPR009100,IPR036250,IPR055060	PF02770,PF22924					SSF47203,SSF56645	4	
APU25_08100	ips6_local	IPR000086,IPR015797,IPR020084	PF00293		PS00893,PS51462		cd04678	SSF55811	5	
APU25_08105	ips6_local	IPR007185,IPR063374	PF04042,PF29084						2	
APU25_08110	matches_api	IPR001810,IPR036047	PF12937		PS50181		cd09917	SSF81383	4	IPR045286
APU25_08115	matches_api	IPR004367,IPR006671,IPR013763,IPR036915,IPR048258	PF00134,PF02984		PS00292	SM00385,SM01332		SSF47954	6	IPR039361
APU25_08120	ips6_local	IPR001208,IPR012340,IPR018525,IPR027417,IPR027925,IPR031327,IPR033762,IPR041024,IPR041562	PF00493,PF14551,PF17207,PF17855,PF18263		PS00847,PS50051	SM00350	cd17757	SSF50249,SSF52540	11	
APU25_08125	ips6_local	IPR004827,IPR046347				SM00338		SSF57959	2	
APU25_08130	matches_api	IPR003323,IPR038765	PF02338					SSF54001	2	
APU25_08135	matches_api	IPR003323,IPR038765	PF02338					SSF54001	2	IPR050704
APU25_08140	matches_api								0	
APU25_08145	ips6_local	IPR002192,IPR054481,IPR055495,IPR056301	PF01326,PF22973,PF23166,PF23229					SSF56059	5	
APU25_08150	matches_api								0	
APU25_08155	matches_api								0	
APU25_08160	matches_api	IPR000196,IPR023638,IPR033935,IPR035970,IPR057259,IPR057260	PF01280,PF25476	NF006343	PS00526	SM01416	cd01417	SSF48140	7	IPR015972,IPR039547
APU25_08165	matches_api	IPR016087,IPR036298	PF16036					SSF54626	2	IPR016088,IPR016089
APU25_08170	matches_api	IPR003323,IPR038765,IPR048857,IPR057766	PF02338,PF21403,PF24560		PS50802		cd17059,cd22793	SSF54001	7	
APU25_08175	ips6_local	IPR006094,IPR007173,IPR010029,IPR016166,IPR036318	PF01565,PF04030	TIGR01676	PS51387			SSF56176	5	
APU25_08180	matches_api								0	
APU25_08185	matches_api	IPR011701,IPR020846,IPR036259	PF07690		PS50850			SSF103473	3	IPR044770
APU25_08190	ips6_local								0	
APU25_08195	matches_api	IPR006900,IPR007123,IPR012990,IPR036175,IPR036180	PF00626,PF04815,PF08033					SSF81811,SSF81995,SSF82754	6	IPR029006,IPR037364
APU25_08200	ips6_local	IPR003822,IPR013194,IPR031693,IPR036600	PF02671,PF08295,PF16879		PS51477	SM00761		SSF47762	6	
APU25_08205	ips6_local								0	
APU25_08210	ips6_local								0	
APU25_08215	matches_api								0	
APU25_08220	ips6_local	IPR000504,IPR035979	PF00076		PS50102	SM00360	cd00590	SSF54928	5	
APU25_08225	matches_api	IPR000014,IPR000700,IPR000719,IPR001610,IPR008271,IPR011009,IPR035965	PF00069,PF13426	TIGR00229	PS00108,PS50011,PS50112,PS50113	SM00086,SM00091,SM00220	cd00130	SSF55785,SSF56112	13	
APU25_08230	matches_api	IPR016040,IPR036291	PF13460					SSF51735	2	
APU25_08235	matches_api	IPR003000,IPR026590,IPR029035	PF02146		PS50305		cd00296	SSF52467	4	IPR026591,IPR050134
APU25_08240	ips6_local	IPR001680,IPR011047,IPR019775,IPR056150	PF24807		PS00678,PS50082,PS50294	SM00320	cd00200	SSF50998	7	
APU25_08245	matches_api	IPR001783,IPR017938,IPR026017	PF00677	NF006767,NF009566,TIGR00187	PS51177		cd00402	SSF63380	7	IPR023366
APU25_08250	ips6_local	IPR003347,IPR041667	PF13621		PS51184	SM00558		SSF51197	4	
APU25_08255	matches_api	IPR005123,IPR006620,IPR044862	PF13640		PS51471	SM00702			3	IPR045054
APU25_08260	matches_api	IPR004401,IPR036894	PF02575					SSF82607	2	
APU25_08265	matches_api	IPR000642,IPR003593,IPR003959,IPR027417,IPR037219,IPR041569	PF00004,PF01434,PF17862			SM00382	cd19501	SSF140990,SSF52540	7	
APU25_08270	ips6_local								0	
APU25_08275	ips6_local								0	
APU25_08280	matches_api								0	
APU25_08285	ips6_local								0	
APU25_08290	ips6_local								0	
APU25_08295	ips6_local	IPR004193,IPR006047,IPR006048,IPR014756,IPR017853	PF02806,PF02922			SM00642	cd02854,cd11321	SSF51011,SSF51445,SSF81296	8	
APU25_08300	matches_api	IPR005031,IPR044996	PF03364				cd07813	SSF55961	3	IPR023393
APU25_08305	ips6_local								0	
APU25_08310	matches_api	IPR001569,IPR011332,IPR018267	PF01907		PS01077			SSF57829	3	IPR011331
APU25_08315	ips6_local								0	
APU25_08320	matches_api	IPR000184,IPR010827	PF01103,PF07244						2	IPR039910
APU25_08325	matches_api								0	
APU25_08330	ips6_local	IPR006614,IPR010482,IPR031968	PF06398,PF16016		PS51778	SM00694			4	
APU25_08335	matches_api	IPR009262,IPR037185	PF06027					SSF103481	2	IPR052221
APU25_08340	matches_api	IPR002921,IPR029058	PF01764				cd00519	SSF53474	3	IPR051218
APU25_08345	ips6_local	IPR013057	PF01490						1	
APU25_08350	ips6_local	IPR003140,IPR029058,IPR055111	PF02230,PF22968					SSF53474	3	
APU25_08355	ips6_local	IPR011037,IPR015793,IPR015795,IPR015813,IPR036918	PF00224,PF02887					SSF50800,SSF51621,SSF52935	5	
APU25_08360	ips6_local	IPR001005,IPR009057,IPR017930	PF00249		PS50090,PS51294	SM00717	cd11660	SSF46689	6	
APU25_08365	ips6_local	IPR004000,IPR004001,IPR020902,IPR043129	PF00022		PS00406,PS00432,PS01132	SM00268	cd10224	SSF53067	7	
APU25_08370	ips6_local	IPR013886,IPR021625	PF08577,PF11566						2	
APU25_08375	ips6_local	IPR000719,IPR008271,IPR011009	PF00069		PS00108,PS50011	SM00220		SSF56112	5	
APU25_08380	matches_api	IPR015915	PF24681					SSF117281	2	
APU25_08385	matches_api	IPR002130,IPR029000	PF00160		PS50072			SSF50891	3	IPR044178
APU25_08390	matches_api								0	
APU25_08395	matches_api	IPR001680,IPR018067,IPR036322	PF00400		PS01024	SM00320		SSF50978	4	IPR000009,IPR015943
APU25_08400	ips6_local								0	
APU25_08405	ips6_local	IPR000742,IPR003439,IPR003593,IPR013525,IPR017871,IPR027417	PF00005,PF01061		PS00022,PS00211,PS01186,PS50893	SM00382		SSF52540	8	
APU25_08410	matches_api	IPR009668	PF06870						1	
APU25_08415	matches_api	IPR002912,IPR045865			PS51671		cd04873	SSF55021	3	IPR040217
APU25_08420	matches_api	IPR000897,IPR003593,IPR004125,IPR004780,IPR013822,IPR027417,IPR036225,IPR036891	PF00448,PF02881,PF02978	TIGR00959	PS00300	SM00382,SM00962,SM00963	cd18539	SSF47364,SSF47446,SSF52540	12	IPR022941,IPR042101
APU25_08425	ips6_local	IPR001841,IPR057992,IPR058051	PF13639,PF25563		PS50089	SM00184	cd16479	SSF57850	6	
APU25_08430	matches_api	IPR004345	PF03134						1	
APU25_08435	ips6_local	IPR001537,IPR016024,IPR029028,IPR044748	PF00588				cd18091	SSF48371,SSF75217	4	
APU25_08440	ips6_local								0	
APU25_08445	ips6_local	IPR002646,IPR032828,IPR043519	PF01743,PF12627					SSF81301,SSF81891	4	
APU25_08450	matches_api	IPR000182,IPR016181,IPR056511	PF23209		PS51186		cd04301	SSF55729	4	
APU25_08455	ips6_local	IPR001394,IPR018200,IPR028889,IPR038765	PF00443		PS00972,PS00973,PS50235			SSF54001	5	
APU25_08460	matches_api	IPR001374,IPR024771,IPR036867	PF01424,PF12752		PS51061,PS51673		cd02642	SSF82708	6	IPR051937
APU25_08465	matches_api	IPR011990,IPR013105,IPR019734	PF07719,PF13181		PS50005	SM00028		SSF48452	5	IPR052769
APU25_08470	matches_api	IPR015418	PF09340						1	
APU25_08475	matches_api	IPR000152,IPR000742,IPR001881,IPR003137,IPR018097,IPR046450,IPR049883,IPR056858	PF02225,PF07645,PF25011		PS00010,PS01186,PS01187,PS50026	SM00179,SM00181	cd00054	SSF52025,SSF57196	12	
APU25_08480	ips6_local	IPR005114	PF03457						1	
APU25_08485	matches_api	IPR003594,IPR018955,IPR036784,IPR036890	PF02518,PF10436			SM00387		SSF55874,SSF69012	5	IPR004358,IPR039028
APU25_08490	ips6_local	IPR000182,IPR016181	PF00583		PS51186		cd04301	SSF55729	4	
APU25_08495	matches_api	IPR003406	PF02485						1	IPR044174
APU25_08500	ips6_local	IPR007854	PF05182						1	
APU25_08505	ips6_local	IPR029044	PF13896					SSF53448	2	
APU25_08510	ips6_local	IPR029044	PF13896					SSF53448	2	
APU25_08515	matches_api	IPR003754,IPR036108	PF02602				cd06578	SSF69618	3	IPR039793
APU25_08520	matches_api	IPR001841,IPR006594,IPR006595,IPR013144,IPR024964,IPR027370,IPR037683,IPR044063	PF10607,PF13445		PS50089,PS50896,PS50897,PS51867	SM00184,SM00667,SM00668,SM00757	cd16652	SSF57850	12	IPR013083,IPR045098
APU25_08525	ips6_local	IPR001650,IPR011545,IPR012961,IPR014001,IPR025696,IPR027417,IPR048392	PF00270,PF00271,PF08148,PF13234,PF21408		PS51192,PS51194	SM00487,SM00490,SM01142	cd18024,cd18795	SSF52540	13	
APU25_08530	matches_api	IPR012458	PF07889						1	
APU25_08535	matches_api	IPR001433,IPR008333,IPR017927,IPR017938,IPR039261	PF00175,PF00970		PS51384		cd06183	SSF52343,SSF63380	6	IPR001709,IPR001834
APU25_08540	ips6_local	IPR013087			PS00028				1	
APU25_08545	matches_api								0	
APU25_08550	ips6_local	IPR000608,IPR016135	PF00179		PS50127	SM00212	cd23808	SSF54495	5	
APU25_08555	ips6_local	IPR011766,IPR012000,IPR012001,IPR012846,IPR029035,IPR029061,IPR039368	PF00205,PF02775,PF02776	TIGR00118			cd02015,cd07035	SSF52467,SSF52518	8	
APU25_08560	matches_api	IPR007627,IPR007630,IPR013324,IPR013325,IPR014284	PF04542,PF04545	TIGR02937				SSF88659,SSF88946	5	IPR000943,IPR036388,IPR050239
APU25_08565	matches_api	IPR002052,IPR029063			PS00092			SSF53335	2	IPR052190
APU25_08570	matches_api	IPR003406	PF02485						1	IPR044174
APU25_08575	ips6_local	IPR003406	PF02485						1	
APU25_08580	matches_api	IPR003406	PF02485						1	IPR044174
APU25_08585	ips6_local	IPR003406	PF02485						1	
APU25_08590	matches_api	IPR003406	PF02485						1	IPR044174
APU25_08595	matches_api		PF05328						1	IPR007992,IPR034804
APU25_08600	matches_api	IPR001650,IPR004589,IPR011545,IPR014001,IPR027417,IPR032284	PF00270,PF00271,PF16124	TIGR00614	PS51192,PS51194	SM00487,SM00490	cd17920	SSF52540	10	
APU25_08605	matches_api								0	
APU25_08610	ips6_local	IPR008685	PF05859						1	
APU25_08615	ips6_local	IPR007187,IPR014908	PF03177,PF08801						2	
APU25_08620	ips6_local	IPR025941	PF12816						1	
APU25_08625	matches_api	IPR003593,IPR003959,IPR003960,IPR027417,IPR032501	PF00004,PF16450		PS00674	SM00382		SSF52540	5	IPR012340,IPR050221
APU25_08630	matches_api	IPR029064						SSF55315	1	
APU25_08635	ips6_local	IPR011016	PF12906		PS51292	SM00744	cd16495	SSF57850	5	
APU25_08640	matches_api	IPR000089,IPR001078,IPR003016,IPR004167,IPR011053,IPR036625	PF00198,PF00364,PF02817		PS00189,PS50968,PS51826		cd06849	SSF47005,SSF51230,SSF52777	10	IPR023213,IPR045257
APU25_08645	ips6_local	IPR040911	PF03016						1	
APU25_08650	ips6_local								0	
APU25_08655	matches_api	IPR000782,IPR036378	PF02469		PS50213	SM00554		SSF82153	4	
APU25_08660	ips6_local								0	
APU25_08665	matches_api	IPR002044,IPR013784	PF00686		PS51166	SM01065		SSF49452	4	IPR013783
APU25_08670	matches_api								0	
APU25_08675	ips6_local	IPR001096	PF01650						1	
APU25_08680	matches_api								0	
APU25_08685	matches_api								0	
APU25_08690	matches_api	IPR007150	PF04005						1	
APU25_08695	ips6_local	IPR012891	PF07802			SM01227			2	
APU25_08700	ips6_local	IPR001214,IPR045606,IPR046341	PF00856,PF19633		PS50280	SM00317		SSF82199	5	
APU25_08705	matches_api								0	
APU25_08710	ips6_local								0	
APU25_08715	matches_api	IPR007832,IPR036390	PF05158					SSF46785	2	IPR016049,IPR036388
APU25_08720	matches_api	IPR008384,IPR034666	PF05856					SSF69645	2	
APU25_08725	matches_api	IPR000717,IPR036390,IPR054179	PF01399,PF22037		PS50250	SM00088		SSF46785	5	IPR035298
APU25_08730	ips6_local	IPR020946,IPR036188	PF00743					SSF51905	2	
APU25_08735	ips6_local	IPR005343	PF03715						1	
APU25_08740	ips6_local	IPR026893,IPR029021	PF13350					SSF52799	2	
APU25_08745	ips6_local						cd12087		1	
APU25_08750	ips6_local								0	
APU25_08755	matches_api	IPR000719,IPR008266,IPR011009,IPR022495	PF06293	TIGR03724	PS00109,PS50011	SM00220		SSF56112	6	
APU25_08760	ips6_local	IPR034907,IPR036850	PF00334	NF001908	PS51374	SM00562	cd04413	SSF54919	6	
APU25_08765	ips6_local	IPR005135,IPR036691	PF03372					SSF56219	2	
APU25_08770	matches_api	IPR006917,IPR011256	PF04832					SSF55136	2	
APU25_08775	matches_api	IPR001163,IPR010920,IPR034104,IPR047575	PF01423		PS52002	SM00651	cd01728	SSF50182	5	IPR044642
APU25_08780	ips6_local								0	
APU25_08785	ips6_local	IPR002130,IPR029000	PF00160		PS50072		cd00317	SSF50891	4	
APU25_08790	matches_api	IPR001208,IPR012340,IPR018525,IPR027417,IPR027925,IPR031327,IPR033762,IPR041562	PF00493,PF14551,PF17207,PF17855,PF21128		PS00847,PS50051	SM00350	cd17755	SSF50249,SSF52540	11	IPR008047
APU25_08795	ips6_local	IPR000629,IPR001650,IPR011545,IPR014001,IPR014014,IPR025313,IPR027417,IPR044773	PF00270,PF00271,PF13959		PS00039,PS51192,PS51194,PS51195	SM00487,SM00490,SM01178	cd17942,cd18787	SSF52540	13	
APU25_08800	ips6_local	IPR000192,IPR015424,IPR020578,IPR022278	PF00266	NF003764,TIGR01364	PS00595		cd00611	SSF53383	6	
APU25_08805	ips6_local	IPR001108,IPR006639	PF01080			SM00730			2	
APU25_08810	matches_api	IPR011701,IPR020846,IPR036259	PF07690		PS50850			SSF103473	3	IPR044770
APU25_08815	ips6_local	IPR004045,IPR010987,IPR036249,IPR036282,IPR047047	PF13409,PF13410		PS50405		cd03190	SSF47616,SSF52833	6	
APU25_08820	ips6_local								0	
APU25_08825	matches_api								0	IPR010919
APU25_08830	matches_api	IPR000873,IPR020845,IPR025110	PF00501,PF13193		PS00455		cd05941	SSF56801	5	IPR042099,IPR045851
APU25_08835	matches_api	IPR003140,IPR011990,IPR019734,IPR029058	PF02230			SM00028		SSF48452,SSF53474	4	
APU25_08840	ips6_local								0	
APU25_08845	matches_api	IPR000719,IPR008271,IPR011009,IPR017441	PF00069		PS00107,PS00108,PS50011	SM00220	cd14210	SSF56112	7	IPR042521,IPR050494
APU25_08850	ips6_local	IPR005037	PF03371						1	
APU25_08855	matches_api	IPR007919	PF05255						1	
APU25_08860	matches_api	IPR001251,IPR011074,IPR036273,IPR036865	PF00650		PS50191	SM00516,SM01100	cd00170	SSF46938,SSF52087	7	IPR051026
APU25_08865	ips6_local	IPR004412,IPR020556,IPR023631,IPR036928	PF01425	TIGR00132	PS00571			SSF75304	4	
APU25_08870	matches_api	IPR000860,IPR022417,IPR022418,IPR022419,IPR036803	PF01379,PF03900	TIGR00212	PS00533		cd13648	SSF53850,SSF54782	7	
APU25_08875	ips6_local	IPR005804	PF00487						1	
APU25_08880	matches_api	IPR019379	PF10251						1	
APU25_08885	matches_api	IPR028203	PF14870	NF010237				SSF110296	3	IPR015943,IPR016705
APU25_08890	matches_api	IPR002478,IPR005155,IPR015947,IPR040598,IPR055359	PF03657,PF17833		PS50890	SM00359	cd21146,cd21151	SSF88697,SSF88802	8	IPR016686,IPR036974
APU25_08895	ips6_local	IPR003034			PS50800	SM00513			2	
APU25_08900	ips6_local	IPR001611	PF00560,PF13855					SSF52058	3	
APU25_08905	ips6_local	IPR000426,IPR001353,IPR023332,IPR029055,IPR033812	PF00227,PF10584	NF003075	PS00388,PS51475	SM00948	cd03753	SSF56235	8	
APU25_08910	matches_api	IPR000741,IPR029768	PF00274	NF033379	PS00158		cd00948	SSF51569	5	IPR013785
APU25_08915	matches_api	IPR001251,IPR011074,IPR036273,IPR036865	PF00650		PS50191	SM00516,SM01100	cd00170	SSF46938,SSF52087	7	IPR051026
APU25_08920	matches_api	IPR006694	PF04116						1	IPR050307
APU25_08925	ips6_local	IPR000007,IPR025659	PF01167					SSF54518	2	
APU25_08930	matches_api	IPR019398	PF10273						1	
APU25_08935	ips6_local	IPR003819	PF02668					SSF51197	2	
APU25_08940	ips6_local	IPR002921,IPR029058	PF01764					SSF53474	2	
APU25_08945	ips6_local								0	
APU25_08950	ips6_local	IPR000719,IPR001245,IPR001611,IPR008271,IPR008979,IPR011009,IPR013210,IPR017441	PF00560,PF07714,PF08263		PS00107,PS00108,PS50011	SM00220	cd13999	SSF49785,SSF52058,SSF56112	11	
APU25_08955	ips6_local								0	
APU25_08960	matches_api								0	
APU25_08965	ips6_local								0	
APU25_08970	ips6_local								0	
APU25_08975	ips6_local								0	
APU25_08980	matches_api	IPR003439,IPR003593,IPR010230,IPR017871,IPR027417	PF00005	TIGR01978	PS00211,PS50893	SM00382	cd03217	SSF52540	7	
APU25_08985	matches_api	IPR000408,IPR009091,IPR058923	PF25390		PS00625,PS00626,PS50012			SSF50985	5	IPR051553
APU25_08990	matches_api	IPR018203,IPR036188	PF00996					SSF51905	2	
APU25_08995	ips6_local	IPR006145,IPR006224,IPR020103	PF00849		PS01129			SSF55120	3	
APU25_09000	matches_api	IPR000073,IPR029058	PF00561					SSF53474	2	IPR050266
APU25_09005	matches_api	IPR003107,IPR011990,IPR019734,IPR055430,IPR055433	PF13181,PF23231,PF23233			SM00386		SSF48452	5	IPR045075
APU25_09010	matches_api	IPR002020,IPR010953,IPR019810,IPR036969	PF00285	NF004126,TIGR01798	PS00480		cd06114	SSF48256	6	IPR016142,IPR016143,IPR024176
APU25_09015	ips6_local	IPR000426,IPR001353,IPR023332,IPR029055	PF00227,PF10584		PS51475	SM00948		SSF56235	5	
APU25_09020	matches_api								0	
APU25_09025	ips6_local	IPR008011	PF05347				cd20251		2	
APU25_09030	matches_api	IPR009069						SSF47072	1	IPR039870
APU25_09035	ips6_local	IPR001680,IPR019775,IPR036322	PF00400		PS00678,PS50082,PS50294	SM00320		SSF50978	6	
APU25_09040	matches_api	IPR023753	PF07992					SSF51971	2	IPR021163,IPR036188,IPR055275
APU25_09045	matches_api	IPR000225,IPR002652,IPR016024,IPR032413	PF00514,PF01749,PF16186		PS50176,PS51214	SM00185		SSF48371	7	IPR011989,IPR024931,IPR036975
APU25_09050	ips6_local	IPR001816,IPR003029,IPR009060,IPR012340,IPR014039,IPR018101,IPR036402	PF00575,PF00889	TIGR00116	PS01126,PS01127,PS50126	SM00316	cd14275	SSF46934,SSF50249,SSF54713	11	
APU25_09055	matches_api	IPR058563	PF08626						1	IPR013935
APU25_09060	ips6_local								0	
APU25_09065	ips6_local								0	
APU25_09070	ips6_local	IPR006671,IPR013763,IPR036915	PF00134			SM00385		SSF47954	3	
APU25_09075	matches_api	IPR009769	PF07059						1	
APU25_09080	matches_api	IPR003358,IPR029063	PF02390		PS51625		cd02440	SSF53335	4	
APU25_09085	matches_api								0	
APU25_09090	ips6_local								0	
APU25_09095	matches_api	IPR016024,IPR024679	PF12333					SSF48371	2	IPR011989
APU25_09100	matches_api								0	
APU25_09105	matches_api	IPR002364,IPR011032,IPR013149,IPR013154,IPR020843,IPR036291	PF00107,PF08240		PS01162	SM00829	cd08241	SSF50129,SSF51735	7	IPR051397
APU25_09110	ips6_local	IPR006085,IPR006086,IPR019974,IPR029060,IPR036279,IPR037315,IPR044752	PF00752,PF00867		PS00842	SM00484,SM00485	cd09857,cd09908	SSF47807,SSF88723	9	
APU25_09115	matches_api	IPR029008	PF07019						1	IPR010742
APU25_09120	ips6_local	IPR002921,IPR029058	PF01764				cd00519	SSF53474	3	
APU25_09125	matches_api	IPR001048,IPR001341,IPR018042,IPR036393,IPR045865,IPR054352	PF00696,PF22468	TIGR00657	PS00324			SSF53633,SSF55021	6	IPR042199
APU25_09130	matches_api	IPR049625	PF04577						1	IPR007657
APU25_09135	matches_api	IPR006671,IPR036915	PF00134					SSF47954	2	IPR043198
APU25_09140	ips6_local	IPR004653,IPR018517,IPR035587	PF01207	NF008774	PS01136		cd02801	SSF51395	5	
APU25_09145	matches_api								0	
APU25_09150	matches_api	IPR010920						SSF50182	1	IPR052840
APU25_09155	matches_api	IPR001976,IPR012678,IPR018098	PF01282		PS00529			SSF54189	3	IPR053709
APU25_09160	ips6_local	IPR007859,IPR036188,IPR049398	PF05187,PF13450,PF21162					SSF51905,SSF54373,SSF54862	6	
APU25_09165	ips6_local	IPR007594	PF04506						1	
APU25_09170	matches_api	IPR004360,IPR018146,IPR029068,IPR037523	PF00903		PS00934,PS51819			SSF54593	4	
APU25_09175	matches_api	IPR001611	PF14580		PS51450			SSF52058	3	IPR032675,IPR044640
APU25_09180	matches_api	IPR018851	PF10444						1	
APU25_09185	ips6_local	IPR015425	PF02181		PS51444	SM00498		SSF101447	4	
APU25_09190	ips6_local	IPR001849,IPR016024	PF00169		PS50003	SM00233	cd00821	SSF48371,SSF50729	6	
APU25_09195	ips6_local	IPR036047	PF12014					SSF81383	2	
APU25_09200	ips6_local	IPR000679	PF00320		PS50114	SM00401	cd00202	SSF57716	5	
APU25_09205	matches_api	IPR007590	PF04502						1	
APU25_09210	matches_api	IPR032801,IPR036249	PF13911					SSF52833	2	
APU25_09215	ips6_local	IPR000754,IPR020568,IPR020574	PF00380	NF001749	PS00360			SSF54211	4	
APU25_09220	matches_api								0	IPR016680
APU25_09225	matches_api	IPR001282,IPR019796,IPR022674,IPR022675,IPR036291	PF00479,PF02781	TIGR00871	PS00069			SSF51735,SSF55347	6	
APU25_09230	ips6_local	IPR003689	PF02535						1	
APU25_09235	matches_api	IPR001202,IPR002713,IPR036020,IPR036517	PF01846		PS01159,PS50020	SM00441,SM00456	cd00201	SSF51045,SSF81698	8	IPR045148
APU25_09240	matches_api	IPR002715,IPR044034	PF01849,PF19026		PS51151	SM01407	cd14358,cd22054		6	IPR016641,IPR038187
APU25_09245	ips6_local								0	
APU25_09250	matches_api	IPR029044	PF13896					SSF53448	2	IPR051292
APU25_09255	matches_api	IPR003395,IPR010935,IPR027417,IPR036277	PF02463,PF06470			SM00968		SSF52540,SSF75553	5	IPR024704
APU25_09260	ips6_local							SSF102405	1	
APU25_09265	ips6_local	IPR000719,IPR001680,IPR008271,IPR011009,IPR016024,IPR036322,IPR055231	PF00069,PF00400,PF22956		PS00108,PS50011,PS50082,PS50294	SM00220,SM00320	cd13980	SSF48371,SSF50978,SSF56112	13	
APU25_09270	matches_api								0	
APU25_09275	matches_api	IPR005225,IPR006689,IPR027417	PF00025	TIGR00231	PS51417	SM00177,SM00178		SSF52540	6	IPR024156
APU25_09280	matches_api	IPR003958,IPR009072	PF00808				cd22906	SSF47113	3	IPR050568
APU25_09285	matches_api	IPR006593	PF03188		PS50939	SM00665			3	IPR043205
APU25_09290	matches_api	IPR000426,IPR001353,IPR023332,IPR029055	PF00227,PF10584	NF003075	PS00388,PS51475	SM00948	cd03755	SSF56235	8	
APU25_09295	matches_api	IPR004274,IPR011947,IPR036412,IPR036420	PF03031	TIGR02250	PS50969	SM00577	cd07521	SSF52113,SSF56784	7	IPR023214,IPR039189
APU25_09300	ips6_local	IPR002641,IPR016035	PF01734		PS51635			SSF52151	3	
APU25_09305	ips6_local	IPR002641,IPR016035	PF01734		PS51635			SSF52151	3	
APU25_09310	matches_api	IPR002641,IPR016035	PF01734		PS51635			SSF52151	3	IPR050301
APU25_09315	ips6_local	IPR002641,IPR016035	PF01734		PS51635			SSF52151	3	
APU25_09320	matches_api	IPR002142,IPR004635,IPR029045,IPR047217,IPR047272	PF01343	TIGR00706			cd07018,cd07023	SSF52096	5	
APU25_09325	matches_api								0	
APU25_09330	ips6_local	IPR006115,IPR008927,IPR029154,IPR036291	PF03446,PF14833					SSF48179,SSF51735	4	
APU25_09335	matches_api	IPR001752,IPR019821,IPR027417	PF00225		PS00411,PS50067	SM00129		SSF52540	5	IPR027640,IPR036961
APU25_09340	ips6_local	IPR000182,IPR016181	PF13302					SSF55729	2	
APU25_09345	matches_api	IPR000164,IPR007125,IPR009072	PF00125			SM00428	cd22911	SSF47113	4	
APU25_09350	ips6_local	IPR008979,IPR013857	PF08547					SSF49785	2	
APU25_09355	ips6_local	IPR001841,IPR017907	PF13639		PS00518,PS50089	SM00184		SSF57850	5	
APU25_09360	matches_api								0	
APU25_09365	matches_api	IPR006137,IPR006138	PF01058	NF005012,TIGR01957	PS01150			SSF56770	5	
APU25_09370	ips6_local	IPR001650,IPR011545,IPR012562,IPR014001,IPR027417,IPR035979,IPR044742,IPR059027	PF00270,PF00271,PF08152,PF26142		PS51192,PS51194	SM00487,SM00490	cd00268,cd12937,cd18787	SSF52540,SSF54928	13	
APU25_09375	ips6_local	IPR000109,IPR018456,IPR036259	PF00854		PS01022,PS01023			SSF103473	4	
APU25_09380	ips6_local	IPR005839,IPR006638,IPR007197,IPR013848,IPR020612,IPR058240	PF00919,PF04055	TIGR00089	PS01278,PS51449,PS51918	SM00729	cd01335	SSF102114	9	
APU25_09385	ips6_local	IPR004827,IPR045314,IPR046347	PF00170		PS00036,PS50217	SM00338	cd14702	SSF57959	6	
APU25_09390	ips6_local								0	
APU25_09395	ips6_local								0	
APU25_09400	ips6_local								0	
APU25_09405	ips6_local								0	
APU25_09410	matches_api	IPR001757,IPR004014,IPR006068,IPR006408,IPR008250,IPR018303,IPR023298,IPR023299,IPR036412,IPR059000	PF00122,PF00689,PF00690,PF08282,PF13246	TIGR01494,TIGR01517	PS00154		cd02081	SSF56784,SSF81653,SSF81660,SSF81665	13	IPR023214,IPR044492
APU25_09415	ips6_local	IPR001757,IPR004014,IPR006068,IPR006408,IPR008250,IPR018303,IPR023298,IPR023299,IPR036412,IPR059000	PF00122,PF00689,PF00690,PF08282,PF13246	TIGR01494,TIGR01517	PS00154	SM00831	cd02081	SSF56784,SSF81653,SSF81660,SSF81665	14	
APU25_09420	ips6_local	IPR000253,IPR008984	PF00498		PS50006	SM00240	cd00060	SSF49879	5	
APU25_09425	matches_api	IPR019138	PF09737						1	
APU25_09430	matches_api								0	
APU25_09435	ips6_local	IPR029404	PF14811						1	
APU25_09440	ips6_local	IPR006139,IPR006140,IPR036291	PF00389,PF02826				cd12175	SSF51735,SSF52283	5	
APU25_09445	matches_api	IPR000629,IPR001650,IPR011545,IPR014001,IPR014014,IPR027417	PF00270,PF00271		PS00039,PS51192,PS51194,PS51195	SM00487,SM00490	cd18787	SSF52540	10	
APU25_09450	ips6_local	IPR036412	PF00702	TIGR01488			cd04309	SSF56784	4	
APU25_09455	matches_api	IPR002553,IPR016024	PF01602					SSF48371	2	IPR011989,IPR026739
APU25_09460	ips6_local								0	
APU25_09465	matches_api	IPR011687	PF07767						1	
APU25_09470	ips6_local	IPR011047						SSF50998	1	
APU25_09475	ips6_local	IPR006076,IPR036188	PF01266	NF008425				SSF51905,SSF54373	4	
APU25_09480	ips6_local	IPR006076,IPR036188	PF01266	NF008425				SSF51905,SSF54373	4	
APU25_09485	ips6_local								0	
APU25_09490	matches_api	IPR011701,IPR020846,IPR036259	PF07690		PS50850			SSF103473	3	
APU25_09495	ips6_local	IPR002044,IPR013784	PF00686		PS51166	SM01065	cd05467	SSF49452	5	
APU25_09500	matches_api	IPR000515,IPR005667,IPR011866,IPR035906	PF00528	TIGR00969,TIGR02140	PS50928		cd06261	SSF161098	6	
APU25_09505	matches_api	IPR016435	PF01866	TIGR00322					2	IPR035435,IPR042263,IPR042264,IPR042265
APU25_09510	ips6_local								0	
APU25_09515	ips6_local	IPR036188	PF13450					SSF51905	2	
APU25_09520	matches_api	IPR002625,IPR036063	PF01713		PS50828	SM00463		SSF160443	4	IPR053020
APU25_09525	ips6_local								0	
APU25_09530	matches_api	IPR034575	PF30985						1	
APU25_09535	ips6_local	IPR002569,IPR036509	PF01625	TIGR00401				SSF55068	3	
APU25_09540	matches_api	IPR006553,IPR055414	PF23598			SM00367,SM00368		SSF52047,SSF52058	5	IPR032675
APU25_09545	ips6_local	IPR003439,IPR003593,IPR011527,IPR017871,IPR027417,IPR036640	PF00005,PF00664		PS00211,PS50893,PS50929	SM00382	cd03249	SSF52540,SSF90123	9	
APU25_09550	ips6_local	IPR000804,IPR011012,IPR022775,IPR044733	PF01217		PS00989		cd14831	SSF64356	4	
APU25_09555	matches_api	IPR003891,IPR016024	PF02847		PS51366	SM00544		SSF48371	4	IPR039778
APU25_09560	matches_api								0	
APU25_09565	matches_api	IPR003593,IPR010339,IPR027417,IPR041048	PF06068,PF17856			SM00382	cd00009	SSF52540	5	IPR027238,IPR042487
APU25_09570	matches_api	IPR000717,IPR036390	PF01399			SM00088		SSF46785	3	IPR045237
APU25_09575	ips6_local								0	
APU25_09580	matches_api								0	
APU25_09585	matches_api								0	
APU25_09590	matches_api	IPR002048,IPR011992,IPR018247	PF13499		PS00018,PS50222	SM00054		SSF47473	5	IPR039800
APU25_09595	matches_api	IPR004115,IPR004364,IPR004365,IPR004524,IPR006195,IPR012340,IPR029351,IPR045864,IPR047089,IPR047090	PF00152,PF01336,PF02938	NF001750,TIGR00459	PS50862		cd00777,cd04317	SSF50249,SSF55261,SSF55681	11	IPR002312
APU25_09600	matches_api	IPR008979,IPR011990,IPR016024,IPR034085,IPR048739,IPR059245	PF13424,PF21038,PF21040			SM01349		SSF48371,SSF48452,SSF49785	7	IPR011989,IPR052607
APU25_09605	ips6_local	IPR001648,IPR036870	PF01084					SSF46911	2	
APU25_09610	matches_api	IPR011322,IPR013115,IPR013820,IPR018198	PF01634,PF08029	TIGR00070,TIGR03455	PS01316		cd13593	SSF53850,SSF54913	8	IPR001348,IPR015867
APU25_09615	ips6_local	IPR002121,IPR002562,IPR010997,IPR012337,IPR049559	PF00570,PF01612		PS50967	SM00474	cd06147	SSF47819,SSF53098	7	
APU25_09620	matches_api	IPR004839,IPR015424	PF00155				cd00609	SSF53383	3	IPR015421,IPR050859
APU25_09625	ips6_local	IPR007461	PF04366				cd11524		2	
APU25_09630	matches_api	IPR002589,IPR043472	PF01661	NF001664	PS51154	SM00506	cd02908	SSF52949	6	
APU25_09635	matches_api	IPR007461	PF04366				cd11524		2	IPR051702
APU25_09640	ips6_local								0	
APU25_09645	ips6_local	IPR013057	PF01490						1	
APU25_09650	matches_api								0	
APU25_09655	matches_api	IPR005101,IPR006050,IPR018394,IPR036134,IPR036155	PF00875,PF03441		PS00394,PS51645			SSF48173,SSF52425	6	IPR002081,IPR014729
APU25_09660	matches_api	IPR002777	PF01920				cd23165	SSF46579	3	IPR009053,IPR016661
APU25_09665	matches_api	IPR004838,IPR004839,IPR015424	PF00155		PS00105		cd00609	SSF53383	4	IPR015421,IPR015422
APU25_09670	ips6_local	IPR001680,IPR007319,IPR011047,IPR019775,IPR036322,IPR059156,IPR059157	PF04192,PF25168,PF25171		PS00678,PS50082,PS50294	SM00320		SSF50978,SSF50998	9	
APU25_09675	ips6_local								0	
APU25_09680	ips6_local	IPR000571,IPR036855	PF00642		PS50103	SM00356		SSF90229	4	
APU25_09685	ips6_local	IPR001214,IPR003616,IPR007728,IPR046341	PF00856,PF05033		PS50280,PS50868	SM00317,SM00508		SSF82199	7	
APU25_09690	ips6_local	IPR003439,IPR003593,IPR013525,IPR013581,IPR027417,IPR034003,IPR043926	PF00005,PF01061,PF08370,PF19055		PS50893	SM00382	cd03232	SSF52540	8	
APU25_09695	matches_api							SSF51197	1	IPR027443
APU25_09700	ips6_local								0	
APU25_09705	matches_api	IPR004838,IPR004839,IPR015424	PF00155		PS00105		cd00609	SSF53383	4	IPR015421,IPR015422,IPR050596
APU25_09710	matches_api	IPR007149	PF04004						1	
APU25_09715	matches_api								0	
APU25_09720	matches_api	IPR000717	PF01399		PS50250	SM00088			3	IPR045237
APU25_09725	matches_api	IPR022764,IPR035952	PF01694					SSF144091	2	
APU25_09730	matches_api	IPR007577,IPR029044	PF04488					SSF53448	2	IPR051706
APU25_09735	ips6_local								0	
APU25_09740	matches_api	IPR008521,IPR037185	PF05653					SSF103481	2	
APU25_09745	ips6_local	IPR018731	PF10033						1	
APU25_09750	ips6_local								0	
APU25_09755	matches_api	IPR001680,IPR036322	PF00400		PS50082,PS50294	SM00320		SSF101908,SSF50978	6	IPR015943,IPR020472,IPR037289
APU25_09760	matches_api	IPR000504,IPR035979	PF00076		PS50102	SM00360		SSF54928	4	IPR012677
APU25_09765	matches_api	IPR001202,IPR001878,IPR036020	PF00098,PF00397		PS50020,PS50158	SM00343,SM00456	cd00201	SSF51045	8	
APU25_09770	ips6_local	IPR031336,IPR032041	PF05179,PF16050						2	
APU25_09775	matches_api								0	
APU25_09780	matches_api	IPR002587,IPR013021,IPR036291	PF01658,PF07994					SSF51735,SSF55347	4	
APU25_09785	matches_api								0	
APU25_09790	ips6_local								0	
APU25_09795	matches_api	IPR041332	PF18101						1	IPR030844
APU25_09800	ips6_local	IPR000340,IPR000387,IPR003595,IPR016130,IPR020422,IPR029021,IPR029260,IPR044506	PF00782,PF14671		PS00383,PS50054,PS50056	SM00404	cd14499,cd17657	SSF52799	9	
APU25_09805	matches_api	IPR023631,IPR036928	PF01425					SSF75304	2	
APU25_09810	matches_api	IPR000504,IPR000571,IPR032297,IPR035979,IPR036855,IPR048995	PF00076,PF16131,PF21369		PS50102,PS50103	SM00356,SM00360	cd12224	SSF54928,SSF90229	10	IPR012677,IPR039171
APU25_09815	matches_api	IPR005814,IPR015424,IPR049704	PF00202		PS00600		cd00610	SSF53383	4	IPR015421,IPR015422
APU25_09820	ips6_local	IPR003347,IPR003349	PF02373		PS51183,PS51184	SM00558		SSF51197	5	
APU25_09825	matches_api	IPR010675,IPR024160,IPR029063	PF06859		PS51515		cd02440	SSF53335	4	IPR039772
APU25_09830	ips6_local	IPR011146,IPR019808,IPR036265,IPR039383	PF01230		PS00892,PS51084		cd01275	SSF54197	5	
APU25_09835	ips6_local	IPR013217,IPR029063	PF08242				cd02440	SSF53335	3	
APU25_09840	matches_api	IPR000433,IPR001841,IPR017907	PF00569,PF13923		PS00518,PS50089,PS50135	SM00184	cd02249	SSF57850	8	IPR013083,IPR043145
APU25_09845	ips6_local	IPR013740,IPR013766,IPR036249,IPR037944	PF08534		PS51352		cd03013	SSF52833	4	
APU25_09850	matches_api	IPR005024	PF03357						1	
APU25_09855	ips6_local	IPR002820,IPR023045,IPR036522,IPR047594	PF01967	NF006870,TIGR00581			cd01420	SSF55040	5	
APU25_09860	matches_api	IPR006502	PF04720						1	
APU25_09865	matches_api	IPR006076,IPR036188	PF01266					SSF51905	2	
APU25_09870	ips6_local	IPR022764,IPR035952	PF01694					SSF144091	2	
APU25_09875	ips6_local	IPR001672,IPR018189,IPR035476,IPR035482,IPR046348	PF00342	NF001211	PS00174,PS00765,PS51463		cd05015,cd05016	SSF53697	8	
APU25_09880	matches_api	IPR012936,IPR013766,IPR036249,IPR039542	PF00085,PF07970,PF13850		PS51352		cd02961	SSF52833	6	IPR045888
APU25_09885	matches_api	IPR000504,IPR003169,IPR025640,IPR034392,IPR035445,IPR035979	PF00076,PF14237		PS50102,PS50829	SM00360	cd12281	SSF54928,SSF55277	8	IPR012677,IPR034393
APU25_09890	matches_api	IPR000504,IPR035979	PF00076		PS50102	SM00360	cd12246,cd12247	SSF54928	6	IPR012677
APU25_09895	matches_api								0	
APU25_09900	ips6_local	IPR001977,IPR027417	PF01121	TIGR00152	PS51219		cd02022	SSF52540	5	
APU25_09905	ips6_local								0	
APU25_09910	matches_api								0	
APU25_09915	matches_api	IPR000722,IPR006592,IPR007066,IPR007080,IPR007081,IPR007083,IPR035697,IPR035698	PF00623,PF04983,PF04997,PF04998,PF05000	NF006336		SM00663	cd02583,cd02736	SSF64484	10	IPR015700,IPR038120,IPR042102,IPR044893
APU25_09920	ips6_local	IPR016024,IPR046837	PF20210					SSF48371	2	
APU25_09925	matches_api	IPR018960	PF09348						1	IPR014457
APU25_09930	matches_api	IPR019349	PF10213						1	IPR039848
APU25_09935	matches_api	IPR063827	PF30858						1	IPR052270
APU25_09940	ips6_local	IPR007207,IPR007282	PF04065,PF04153						2	
APU25_09945	ips6_local	IPR000313,IPR000330,IPR000953,IPR011124,IPR016197,IPR027417	PF00176,PF00855,PF07496		PS50013,PS50812,PS51050	SM00298	cd05162,cd18660	SSF52540,SSF54160,SSF63748	12	
APU25_09950	matches_api	IPR023485	PF01451						1	
APU25_09955	ips6_local	IPR001752,IPR019821,IPR027417	PF00225		PS00411,PS50067	SM00129	cd01366	SSF52540	6	
APU25_09960	ips6_local	IPR011990,IPR027417	PF13469					SSF48452,SSF52540	3	
APU25_09965	matches_api	IPR001171,IPR018083	PF01222		PS01017,PS01018				3	
APU25_09970	ips6_local	IPR001544,IPR027417,IPR036038	PF01063,PF19798					SSF52540,SSF56752	4	
APU25_09975	matches_api	IPR001950,IPR036877,IPR046447	PF01253		PS50296		cd11607	SSF55159	4	IPR050318
APU25_09980	matches_api	IPR001279,IPR011108,IPR036866,IPR041636,IPR055132	PF07521,PF12706,PF17770,PF22505			SM00849	cd07714	SSF56281	7	IPR042173
APU25_09985	ips6_local								0	
APU25_09990	matches_api								0	
APU25_09995	ips6_local	IPR004344	PF03133		PS51221				2	
APU25_10000	matches_api								0	
APU25_10005	matches_api	IPR001128,IPR017972,IPR036396	PF00067		PS00086		cd11082	SSF48264	4	IPR002403
APU25_10010	ips6_local								0	
APU25_10015	ips6_local	IPR007197,IPR058240			PS51918		cd01335	SSF102114	3	
APU25_10020	matches_api	IPR005045	PF03381						1	
APU25_10025	ips6_local	IPR001752,IPR019821,IPR027417,IPR047241	PF00225		PS00411,PS50067	SM00129	cd01364	SSF52540	6	
APU25_10030	matches_api	IPR002150,IPR034704	PF01197	NF001809,TIGR00105				SSF143800	4	IPR042105
APU25_10035	matches_api	IPR000467,IPR013087,IPR022755,IPR036236	PF01585,PF12171		PS00028,PS50157,PS50174	SM00443		SSF57667	7	
APU25_10040	ips6_local	IPR002641,IPR016035,IPR021771	PF01734,PF11815		PS51635			SSF52151	4	
APU25_10045	ips6_local	IPR000061,IPR019147,IPR035967	PF01805,PF09750		PS50128	SM00648,SM01141		SSF109905	6	
APU25_10050	ips6_local	IPR000620,IPR037185	PF00892					SSF103481	2	
APU25_10055	ips6_local								0	
APU25_10060	ips6_local	IPR001611	PF13516			SM00368		SSF52047	3	
APU25_10065	ips6_local	IPR000073,IPR029058	PF00561					SSF53474	2	
APU25_10070	matches_api	IPR007305	PF04178						1	IPR011691
APU25_10075	ips6_local	IPR011990,IPR036249					cd02980	SSF48452,SSF52833	3	
APU25_10080	matches_api	IPR044669	PF25539						1	
APU25_10085	ips6_local	IPR015419	PF09341						1	
APU25_10090	matches_api	IPR002110,IPR026480,IPR029063,IPR036770	PF12796,PF27704		PS50088,PS50297,PS51559		cd02440	SSF48403,SSF53335	8	IPR051038
APU25_10095	ips6_local	IPR002347,IPR036291	PF00106					SSF51735	2	
APU25_10100	matches_api	IPR002347,IPR036291	PF00106				cd05325	SSF51735	3	IPR052184
APU25_10105	matches_api	IPR002347,IPR036291	PF00106				cd05325	SSF51735	3	IPR052184
APU25_10110	matches_api								0	
APU25_10115	matches_api	IPR040922	PF18126						1	
APU25_10120	ips6_local	IPR000594,IPR001763,IPR035985	PF00581,PF00899	NF004281	PS50206	SM00450	cd00757	SSF69572	7	
APU25_10125	matches_api	IPR002937,IPR004572,IPR036188	PF01593	TIGR00562				SSF51905,SSF54373	4	IPR050464
APU25_10130	matches_api	IPR001433,IPR008333,IPR017927,IPR017938,IPR039261	PF00175,PF00970		PS51384		cd06183	SSF52343,SSF63380	6	IPR001834
APU25_10135	matches_api	IPR000535,IPR008962	PF00635		PS50202			SSF49354	3	IPR013783,IPR016763
APU25_10140	ips6_local								0	
APU25_10145	ips6_local	IPR011701,IPR020846,IPR036259	PF07690		PS50850			SSF103473	3	
APU25_10150	ips6_local	IPR001547,IPR017853	PF26410					SSF51445	2	
APU25_10155	matches_api	IPR039604	PF30554						1	
APU25_10160	matches_api	IPR059290,IPR063221,IPR063438	PF26740,PF30870,PF30872						3	IPR040320
APU25_10165	ips6_local	IPR007788	PF05096					SSF63825	2	
APU25_10170	matches_api	IPR001701,IPR002350,IPR008928,IPR036058	PF00050,PF00759		PS51465	SM00280	cd00104	SSF100895,SSF48208	7	IPR012341
APU25_10175	matches_api	IPR001128,IPR017972,IPR036396	PF00067		PS00086			SSF48264	3	IPR002401
APU25_10180	matches_api	IPR001810,IPR036047	PF00646		PS50181	SM00256	cd09917	SSF81383	5	
APU25_10185	ips6_local	IPR019148	PF09751						1	
APU25_10190	ips6_local	IPR006694	PF04116						1	
APU25_10195	matches_api	IPR000547,IPR024763,IPR036322,IPR057307,IPR057308,IPR060769	PF12451,PF23341,PF23356		PS50236			SSF50978,SSF69322	6	IPR015943
APU25_10200	matches_api	IPR003347,IPR041667	PF13621		PS51184	SM00558		SSF51197	4	
APU25_10205	matches_api	IPR006594			PS50896	SM00667			2	
APU25_10210	ips6_local								0	
APU25_10215	ips6_local	IPR002259	PF01733						1	
APU25_10220	matches_api	IPR000504,IPR003107,IPR011990,IPR035979,IPR059164	PF00076,PF23240,PF23241		PS50102	SM00360,SM00386		SSF48452,SSF54928	8	IPR012677
APU25_10225	matches_api	IPR008775	PF05721					SSF51197	2	
APU25_10230	ips6_local				PS51257				1	
APU25_10235	matches_api	IPR005886,IPR016040,IPR036291	PF16363	TIGR01179			cd05247	SSF51735	4	
APU25_10240	matches_api	IPR002877,IPR012920,IPR024576,IPR029063	PF01728,PF07780,PF11861					SSF53335	4	IPR015507,IPR028589
APU25_10245	matches_api	IPR003439,IPR003593,IPR013525,IPR027417	PF00005,PF01061		PS50893	SM00382	cd03213	SSF52540	6	IPR050352
APU25_10250	matches_api	IPR007021	PF04937						1	
APU25_10255	matches_api	IPR002885,IPR033443	PF01535,PF13812,PF17177	TIGR00756	PS51375				5	IPR011990
APU25_10260	matches_api	IPR007318	PF04191						1	IPR024960
APU25_10265	ips6_local	IPR002645,IPR011547,IPR018490,IPR036513	PF00916,PF01740		PS50801		cd07042	SSF51206,SSF52091	6	
APU25_10270	matches_api	IPR013922,IPR036915	PF08613				cd20558	SSF47954	3	
APU25_10275	matches_api	IPR000073,IPR029058	PF12697					SSF53474	2	IPR000639
APU25_10280	ips6_local	IPR003395,IPR010935,IPR027417,IPR036277,IPR041741	PF02463,PF06470			SM00968	cd03272	SSF52540,SSF75553	6	
APU25_10285	ips6_local	IPR000988,IPR011017	PF01246			SM00746	cd00472	SSF57716	4	
APU25_10290	matches_api	IPR027850	PF14953						1	
APU25_10295	ips6_local		PF06320						1	
APU25_10300	matches_api								0	
APU25_10305	ips6_local	IPR002013	PF02383		PS50275				2	
APU25_10310	matches_api	IPR003734	PF02582						1	IPR051624
APU25_10315	ips6_local								0	
APU25_10320	matches_api	IPR018946,IPR029052,IPR032093	PF09423,PF16655				cd07389	SSF56300	4	IPR038607,IPR052900
APU25_10325	ips6_local	IPR007705,IPR010989	PF05008					SSF47661	2	
APU25_10330	matches_api								0	IPR013921
APU25_10335	matches_api	IPR003347,IPR041667	PF13621		PS51184	SM00558	cd02208	SSF51197	5	
APU25_10340	matches_api	IPR002125,IPR004794,IPR016192,IPR016193	PF00383	TIGR00326	PS00903,PS51747			SSF53927	5	
APU25_10345	ips6_local	IPR004087,IPR004088,IPR036612	PF00013		PS50084	SM00322	cd00105	SSF54791	5	
APU25_10350	ips6_local	IPR003823	PF02672			SM01093			2	
APU25_10355	matches_api	IPR011990,IPR019734	PF13414		PS50005,PS50293	SM00028		SSF48452	5	IPR050498
APU25_10360	matches_api	IPR013320						SSF49899	1	IPR051360
APU25_10365	ips6_local								0	
APU25_10370	matches_api								0	
APU25_10375	ips6_local	IPR002347,IPR036291	PF00106				cd05356	SSF51735	3	
APU25_10380	ips6_local	IPR016024,IPR024687,IPR029240	PF12460,PF14500					SSF48371	3	
APU25_10385	ips6_local								0	
APU25_10390	matches_api	IPR033979	PF04424						1	IPR007518
APU25_10395	matches_api	IPR036322						SSF50978	1	IPR015943
APU25_10400	matches_api	IPR001841	PF13639		PS50089	SM00184		SSF57850	4	IPR013083,IPR052788
APU25_10405	matches_api	IPR003742,IPR029028	PF02590				cd18081	SSF75217	3	IPR029026
APU25_10410	ips6_local								0	
APU25_10415	ips6_local	IPR002474,IPR006274,IPR017926,IPR029062,IPR035686,IPR036480	PF00117,PF00988	NF009475,TIGR01368	PS51273	SM01097	cd01744	SSF52021,SSF52317	9	
APU25_10420	matches_api	IPR000089,IPR001078,IPR004167,IPR006257,IPR011053,IPR036625	PF00198,PF00364,PF02817	TIGR01349	PS50968,PS51826		cd06849	SSF47005,SSF51230,SSF52777	10	IPR023213,IPR045257
APU25_10425	matches_api	IPR006204,IPR020568,IPR036554	PF00288					SSF54211,SSF55060	3	IPR053034
APU25_10430	ips6_local	IPR001680,IPR019775,IPR036322	PF00400		PS00678,PS50082,PS50294	SM00320	cd00200	SSF50978	7	
APU25_10435	ips6_local	IPR000504,IPR034138,IPR035979			PS50102		cd12226	SSF54928	3	
APU25_10440	matches_api	IPR000261,IPR002048,IPR011992,IPR027417,IPR030381,IPR031692,IPR040990,IPR045063	PF00350,PF12763,PF16880,PF18150		PS50031,PS50222,PS51718	SM00027	cd00052,cd09913	SSF47473,SSF52540	12	
APU25_10445	ips6_local								0	
APU25_10450	ips6_local	IPR000719,IPR011009			PS50011			SSF56112	2	
APU25_10455	matches_api								0	
APU25_10460	matches_api	IPR000626,IPR001104,IPR029071	PF02544		PS50053,PS50244		cd01801	SSF54236	5	IPR039357
APU25_10465	matches_api	IPR001412,IPR004514,IPR007638,IPR007639,IPR011035,IPR020058,IPR020059,IPR049437	PF00749,PF03950,PF04557,PF04558,PF20974	TIGR00440	PS00178			SSF50715,SSF52374	9	IPR000924,IPR014729,IPR020056,IPR042558,IPR042559,IPR050132
APU25_10470	ips6_local	IPR004367,IPR006671,IPR013763,IPR036915,IPR048258	PF00134,PF02984		PS00292	SM00385,SM01332		SSF47954	6	
APU25_10475	ips6_local	IPR001130,IPR018228,IPR032466	PF01026		PS01091			SSF51556	3	
APU25_10480	matches_api	IPR009003,IPR036034,IPR041517	PF13365,PF17815					SSF50156,SSF50494	4	IPR001940,IPR046449
APU25_10485	matches_api	IPR001907,IPR023562,IPR029045	PF00574				cd07017	SSF52096	3	
APU25_10490	matches_api								0	
APU25_10495	matches_api	IPR001697,IPR011037,IPR015793,IPR015795,IPR015813,IPR018209,IPR036918	PF00224,PF02887	NF004491,TIGR01064	PS00110			SSF50800,SSF51621,SSF52935	8	IPR015806,IPR040442
APU25_10500	ips6_local								0	
APU25_10505	matches_api	IPR001216,IPR001926,IPR005856,IPR005859,IPR036052	PF00291	TIGR01136,TIGR01139	PS00901		cd01561	SSF53686	6	IPR050214
APU25_10510	matches_api	IPR011004,IPR047324					cd04645	SSF51161	2	IPR050484
APU25_10515	matches_api								0	
APU25_10520	ips6_local	IPR002028,IPR011060	PF00290	TIGR00262			cd04724	SSF51366	4	
APU25_10525	ips6_local	IPR006865,IPR013087	PF04780		PS00028				2	
APU25_10530	ips6_local	IPR004808,IPR005135,IPR036691	PF03372	TIGR00633	PS51435			SSF56219	4	
APU25_10535	matches_api	IPR025715	PF13865			SM01218			2	
APU25_10540	matches_api	IPR001841,IPR003105,IPR015947,IPR017907,IPR027370	PF02182,PF13445		PS00518,PS50089,PS51015	SM00184,SM00466		SSF57850,SSF88697	9	IPR013083,IPR036987,IPR045134
APU25_10545	matches_api								0	
APU25_10550	ips6_local	IPR002938,IPR036188	PF01494					SSF51905	2	
APU25_10555	ips6_local	IPR000504,IPR001876,IPR035979,IPR036443	PF00076,PF00641		PS01358,PS50102,PS50199	SM00360,SM00547	cd12534	SSF54928,SSF90209	10	
APU25_10560	ips6_local	IPR013126,IPR018181,IPR043129	PF00012		PS00297,PS00329			SSF53067	4	
APU25_10565	matches_api	IPR000719,IPR001245,IPR008271,IPR011009,IPR017441	PF07714		PS00107,PS00108,PS50011	SM00220	cd13999	SSF56112	7	IPR051681
APU25_10570	ips6_local	IPR000185,IPR011115,IPR011116,IPR011130,IPR014001,IPR014018,IPR020937,IPR027417,IPR036266,IPR036670,IPR044722	PF01043,PF07516,PF07517,PF21090	TIGR00963	PS01312,PS51192,PS51196	SM00957,SM00958	cd17928,cd18803	SSF52540,SSF81767,SSF81886	15	
APU25_10575	matches_api	IPR001471,IPR016177			PS51032	SM00380		SSF54171	3	IPR036955
APU25_10580	matches_api	IPR007273	PF04144						1	
APU25_10585	matches_api	IPR018170,IPR023210,IPR036812	PF00248		PS00062,PS00063,PS00798		cd19071	SSF51430	6	IPR020471
APU25_10590	ips6_local	IPR016833	PF13593						1	
APU25_10595	matches_api	IPR000056,IPR011060,IPR026019	PF00834	NF004076,TIGR01163	PS01085,PS01086		cd00429	SSF51366	7	IPR013785
APU25_10600	matches_api	IPR001680,IPR012580,IPR036322,IPR056550,IPR056551	PF08159,PF23097,PF23098			SM00320		SSF50978	5	IPR015943,IPR040382
APU25_10605	ips6_local	IPR006843	PF04755						1	
APU25_10610	ips6_local								0	
APU25_10615	ips6_local	IPR011050						SSF51126	1	
APU25_10620	ips6_local	IPR025344,IPR057137,IPR058032	PF13355,PF23468,PF25515						3	
APU25_10625	matches_api	IPR000873,IPR011047	PF00501					SSF50998,SSF56801	3	IPR015943,IPR042099,IPR045851,IPR052091
APU25_10630	ips6_local	IPR003611	PF07460			SM00496			2	
APU25_10635	matches_api	IPR006016	PF00582				cd23659	SSF52402	3	IPR006015,IPR014729
APU25_10640	matches_api	IPR006016	PF00582				cd23659	SSF52402	3	IPR006015,IPR014729
APU25_10645	ips6_local	IPR001179	PF00254		PS50059			SSF54534	3	
APU25_10650	ips6_local	IPR020595,IPR026904,IPR036188,IPR040131,IPR047001	PF01134,PF13932		PS01281	SM01228		SSF51905	5	
APU25_10655	ips6_local	IPR009291,IPR026854	PF06101,PF12624						2	
APU25_10660	ips6_local	IPR019831,IPR019832,IPR019833,IPR036314,IPR036324	PF00081,PF02777		PS00088			SSF46609,SSF54719	5	
APU25_10665	ips6_local	IPR019831,IPR019832,IPR019833,IPR036314,IPR036324	PF00081,PF02777		PS00088			SSF46609,SSF54719	5	
APU25_10670	ips6_local	IPR000719,IPR002048,IPR011009,IPR011992,IPR017441,IPR018247	PF00069,PF13202,PF13499		PS00018,PS00107,PS50011,PS50222	SM00054,SM00220	cd00051,cd05117	SSF47473,SSF56112	13	
APU25_10675	ips6_local	IPR027417,IPR041538,IPR045427	PF17868,PF20030				cd00009	SSF52540	4	
APU25_10680	ips6_local								0	
APU25_10685	matches_api	IPR002110,IPR036770	PF12796		PS50088,PS50297	SM00248		SSF48403	5	
APU25_10690	matches_api	IPR002680	PF01786						1	IPR038659
APU25_10695	ips6_local	IPR003439,IPR003593,IPR017871,IPR027417	PF00005		PS00211,PS50893	SM00382	cd03221	SSF52540	6	
APU25_10700	matches_api	IPR000031,IPR039476,IPR063158	PF00731,PF30415	NF033503		SM01001		SSF52255	5	
APU25_10705	ips6_local								0	
APU25_10710	ips6_local	IPR007402,IPR009078	PF04305				cd00657	SSF47240	3	
APU25_10715	matches_api	IPR002871,IPR011339	PF01592	TIGR01999			cd06664	SSF82649	4	
APU25_10720	ips6_local	IPR000620,IPR037185	PF00892					SSF103481	2	
APU25_10725	ips6_local							SSF57997	1	
APU25_10730	ips6_local	IPR012932,IPR044698	PF07884			SM00756	cd12916		3	
APU25_10735	ips6_local	IPR001487,IPR036427	PF00439		PS50014	SM00297	cd04369	SSF47370	5	
APU25_10740	ips6_local	IPR004000,IPR004001,IPR043129	PF00022		PS00432	SM00268		SSF53067	4	
APU25_10745	matches_api	IPR000086,IPR015797,IPR020084,IPR040618	PF00293,PF18290		PS00893,PS51462		cd04670	SSF55811	6	IPR003293
APU25_10750	ips6_local	IPR001606,IPR001965,IPR003347,IPR003349,IPR004198,IPR011011,IPR013637,IPR019786,IPR019787,IPR036431	PF00628,PF01388,PF02373,PF02375,PF02928,PF08429		PS01359,PS50016,PS51011,PS51183,PS51184	SM00249,SM00501,SM00545,SM00558,SM01014	cd15543,cd16100	SSF46774,SSF51197,SSF57903	21	
APU25_10755	ips6_local	IPR007624,IPR007627,IPR007630,IPR013324,IPR013325,IPR014284	PF04539,PF04542,PF04545	TIGR02937				SSF88659,SSF88946	6	
APU25_10760	ips6_local	IPR001048,IPR015963,IPR036393	PF00696	TIGR02075			cd04254	SSF53633	4	
APU25_10765	matches_api	IPR015016,IPR016024,IPR054573	PF08920,PF22646					SSF48371	3	IPR011989,IPR038737
APU25_10770	matches_api	IPR003593,IPR003959,IPR003960,IPR027417,IPR041569,IPR048723	PF00004,PF17862,PF21236		PS00674	SM00382	cd19502	SSF52540	7	IPR012340,IPR050221
APU25_10775	matches_api								0	
APU25_10780	ips6_local	IPR001194,IPR037516	PF02141		PS50211	SM00799			3	
APU25_10785	matches_api	IPR001383,IPR026569,IPR034704	PF00830	TIGR00009				SSF143800	3	IPR037147
APU25_10790	ips6_local	IPR001412,IPR002300,IPR002303,IPR009008,IPR009080,IPR013155,IPR033705	PF00133,PF08264	NF004349,TIGR00422	PS00178		cd00817,cd07962	SSF47323,SSF50677,SSF52374	10	
APU25_10795	ips6_local	IPR006886	PF04801						1	
APU25_10800	ips6_local	IPR001870,IPR003877,IPR006595,IPR013144,IPR013320,IPR024964,IPR035782	PF00622,PF10607		PS50188,PS50897	SM00449,SM00757	cd12909	SSF49899	8	
APU25_10805	ips6_local	IPR013057	PF01490						1	
APU25_10810	ips6_local	IPR005324,IPR013810,IPR020568	PF00333,PF03719		PS50881			SSF54211,SSF54768	5	
APU25_10815	ips6_local	IPR001253,IPR006196,IPR012340,IPR018104	PF01176	TIGR00523	PS01262,PS50832	SM00652	cd05793	SSF50249	7	
APU25_10820	matches_api	IPR001005,IPR009057	PF00249		PS50090	SM00717	cd00167	SSF46689	5	IPR036388
APU25_10825	matches_api	IPR000719,IPR008271,IPR011009,IPR017441	PF00069		PS00107,PS00108,PS50011	SM00220	cd14007	SSF56112	7	IPR030616
APU25_10830	matches_api	IPR001005,IPR036390					cd00167	SSF46785	2	IPR036388
APU25_10835	matches_api	IPR000509	PF01158		PS01190				2	IPR038097
APU25_10840	ips6_local	IPR002083	PF22486		PS50144	SM00061	cd00121	SSF49599	5	
APU25_10845	matches_api	IPR004788,IPR037171	PF06026	NF001924,TIGR00021			cd01398	SSF100950,SSF75445	6	IPR020672,IPR050262
APU25_10850	ips6_local	IPR000467,IPR022159,IPR022783	PF01585,PF07842,PF12457		PS50174	SM00443			5	
APU25_10855	matches_api	IPR002073,IPR003607,IPR023174	PF00233		PS00126,PS51845	SM00471	cd00077	SSF109604	6	IPR023088,IPR036971
APU25_10860	matches_api	IPR000595,IPR018490	PF00027		PS50042		cd00038	SSF51206	4	IPR014710
APU25_10865	matches_api	IPR002125,IPR016193	PF00383		PS51747		cd01285	SSF53927	4	
APU25_10870	matches_api	IPR005982,IPR008255,IPR023753,IPR036188	PF07992	TIGR01292	PS00573			SSF51905	4	IPR050097
APU25_10875	matches_api	IPR002683,IPR016123	PF01789					SSF55724	2	
APU25_10880	ips6_local	IPR049625	PF04577						1	
APU25_10885	matches_api	IPR004226,IPR036126	PF02970					SSF46988	2	
APU25_10890	ips6_local	IPR000719,IPR003527,IPR008271,IPR011009,IPR017441	PF00069		PS00107,PS00108,PS01351,PS50011	SM00220	cd07852	SSF56112	8	
APU25_10895	matches_api	IPR002655,IPR006091,IPR009100,IPR029320,IPR036250,IPR055060	PF01756,PF02770,PF14749,PF22924					SSF47203,SSF56645	6	IPR012258,IPR037069,IPR046373
APU25_10900	matches_api	IPR007120,IPR007121,IPR007641,IPR007642,IPR007644,IPR007645,IPR007646,IPR007647,IPR015712	PF00562,PF04560,PF04561,PF04563,PF04565,PF04566,PF04567	NF007175	PS01166		cd00653	SSF64484	11	IPR014724,IPR037033,IPR037034
APU25_10905	ips6_local								0	
APU25_10910	ips6_local	IPR005129,IPR027417	PF03308	NF006958,TIGR00750			cd03114	SSF52540	5	
APU25_10915	ips6_local	IPR001604,IPR020821,IPR044925	PF01223			SM00477,SM00892	cd00091	SSF54060	5	
APU25_10920	matches_api								0	IPR012291
APU25_10925	matches_api	IPR006671,IPR013763,IPR031658,IPR036915	PF00134,PF16899			SM00385		SSF47954	4	IPR043198
APU25_10930	matches_api	IPR008181,IPR029054,IPR033704,IPR036157	PF00692	NF001862,TIGR00576			cd07557	SSF51283	5	
APU25_10935	matches_api	IPR001394,IPR001607,IPR009060,IPR015940,IPR018200,IPR028889,IPR038765,IPR041432	PF00443,PF00627,PF02148,PF17807		PS00972,PS00973,PS50030,PS50235,PS50271	SM00165,SM00290		SSF46934,SSF54001,SSF57850	14	IPR013083,IPR016652,IPR050164
APU25_10940	ips6_local								0	
APU25_10945	matches_api	IPR007268,IPR046938	PF04139					SSF55979	2	
APU25_10950	matches_api	IPR032710						SSF54427	1	
APU25_10955	matches_api	IPR003593,IPR003959,IPR003960,IPR027417,IPR031996,IPR041569	PF00004,PF16725,PF17862		PS00674	SM00382		SSF52540	6	IPR038100,IPR050168
APU25_10960	matches_api	IPR002696	PF01809	TIGR00278		SM01234			3	
APU25_10965	matches_api	IPR032157	PF16093						1	
APU25_10970	ips6_local								0	
APU25_10975	matches_api	IPR041667	PF13621					SSF51197	2	IPR014710
APU25_10980	ips6_local	IPR009011,IPR012913,IPR044865	PF07915		PS51914			SSF50911	3	
APU25_10985	matches_api	IPR023674,IPR028364	PF00687				cd00403	SSF56808	3	IPR016095,IPR050257
APU25_10990	matches_api	IPR000836,IPR005764,IPR029057	PF00156	NF002634,NF002636,TIGR01090			cd06223	SSF53271	6	IPR050120
APU25_10995	ips6_local	IPR040843	PF18755						1	
APU25_11000	ips6_local	IPR002048,IPR011992			PS50222			SSF47473	2	
APU25_11005	matches_api								0	IPR037624
APU25_11010	ips6_local								0	
APU25_11015	ips6_local	IPR013936,IPR037185	PF08627					SSF103481	2	
APU25_11020	matches_api	IPR010251,IPR010940,IPR029063	PF07109	TIGR02021	PS51556		cd02440	SSF53335	5	
APU25_11025	matches_api	IPR004709,IPR006153	PF00999	TIGR00840					2	IPR018422
APU25_11030	matches_api	IPR001216,IPR001926,IPR005856,IPR005859,IPR036052	PF00291	TIGR01136,TIGR01139	PS00901		cd01561	SSF53686	6	IPR050214
APU25_11035	ips6_local	IPR000782,IPR036378	PF02469		PS50213	SM00554		SSF82153	4	
APU25_11040	matches_api	IPR005225,IPR006073,IPR018948,IPR025867,IPR027417,IPR031168	PF01926,PF10396,PF12631	NF003661,TIGR00231	PS51709		cd04164,cd14858	SSF116878,SSF52540	10	IPR004520,IPR027266,IPR027368
APU25_11045	matches_api	IPR001969,IPR021109,IPR032799,IPR032861,IPR033121,IPR034161	PF14541,PF14543		PS00141,PS51257,PS51767		cd05476	SSF50630	7	IPR001461
APU25_11050	matches_api	IPR000225,IPR016024	PF27652			SM00185		SSF48371	3	IPR011989
APU25_11055	ips6_local	IPR022036	PF12239						1	
APU25_11060	ips6_local								0	
APU25_11065	matches_api	IPR000788,IPR005144,IPR008926,IPR013346,IPR013509	PF00317,PF02867,PF03477	TIGR02506	PS00089,PS51161		cd01679	SSF48168,SSF51998	9	IPR039718
APU25_11070	ips6_local	IPR020966	PF11744						1	
APU25_11075	matches_api								0	IPR044224
APU25_11080	matches_api	IPR001915	PF01435				cd07331		2	IPR051156
APU25_11085	matches_api	IPR001305,IPR001623,IPR002939,IPR008971,IPR012724,IPR018253,IPR036410,IPR036869	PF00226,PF00684,PF01556	NF008035,TIGR02349	PS00636,PS50076,PS51188	SM00271	cd06257,cd10719,cd10747	SSF46565,SSF49493,SSF57938	15	
APU25_11090	matches_api	IPR005716,IPR020606,IPR023798,IPR036823	PF00177	NF003106,TIGR01028	PS00052		cd14867	SSF47973	6	IPR000235
APU25_11095	matches_api	IPR000089,IPR003016,IPR011053	PF00364		PS00189,PS50968		cd06849	SSF51230	5	IPR050537
APU25_11100	ips6_local								0	
APU25_11105	ips6_local	IPR003593,IPR004273,IPR013594,IPR013602,IPR024317,IPR024743,IPR027417,IPR035699,IPR035706,IPR041228,IPR041466,IPR041589,IPR041658	PF03028,PF08385,PF08393,PF12774,PF12775,PF12777,PF12780,PF12781,PF17852,PF17857,PF18198,PF18199			SM00382		SSF52540	14	
APU25_11110	matches_api	IPR003256,IPR005824,IPR005825,IPR008991,IPR041988,IPR057264	PF00467,PF17136	TIGR01079	PS01108	SM00739	cd06089	SSF50104	7	IPR014722
APU25_11115	matches_api								0	
APU25_11120	ips6_local								0	
APU25_11125	matches_api	IPR002020,IPR010109,IPR019810,IPR036969	PF00285	NF007128,TIGR01793	PS00480			SSF48256	5	IPR016142,IPR016143
APU25_11130	matches_api	IPR000426,IPR001353,IPR023332,IPR029055,IPR034642	PF00227,PF10584		PS00388,PS51475	SM00948	cd03754	SSF56235	7	
APU25_11135	ips6_local	IPR000717,IPR005062	PF03399		PS50250				2	
APU25_11140	matches_api	IPR000541,IPR011063,IPR020554,IPR032442,IPR056369	PF01171,PF16503	TIGR00269	PS01263		cd01713	SSF52402	6	IPR014729,IPR035107
APU25_11145	ips6_local	IPR063653	PF30943						1	
APU25_11150	ips6_local	IPR001907,IPR023562,IPR029045	PF00574				cd07017	SSF52096	3	
APU25_11155	ips6_local	IPR002194,IPR002423,IPR012715,IPR027409,IPR027410,IPR027413,IPR054827	PF00118	NF041082,NF041083,TIGR02340	PS00750,PS00751,PS00995		cd03335	SSF48592,SSF52029,SSF54849	11	
APU25_11160	ips6_local	IPR006171,IPR007694,IPR027417,IPR034154	PF03796,PF13662		PS51199	SM00493	cd01029	SSF52540,SSF56731	7	
APU25_11165	matches_api	IPR006043	PF00860						1	IPR045018
APU25_11170	ips6_local	IPR003439,IPR003593,IPR013525,IPR013581,IPR027417,IPR034003,IPR043926	PF00005,PF01061,PF08370,PF19055		PS50893	SM00382	cd03232	SSF52540	8	
APU25_11175	ips6_local	IPR006153,IPR018490	PF00999					SSF51206	2	
APU25_11180	matches_api								0	
APU25_11185	matches_api	IPR001349,IPR036418	PF02046					SSF81411	2	
APU25_11190	matches_api	IPR036174,IPR036465						SSF53300,SSF81995,SSF82919	3	IPR029006,IPR050550
APU25_11195	ips6_local	IPR001537,IPR004441,IPR013123,IPR029028,IPR029064,IPR047261	PF00588,PF08032	TIGR00186		SM00967	cd18105	SSF55315,SSF75217	7	
APU25_11200	ips6_local	IPR003495,IPR011629,IPR027417	PF02492,PF07683			SM00833	cd03112	SSF52540,SSF90002	6	
APU25_11205	matches_api	IPR007484	PF04389					SSF53187	2	IPR045175
APU25_11210	ips6_local	IPR006001,IPR027417	PF13671	TIGR01313	PS51257		cd02021	SSF52540	5	
APU25_11215	ips6_local								0	
APU25_11220	matches_api	IPR011701,IPR020846,IPR036259	PF07690		PS50850			SSF103473	3	IPR044770
APU25_11225	ips6_local	IPR001680	PF00400		PS50082	SM00320		SSF82171	4	
APU25_11230	ips6_local	IPR000757,IPR005629,IPR013320	PF03935		PS51762			SSF49899	3	
APU25_11235	matches_api	IPR005629,IPR013320	PF03935					SSF49899	2	
APU25_11240	ips6_local	IPR000757,IPR005629,IPR013320	PF03935		PS51762			SSF49899	3	
APU25_11245	matches_api								0	
APU25_11250	matches_api								0	
APU25_11255	ips6_local								0	
APU25_11260	ips6_local	IPR010420	PF06241						1	
APU25_11265	matches_api	IPR001841,IPR017907,IPR018957	PF00097		PS00518,PS50089	SM00184		SSF57850	5	IPR013083
APU25_11270	matches_api								0	
APU25_11275	ips6_local	IPR032752	PF16455						1	
APU25_11280	matches_api	IPR003593,IPR013765,IPR020587,IPR020588,IPR023400,IPR027417,IPR049261,IPR049428	PF00154,PF21096	TIGR02012	PS50162,PS50163	SM00382	cd00983	SSF52540,SSF54752	9	
APU25_11285	matches_api	IPR019191	PF09811						1	IPR052436
APU25_11290	ips6_local	IPR032710						SSF54427	1	
APU25_11295	matches_api	IPR002347,IPR020904,IPR036291,IPR057326	PF00106		PS00061	SM00822	cd05374	SSF51735	5	
APU25_11300	matches_api	IPR002110,IPR036770,IPR063810	PF12796,PF30945		PS50088,PS50297	SM00248		SSF48403	6	IPR038753
APU25_11305	matches_api								0	
APU25_11310	matches_api								0	
APU25_11315	matches_api	IPR000571,IPR000719,IPR008271,IPR010513,IPR011009,IPR011047,IPR018391,IPR036855	PF00069,PF00642,PF06479		PS00108,PS50011,PS50103,PS51392	SM00220,SM00356,SM00564,SM00580	cd10422	SSF50998,SSF56112,SSF90229	15	IPR015943,IPR038357,IPR045133
APU25_11320	ips6_local	IPR001841,IPR003034,IPR006642,IPR017907,IPR027370	PF13445		PS00518,PS50089,PS50800,PS51908	SM00184,SM00734		SSF57850	8	
APU25_11325	ips6_local	IPR003846	PF02696	NF000658					2	
APU25_11330	matches_api	IPR003807,IPR018966	PF02656,PF09359						2	IPR042267,IPR051572
APU25_11335	matches_api	IPR006145,IPR006224,IPR020103	PF00849		PS01129		cd02869	SSF55120	4	IPR050188
APU25_11340	matches_api	IPR001544,IPR005786,IPR033939,IPR036038	PF01063	NF009897,TIGR01123			cd01557	SSF56752	5	IPR043131,IPR043132
APU25_11345	matches_api	IPR000462,IPR048254	PF01066		PS00379				2	IPR043130,IPR050324
APU25_11350	matches_api	IPR000719,IPR008271,IPR011009,IPR017441	PF00069		PS00107,PS00108,PS50011	SM00220		SSF56112	6	
APU25_11355	ips6_local	IPR036872						SSF47576	1	
APU25_11360	matches_api	IPR002759,IPR038085	PF01900					SSF160350	2	IPR016819
APU25_11365	ips6_local								0	
APU25_11370	ips6_local	IPR000504,IPR035979			PS50102			SSF54928	2	
APU25_11375	ips6_local	IPR004827,IPR046347	PF00170		PS00036,PS50217	SM00338	cd14707	SSF57959	6	
APU25_11380	matches_api	IPR001680,IPR036322	PF00400		PS50082,PS50294	SM00320		SSF50978	5	IPR015943
APU25_11385	matches_api	IPR001199,IPR018506,IPR036400	PF00173		PS00191,PS50255	SM01117		SSF55856	5	IPR050668
APU25_11390	matches_api	IPR003672,IPR011771,IPR022571	PF02514,PF11965	NF009140,TIGR02025			cd10150		5	
APU25_11395	ips6_local	IPR001554,IPR017853,IPR018238	PF01373		PS00506			SSF51445	3	
APU25_11400	ips6_local	IPR001680,IPR011047,IPR022033,IPR036322	PF12234			SM00320		SSF50978,SSF50998	4	
APU25_11405	matches_api								0	
APU25_11410	matches_api	IPR001247,IPR015847,IPR020568,IPR036345	PF01138,PF03725				cd11371	SSF54211,SSF55666	5	IPR027408,IPR050080
APU25_11415	matches_api	IPR001199,IPR036400	PF00173			SM01117		SSF55856	3	IPR050577
APU25_11420	matches_api	IPR002044,IPR002192,IPR013784,IPR054481,IPR063464	PF00686,PF01326,PF22973,PF31155		PS51166	SM01065	cd05467	SSF49452,SSF56059	9	IPR013783,IPR013815
APU25_11425	matches_api	IPR002938,IPR036188	PF01494					SSF51905	2	IPR044560
APU25_11430	matches_api	IPR000892	PF01283						1	IPR038551
APU25_11435	matches_api	IPR002921,IPR029058	PF01764				cd00519	SSF53474	3	IPR051218
APU25_11440	ips6_local	IPR008833	PF05477						1	
APU25_11445	matches_api						cd14279		1	
APU25_11450	matches_api	IPR063519	PF31061						1	
APU25_11455	ips6_local	IPR000719,IPR011009,IPR017441	PF00069		PS00107,PS50011	SM00220		SSF56112	5	
APU25_11460	matches_api	IPR000717,IPR011990,IPR036390,IPR040773	PF01399,PF18055		PS50250	SM00088,SM00753		SSF46785,SSF48452	7	IPR050871
APU25_11465	matches_api	IPR029069					cd03440	SSF54637	2	
APU25_11470	matches_api	IPR004506,IPR046884,IPR046885	PF03054,PF20258,PF20259	NF001138,TIGR00420			cd01998	SSF52402	7	IPR014729,IPR023382,IPR051305
APU25_11475	matches_api	IPR001727,IPR049555	PF01169		PS01214				2	
APU25_11480	ips6_local	IPR001675	PF00777						1	
APU25_11485	matches_api	IPR018108,IPR023395	PF00153		PS50920			SSF103506	3	IPR002067
APU25_11490	matches_api	IPR009651,IPR015424	PF06838					SSF53383	2	IPR015421
APU25_11495	matches_api								0	
APU25_11500	matches_api	IPR001296,IPR011835,IPR013534	PF00534,PF08323	TIGR02095			cd03791	SSF53756	5	
APU25_11505	matches_api	IPR002123,IPR004552	PF01553	TIGR00530		SM00563	cd07989	SSF69593	5	
APU25_11510	ips6_local	IPR002123	PF01553			SM00563	cd07989	SSF69593	4	
APU25_11515	matches_api	IPR018108,IPR023395	PF00153		PS50920			SSF103506	3	IPR050391
APU25_11520	matches_api	IPR015797						SSF55811	1	
APU25_11525	ips6_local	IPR003582,IPR007112,IPR007117,IPR009009,IPR036749,IPR036908	PF01357,PF03330		PS50842,PS50843	SM00254	cd22271	SSF49590,SSF50685	8	
APU25_11530	matches_api	IPR001910,IPR015910,IPR036452	PF01156		PS01247		cd02651	SSF53590	4	IPR023186
APU25_11535	matches_api	IPR000340,IPR000387,IPR020422,IPR029021	PF00782		PS50056	SM00195		SSF52799	4	IPR052832
APU25_11540	ips6_local	IPR001849,IPR002913,IPR009769	PF01852,PF07059		PS50003,PS50848	SM00233	cd00821	SSF50729,SSF55961	8	
APU25_11545	matches_api	IPR000715,IPR033895	PF00953				cd06855		2	
APU25_11550	matches_api	IPR001514,IPR011262,IPR011263,IPR033901,IPR036603,IPR036643	PF01000,PF01193		PS00446	SM00662	cd07032	SSF55257,SSF56553	7	IPR022842
APU25_11555	matches_api	IPR019176	PF09786						1	
APU25_11560	ips6_local								0	
APU25_11565	ips6_local	IPR029058	PF03403					SSF53474	2	
APU25_11570	matches_api								0	
APU25_11575	ips6_local	IPR008979,IPR017853,IPR019801,IPR031330,IPR048912,IPR048913	PF01301,PF21317,PF21467		PS01182			SSF49785,SSF51445	6	
APU25_11580	matches_api	IPR011990		NF047558				SSF48452	2	
APU25_11585	matches_api	IPR000222,IPR001932,IPR036457	PF00481		PS01032,PS51746	SM00332	cd00143	SSF81606	6	IPR015655
APU25_11590	matches_api	IPR000222,IPR001932,IPR036457	PF00481		PS01032,PS51746	SM00332	cd00143	SSF81606	6	IPR015655
APU25_11595	ips6_local	IPR002637,IPR029001	PF01725	TIGR00042			cd00515	SSF52972	4	
APU25_11600	matches_api	IPR002794	PF01940						1	
APU25_11605	ips6_local	IPR004639,IPR005814,IPR015424,IPR049704	PF00202	NF000818,TIGR00713	PS00600		cd00610	SSF53383	6	
APU25_11610	matches_api	IPR016040,IPR036291	PF13460					SSF51735	2	
APU25_11615	ips6_local				PS51257				1	
APU25_11620	matches_api	IPR020630,IPR020631,IPR020867,IPR036291,IPR046346	PF00763,PF02882	NF008058,NF010783	PS00767		cd01080	SSF51735,SSF53223	8	IPR000672
APU25_11625	matches_api	IPR000182,IPR006638,IPR007197,IPR016181,IPR032432,IPR034687,IPR056591,IPR058240	PF00583,PF04055,PF16199,PF23613	TIGR01211	PS51186,PS51918	SM00729	cd01335	SSF102114,SSF55729	11	IPR039661
APU25_11630	ips6_local	IPR009388	PF06298						1	
APU25_11635	ips6_local	IPR006569	PF04818		PS51391	SM00582			3	
APU25_11640	ips6_local								0	
APU25_11645	ips6_local	IPR000727	PF05739		PS50192	SM00397	cd15841	SSF58038	5	
APU25_11650	matches_api	IPR009617	PF06775				cd23995		2	
APU25_11655	matches_api	IPR006876	PF04791						1	IPR051584
APU25_11660	ips6_local	IPR002058,IPR043519,IPR054708	PF03828,PF22600				cd05402	SSF81301,SSF81631	5	
APU25_11665	matches_api								0	
APU25_11670	matches_api								0	
APU25_11675	ips6_local	IPR011990,IPR019734,IPR044059	PF18972		PS50005	SM00028	cd21377	SSF48452	5	
APU25_11680	matches_api	IPR003439,IPR003593,IPR011527,IPR017871,IPR027417	PF00005,PF06472		PS00211,PS50893	SM00382	cd03223	SSF52540	7	IPR050835
APU25_11685	ips6_local	IPR021569,IPR029071	PF11470				cd16105,cd16118	SSF54236	4	
APU25_11690	ips6_local								0	
APU25_11695	ips6_local	IPR001678,IPR029063,IPR048889,IPR049560	PF01189,PF21153		PS51686		cd02440	SSF53335	5	
APU25_11700	ips6_local	IPR001680,IPR019775,IPR036322,IPR055410	PF24105		PS00678,PS50082,PS50294	SM00320		SSF50978	6	
APU25_11705	ips6_local	IPR002130,IPR020892,IPR029000	PF00160		PS00170,PS50072			SSF50891	4	
APU25_11710	ips6_local	IPR007577,IPR029044	PF04488					SSF53448	2	
APU25_11715	matches_api								0	
APU25_11720	matches_api	IPR020526	PF17257						1	
APU25_11725	ips6_local	IPR028265	PF15502						1	
APU25_11730	matches_api								0	
APU25_11735	ips6_local								0	
APU25_11740	ips6_local								0	
APU25_11745	matches_api	IPR001171,IPR018083	PF01222		PS01017,PS01018				3	
APU25_11750	matches_api	IPR015590,IPR016161,IPR029510	PF00171		PS00687			SSF53720	3	IPR016162,IPR016163
APU25_11755	matches_api	IPR009453,IPR036412	PF06437					SSF56784	2	
APU25_11760	matches_api	IPR040781,IPR040858,IPR041358	PF18087,PF18578,PF18579						3	IPR037494
APU25_11765	matches_api	IPR002777	PF01920				cd23163	SSF46579	3	IPR009053,IPR027235
APU25_11770	matches_api	IPR002314,IPR004154,IPR004499,IPR006195,IPR016061,IPR017449,IPR033721,IPR045864	PF00587,PF03129,PF09180	TIGR00408	PS50862	SM00946	cd00778	SSF52954,SSF55681,SSF64586	10	IPR002316,IPR036621
APU25_11775	matches_api	IPR005474,IPR005475,IPR005478,IPR009014,IPR020826,IPR029061,IPR049557,IPR055152	PF00456,PF02779,PF22613	TIGR00232	PS00801,PS00802	SM00861	cd02012,cd07033	SSF52518,SSF52922	11	IPR033247
APU25_11780	matches_api	IPR005843,IPR005844,IPR016055,IPR016066,IPR036900,IPR049022,IPR049023	PF00408,PF02878,PF21404,PF21405		PS00710			SSF53738,SSF55957	7	
APU25_11785	matches_api								0	
APU25_11790	matches_api	IPR014048,IPR036217	PF01035					SSF46767	2	IPR036388,IPR052520
APU25_11795	ips6_local	IPR007529	PF04438		PS51083		cd23024	SSF144232	4	
APU25_11800	ips6_local	IPR029058						SSF53474	1	
APU25_11805	matches_api	IPR001098,IPR002562,IPR012337,IPR043502	PF00476,PF01612			SM00482	cd08640	SSF53098,SSF56672	6	IPR002298,IPR036397
APU25_11810	matches_api	IPR013766,IPR017905,IPR017937,IPR036249,IPR036774	PF00085,PF04777		PS00194,PS51324,PS51352		cd02961	SSF52833,SSF69000	8	IPR039798
APU25_11815	ips6_local	IPR001752,IPR019821,IPR027417	PF00225		PS00411,PS50067	SM00129		SSF52540	5	
APU25_11820	matches_api	IPR007763	PF05071						1	IPR052618
APU25_11825	ips6_local	IPR000061,IPR000626,IPR022030,IPR029071,IPR035563,IPR035967	PF00240,PF01805,PF12230		PS50053,PS50128	SM00213,SM00648	cd01800	SSF109905,SSF54236	10	
APU25_11830	matches_api								0	
APU25_11835	matches_api								0	
APU25_11840	matches_api								0	
APU25_11845	matches_api	IPR000210,IPR011333,IPR029063	PF00651,PF01135		PS50097	SM00225	cd02440,cd14733,cd18186	SSF53335,SSF54695	9	IPR000682
APU25_11850	matches_api	IPR003613,IPR016024	PF04564		PS51698	SM00504		SSF48371,SSF57850	5	IPR011989,IPR013083
APU25_11855	ips6_local	IPR002553,IPR016024	PF01602					SSF48371	2	
APU25_11860	ips6_local	IPR007143,IPR017898,IPR017899,IPR037202,IPR037206	PF03997		PS51310,PS51313			SSF140111,SSF140427	5	
APU25_11865	ips6_local	IPR002591,IPR017850,IPR037675	PF01663				cd16023	SSF53649	3	
APU25_11870	matches_api	IPR004033,IPR023576,IPR029063	PF01209	NF001244,TIGR01934	PS01183,PS51608		cd02440	SSF53335	7	IPR032904
APU25_11875	matches_api	IPR003698,IPR006638,IPR007197,IPR031691,IPR058240	PF04055,PF16881	NF004019,NF009544,TIGR00510	PS51918	SM00729	cd01335	SSF102114	9	IPR013785
APU25_11880	ips6_local	IPR003107,IPR011990,IPR055347	PF08640			SM00386		SSF48452	3	
APU25_11885	ips6_local	IPR002483,IPR036483	PF01480		PS51025	SM00311		SSF101233	4	
APU25_11890	ips6_local	IPR000904,IPR015403,IPR016024,IPR032629,IPR032691,IPR032817,IPR035999,IPR046455	PF01369,PF09324,PF12783,PF16206,PF16213,PF20252		PS50190	SM00222	cd00171	SSF48371,SSF48425	11	
APU25_11895	ips6_local								0	
APU25_11900	matches_api	IPR003903,IPR006085,IPR006086,IPR008918,IPR019974,IPR029060,IPR036279	PF00752,PF00867		PS00842,PS50330	SM00279,SM00484	cd09868,cd09904	SSF47807,SSF88723	10	
APU25_11905	ips6_local	IPR000403,IPR001263,IPR011009,IPR016024,IPR018936,IPR045495	PF00454,PF00613,PF19274		PS00915,PS50290,PS51545	SM00145,SM00146	cd05167	SSF48371,SSF56112	11	
APU25_11910	matches_api	IPR000194,IPR004100,IPR005723,IPR020003,IPR022879,IPR027417,IPR055190	PF00006,PF02874,PF22919	NF003235,TIGR01040	PS00152		cd01135,cd18112,cd18118	SSF52540	10	
APU25_11915	ips6_local	IPR013167,IPR048680,IPR048684	PF08318,PF20662,PF20663			SM00762			4	
APU25_11920	ips6_local	IPR001412,IPR004527,IPR008925,IPR020058,IPR033910,IPR045462	PF00749,PF19269	TIGR00464	PS00178		cd00808	SSF48163,SSF52374	7	
APU25_11925	ips6_local	IPR003593,IPR003959,IPR003960,IPR015342,IPR027417,IPR029067	PF00004,PF09262		PS00674	SM00382		SSF52540,SSF54585	6	
APU25_11930	matches_api	IPR002778,IPR036521	PF01922					SSF69695	2	
APU25_11935	ips6_local	IPR002737	PF01875	TIGR04336			cd07361		3	
APU25_11940	ips6_local	IPR036873						SSF52821	1	
APU25_11945	ips6_local	IPR018564	PF09444						1	
APU25_11950	ips6_local	IPR007262	PF04133						1	
APU25_11955	ips6_local	IPR006843	PF04755						1	
APU25_11960	ips6_local	IPR001494,IPR005043,IPR013713,IPR016024	PF03378,PF03810,PF08506		PS50166	SM00913		SSF48371	6	
APU25_11965	ips6_local	IPR001680,IPR011494,IPR036322,IPR055410	PF07569,PF24105		PS50082,PS50294	SM00320	cd00200	SSF50978	7	
APU25_11970	ips6_local	IPR000257,IPR006361,IPR038071	PF01208	TIGR01464	PS00906,PS00907		cd00717	SSF51726	6	
APU25_11975	ips6_local	IPR007603	PF04515						1	
APU25_11980	matches_api						cd13214	SSF50729	2	IPR044852
APU25_11985	matches_api	IPR005123,IPR013216,IPR027450,IPR029063,IPR035979	PF08241,PF13532		PS51471			SSF51197,SSF53335,SSF54928	6	IPR012677,IPR037151,IPR051422
APU25_11990	ips6_local	IPR004328	PF03097		PS51180	SM01041			3	
APU25_11995	matches_api	IPR021825	PF11891						1	
APU25_12000	matches_api	IPR019191	PF09811						1	IPR038881
APU25_12005	ips6_local	IPR004274,IPR011943,IPR029071,IPR036412	PF03031	TIGR02245	PS50969	SM00577		SSF54236,SSF56784	6	
APU25_12010	ips6_local	IPR000719,IPR001245,IPR008271,IPR011009,IPR017441	PF07714		PS00107,PS00108,PS50011	SM00220		SSF56112	6	
APU25_12015	matches_api	IPR002347,IPR036291	PF13561					SSF51735	2	IPR045000
APU25_12020	ips6_local	IPR000684,IPR000722,IPR006592,IPR007066,IPR007073,IPR007075,IPR007080,IPR007081,IPR007083	PF00623,PF04983,PF04990,PF04992,PF04997,PF04998,PF05000,PF05001	NF006336	PS00115	SM00663	cd02584,cd02733	SSF64484	14	
APU25_12025	matches_api								0	
APU25_12030	matches_api	IPR018607	PF09696						1	
APU25_12035	ips6_local	IPR000634,IPR001926,IPR036052	PF00291		PS00165			SSF53686	3	
APU25_12040	matches_api	IPR007130	PF03982				cd07987	SSF69593	3	
APU25_12045	matches_api	IPR001005,IPR007526,IPR009057,IPR017884,IPR017930,IPR032450,IPR032451,IPR036420,IPR049898	PF00249,PF04433,PF16495,PF16496		PS50090,PS50934,PS51293,PS51294,PS52032	SM00717	cd00027,cd00167	SSF46689,SSF52113	14	IPR036388
APU25_12050	ips6_local	IPR027417						SSF52540	1	
APU25_12055	ips6_local	IPR004910,IPR034751,IPR036280	PF03226		PS51792			SSF48695	3	
APU25_12060	ips6_local								0	
APU25_12065	matches_api	IPR036291						SSF51735	1	
APU25_12070	matches_api	IPR009044,IPR013742	PF08536					SSF54447	2	
APU25_12075	ips6_local	IPR000504,IPR035979	PF00076		PS50102	SM00360	cd12414,cd12416	SSF54928	6	
APU25_12080	ips6_local	IPR000340,IPR000387,IPR001339,IPR012340,IPR013846,IPR016130,IPR029021	PF00782,PF01331,PF03919		PS00383,PS50056		cd07895,cd14502	SSF50249,SSF52799,SSF56091	10	
APU25_12085	ips6_local								0	
APU25_12090	ips6_local	IPR001623,IPR018253,IPR036869,IPR056453	PF00226,PF23302		PS00636,PS50076	SM00271	cd06257	SSF46565	7	
APU25_12095	matches_api	IPR003782,IPR013766,IPR036249	PF02630		PS51352		cd02968	SSF52833	4	
APU25_12100	ips6_local	IPR000571,IPR001841,IPR017907,IPR036855	PF00642,PF14634		PS00518,PS50089,PS50103	SM00184,SM00356	cd16539	SSF57850,SSF90229	10	
APU25_12105	ips6_local	IPR003657,IPR036576	PF03106		PS50811	SM00774		SSF118290	4	
APU25_12110	ips6_local								0	
APU25_12115	matches_api	IPR013252	PF08286						1	
APU25_12120	matches_api	IPR021995	PF12159						1	
APU25_12125	matches_api	IPR000711,IPR026015	PF00213	TIGR01145				SSF47928	3	
APU25_12130	matches_api	IPR019831,IPR019832,IPR019833,IPR036314,IPR036324	PF00081,PF02777		PS00088			SSF46609,SSF54719	5	IPR001189
APU25_12135	matches_api	IPR008560	PF05811						1	
APU25_12140	ips6_local	IPR019367	PF10235						1	
APU25_12145	ips6_local								0	
APU25_12150	ips6_local								0	
APU25_12155	matches_api								0	
APU25_12160	matches_api	IPR003956,IPR003958,IPR009072	PF00808		PS00685		cd22907	SSF47113	4	IPR027113
APU25_12165	ips6_local	IPR004859,IPR041412	PF03159,PF17846				cd18673		3	
APU25_12170	matches_api	IPR053284	PF27724						1	
APU25_12175	matches_api	IPR036412	PF00702					SSF56784	2	IPR023198,IPR023214
APU25_12180	matches_api	IPR003029,IPR011488,IPR012340,IPR024054,IPR024055,IPR044126	PF00575,PF07541		PS50126	SM00316	cd04452	SSF110993,SSF116742,SSF50249	8	
APU25_12185	matches_api	IPR009806	PF07123						1	
APU25_12190	ips6_local	IPR003593,IPR003959,IPR004176,IPR019489,IPR027417,IPR036628,IPR041546	PF00004,PF02861,PF07724,PF10431,PF17871		PS51903	SM00382,SM01086	cd00009,cd19499	SSF52540,SSF81923	12	
APU25_12195	ips6_local	IPR006133,IPR006134,IPR006172,IPR012337,IPR017964,IPR025687,IPR043502,IPR056435,IPR056447	PF00136,PF03104,PF14260,PF24055,PF24065		PS00116	SM00486	cd05534,cd05778	SSF53098,SSF56672	11	
APU25_12200	ips6_local	IPR000313,IPR001214,IPR003340,IPR003616,IPR006560,IPR015300,IPR046341	PF00855,PF00856,PF17907		PS50280,PS50812,PS50868,PS51215	SM00317	cd05162,cd10017	SSF101936,SSF63748,SSF82199	13	
APU25_12205	matches_api	IPR005024	PF03357						1	
APU25_12210	matches_api								0	
APU25_12215	matches_api								0	
APU25_12220	matches_api	IPR003952,IPR003953,IPR011281,IPR014006,IPR015939,IPR027477,IPR036188,IPR037099	PF00890,PF02910	TIGR01812,TIGR01816	PS00504			SSF46977,SSF51905,SSF56425	8	IPR030664
APU25_12225	matches_api	IPR000222,IPR001932,IPR036457	PF00481		PS01032,PS51746	SM00331,SM00332	cd00143	SSF81606	7	IPR015655
APU25_12230	matches_api	IPR013137,IPR013150,IPR013763,IPR023486,IPR036915	PF00382,PF08271		PS00782,PS51134	SM00385	cd20551	SSF47954,SSF57783	8	IPR000812
APU25_12235	matches_api	IPR006575,IPR016135,IPR032378	PF05773,PF16543		PS50908	SM00591	cd23823	SSF54495	6	IPR040213
APU25_12240	matches_api	IPR006760	PF04667						1	
APU25_12245	ips6_local	IPR000719,IPR008271,IPR011009,IPR058783	PF00069,PF26031		PS00108,PS50011	SM00220	cd05579	SSF56112	7	
APU25_12250	ips6_local								0	
APU25_12255	ips6_local	IPR011990,IPR019734				SM00028		SSF48452	2	
APU25_12260	matches_api	IPR007185,IPR040663,IPR041863	PF04042,PF18018				cd07387		3	IPR024826
APU25_12265	ips6_local	IPR006909,IPR006910,IPR036390	PF04824,PF04825					SSF46785	3	
APU25_12270	matches_api	IPR022796	PF00504					SSF103511	2	IPR001344
APU25_12275	ips6_local	IPR013538,IPR015310,IPR036338	PF08327,PF09229			SM01000	cd08892	SSF103111,SSF55961	6	
APU25_12280	ips6_local	IPR002734,IPR011549,IPR012816,IPR016193,IPR024072,IPR037238	PF01872,PF08719	TIGR00227,TIGR02464			cd15457	SSF143990,SSF53597,SSF53927	8	
APU25_12285	ips6_local	IPR001494,IPR016024	PF03810		PS50166			SSF48371	3	
APU25_12290	ips6_local	IPR011990,IPR019734,IPR023631,IPR036928	PF01425,PF13181,PF13414		PS50005	SM00028		SSF48452,SSF75304	7	
APU25_12295	ips6_local	IPR003169,IPR035445	PF02213		PS50829	SM00444	cd00072	SSF55277	5	
APU25_12300	matches_api	IPR000626,IPR000938,IPR029071,IPR036859,IPR045172	PF01302,PF14560		PS50245	SM00213,SM01052	cd01789	SSF54236,SSF74924	8	
APU25_12305	ips6_local	IPR001096,IPR048501	PF01650,PF20985				cd21115		3	
APU25_12310	ips6_local	IPR000979,IPR024654,IPR029052	PF12850	TIGR00040				SSF56300	3	
APU25_12315	ips6_local	IPR023296						SSF75005	1	
APU25_12320	ips6_local								0	
APU25_12325	matches_api	IPR006598	PF05686			SM00672			2	IPR051091
APU25_12330	matches_api								0	
APU25_12335	ips6_local	IPR001173,IPR001701,IPR008928,IPR029044	PF00759,PF13632					SSF48208,SSF53448	4	
APU25_12340	ips6_local								0	
APU25_12345	ips6_local	IPR000409,IPR016024,IPR023362,IPR036372,IPR057496	PF02138,PF25400		PS50197,PS51783	SM01026	cd06071	SSF48371,SSF50729,SSF81837	9	
APU25_12350	matches_api	IPR003890,IPR016024	PF02854			SM00543		SSF48371	3	IPR039762
APU25_12355	matches_api	IPR001748	PF01125						1	
APU25_12360	matches_api	IPR016181						SSF55729	1	
APU25_12365	ips6_local	IPR000403,IPR003152,IPR011009,IPR014009,IPR018936,IPR044107	PF00454,PF02260		PS00915,PS00916,PS50290,PS51189,PS51190	SM00146,SM01343	cd05171	SSF56112	11	
APU25_12370	ips6_local	IPR003340,IPR015300	PF02362		PS50863	SM01019	cd10017	SSF101936	5	
APU25_12375	ips6_local	IPR019200,IPR036265,IPR045759	PF09830,PF19327					SSF54197	3	
APU25_12380	matches_api	IPR003582,IPR005123,IPR006620,IPR044862	PF01549,PF13640		PS51471,PS51670	SM00254,SM00702			6	IPR045054
APU25_12385	ips6_local								0	
APU25_12390	matches_api	IPR000511	PF01265		PS00821,PS00822				3	
APU25_12395	matches_api	IPR001680,IPR019775,IPR022052,IPR036322	PF00400,PF12265		PS00678,PS50082,PS50294	SM00320		SSF50978	7	IPR015943,IPR020472,IPR050459
APU25_12400	matches_api	IPR022796	PF00504					SSF103511	2	IPR001344
APU25_12405	matches_api	IPR022796	PF00504					SSF103511	2	IPR001344
APU25_12410	matches_api								0	
APU25_12415	matches_api	IPR001680,IPR019775,IPR036322	PF00400		PS00678,PS50082,PS50294	SM00320		SSF50978	6	IPR015943,IPR020472
APU25_12420	ips6_local	IPR002549	PF01594						1	
APU25_12425	ips6_local	IPR031926	PF15982						1	
APU25_12430	matches_api	IPR007248	PF04117						1	
APU25_12435	matches_api	IPR003593,IPR008921,IPR027417	PF13177,PF21960,PF22534			SM00382	cd00009	SSF48019,SSF52540	7	IPR050238
APU25_12440	matches_api	IPR001810,IPR004367,IPR006671,IPR013763,IPR036047,IPR036915,IPR048258	PF00134,PF02984,PF12937		PS00292,PS50181	SM00385,SM01332	cd09917	SSF47954,SSF81383	10	IPR039361
APU25_12445	matches_api	IPR019310	PF10153						1	IPR050786
APU25_12450	ips6_local								0	
APU25_12455	ips6_local	IPR000801,IPR014186,IPR029058	PF00756	TIGR02821				SSF53474	3	
APU25_12460	ips6_local	IPR001208,IPR003593,IPR012340,IPR018525,IPR027417,IPR027925,IPR031327,IPR033762,IPR041562	PF00493,PF14551,PF17207,PF17855		PS00847,PS50051	SM00350,SM00382		SSF50249,SSF52540	10	
APU25_12465	ips6_local	IPR001841,IPR057992	PF13639,PF25563		PS50089	SM00184		SSF57850	5	
APU25_12470	matches_api	IPR011576,IPR019595	PF01243,PF10615					SSF50475	3	IPR012349,IPR037119
APU25_12475	matches_api	IPR002501,IPR014780,IPR020103	PF01509	TIGR00431			cd02573	SSF55120	4	
APU25_12480	ips6_local								0	
APU25_12485	ips6_local	IPR003034,IPR004394,IPR043519	PF02410	TIGR00090	PS50800			SSF81301	4	
APU25_12490	matches_api								0	
APU25_12495	ips6_local	IPR002553,IPR009028,IPR013040,IPR013041,IPR016024,IPR032154	PF01602,PF08752,PF16381					SSF48371,SSF49348,SSF55711	6	
APU25_12500	ips6_local	IPR002376,IPR005793,IPR011034,IPR036477,IPR041711	PF00551,PF02911				cd08646	SSF50486,SSF53328	5	
APU25_12505	matches_api	IPR010658,IPR036259,IPR056555	PF06813,PF23262					SSF103473	3	
APU25_12510	matches_api							SSF103511	1	
APU25_12515	ips6_local	IPR011107	PF07491						1	
APU25_12520	ips6_local	IPR007234,IPR031745	PF04100,PF16854						2	
APU25_12525	matches_api	IPR001606,IPR036431	PF01388		PS51011	SM00501,SM01014	cd16100	SSF46774	6	IPR045147
APU25_12530	ips6_local	IPR005599	PF03901						1	
APU25_12535	ips6_local	IPR000719,IPR008271,IPR011009,IPR044092	PF00069		PS00108,PS50011	SM00220	cd14135	SSF56112	6	
APU25_12540	matches_api	IPR001147,IPR008991,IPR018259	PF01157		PS01171			SSF50104	3	IPR036948
APU25_12545	ips6_local	IPR000573,IPR011827,IPR033940	PF00694	TIGR02087			cd01577	SSF52016	4	
APU25_12550	ips6_local								0	
APU25_12555	matches_api	IPR000504,IPR024675,IPR034240,IPR035979	PF00076,PF12353		PS50102	SM00360	cd12408	SSF54928	6	IPR012677,IPR017334
APU25_12560	ips6_local	IPR000330,IPR001650,IPR014001,IPR027417,IPR049730,IPR058951	PF00176,PF00271,PF25875		PS51192,PS51194	SM00487,SM00490	cd18000,cd18793,cd22254	SSF52540	11	
APU25_12565	ips6_local	IPR007191	PF04048						1	
APU25_12570	ips6_local	IPR006640	PF10263			SM00731	cd00084		3	
APU25_12575	matches_api	IPR000727,IPR001388,IPR010908,IPR011012,IPR042855	PF00957,PF13774		PS00417,PS50192,PS50859,PS50892	SM01270	cd14824,cd15843	SSF58038,SSF64356	11	IPR051097
APU25_12580	matches_api	IPR011016	PF12906		PS51292	SM00744		SSF57850	4	IPR013083
APU25_12585	ips6_local	IPR011990,IPR019734,IPR029489	PF13181,PF13414,PF13844		PS50005	SM00028		SSF48452	6	
APU25_12590	ips6_local	IPR009959,IPR032710	PF07366					SSF54427	2	
APU25_12595	ips6_local	IPR000552,IPR011332	PF00935					SSF57829	2	
APU25_12600	ips6_local	IPR003100,IPR003165,IPR012337,IPR014811,IPR032472,IPR032473,IPR032474,IPR036085,IPR045246	PF02170,PF02171,PF08699,PF16486,PF16487,PF16488		PS50821,PS50822	SM00949,SM00950,SM01163	cd02846,cd04657	SSF101690,SSF53098	15	
APU25_12605	matches_api	IPR000210,IPR000225,IPR011333,IPR016024,IPR058678	PF00651,PF25598		PS50097,PS50176	SM00185,SM00225		SSF48371,SSF54695	8	IPR011989,IPR044282
APU25_12610	ips6_local	IPR001701,IPR007112,IPR008928,IPR018221,IPR033126,IPR036908	PF00759		PS00592,PS00698,PS50842		cd22271	SSF48208,SSF50685	7	
APU25_12615	ips6_local								0	
APU25_12620	ips6_local	IPR001680,IPR036322	PF28639			SM00320		SSF50978	3	
APU25_12625	ips6_local	IPR016024,IPR024741	PF12422					SSF48371	2	
APU25_12630	matches_api	IPR004147,IPR011009,IPR034646	PF03109				cd13970	SSF56112	3	IPR051409
APU25_12635	ips6_local	IPR000719,IPR001245,IPR003591,IPR011009,IPR017441,IPR055414	PF07714,PF23598		PS00107,PS50011	SM00369		SSF52058,SSF56112	7	
APU25_12640	ips6_local	IPR004045,IPR036249,IPR036282,IPR047047	PF13409,PF13410				cd03190	SSF47616,SSF52833	5	
APU25_12645	ips6_local	IPR000182,IPR016181	PF00583		PS51186		cd04301	SSF55729	4	
APU25_12650	ips6_local								0	
APU25_12655	matches_api								0	
APU25_12660	matches_api	IPR002042	PF01014	TIGR03383				SSF55620	3	
APU25_12665	matches_api	IPR005225,IPR006689,IPR027417	PF00025	TIGR00231	PS51417,PS51422	SM00177,SM00178	cd00879	SSF52540	8	IPR006687
APU25_12670	matches_api								0	
APU25_12675	matches_api	IPR001498,IPR006575,IPR016135,IPR020568	PF01205,PF05773		PS50908	SM00591	cd23821	SSF54211,SSF54495	7	IPR023582,IPR036956
APU25_12680	ips6_local								0	
APU25_12685	ips6_local	IPR000277,IPR006238,IPR015424	PF01053	TIGR01329			cd00614	SSF53383	4	
APU25_12690	ips6_local	IPR007528	PF04437		PS51386				2	
APU25_12695	matches_api								0	
APU25_12700	ips6_local	IPR006942	PF04858						1	
APU25_12705	ips6_local	IPR000873,IPR020845,IPR045311	PF00501		PS00455		cd05927	SSF56801	4	
APU25_12710	matches_api	IPR007109	PF04427		PS50833	SM00879			3	IPR039770
APU25_12715	matches_api	IPR003035	PF02042		PS51519				2	IPR045012
APU25_12720	matches_api	IPR001104	PF02544		PS50244				2	IPR016636,IPR039357
APU25_12725	matches_api	IPR000626,IPR002906,IPR011332,IPR029071	PF00240,PF01599		PS50053	SM00213,SM01402		SSF54236,SSF57829	7	IPR019956,IPR038582,IPR050158
APU25_12730	ips6_local	IPR003034,IPR032552,IPR034257,IPR036361	PF02037,PF16294,PF28976		PS50800	SM00513	cd12432	SSF68906	7	
APU25_12735	matches_api	IPR001005,IPR006447,IPR009057,IPR017930	PF00249	TIGR01557	PS50090,PS51294	SM00717	cd00167	SSF46689	7	IPR052245
APU25_12740	ips6_local	IPR001247,IPR015847,IPR020568,IPR036345	PF01138,PF03725					SSF54211,SSF55666	4	
APU25_12745	matches_api								0	
APU25_12750	matches_api	IPR013632,IPR020588,IPR027417	PF08423		PS50162		cd19492	SSF52540	4	IPR016467,IPR052093
APU25_12755	matches_api	IPR006145,IPR020103	PF00849				cd02869	SSF55120	3	IPR050188
APU25_12760	matches_api	IPR009346	PF06212						1	
APU25_12765	matches_api	IPR001128,IPR017972,IPR036396	PF00067		PS00086		cd11046	SSF48264	4	IPR002401,IPR050196
APU25_12770	matches_api	IPR019410,IPR029063	PF10294				cd02440	SSF53335	3	
APU25_12775	ips6_local	IPR020097,IPR020103,IPR041708	PF01416				cd02568	SSF55120	3	
APU25_12780	ips6_local	IPR000608,IPR016135	PF00179		PS50127	SM00212	cd23799	SSF54495	5	
APU25_12785	matches_api								0	
APU25_12790	ips6_local	IPR012908,IPR029058	PF07819					SSF53474	2	
APU25_12795	matches_api	IPR000727,IPR006012,IPR010989,IPR015260	PF05739,PF09177		PS00914,PS50192	SM00397	cd15841,cd21445	SSF47661,SSF58038	9	
APU25_12800	ips6_local	IPR002110,IPR036770	PF00023,PF12796,PF13606,PF13637		PS50088,PS50297	SM00248		SSF48403	8	
APU25_12805	ips6_local	IPR001478,IPR009003,IPR036034	PF13365		PS50106	SM00228		SSF50156,SSF50494	5	
APU25_12810	ips6_local	IPR024286,IPR029055	PF12481			SM01172		SSF56235	3	
APU25_12815	ips6_local	IPR002661,IPR023584,IPR036191	PF01765	TIGR00496	PS51257		cd00520	SSF55194	5	
APU25_12820	matches_api								0	IPR045388
APU25_12825	ips6_local	IPR004792,IPR036188,IPR055178,IPR057661	PF03486,PF22780	TIGR00275				SSF160996,SSF51905	5	
APU25_12830	ips6_local	IPR056913	PF23036						1	
APU25_12835	ips6_local	IPR008144,IPR008145,IPR020590,IPR027417	PF00625		PS00856,PS50052	SM00072	cd00071	SSF52540	6	
APU25_12840	matches_api	IPR003029,IPR012340	PF00575		PS50126	SM00316	cd04465	SSF50249	5	
APU25_12845	matches_api	IPR000719,IPR008271,IPR011009,IPR045267	PF00069		PS00108,PS50011	SM00220	cd07843	SSF56112	6	IPR050108
APU25_12850	matches_api	IPR016024,IPR021133,IPR054573	PF20168,PF22646		PS50077			SSF48371	4	IPR011989,IPR051023
APU25_12855	ips6_local	IPR000626,IPR029071,IPR057455	PF00240,PF25343		PS50053	SM00213		SSF54236	5	
APU25_12860	ips6_local	IPR017384	PF15879						1	
APU25_12865	matches_api	IPR005746,IPR013766,IPR017937,IPR036249	PF00085	TIGR01068	PS00194,PS51352		cd02947	SSF52833	6	
APU25_12870	ips6_local	IPR013766,IPR036249	PF00085		PS51352		cd02947	SSF52833	4	
APU25_12875	ips6_local								0	
APU25_12880	ips6_local	IPR013766,IPR036249	PF00085		PS51352		cd02947	SSF52833	4	
APU25_12885	ips6_local	IPR029058						SSF53474	1	
APU25_12890	matches_api	IPR002885	PF01535,PF13041	TIGR00756	PS51375				4	IPR011990
APU25_12895	ips6_local	IPR001353,IPR023333,IPR029055,IPR035206	PF00227		PS51476		cd03758	SSF56235	4	
APU25_12900	matches_api	IPR001374,IPR025952,IPR036867	PF13902		PS51061			SSF82708	3	IPR039629
APU25_12905	ips6_local	IPR018609	PF09736						1	
APU25_12910	ips6_local	IPR000719,IPR006575,IPR008271,IPR011009,IPR016135,IPR017441,IPR045864	PF00069,PF05773		PS00107,PS00108,PS50011,PS50908	SM00220,SM00591	cd14046,cd23823	SSF52954,SSF54495,SSF55681,SSF56112	14	
APU25_12915	matches_api	IPR000209,IPR000719,IPR011009,IPR036852	PF00069,PF00082		PS50011,PS51892			SSF52743,SSF56112	6	IPR051681
APU25_12920	matches_api	IPR000209,IPR000719,IPR008271,IPR011009,IPR017441,IPR036852	PF00069,PF00082		PS00107,PS00108,PS50011,PS51892	SM00220		SSF52743,SSF56112	9	IPR051681
APU25_12925	ips6_local	IPR000031,IPR003135,IPR011054,IPR011761,IPR016185,IPR040686,IPR054350	PF00731,PF02222,PF17769,PF22660	NF004679,TIGR01162	PS50975	SM01001		SSF51246,SSF52255,SSF52440,SSF56059	12	
APU25_12930	matches_api								0	
APU25_12935	ips6_local	IPR002813,IPR016117	PF01960	NF003802,TIGR00120			cd02152	SSF56266	5	
APU25_12940	ips6_local								0	
APU25_12945	ips6_local	IPR019774,IPR036329	PF00351		PS51410			SSF56534	3	
APU25_12950	matches_api	IPR000008,IPR035892	PF00168		PS50004	SM00239		SSF49562	4	IPR052981
APU25_12955	ips6_local	IPR008470	PF05421						1	
APU25_12960	matches_api	IPR002547,IPR012340	PF01588		PS50886		cd02799	SSF50249	4	
APU25_12965	ips6_local	IPR001059,IPR008991,IPR012340,IPR013185	PF01132,PF08207			SM01185		SSF50104,SSF50249	5	
APU25_12970	matches_api								0	
APU25_12975	ips6_local	IPR006966	PF04882						1	
APU25_12980	matches_api	IPR001905,IPR024041	PF00909	TIGR00836				SSF111352	3	IPR029020
APU25_12985	matches_api	IPR023409,IPR023410,IPR036815	PF00244		PS00796,PS00797	SM00101		SSF48445	5	IPR000308
APU25_12990	matches_api								0	
APU25_12995	matches_api	IPR000608,IPR016135,IPR023313	PF00179		PS00183,PS50127	SM00212	cd23813	SSF54495	6	
APU25_13000	ips6_local	IPR002293	PF13520						1	
APU25_13005	ips6_local	IPR002293	PF13520						1	
APU25_13010	ips6_local	IPR002885	PF01535,PF13812						2	
APU25_13015	ips6_local	IPR003029,IPR005576,IPR012340,IPR036898	PF00575,PF03876				cd04329	SSF50249,SSF88798	5	
APU25_13020	matches_api	IPR013601,IPR013747,IPR016039	PF08392,PF08541				cd00831	SSF53901	4	IPR012392
APU25_13025	ips6_local	IPR009604,IPR025852	PF06741,PF14438			SM01272			3	
APU25_13030	ips6_local	IPR000073,IPR029058	PF00561					SSF53474	2	
APU25_13035	matches_api	IPR006722,IPR011012	PF04628				cd14825	SSF64356	3	
APU25_13040	matches_api	IPR004240	PF02990		PS51257				2	
APU25_13045	ips6_local	IPR001247,IPR003029,IPR004087,IPR004088,IPR012340,IPR020568,IPR036345,IPR036456,IPR036612	PF00013,PF00575,PF01138		PS50084,PS50126	SM00316,SM00322	cd02393	SSF46915,SSF50249,SSF54211,SSF54791,SSF55666	13	
APU25_13050	ips6_local	IPR002836,IPR036883	PF01984					SSF46950	2	
APU25_13055	matches_api	IPR011051,IPR013096,IPR017627,IPR044697	PF07883	TIGR03214			cd02212	SSF51182	4	IPR014710
APU25_13060	ips6_local								0	
APU25_13065	ips6_local		PF03121						1	
APU25_13070	matches_api	IPR007309,IPR036390,IPR056020,IPR056063,IPR056428,IPR056467	PF04182,PF23704,PF24101,PF24538,PF24657					SSF46785	6	IPR036388,IPR044210
APU25_13075	ips6_local								0	
APU25_13080	ips6_local	IPR000644,IPR001347,IPR004800,IPR035474,IPR046348	PF00571,PF01380	TIGR00393	PS51371,PS51464	SM00116	cd04604,cd05014	SSF53697	9	
APU25_13085	matches_api	IPR001063,IPR036394	PF00237					SSF54843	2	IPR047867
APU25_13090	matches_api	IPR001650,IPR011545,IPR014001,IPR027417,IPR044742	PF00270,PF00271		PS51192,PS51194	SM00487,SM00490	cd00268,cd18787	SSF52540	9	
APU25_13095	matches_api	IPR013766,IPR017937,IPR036249	PF00085		PS00194,PS51352		cd02947	SSF52833	5	IPR050620
APU25_13100	ips6_local	IPR001910,IPR036452	PF01156				cd02650	SSF53590	3	
APU25_13105	matches_api	IPR023210,IPR036812,IPR044479	PF00248				cd19163	SSF51430	3	IPR020471
APU25_13110	matches_api	IPR003439,IPR003593,IPR011527,IPR017871,IPR027417,IPR036640	PF00005,PF00664		PS00211,PS50893,PS50929	SM00382	cd18582	SSF52540,SSF90123	9	IPR039421
APU25_13115	ips6_local	IPR006925,IPR006926,IPR011044	PF04840,PF04841					SSF50969	3	
APU25_13120	ips6_local	IPR013212	PF08311		PS51489	SM00777			3	
APU25_13125	ips6_local	IPR000754,IPR020568,IPR020574,IPR023035	PF00380	NF001099	PS00360			SSF54211	4	
APU25_13130	matches_api	IPR001672,IPR018189,IPR035476,IPR035482,IPR046348	PF00342	NF001211	PS00174,PS00765,PS51463		cd05015,cd05016	SSF53697	8	IPR023096
APU25_13135	matches_api								0	
APU25_13140	matches_api								0	
APU25_13145	matches_api	IPR000897,IPR003593,IPR004125,IPR006325,IPR013822,IPR027417,IPR036225,IPR036891	PF00448,PF02881,PF02978	TIGR01425	PS00300	SM00382,SM00962,SM00963	cd17875	SSF47364,SSF47446,SSF52540	12	IPR022941,IPR042101
APU25_13150	ips6_local	IPR018108,IPR023395	PF00153		PS50920			SSF103506	3	
APU25_13155	matches_api	IPR019533,IPR036286					cd06530	SSF51306	2	IPR053307
APU25_13160	ips6_local	IPR021562	PF11460						1	
APU25_13165	matches_api	IPR013766,IPR017937,IPR036249	PF00085		PS00194,PS51352		cd02947	SSF52833	5	
APU25_13170	ips6_local	IPR000555,IPR037518	PF01398		PS50249	SM00232	cd08069	SSF102712	5	
APU25_13175	matches_api	IPR006145,IPR020103	PF00849				cd02869	SSF55120	3	IPR050188
APU25_13180	ips6_local	IPR002314,IPR004154,IPR004499,IPR006195,IPR016061,IPR017449,IPR033721,IPR045864	PF00587,PF03129,PF09180	TIGR00408	PS50862	SM00946	cd00778,cd00862	SSF52954,SSF55681,SSF64586	11	
APU25_13185	ips6_local								0	
APU25_13190	ips6_local								0	
APU25_13195	matches_api								0	
APU25_13200	ips6_local	IPR000073,IPR006050,IPR029058,IPR036155	PF00875,PF12697		PS51645			SSF52425,SSF53474	5	
APU25_13205	matches_api	IPR000357,IPR000719,IPR011009,IPR016024	PF02985		PS50011			SSF48371,SSF56112	4	IPR011989,IPR051177
APU25_13210	matches_api	IPR001680,IPR036322,IPR048720	PF21032			SM00320		SSF50978	3	IPR015943
APU25_13215	ips6_local								0	
APU25_13220	ips6_local	IPR005735	PF06943	TIGR01053					2	
APU25_13225	ips6_local								0	
APU25_13230	ips6_local								0	
APU25_13235	matches_api	IPR001680,IPR011047,IPR060769	PF00400			SM00320		SSF50998,SSF69322	4	IPR015943,IPR046351
APU25_13240	matches_api	IPR001236,IPR001252,IPR010097,IPR015955,IPR022383,IPR036291	PF00056,PF02866	TIGR01772	PS00068		cd01337	SSF51735,SSF56327	7	IPR001557
APU25_13245	ips6_local	IPR001898	PF00939	TIGR00785			cd00625		3	
APU25_13250	matches_api	IPR005178	PF03619			SM01417			2	
APU25_13255	matches_api	IPR005878,IPR023673,IPR023674,IPR028364	PF00687	TIGR01169	PS01199		cd00403	SSF56808	5	IPR016095
APU25_13260	matches_api	IPR007205,IPR016024	PF04063					SSF48371	2	IPR011989,IPR039717
APU25_13265	ips6_local	IPR015671	PF15249						1	
APU25_13270	matches_api	IPR001005,IPR009057,IPR017930			PS50090,PS51294	SM00717	cd11660	SSF46689	5	
APU25_13275	ips6_local	IPR001487,IPR009067,IPR011124,IPR022591,IPR036427,IPR036741	PF00439,PF07496,PF09247,PF12157		PS50014,PS51050	SM00297	cd04369	SSF47055,SSF47370	10	
APU25_13280	ips6_local	IPR011124	PF07496		PS51050				2	
APU25_13285	matches_api	IPR001844,IPR002423,IPR018370,IPR027409,IPR027410,IPR027413	PF00118	NF000592,NF009487,NF009488,NF009489,TIGR02348	PS00296		cd03344	SSF48592,SSF52029,SSF54849	11	
APU25_13290	matches_api								0	
APU25_13295	ips6_local	IPR041337	PF18360				cd21039		2	
APU25_13300	matches_api		PF28704						1	
APU25_13305	matches_api	IPR016037,IPR030960,IPR056179	PF01761,PF24621	TIGR01357			cd08195	SSF56796	5	IPR030963,IPR050071
APU25_13310	ips6_local	IPR011990,IPR019734,IPR046341			PS50005	SM00028		SSF48452,SSF82199	4	
APU25_13315	ips6_local	IPR049625	PF04577						1	
APU25_13320	matches_api	IPR001005,IPR009057,IPR017930	PF00249		PS50090,PS51294	SM00717	cd00167,cd20404	SSF46689	7	IPR051575
APU25_13325	matches_api	IPR001296,IPR028098	PF00534,PF13439				cd03814	SSF53756	4	IPR050194
APU25_13330	matches_api	IPR005225,IPR006689,IPR027417,IPR044154	PF00025	TIGR00231	PS51417,PS51419	SM00173,SM00175,SM00177,SM00178	cd04159	SSF52540	10	
APU25_13335	ips6_local	IPR003409	PF02493			SM00698		SSF82185	3	
APU25_13340	matches_api	IPR011990,IPR019734		NF047558	PS50005			SSF48452	3	
APU25_13345	ips6_local	IPR001623,IPR036869	PF00226		PS50076	SM00271	cd06257	SSF46565	5	
APU25_13350	matches_api	IPR000668,IPR025661,IPR033157,IPR038765	PF00112		PS00640	SM00645	cd02698	SSF54001	5	IPR013128
APU25_13355	matches_api	IPR006904	PF04819						1	IPR042127
APU25_13360	matches_api	IPR011040,IPR036278	PF13088				cd15482	SSF50939	3	
APU25_13365	matches_api								0	
APU25_13370	matches_api	IPR002657	PF01758						1	IPR004710,IPR038770
APU25_13375	matches_api	IPR048364	PF21057						1	IPR031318
APU25_13380	matches_api	IPR002109,IPR011767,IPR011899,IPR017937,IPR036249	PF00462	TIGR02180	PS00194,PS00195,PS51354		cd03419	SSF52833	7	IPR014025
APU25_13385	ips6_local	IPR036869						SSF46565	1	
APU25_13390	ips6_local	IPR000719,IPR008271,IPR011009,IPR017441	PF00069		PS00107,PS00108,PS50011	SM00220		SSF56112	6	
APU25_13395	matches_api	IPR000719,IPR011009	PF00069		PS50011	SM00220		SSF56112	4	IPR050205
APU25_13400	ips6_local	IPR013180,IPR016024	PF08216			SM01156		SSF48371	3	
APU25_13405	ips6_local	IPR001347,IPR017932,IPR029055,IPR035466,IPR035490,IPR046348,IPR047084	PF01380,PF13537		PS51278,PS51464		cd00714,cd05008,cd05009	SSF53697,SSF56235	9	
APU25_13410	matches_api	IPR001451,IPR005881,IPR010493,IPR011004,IPR045304,IPR053376	PF00132,PF06426	NF041874,TIGR01172		SM00971	cd03354	SSF51161	7	IPR042122
APU25_13415	matches_api	IPR001451,IPR010493,IPR011004,IPR018357,IPR045304,IPR053376	PF00132,PF06426	NF041874	PS00101	SM00971	cd03354	SSF51161	7	IPR042122
APU25_13420	ips6_local	IPR018034,IPR024626	PF05178,PF12936						2	
APU25_13425	ips6_local	IPR013883	PF08574						1	
APU25_13430	matches_api	IPR005982,IPR008255,IPR013766,IPR023753,IPR036188,IPR036249	PF00085,PF07992	TIGR01292	PS00573,PS51352			SSF51905,SSF52833	7	IPR050097
APU25_13435	ips6_local	IPR001357,IPR012337,IPR013520,IPR034922			PS50172	SM00479	cd06145	SSF53098	4	
APU25_13440	ips6_local	IPR011701,IPR020846,IPR036259	PF07690		PS50850			SSF103473	3	
APU25_13445	matches_api	IPR001623,IPR017896,IPR017900,IPR036869	PF00226,PF13370		PS00198,PS50076,PS51379	SM00271	cd06257	SSF46565,SSF54862	9	IPR001080
APU25_13450	ips6_local	IPR029448	PF14631						1	
APU25_13455	matches_api	IPR003593,IPR003959,IPR003960,IPR027417,IPR032501,IPR041569	PF00004,PF16450,PF17862		PS00674	SM00382		SSF52540	6	IPR012340,IPR050221
APU25_13460	matches_api	IPR008580	PF05903		PS51858	SM01179			3	IPR042266
APU25_13465	ips6_local	IPR011990,IPR019734	PF00515		PS50005	SM00028		SSF48452	4	
APU25_13470	matches_api	IPR002110,IPR036770	PF12796		PS50088,PS50297	SM00248		SSF48403	5	
APU25_13475	matches_api	IPR017905,IPR036774	PF04777		PS51324			SSF69000	3	IPR039799
APU25_13480	matches_api	IPR001623,IPR036869	PF00226		PS50076	SM00271	cd06257	SSF46565	5	
APU25_13485	matches_api	IPR001737,IPR011530,IPR020596,IPR020598,IPR029063	PF00398	TIGR00755	PS01131,PS51689	SM00650	cd02440	SSF53335	7	
APU25_13490	ips6_local	IPR002016,IPR010255	PF00141				cd00314	SSF48113	3	
APU25_13495	ips6_local	IPR005135,IPR006070,IPR017945,IPR036691	PF01300,PF03372		PS51163			SSF55821,SSF56219	5	
APU25_13500	ips6_local	IPR000719,IPR008271,IPR011009,IPR024678	PF00069,PF12202		PS00108,PS50011	SM00220	cd13983	SSF56112	7	
APU25_13505	matches_api	IPR019189	PF09809						1	
APU25_13510	matches_api	IPR000537,IPR006369,IPR030470	PF01040	TIGR01473	PS00943		cd13957		4	IPR044878
APU25_13515	matches_api	IPR000555,IPR024969,IPR027531,IPR037518	PF01398,PF13012		PS50249	SM00232	cd08064		5	
APU25_13520	matches_api	IPR004667	PF03219						1	
APU25_13525	matches_api	IPR001680,IPR011047	PF00400		PS50082,PS50294	SM00320		SSF50998	5	IPR015943,IPR020472,IPR044715
APU25_13530	matches_api	IPR000911,IPR020783,IPR020784,IPR036769,IPR036796	PF00298,PF03946			SM00649	cd00349	SSF46906,SSF54747	6	
APU25_13535	matches_api								0	
APU25_13540	matches_api								0	
APU25_13545	ips6_local	IPR003034,IPR036361	PF02037		PS50800	SM00513		SSF56059,SSF68906	5	
APU25_13550	matches_api	IPR011665,IPR013150,IPR013763,IPR036915	PF00382,PF07741			SM00385	cd20553,cd20554	SSF47954	6	IPR000812
APU25_13555	matches_api	IPR000608,IPR016135	PF00179		PS50127	SM00212	cd23807	SSF54495	5	
APU25_13560	matches_api	IPR013216,IPR013705,IPR029063,IPR030384	PF08241,PF08498		PS51685		cd02440	SSF53335	5	
APU25_13565	ips6_local	IPR036869						SSF46565	1	
APU25_13570	matches_api	IPR048307	PF02516						1	IPR003674
APU25_13575	matches_api	IPR002020,IPR019810,IPR036969	PF00285		PS00480			SSF48256	3	IPR016142,IPR016143
APU25_13580	matches_api	IPR000719,IPR001245,IPR011009	PF07714		PS50011			SSF56112	3	IPR051681
APU25_13585	matches_api	IPR001680,IPR036322	PF00400,PF23627		PS50082,PS50294	SM00320		SSF50978	6	IPR015943,IPR051350
APU25_13590	matches_api	IPR006439,IPR036412	PF00702	TIGR01509				SSF56784	3	IPR023214
APU25_13595	ips6_local	IPR000352	PF00472		PS00745			SSF110916	3	
APU25_13600	matches_api	IPR001494,IPR016024,IPR057941,IPR058537	PF03810,PF24138,PF24139		PS50166	SM00913		SSF48371	6	IPR011989,IPR051345
APU25_13605	ips6_local	IPR006677,IPR036167	PF01974				cd22363	SSF53032	3	
APU25_13610	ips6_local	IPR012506	PF07947						1	
APU25_13615	matches_api	IPR003388	PF02453		PS50845				2	IPR045064
APU25_13620	ips6_local	IPR011990,IPR013105,IPR019734	PF07719		PS50005,PS50293	SM00028		SSF48452	5	
APU25_13625	ips6_local		PF13692				cd01635	SSF53756	3	
APU25_13630	ips6_local	IPR013126,IPR018060,IPR018181,IPR029047,IPR029048,IPR043129	PF00012		PS01036,PS01124			SSF100920,SSF100934,SSF53067	6	
APU25_13635	matches_api	IPR001911	PF01165	TIGR00030					2	
APU25_13640	ips6_local	IPR001554,IPR017853,IPR018238	PF01373		PS00679			SSF51445	3	
APU25_13645	ips6_local	IPR008978,IPR011990					cd06463	SSF48452,SSF49764	3	
APU25_13650	ips6_local	IPR027989,IPR028031	PF14687,PF14688						2	
APU25_13655	ips6_local	IPR000836,IPR005946,IPR029057,IPR029099	PF13793,PF14572	NF002320,NF002758,TIGR01251		SM01400	cd06223	SSF53271	8	
APU25_13660	ips6_local								0	
APU25_13665	matches_api	IPR005304,IPR029028	PF03587				cd18088	SSF75217	3	IPR029026
APU25_13670	ips6_local	IPR001611,IPR003591,IPR029058,IPR055414	PF13855,PF23598		PS51450	SM00364,SM00369		SSF52058,SSF53474	7	
APU25_13675	ips6_local	IPR002083	PF22486		PS50144		cd00121	SSF49599	4	
APU25_13680	ips6_local								0	
APU25_13685	ips6_local	IPR005225,IPR006689,IPR027417	PF00025	TIGR00231	PS51417	SM00177,SM00178		SSF52540	6	
APU25_13690	matches_api	IPR011032,IPR018369,IPR020818	PF00166		PS00681	SM00883	cd00320	SSF50129	5	IPR037124
APU25_13695	matches_api	IPR000659,IPR004443,IPR011576,IPR019576,IPR019740,IPR036652	PF01243,PF03853,PF10590	NF004231,TIGR00197,TIGR00558	PS01064,PS51385			SSF50475,SSF64153	10	IPR012349
APU25_13700	matches_api	IPR001251,IPR036273,IPR036865	PF00650		PS50191	SM00516	cd00170	SSF46938,SSF52087	6	IPR052578
APU25_13705	matches_api	IPR011990						SSF48452	1	
APU25_13710	matches_api	IPR002876,IPR029072,IPR048300,IPR049083	PF01709,PF20772	NF009044,TIGR01033				SSF75625	5	IPR017856,IPR026564
APU25_13715	ips6_local	IPR000626,IPR029071			PS50053		cd17039	SSF54236	3	
APU25_13720	matches_api	IPR007248	PF04117						1	
APU25_13725	matches_api	IPR002048,IPR011992,IPR018247	PF13499		PS00018,PS50222	SM00054	cd00051	SSF47473	6	
APU25_13730	ips6_local	IPR008409	PF05700						1	
APU25_13735	matches_api								0	
APU25_13740	matches_api	IPR001806,IPR005225,IPR027417	PF00071	TIGR00231	PS51419,PS51420,PS51421	SM00173,SM00174,SM00175,SM00176	cd01862	SSF52540	11	
APU25_13745	ips6_local								0	
APU25_13750	ips6_local	IPR006166,IPR010994,IPR011335,IPR047520	PF02732			SM00891	cd20078	SSF47781,SSF52980	5	
APU25_13755	matches_api	IPR000537,IPR006370,IPR030470,IPR039653	PF01040	TIGR01474	PS00943		cd13959		4	IPR044878
APU25_13760	matches_api	IPR000537,IPR006370,IPR030470,IPR039653	PF01040	TIGR01474	PS00943		cd13959		4	IPR044878
APU25_13765	matches_api	IPR004843,IPR006186,IPR011990,IPR013235,IPR019734,IPR029052,IPR041753	PF00149,PF08321,PF13181,PF13432		PS50005	SM00028,SM00156	cd07417	SSF48452,SSF56300	10	IPR051134
APU25_13770	matches_api	IPR006594,IPR006595,IPR013144,IPR024964,IPR044063	PF10607		PS50896,PS50897,PS51867	SM00668,SM00757	cd16659	SSF57850	8	IPR045098
APU25_13775	ips6_local	IPR004240	PF02990						1	
APU25_13780	ips6_local								0	
APU25_13785	ips6_local								0	
APU25_13790	ips6_local	IPR003780	PF02628						1	
APU25_13795	matches_api	IPR009060,IPR015940			PS50030	SM00165		SSF46934	3	
APU25_13800	matches_api	IPR021511	PF11371						1	
APU25_13805	matches_api	IPR007758	PF05064						1	IPR026010
APU25_13810	matches_api								0	
APU25_13815	ips6_local	IPR001515,IPR036351	PF01655			SM01393	cd00513	SSF52042	4	
APU25_13820	matches_api	IPR024610	PF12998			SM01408	cd17015		3	IPR028651
APU25_13825	ips6_local	IPR032714	PF13815						1	
APU25_13830	ips6_local	IPR013882	PF08573						1	
APU25_13835	matches_api	IPR000544,IPR004143,IPR020605,IPR045864	PF21948	NF010925,TIGR00214	PS01313,PS51733		cd16444	SSF55681	7	
APU25_13840	ips6_local	IPR007320	PF04194						1	
APU25_13845	matches_api	IPR003685,IPR036579	PF02531					SSF64234	2	
APU25_13850	matches_api	IPR003593,IPR003959,IPR003960,IPR007330,IPR015415,IPR027417,IPR036181	PF00004,PF04212,PF09336		PS00674	SM00382,SM00745	cd19521	SSF116846,SSF52540	9	IPR050304
APU25_13855	ips6_local	IPR001680,IPR013535,IPR015155,IPR019775,IPR036322	PF00400,PF08324,PF09070		PS00678,PS50082,PS50294,PS51394,PS51396	SM00320	cd00200	SSF50978	11	
APU25_13860	ips6_local	IPR006056,IPR006175,IPR019897,IPR035959	PF01042	TIGR00004	PS01094		cd00448	SSF55298	5	
APU25_13865	matches_api	IPR001494,IPR016024,IPR058584	PF03810,PF13513,PF25574		PS50166	SM00913		SSF48371	6	IPR011989,IPR040122
APU25_13870	ips6_local								0	
APU25_13875	matches_api	IPR005069	PF03407						1	
APU25_13880	matches_api	IPR005069	PF03407						1	IPR052636
APU25_13885	ips6_local	IPR013057	PF01490						1	
APU25_13890	ips6_local	IPR002110,IPR036770,IPR055285	PF00023,PF11904		PS50088,PS50297	SM00248		SSF48403	6	
APU25_13895	ips6_local	IPR000571,IPR036855	PF00642		PS50103	SM00356		SSF90229	4	
APU25_13900	ips6_local								0	
APU25_13905	matches_api	IPR005996,IPR016082,IPR036919	PF00327	TIGR01308				SSF55129	3	
APU25_13910	matches_api	IPR005574,IPR006590,IPR010997	PF03874			SM00657		SSF47819	3	IPR038324,IPR045222
APU25_13915	matches_api	IPR004808,IPR005135,IPR020848,IPR036691	PF03372	TIGR00195,TIGR00633	PS00728,PS51435		cd09087	SSF56219	7	
APU25_13920	ips6_local								0	
APU25_13925	ips6_local	IPR002933,IPR011650	PF01546,PF07687	NF005914,NF006053,NF006579				SSF53187	6	
APU25_13930	ips6_local								0	
APU25_13935	matches_api	IPR006502	PF04720						1	
APU25_13940	ips6_local	IPR004843,IPR029052	PF00149					SSF56300	2	
APU25_13945	matches_api	IPR018881	PF10561						1	
APU25_13950	ips6_local	IPR001128,IPR036396	PF00067					SSF48264	2	
APU25_13955	matches_api	IPR007194,IPR016696,IPR024096	PF04051				cd14943	SSF111126	3	
APU25_13960	ips6_local								0	
APU25_13965	ips6_local	IPR001014,IPR005633,IPR012678,IPR013025	PF00276,PF03939	NF011118	PS00050			SSF54189	5	
APU25_13970	matches_api	IPR001951,IPR009072,IPR035425	PF15511			SM00417	cd22912	SSF47113	4	
APU25_13975	ips6_local								0	
APU25_13980	matches_api	IPR005479,IPR005480,IPR006275,IPR011607,IPR011761,IPR016185,IPR033937,IPR036897,IPR036914,IPR058047	PF02142,PF02786,PF02787,PF25596	NF003671,NF009455,TIGR01369	PS00866,PS00867,PS50975,PS51855	SM00851,SM01096	cd01424	SSF48108,SSF52335,SSF52440,SSF56059	18	IPR005483,IPR013815
APU25_13985	matches_api	IPR000878,IPR004551,IPR035996	PF00590	TIGR00522			cd11647	SSF53790	4	IPR014776,IPR014777
APU25_13990	matches_api	IPR021715	PF11708,PF30379						2	IPR039974
APU25_13995	matches_api	IPR001680,IPR024977,IPR060769	PF12894			SM00320		SSF69322	3	IPR015943,IPR052778
APU25_14000	matches_api	IPR000433,IPR012462	PF07910		PS50135	SM00291	cd02249	SSF57850	5	IPR043145
APU25_14005	ips6_local	IPR001471,IPR016177			PS51032	SM00380	cd00018	SSF54171	4	
APU25_14010	ips6_local								0	
APU25_14015	ips6_local	IPR005227,IPR006641,IPR012337	PF03652			SM00732	cd16964	SSF53098	4	
APU25_14020	ips6_local	IPR001841,IPR002110,IPR017907,IPR036770	PF00023,PF12796,PF13920		PS00518,PS50088,PS50089,PS50297	SM00184,SM00248	cd16449	SSF48403,SSF57850	12	
APU25_14025	matches_api	IPR007138,IPR011008	PF03992		PS51725			SSF54909	3	
APU25_14030	matches_api	IPR007241	PF04109						1	
APU25_14035	ips6_local	IPR001680,IPR019775,IPR036322	PF00400		PS00678,PS50082,PS50294	SM00320	cd00200	SSF50978	7	
APU25_14040	ips6_local	IPR003819	PF02668					SSF51197	2	
APU25_14045	ips6_local	IPR001487,IPR003593,IPR003959,IPR003960,IPR027417,IPR036427,IPR041569	PF00004,PF00439,PF17862		PS00674,PS50014	SM00297,SM00382		SSF47370,SSF52540	9	
APU25_14050	ips6_local	IPR002989	PF01469						1	
APU25_14055	ips6_local						cd22744		1	
APU25_14060	matches_api								0	
APU25_14065	matches_api								0	
APU25_14070	ips6_local								0	
APU25_14075	matches_api	IPR000782,IPR036378	PF02469		PS50213	SM00554		SSF82153	4	
APU25_14080	ips6_local	IPR015590,IPR016160,IPR016161,IPR029510	PF00171		PS00070,PS00687			SSF53720	4	
APU25_14085	ips6_local								0	
APU25_14090	matches_api	IPR005475,IPR009014,IPR029061,IPR033248	PF02779,PF02780			SM00861	cd07036	SSF52518,SSF52922	6	
APU25_14095	ips6_local	IPR002921,IPR029058,IPR063390	PF01764,PF31009					SSF53474	3	
APU25_14100	ips6_local	IPR022051	PF12263						1	
APU25_14105	matches_api	IPR000626,IPR009060,IPR015940,IPR019103,IPR021109,IPR029071,IPR033882	PF00240,PF00627,PF09668		PS50030,PS50053	SM00165,SM00213	cd01796,cd05479,cd14309	SSF46934,SSF50630,SSF54236	13	
APU25_14110	ips6_local	IPR001680,IPR006692,IPR010714,IPR019775,IPR036322,IPR047312,IPR056176	PF00400,PF04053,PF06957,PF23953		PS00678,PS50082,PS50294	SM00320	cd00200,cd22948	SSF50978	11	
APU25_14115	matches_api	IPR006073,IPR019987,IPR027417,IPR030393	PF01926	TIGR03598	PS51706		cd01876	SSF52540	5	
APU25_14120	matches_api	IPR029188,IPR029190	PF04935,PF15459						2	IPR007019
APU25_14125	matches_api	IPR000866,IPR013766,IPR036249	PF00578		PS51352			SSF52833	3	
APU25_14130	matches_api	IPR019163	PF09766						1	
APU25_14135	matches_api	IPR002048,IPR011992,IPR018247,IPR033122	PF07766		PS00018,PS50222,PS51758			SSF47473	5	IPR044202
APU25_14140	matches_api	IPR003788,IPR029063	PF02636					SSF53335	2	IPR038375
APU25_14145	ips6_local	IPR000608,IPR009060,IPR015940,IPR016135,IPR023313	PF00179,PF00627		PS00183,PS50030,PS50127	SM00165,SM00212		SSF46934,SSF54495	9	
APU25_14150	matches_api	IPR004843,IPR025733,IPR029052,IPR041792	PF00149,PF14008		PS51257		cd00839	SSF56300	5	
APU25_14155	matches_api	IPR007872,IPR036671	PF05207		PS51074			SSF144217	3	IPR044248
APU25_14160	matches_api	IPR007246	PF04114		PS51257				2	
APU25_14165	matches_api	IPR013766,IPR036249	PF00085				cd02947	SSF52833	3	IPR044193
APU25_14170	ips6_local	IPR000086,IPR015375,IPR015376,IPR015797,IPR020084,IPR049734	PF00293,PF09296,PF09297		PS00893,PS51462		cd03429	SSF55811	7	
APU25_14175	ips6_local	IPR018170,IPR023210,IPR036812	PF00248		PS00798		cd19071	SSF51430	4	
APU25_14180	matches_api	IPR004130,IPR027417,IPR030231	PF03029		PS52071		cd17871	SSF52540	4	
APU25_14185	ips6_local	IPR003148,IPR003929,IPR005821	PF00520,PF03493,PF22614					SSF81324	4	
APU25_14190	matches_api	IPR000146,IPR020548,IPR033391,IPR044015	PF00316,PF18913	NF006778	PS00124		cd00354	SSF56655	6	IPR028343
APU25_14195	ips6_local	IPR002618,IPR029044	PF01704					SSF53448	2	
APU25_14200	matches_api	IPR005772,IPR008218,IPR036906	PF01990	TIGR01101				SSF159468	3	
APU25_14205	ips6_local	IPR001005,IPR009057,IPR017930	PF13921		PS50090,PS51294	SM00717	cd00167	SSF46689	6	
APU25_14210	ips6_local	IPR008709	PF05536						1	
APU25_14215	matches_api								0	
APU25_14220	ips6_local	IPR001680,IPR036322				SM00320		SSF50978	2	
APU25_14225	matches_api	IPR008942,IPR013809	PF01417		PS50942	SM00273	cd03571	SSF48464	5	
APU25_14230	matches_api	IPR010061,IPR015590,IPR016160,IPR016161	PF00171	TIGR01722	PS00070		cd07085	SSF53720	5	IPR016162,IPR016163
APU25_14235	matches_api								0	
APU25_14240	ips6_local	IPR000322,IPR000519,IPR011013,IPR017853,IPR017957,IPR025887,IPR030458,IPR048395	PF00088,PF01055,PF13802,PF21365		PS00025,PS00129,PS51448	SM00018	cd00111,cd06602,cd14752	SSF51011,SSF51445,SSF74650	14	
APU25_14245	ips6_local								0	
APU25_14250	matches_api	IPR007109	PF04427		PS50833	SM00879		SSF52954	4	IPR044281
APU25_14255	ips6_local	IPR001915,IPR027057,IPR032456	PF01435,PF16491				cd07343		3	
APU25_14260	matches_api	IPR009294	PF06105						1	
APU25_14265	matches_api	IPR000375,IPR001849,IPR003130,IPR020850	PF00169,PF01031,PF02212		PS50003,PS51388	SM00233		SSF50729	7	IPR011993,IPR022812
APU25_14270	matches_api								0	
APU25_14275	matches_api	IPR003406	PF02485						1	IPR044174
APU25_14280	matches_api	IPR003195,IPR009072	PF02269				cd07978	SSF47113	3	
APU25_14285	matches_api	IPR000629,IPR001650,IPR011545,IPR014001,IPR014014,IPR027417	PF00270,PF00271		PS00039,PS51192,PS51194,PS51195	SM00487,SM00490	cd17939,cd18787	SSF52540	11	
APU25_14290	ips6_local	IPR001394,IPR028889,IPR038765	PF00443		PS50235			SSF54001	3	
APU25_14295	ips6_local							SSF52047	1	
APU25_14300	ips6_local	IPR000719,IPR003527,IPR008271,IPR011009,IPR017441	PF00069		PS00107,PS00108,PS01351,PS50011	SM00220		SSF56112	7	
APU25_14305	ips6_local	IPR002683,IPR016123	PF01789	NF040946				SSF55724	3	
APU25_14310	ips6_local								0	
APU25_14315	matches_api	IPR002129,IPR015424	PF00282					SSF53383	2	IPR015421,IPR015422,IPR050477
APU25_14320	ips6_local								0	
APU25_14325	ips6_local								0	
APU25_14330	ips6_local								0	
APU25_14335	ips6_local	IPR002989	PF01469						1	
APU25_14340	ips6_local	IPR013057	PF01490						1	
APU25_14345	ips6_local	IPR013057	PF01490						1	
APU25_14350	matches_api	IPR013057	PF01490						1	
APU25_14355	matches_api	IPR007177,IPR007209	PF04034,PF04068	NF002621					3	IPR022968
APU25_14360	ips6_local								0	
APU25_14365	ips6_local	IPR000804,IPR011012,IPR022775,IPR027156	PF01217		PS00989		cd14833	SSF64356	4	
APU25_14370	matches_api	IPR001471,IPR016177			PS51032	SM00380		SSF54171	3	IPR036955
APU25_14375	ips6_local	IPR000640,IPR000795,IPR004161,IPR005225,IPR005517,IPR009000,IPR020568,IPR027417,IPR031157,IPR035647,IPR041095	PF00009,PF00679,PF03144,PF03764,PF14492	TIGR00231	PS00301,PS51722	SM00838,SM00889	cd01681,cd01885,cd04096,cd16261,cd16268	SSF50447,SSF52540,SSF54211,SSF54980	19	
APU25_14380	matches_api	IPR041178	PF17875						1	IPR036898,IPR045113
APU25_14385	matches_api		PF11523						1	IPR044673
APU25_14390	matches_api	IPR001680,IPR011047	PF00400		PS50082	SM00320		SSF50998	4	IPR015943
APU25_14395	ips6_local	IPR000403,IPR003151,IPR003152,IPR011009,IPR014009,IPR016024,IPR018936,IPR056802,IPR057564	PF00454,PF02259,PF02260,PF23593,PF25030		PS00916,PS50290,PS51189,PS51190	SM00146,SM01343	cd00892	SSF48371,SSF56112	14	
APU25_14400	ips6_local	IPR013272,IPR046757	PF05764,PF08265			SM00993			3	
APU25_14405	ips6_local	IPR025799,IPR029063,IPR041698,IPR055135	PF13649,PF22528		PS51678		cd02440	SSF53335	5	
APU25_14410	ips6_local	IPR029058	PF02089					SSF53474	2	
APU25_14415	ips6_local	IPR022535,IPR025969	PF12430,PF12537						2	
APU25_14420	matches_api	IPR003734	PF02582						1	IPR051624
APU25_14425	ips6_local								0	
APU25_14430	ips6_local								0	
APU25_14435	ips6_local	IPR048320,IPR048685,IPR063408	PF04136,PF20671,PF31184						3	
APU25_14440	ips6_local								0	
APU25_14445	matches_api								0	
APU25_14450	ips6_local	IPR000504,IPR035979	PF00076		PS50102	SM00360		SSF54928	4	
APU25_14455	ips6_local	IPR000719,IPR001245,IPR003018,IPR011009	PF01590,PF07714		PS50011	SM00065		SSF55781,SSF56112	6	
APU25_14460	ips6_local	IPR001375,IPR004106,IPR023302,IPR029058	PF00326,PF02897					SSF50993,SSF53474	4	
APU25_14465	ips6_local	IPR001208,IPR012340,IPR031327,IPR033762,IPR056875	PF00493,PF17207,PF25051			SM00350	cd22247	SSF50249	6	
APU25_14470	matches_api	IPR005829,IPR011701,IPR020846,IPR036259	PF07690		PS00216,PS50850			SSF103473	4	
APU25_14475	ips6_local								0	
APU25_14480	ips6_local								0	
APU25_14485	ips6_local	IPR017853						SSF51445	1	
APU25_14490	ips6_local	IPR001223,IPR001579,IPR017853	PF00704		PS01095,PS51910			SSF51445	4	
APU25_14495	matches_api								0	
APU25_14500	matches_api	IPR005828,IPR005829,IPR020846,IPR036259	PF00083		PS00216,PS50850			SSF103473	4	
APU25_14505	ips6_local								0	
APU25_14510	ips6_local	IPR016093,IPR036300	PF02815		PS50919	SM00472		SSF82109	4	
APU25_14515	ips6_local								0	
APU25_14520	matches_api								0	
APU25_14525	ips6_local	IPR000719,IPR001245,IPR008271,IPR011009	PF07714		PS00108,PS50011	SM00220		SSF56112	5	
APU25_14530	matches_api								0	
APU25_14535	matches_api	IPR013057	PF01490						1	
APU25_14540	ips6_local	IPR004839,IPR015424	PF00155				cd00609	SSF53383	3	
APU25_14545	ips6_local	IPR004843,IPR007708,IPR029052,IPR041816	PF00149,PF05011			SM01124	cd00844	SSF56300	5	
APU25_14550	matches_api	IPR004127	PF02996	TIGR00293			cd23157	SSF46579	4	IPR009053,IPR011599
APU25_14555	ips6_local	IPR000795,IPR005225,IPR009000,IPR023115,IPR027417,IPR036925,IPR044145,IPR053905	PF00009,PF11987,PF22042	TIGR00231	PS51722		cd01887,cd03692,cd03702	SSF50447,SSF52156,SSF52540	11	
APU25_14560	ips6_local	IPR003675	PF02517						1	
APU25_14565	matches_api	IPR007248	PF04117						1	
APU25_14570	ips6_local								0	
APU25_14575	ips6_local								0	
APU25_14580	ips6_local	IPR002989	PF01469						1	
APU25_14585	matches_api	IPR006680,IPR011059,IPR011778,IPR032466	PF01979	TIGR02033			cd01314	SSF51338,SSF51556	5	IPR050378
APU25_14590	ips6_local	IPR006939	PF04855						1	
APU25_14595	matches_api								0	
APU25_14600	ips6_local								0	
APU25_14605	ips6_local	IPR027417	PF13469					SSF52540	2	
APU25_14610	ips6_local	IPR000225,IPR016024			PS50176			SSF48371	2	
APU25_14615	matches_api	IPR003593,IPR003959,IPR008921,IPR013748,IPR027417,IPR047854	PF00004,PF08542	NF001679		SM00382	cd00009,cd18140	SSF48019,SSF52540	8	IPR050238
APU25_14620	ips6_local	IPR000719,IPR008271,IPR011009,IPR017441,IPR018490	PF00069		PS00107,PS00108,PS50011	SM00220	cd14008	SSF51206,SSF56112	8	
APU25_14625	matches_api	IPR002933,IPR011650,IPR017439,IPR036264	PF01546,PF07687	TIGR01891				SSF53187,SSF55031	5	
APU25_14630	matches_api	IPR000426,IPR001353,IPR023332,IPR029055	PF00227,PF10584	NF003075	PS00388,PS51475	SM00948	cd03750	SSF56235	8	
APU25_14635	matches_api	IPR006939	PF04855						1	
APU25_14640	ips6_local								0	
APU25_14645	matches_api	IPR010908,IPR011012,IPR042855,IPR045848	PF00957,PF13774		PS50859,PS50892	SM01270	cd14824,cd15867	SSF58038,SSF64356	9	
APU25_14650	ips6_local								0	
APU25_14655	matches_api	IPR001656,IPR011760,IPR020103	PF01142	TIGR00094	PS50984		cd02576	SSF55120	5	IPR042214
APU25_14660	ips6_local								0	
APU25_14665	ips6_local	IPR000569,IPR035983	PF00632		PS50237	SM00119	cd00078	SSF56204	5	
APU25_14670	matches_api	IPR040703	PF18599						1	
APU25_14675	matches_api	IPR002213,IPR010610	PF06722				cd03784	SSF53756	3	IPR050426
APU25_14680	ips6_local	IPR004000,IPR043129	PF00022			SM00268	cd10210	SSF53067	4	
APU25_14685	ips6_local	IPR001394,IPR006615,IPR018200,IPR028889,IPR035927,IPR038765	PF00443,PF06337		PS00972,PS00973,PS50235,PS51283	SM00695	cd02674	SSF143791,SSF54001	10	
APU25_14690	matches_api	IPR000169,IPR000668,IPR013201,IPR025661,IPR038765,IPR039417	PF00112,PF08246		PS00139,PS00640	SM00645,SM00848	cd02248	SSF54001	8	IPR013128
APU25_14695	ips6_local	IPR009060,IPR015940	PF00627		PS50030	SM00165		SSF46934	4	
APU25_14700	ips6_local								0	
APU25_14705	matches_api	IPR001645,IPR013221,IPR018109,IPR036565,IPR036615	PF08245	TIGR01499	PS01011			SSF53244,SSF53623	5	IPR023600
APU25_14710	ips6_local	IPR004468,IPR017456,IPR017926,IPR027417,IPR029062,IPR033828	PF00117,PF06418	NF003792,TIGR00337	PS51273		cd01746,cd03113	SSF52317,SSF52540	9	
APU25_14715	matches_api								0	
APU25_14720	ips6_local	IPR000719,IPR011009	PF00069		PS50011	SM00220		SSF56112	4	
APU25_14725	ips6_local	IPR016024,IPR019156	PF09759					SSF48371	2	
APU25_14730	ips6_local	IPR000719,IPR011009,IPR017441	PF00069		PS00107,PS50011	SM00220		SSF56112	5	
APU25_14735	ips6_local	IPR010754	PF07047						1	
APU25_14740	ips6_local								0	
APU25_14745	matches_api								0	
APU25_14750	matches_api	IPR002161,IPR021196,IPR029062	PF01174	TIGR03800	PS01236,PS51130,PS51273		cd01749	SSF52317	7	
APU25_14755	ips6_local	IPR001732,IPR008927,IPR014026,IPR014027,IPR017476,IPR036220,IPR036291	PF00984,PF03720,PF03721	TIGR03026		SM00984		SSF48179,SSF51735,SSF52413	8	
APU25_14760	ips6_local	IPR001732,IPR008927,IPR014026,IPR014027,IPR017476,IPR036220,IPR036291	PF00984,PF03720,PF03721	TIGR03026		SM00984		SSF48179,SSF51735,SSF52413	8	
APU25_14765	ips6_local	IPR018999,IPR027417,IPR040812,IPR041677,IPR041679,IPR047187	PF09416,PF13086,PF13087,PF18141		PS51997		cd18039,cd18808,cd21400,cd21407	SSF52540	10	
APU25_14770	matches_api	IPR002195,IPR004721,IPR006680,IPR032466	PF01979	TIGR00856	PS00482,PS00483		cd01294	SSF51556	6	
APU25_14775	matches_api	IPR000730,IPR022648,IPR022649,IPR022659,IPR046938	PF00705,PF02747	TIGR00590	PS00293,PS01251		cd00577	SSF55979	7	
APU25_14780	matches_api	IPR000222,IPR001932,IPR036457	PF00481		PS01032,PS51746	SM00332	cd00143	SSF81606	6	IPR015655
APU25_14785	matches_api	IPR003439,IPR003593,IPR013525,IPR027417	PF00005,PF01061		PS50893	SM00382	cd03213	SSF52540	6	IPR050352
APU25_14790	ips6_local	IPR021518	PF11378						1	
APU25_14795	ips6_local	IPR006502	PF04720						1	
APU25_14800	ips6_local	IPR019008	PF09430						1	
APU25_14805	ips6_local	IPR001382,IPR003137,IPR036026	PF01532,PF02225					SSF48225	3	
APU25_14810	matches_api	IPR022742,IPR029058	PF12146					SSF53474	2	IPR051044
APU25_14815	matches_api	IPR002885,IPR033443	PF17177		PS51375				2	IPR011990
APU25_14820	matches_api	IPR014816,IPR029063,IPR049470	PF08704		PS51620		cd02440	SSF53335	4	
APU25_14825	matches_api	IPR001412,IPR004526,IPR010987,IPR011035,IPR020058,IPR020059,IPR036282,IPR049437	PF00749,PF03950,PF20974	TIGR00463	PS00178,PS50405		cd10289	SSF47616,SSF50715,SSF52374	10	IPR000924,IPR014729,IPR020056,IPR020061,IPR050132
APU25_14830	ips6_local	IPR049578					cd10450		1	
APU25_14835	matches_api	IPR063857	PF30661						1	
APU25_14840	ips6_local	IPR018073,IPR046350			PS00287			SSF54403	2	
APU25_14845	matches_api	IPR018073,IPR046350			PS00287,PS51257			SSF54403	3	
APU25_14850	ips6_local								0	
APU25_14855	matches_api	IPR036412						SSF56784	1	IPR028472,IPR038102
APU25_14860	ips6_local	IPR005497,IPR036143	PF03742					SSF103451	2	
APU25_14865	ips6_local	IPR033647,IPR033648	PF05282,PF20981				cd13777,cd13778		4	
APU25_14870	ips6_local								0	
APU25_14875	matches_api	IPR036249					cd02989	SSF52833	2	
APU25_14880	matches_api	IPR005888,IPR016040,IPR036291	PF16363				cd05246	SSF51735	3	
APU25_14885	matches_api	IPR002109,IPR004480,IPR013766,IPR017937,IPR033658,IPR036249	PF00085,PF00462	TIGR00365	PS00194,PS51354		cd02984,cd03028	SSF52833	8	
APU25_14890	ips6_local								0	
APU25_14895	ips6_local	IPR001160,IPR002933	PF01546	TIGR01893				SSF53187	3	
APU25_14900	ips6_local	IPR013219	PF08293						1	
APU25_14905	ips6_local	IPR010004	PF07444						1	
APU25_14910	matches_api	IPR002891,IPR027417,IPR059117	PF01583	NF003013,TIGR00455			cd02027	SSF52540	5	
APU25_14915	matches_api								0	
APU25_14920	ips6_local								0	
APU25_14925	matches_api								0	IPR013083
APU25_14930	matches_api	IPR004853,IPR037185	PF03151					SSF103481	2	IPR050186
APU25_14935	ips6_local	IPR000719,IPR001932,IPR008271,IPR011009,IPR036457	PF00069,PF00481		PS00108,PS50011,PS51746	SM00220,SM00332	cd00143	SSF56112,SSF81606	10	
APU25_14940	matches_api	IPR000629,IPR001650,IPR011545,IPR014001,IPR014014,IPR027417	PF00270,PF00271		PS00039,PS51192,PS51194,PS51195	SM00487,SM00490	cd17963,cd18787	SSF52540	11	
APU25_14945	matches_api	IPR001737,IPR011530,IPR020596,IPR020598,IPR029063	PF00398	TIGR00755	PS01131,PS51689	SM00650		SSF53335	6	IPR023165
APU25_14950	ips6_local								0	
APU25_14955	ips6_local								0	
APU25_14960	ips6_local	IPR002989	PF01469						1	
APU25_14965	ips6_local	IPR002989	PF01469						1	
APU25_14970	ips6_local								0	
APU25_14975	matches_api	IPR003593,IPR003959,IPR003960,IPR027417,IPR032501,IPR041569	PF00004,PF16450,PF17862		PS00674	SM00382		SSF52540	6	IPR012340,IPR050221
APU25_14980	matches_api	IPR033464	PF10075						1	IPR006746
APU25_14985	ips6_local	IPR001623,IPR032843,IPR036869	PF00226,PF14901		PS50076	SM00271	cd06257	SSF46565	6	
APU25_14990	ips6_local	IPR040911	PF03016						1	
APU25_14995	ips6_local								0	
APU25_15000	ips6_local	IPR036249					cd02961	SSF52833	2	
APU25_15005	ips6_local	IPR002989	PF01469						1	
APU25_15010	ips6_local								0	
APU25_15015	ips6_local								0	
APU25_15020	ips6_local								0	
APU25_15025	ips6_local	IPR005654,IPR027417	PF03969	NF040713				SSF52540	3	
APU25_15030	ips6_local								0	
APU25_15035	matches_api	IPR000717,IPR036390,IPR045135	PF01399,PF10602		PS50250	SM00088		SSF46785	5	IPR019585
APU25_15040	ips6_local	IPR013632,IPR020588,IPR027417	PF08423		PS50162			SSF52540	3	
APU25_15045	matches_api								0	
APU25_15050	matches_api	IPR000330,IPR001650,IPR014001,IPR027417,IPR049730	PF00176,PF00271		PS51192,PS51194	SM00487,SM00490	cd18793	SSF52540	8	IPR038718,IPR050496
APU25_15055	ips6_local	IPR000061,IPR000467,IPR011666,IPR035967	PF01585,PF01805,PF07713		PS50174			SSF109905	5	
APU25_15060	matches_api								0	
APU25_15065	ips6_local								0	
APU25_15070	matches_api	IPR002942,IPR017506,IPR040591,IPR048443	PF01479,PF17774,PF21278	TIGR03069	PS50889	SM00363	cd00165	SSF55174	8	IPR012677,IPR036986
APU25_15075	matches_api	IPR007018	PF04934						1	IPR038566
APU25_15080	ips6_local								0	
APU25_15085	ips6_local	IPR001214,IPR046341	PF00856		PS50280		cd10527	SSF82199	4	
APU25_15090	ips6_local	IPR023696,IPR023801	PF00850				cd09992	SSF52768	3	
APU25_15095	matches_api	IPR001971,IPR018102	PF00411	NF007176	PS00054			SSF53137	4	IPR036967
APU25_15100	matches_api	IPR007751,IPR029058	PF05057					SSF53474	2	IPR044294
APU25_15105	matches_api	IPR016024	PF28415					SSF48371	2	IPR011989,IPR050693
APU25_15110	matches_api	IPR021919	PF12046						1	
APU25_15115	matches_api	IPR003758	PF02606						1	
APU25_15120	ips6_local								0	
APU25_15125	ips6_local	IPR002937,IPR036188	PF01593					SSF51905	2	
APU25_15130	ips6_local	IPR018450	PF10247			SM01378			2	
APU25_15135	ips6_local								0	
APU25_15140	ips6_local								0	
APU25_15145	ips6_local	IPR016024,IPR024324,IPR032682	PF12717,PF12922					SSF48371	3	
APU25_15150	matches_api	IPR000582,IPR035984	PF00887		PS51228			SSF47027	3	IPR014352
APU25_15155	matches_api	IPR000808,IPR019591,IPR027417,IPR033756	PF10609		PS01215		cd02037	SSF52540	4	IPR044304
APU25_15160	ips6_local	IPR005025,IPR008254,IPR010089,IPR029039	PF03358	NF002999,TIGR01755	PS50902			SSF52218	5	
APU25_15165	ips6_local								0	
APU25_15170	ips6_local								0	
APU25_15175	ips6_local	IPR001680,IPR011047,IPR019775,IPR036322	PF00400		PS00678,PS50082,PS50294	SM00320		SSF50978,SSF50998	7	
APU25_15180	ips6_local	IPR013766,IPR017937,IPR036249	PF00085		PS00194,PS51352		cd02947	SSF52833	5	
APU25_15185	ips6_local	IPR032816	PF09335						1	
APU25_15190	ips6_local	IPR005828,IPR005829,IPR020846,IPR036259,IPR044778	PF00083		PS00217,PS50850		cd17361	SSF103473	5	
APU25_15195	matches_api								0	
APU25_15200	matches_api								0	
APU25_15205	ips6_local	IPR021714,IPR032436	PF11707,PF16201						2	
APU25_15210	ips6_local	IPR012878,IPR049046	PF07944,PF20736						2	
APU25_15215	matches_api	IPR000640,IPR000795,IPR005225,IPR006297,IPR009000,IPR013842,IPR027417,IPR031157,IPR035647,IPR035654	PF00009,PF00679,PF06421	TIGR00231,TIGR01393	PS00301,PS51257,PS51722		cd01890,cd03699,cd03709	SSF50447,SSF52540,SSF54980	14	IPR038363
APU25_15220	matches_api	IPR025640	PF14237						1	IPR037471
APU25_15225	matches_api	IPR002921,IPR029058	PF01764				cd00519	SSF53474	3	IPR051218
APU25_15230	ips6_local	IPR036890						SSF55874	1	
APU25_15235	matches_api	IPR002130,IPR003609,IPR029000	PF00024,PF00160		PS50072			SSF50891	4	
APU25_15240	matches_api	IPR000719,IPR008271,IPR011009,IPR017441	PF00069		PS00107,PS00108,PS50011	SM00220	cd14008	SSF56112	7	
APU25_15245	matches_api								0	
APU25_15250	matches_api	IPR000182,IPR016181	PF00583		PS51186		cd04301	SSF55729	4	
APU25_15255	ips6_local		PF12014						1	
APU25_15260	ips6_local	IPR004343,IPR036128	PF03126		PS51360	SM00719		SSF159042	4	
APU25_15265	matches_api	IPR000073,IPR003903,IPR029058	PF00561,PF02809		PS50330	SM00726		SSF53474	5	IPR052920
APU25_15270	ips6_local	IPR001611	PF00560					SSF52058	2	
APU25_15275	matches_api	IPR001611,IPR003591	PF00560,PF13855			SM00369		SSF52058	4	IPR032675,IPR050994
APU25_15280	ips6_local	IPR001611,IPR003591	PF00560,PF13855			SM00369		SSF52058	4	
APU25_15285	ips6_local	IPR001611	PF00560					SSF52058	2	
APU25_15290	matches_api	IPR001932,IPR036457	PF00481		PS51746	SM00332	cd00143	SSF81606	5	IPR015655
APU25_15295	matches_api	IPR002781	PF01925						1	
APU25_15300	ips6_local								0	
APU25_15305	ips6_local	IPR004193,IPR006047,IPR014756,IPR017853,IPR044505,IPR048650	PF00128,PF02922,PF21156			SM00642	cd02856,cd11326	SSF51011,SSF51445,SSF81296	9	
APU25_15310	ips6_local	IPR001680,IPR011047,IPR012953,IPR019775	PF00400,PF08145		PS00678,PS50082,PS50294	SM00320,SM01035		SSF50998	8	
APU25_15315	matches_api								0	
APU25_15320	matches_api	IPR000719,IPR011009,IPR017441	PF00069		PS00107,PS50011	SM00220	cd14003	SSF56112	6	IPR030616
APU25_15325	matches_api	IPR000719,IPR011009	PF00069		PS50011	SM00220		SSF56112	4	
APU25_15330	ips6_local	IPR003339	PF02361				cd16914		2	
APU25_15335	matches_api								0	IPR039633
APU25_15340	ips6_local	IPR000719,IPR008271,IPR011009	PF00069		PS00108,PS50011	SM00220	cd08215	SSF56112	6	
APU25_15345	matches_api								0	IPR024661
APU25_15350	ips6_local	IPR001375,IPR004106,IPR023302,IPR029058	PF00326,PF02897					SSF50993,SSF53474	4	
APU25_15355	ips6_local	IPR003121,IPR019835,IPR036885,IPR063302	PF02201,PF29592		PS51925	SM00151	cd10568	SSF47592	6	
APU25_15360	matches_api	IPR037595	PF03214						1	IPR004901
APU25_15365	ips6_local	IPR012580,IPR056750	PF08159,PF25121						2	
APU25_15370	ips6_local	IPR000182,IPR016181	PF00583		PS51186		cd04301	SSF55729	4	
APU25_15375	ips6_local	IPR021149	PF04756						1	
APU25_15380	matches_api	IPR001005,IPR006447,IPR009057,IPR017884,IPR017930,IPR028090,IPR037518	PF00249,PF14464	TIGR01557	PS50249,PS51293,PS51294	SM00717	cd00167	SSF102712,SSF46689	10	IPR050242
APU25_15385	ips6_local	IPR009027,IPR020070	PF01281					SSF55658	2	
APU25_15390	ips6_local								0	
APU25_15395	matches_api	IPR000626,IPR029071	PF00240		PS50053	SM00213		SSF54236	4	IPR019956,IPR050158
APU25_15400	ips6_local	IPR026147	PF13890						1	
APU25_15405	ips6_local	IPR046341					cd10527	SSF82199	2	
APU25_15410	ips6_local	IPR000152,IPR000177,IPR000742,IPR001547,IPR001881,IPR003609,IPR017853,IPR018097,IPR049883	PF00024,PF07645,PF26410		PS00010,PS01187,PS50026,PS50948	SM00179	cd00054,cd01100	SSF51445,SSF57196	12	
APU25_15415	ips6_local								0	
APU25_15420	matches_api	IPR023128	PF09764						1	IPR037132,IPR039733
APU25_15425	ips6_local								0	
APU25_15430	ips6_local	IPR000679	PF00320		PS00344,PS50114	SM00401	cd00202	SSF57716	6	
APU25_15435	matches_api	IPR002877,IPR029063	PF01728					SSF53335	2	IPR015507,IPR028590
APU25_15440	ips6_local	IPR013926,IPR036504	PF08617	NF011465				SSF143870	3	
APU25_15445	matches_api	IPR022764,IPR035952	PF01694					SSF144091	2	IPR050925
APU25_15450	ips6_local	IPR008547	PF05705						1	
APU25_15455	ips6_local	IPR000719,IPR001245,IPR008271,IPR011009	PF07714		PS00108,PS50011	SM00220		SSF56112	5	
APU25_15460	matches_api	IPR003008,IPR008280,IPR013838,IPR017975,IPR018316,IPR036525	PF00091,PF03953		PS00227,PS00228	SM00864,SM00865	cd02187	SSF52490,SSF55307	9	IPR000217,IPR002453,IPR023123,IPR037103
APU25_15465	matches_api	IPR001932,IPR036457	PF00481		PS51746	SM00332	cd00143	SSF81606	5	IPR015655
APU25_15470	ips6_local	IPR040457	PF04130						1	
APU25_15475	ips6_local	IPR001623,IPR016024,IPR036869,IPR045802	PF00226,PF19432		PS50076	SM00271	cd06257	SSF46565,SSF48371	7	
APU25_15480	matches_api	IPR001841	PF13639		PS50089	SM00184		SSF57850	4	IPR013083,IPR051826
APU25_15485	ips6_local	IPR003526,IPR020555,IPR036571	PF02542	TIGR00151	PS01350		cd00554	SSF69765	5	
APU25_15490	ips6_local	IPR002059,IPR011129,IPR012340,IPR019844	PF00313		PS00352,PS51857	SM00357	cd04458	SSF50249	6	
APU25_15495	ips6_local								0	
APU25_15500	ips6_local								0	
APU25_15505	matches_api	IPR001841,IPR002110,IPR017907,IPR036770	PF12796,PF13920		PS00518,PS50088,PS50089,PS50297	SM00184,SM00248		SSF48403,SSF57850	10	IPR013083
APU25_15510	matches_api	IPR004217,IPR035427	PF02953					SSF144122	2	
APU25_15515	matches_api	IPR002547,IPR010987,IPR012340,IPR036282,IPR053836	PF01588,PF21972		PS50405,PS50886		cd02799,cd10289	SSF47616,SSF50249	8	
APU25_15520	matches_api	IPR001267,IPR020633,IPR027417	PF00265		PS00603			SSF52540,SSF57716	4	
APU25_15525	ips6_local	IPR020103,IPR048741	PF21238					SSF55120	2	
APU25_15530	ips6_local	IPR002680	PF01786				cd01053		2	
APU25_15535	matches_api	IPR001650,IPR002464,IPR007502,IPR011545,IPR011709,IPR014001,IPR027417,IPR048333	PF00270,PF00271,PF04408,PF07717,PF21010		PS00690,PS51192,PS51194	SM00487,SM00490,SM00847	cd17917,cd18791	SSF52540	14	
APU25_15540	ips6_local	IPR000504,IPR035979	PF00076		PS50102	SM00360		SSF54928	4	
APU25_15545	matches_api	IPR006677,IPR036167,IPR059049	PF01974,PF26577				cd22363	SSF53032	4	IPR011856
APU25_15550	matches_api	IPR006671,IPR013763,IPR036915	PF00134			SM00385	cd20532	SSF47954	4	IPR043198
APU25_15555	matches_api	IPR000456,IPR036373,IPR047859	PF01196	TIGR00059	PS01167			SSF64263	4	
APU25_15560	ips6_local	IPR003675	PF02517						1	
APU25_15565	matches_api	IPR001901,IPR008158,IPR023391	PF00584	TIGR00327				SSF103456	3	
APU25_15570	matches_api	IPR013057	PF01490						1	
APU25_15575	matches_api	IPR002355,IPR008972,IPR011706,IPR011707,IPR033138	PF07731,PF07732		PS00079,PS00080			SSF49503	5	IPR045087
APU25_15580	matches_api	IPR001806,IPR005225,IPR027417	PF00071	TIGR00231	PS51417,PS51419,PS51420,PS51421	SM00173,SM00174,SM00175,SM00176	cd01860	SSF52540	12	
APU25_15585	ips6_local								0	
APU25_15590	ips6_local	IPR013719	PF08512			SM01287		SSF50729	3	
APU25_15595	matches_api	IPR004827			PS00036		cd14686		2	
APU25_15600	matches_api	IPR000719,IPR011009,IPR017441	PF00069		PS00107,PS50011	SM00220		SSF56112	5	IPR050629
APU25_15605	matches_api	IPR003395,IPR027417	PF02463					SSF52540	2	
APU25_15610	ips6_local	IPR000504,IPR013979,IPR034363,IPR035979,IPR060769	PF00076,PF08662		PS50102		cd12278	SSF54928,SSF69322	6	
APU25_15615	matches_api	IPR033118	PF05241		PS51751				2	IPR016964,IPR051987
APU25_15620	ips6_local	IPR000873,IPR020845,IPR025110	PF00501,PF13193	NF004837	PS00455		cd12119	SSF56801	6	
APU25_15625	ips6_local	IPR003340,IPR015300					cd10017	SSF101936	2	
APU25_15630	matches_api							SSF50475	1	
APU25_15635	matches_api	IPR003834	PF02683						1	IPR051790
APU25_15640	matches_api	IPR009097,IPR012386	PF07823					SSF55144	2	
APU25_15645	ips6_local	IPR056164,IPR056165,IPR056166,IPR056167,IPR060769	PF04762,PF23797,PF23878,PF23925					SSF69322	5	
APU25_15650	matches_api								0	
APU25_15655	ips6_local	IPR012337,IPR013520,IPR037431	PF00929			SM00479	cd06144	SSF53098	4	
APU25_15660	matches_api	IPR001163,IPR010920,IPR027078,IPR047575	PF01423		PS52002	SM00651	cd01718	SSF50182	5	
APU25_15665	ips6_local	IPR003788,IPR029063	PF02636					SSF53335	2	
APU25_15670	matches_api	IPR006073,IPR006169,IPR027417,IPR031167,IPR036726	PF01018,PF01926		PS51710,PS51883		cd01898	SSF52540,SSF82051	7	IPR014100,IPR045086
APU25_15675	ips6_local	IPR001296,IPR005085,IPR013534	PF00534,PF08323,PF16760			SM01066	cd03791	SSF53756	6	
APU25_15680	ips6_local	IPR001650,IPR011545,IPR014001,IPR014014,IPR027417,IPR044763	PF00270,PF00271		PS51192,PS51194,PS51195	SM00487,SM00490	cd17967,cd18787	SSF52540	10	
APU25_15685	matches_api	IPR001095,IPR011763,IPR029045	PF03255	NF004344,NF041504,TIGR00513	PS50989			SSF52096	6	
APU25_15690	matches_api	IPR004821,IPR041723	PF01467	TIGR00125			cd02173,cd02174	SSF52374	5	IPR014729,IPR044608
APU25_15695	ips6_local	IPR006722,IPR011012,IPR044760	PF04628				cd14854	SSF64356	3	
APU25_15700	matches_api	IPR059039	PF23406						1	IPR040050
APU25_15705	matches_api	IPR016900	PF04922						1	
APU25_15710	ips6_local	IPR002989	PF01469						1	
APU25_15715	matches_api	IPR000092,IPR008949,IPR033749,IPR053378	PF00348	NF045485	PS00444,PS00723		cd00685	SSF48576	6	
APU25_15720	matches_api								0	IPR019177
APU25_15725	matches_api	IPR006379,IPR006380,IPR012847,IPR036412	PF05116	TIGR01482,TIGR01484,TIGR01485				SSF56784	5	IPR023214,IPR051518
APU25_15730	ips6_local	IPR016482	PF03911						1	
APU25_15735	matches_api	IPR000008,IPR031468,IPR035892	PF00168,PF25669		PS50004,PS51847	SM00239	cd00030,cd21669	SSF49562	8	
APU25_15740	ips6_local								0	
APU25_15745	ips6_local	IPR000109,IPR018456,IPR036259	PF00854		PS01023		cd17351	SSF103473	4	
APU25_15750	matches_api								0	
APU25_15755	matches_api	IPR013078,IPR029033	PF00300			SM00855	cd07067	SSF53254	4	
APU25_15760	ips6_local	IPR000222,IPR001932,IPR036457	PF00481		PS01032,PS51746	SM00332	cd00143	SSF81606	6	
APU25_15765	ips6_local	IPR001611,IPR013210	PF00560,PF08263,PF13855					SSF52058	4	
APU25_15770	matches_api	IPR001949,IPR011537,IPR011538,IPR019575,IPR037207,IPR037225,IPR054765	PF01512,PF10589,PF22461	NF010120,TIGR01959	PS00644,PS00645	SM00928		SSF140490,SSF142019,SSF142984	11	IPR050837
APU25_15775	matches_api	IPR002326,IPR009056,IPR021157,IPR036909	PF02167		PS51007			SSF46626,SSF81496	4	
APU25_15780	matches_api	IPR000447,IPR006076,IPR031656,IPR036188	PF01266,PF16901		PS00977,PS00978			SSF51905,SSF54373	6	IPR038299
APU25_15785	ips6_local	IPR021255	PF10988						1	
APU25_15790	matches_api	IPR002048,IPR008907,IPR011992,IPR018247	PF05517,PF13499		PS00018,PS50222			SSF47473	5	
APU25_15795	matches_api	IPR001680,IPR036322	PF00400		PS50082,PS50294	SM00320		SSF50978	5	IPR015943,IPR037363
APU25_15800	matches_api	IPR015797,IPR033650					cd04661	SSF55811	2	IPR040008
APU25_15805	ips6_local								0	
APU25_15810	matches_api	IPR004843,IPR029052	PF00149					SSF56300	2	
APU25_15815	matches_api	IPR003439,IPR003593,IPR011527,IPR017871,IPR027417,IPR036640	PF00005,PF06472		PS00211,PS50893,PS50929	SM00382	cd03223	SSF52540,SSF90123	9	IPR050835
APU25_15820	ips6_local	IPR000225,IPR016024				SM00185		SSF48371	2	
APU25_15825	ips6_local	IPR007062	PF04979						1	
APU25_15830	matches_api	IPR001241,IPR002288,IPR003594,IPR006171,IPR013506,IPR013760,IPR018522,IPR020568,IPR036890	PF00204,PF00986,PF01751,PF02518	NF004189	PS00177,PS50880	SM00387,SM00433	cd00822,cd16928	SSF54211,SSF55874,SSF56719	14	IPR000565,IPR013759,IPR014721
APU25_15835	ips6_local	IPR007504,IPR009000	PF04410					SSF50447	2	
APU25_15840	ips6_local	IPR001232,IPR011333,IPR016072,IPR016073,IPR036296	PF01466,PF03931			SM00512	cd18322	SSF54695,SSF81382	6	
APU25_15845	matches_api	IPR003369,IPR006312	PF02416	NF011429,TIGR01411					3	
APU25_15850	matches_api	IPR000846,IPR011859,IPR022663,IPR036291	PF01113,PF05173	TIGR02130				SSF51735	4	IPR023940
APU25_15855	ips6_local								0	
APU25_15860	matches_api	IPR012936,IPR039542	PF07970,PF13850						2	IPR045888
APU25_15865	matches_api	IPR009071,IPR036910	PF00505		PS50118	SM00398	cd01390	SSF47095	5	IPR050342
APU25_15870	matches_api	IPR003593,IPR010339,IPR027417,IPR041048	PF06068,PF17856			SM00382		SSF52540	4	IPR027238,IPR042487
APU25_15875	matches_api	IPR003848	PF02698				cd06259		2	IPR014729,IPR051599
APU25_15880	matches_api								0	
APU25_15885	ips6_local	IPR021467	PF11317						1	
APU25_15890	matches_api	IPR007135	PF03987						1	
APU25_15895	matches_api	IPR006977	PF04893						1	IPR045231
APU25_15900	ips6_local	IPR003489,IPR032528,IPR036567	PF02482,PF16321	TIGR00741				SSF69754	4	
APU25_15905	ips6_local	IPR002110,IPR023696,IPR023801,IPR036770	PF00023,PF00850,PF12796		PS50088,PS50297	SM00248		SSF48403,SSF52768	8	
APU25_15910	matches_api								0	
APU25_15915	matches_api								0	IPR025066
APU25_15920	matches_api				PS51257				1	
APU25_15925	matches_api	IPR000608,IPR016135,IPR023313	PF00179		PS00183,PS50127	SM00212	cd23792	SSF54495	6	
APU25_15930	matches_api	IPR012936,IPR039542	PF07970,PF13850						2	IPR045888
APU25_15935	matches_api	IPR004798,IPR004837	PF01699	TIGR00378,TIGR00846					3	IPR004713,IPR044880
APU25_15940	matches_api								0	
APU25_15945	ips6_local	IPR004095,IPR004396,IPR006073,IPR012676,IPR013029,IPR027417,IPR031167,IPR041706	PF01926,PF06071	TIGR00092	PS51710,PS51880		cd01900,cd04867	SSF52540,SSF81271	9	
APU25_15950	matches_api	IPR043519,IPR054708	PF22600				cd05402	SSF81301,SSF81631	4	
APU25_15955	ips6_local	IPR016024,IPR022542	PF12530					SSF48371	2	
APU25_15960	ips6_local								0	
APU25_15965	matches_api								0	
APU25_15970	matches_api	IPR002130,IPR020892,IPR029000	PF00160		PS00170,PS50072			SSF50891	4	IPR024936,IPR044666
APU25_15975	matches_api								0	
APU25_15980	matches_api	IPR005691	PF16166						1	
APU25_15985	matches_api	IPR003395,IPR027417	PF02463					SSF52540	2	
APU25_15990	ips6_local	IPR001965,IPR011011,IPR019787,IPR021998	PF00628,PF12165		PS50016	SM00249		SSF57903	5	
APU25_15995	matches_api	IPR000182,IPR001965,IPR011011,IPR016181,IPR019786,IPR019787,IPR032308,IPR056511	PF16135,PF23209		PS01359,PS50016,PS51186	SM00249		SSF55729,SSF57903	8	IPR013083
APU25_16000	matches_api								0	
APU25_16005	matches_api	IPR007269,IPR025770	PF04140		PS51564				2	
APU25_16010	ips6_local								0	
APU25_16015	ips6_local								0	
APU25_16020	ips6_local								0	
APU25_16025	ips6_local	IPR001487,IPR006568,IPR036427	PF00439,PF04046		PS50014	SM00297,SM00581	cd04369	SSF47370	7	
APU25_16030	matches_api	IPR017498	PF22832	TIGR03059					2	
APU25_16035	ips6_local	IPR003593,IPR003959,IPR003960,IPR027417,IPR041569	PF00004,PF17862		PS00674	SM00382		SSF52540	5	
APU25_16040	matches_api								0	
APU25_16045	ips6_local	IPR000873,IPR020845	PF00501		PS00455			SSF56801	3	
APU25_16050	matches_api	IPR015222	PF09139						1	
APU25_16055	matches_api							SSF52058	1	IPR032675
APU25_16060	matches_api	IPR001932,IPR036457	PF00481		PS51746	SM00332	cd00143	SSF81606	5	IPR015655
APU25_16065	matches_api	IPR006569,IPR008942	PF04818		PS51391	SM00582	cd16981	SSF48464	5	
APU25_16070	ips6_local								0	
APU25_16075	ips6_local	IPR001048,IPR001341,IPR001342,IPR002912,IPR005106,IPR018042,IPR019811,IPR036291,IPR036393,IPR045865,IPR054352	PF00696,PF00742,PF03447,PF22468	NF006959,TIGR00657	PS00324,PS01042,PS51671		cd04243,cd04921,cd04922	SSF51735,SSF53633,SSF55021,SSF55347	16	
APU25_16080	matches_api	IPR000711,IPR020781,IPR026015	PF00213	TIGR01145	PS00389			SSF47928	4	
APU25_16085	matches_api	IPR004839,IPR015424	PF00155				cd00609	SSF53383	3	IPR015421,IPR050859
APU25_16090	ips6_local								0	
APU25_16095	ips6_local								0	
APU25_16100	ips6_local								0	
APU25_16105	matches_api								0	
APU25_16110	ips6_local	IPR001199,IPR005804,IPR036400	PF00173,PF00487				cd03506	SSF55856	4	
APU25_16115	matches_api	IPR000719,IPR008271,IPR011009,IPR017441	PF00069		PS00107,PS00108,PS50011	SM00220	cd14009	SSF56112	7	IPR045269
APU25_16120	ips6_local								0	
APU25_16125	matches_api								0	
APU25_16130	ips6_local	IPR006059,IPR006311	PF13416		PS51318			SSF53850	3	
APU25_16135	matches_api								0	
APU25_16140	matches_api								0	
APU25_16145	ips6_local	IPR000330,IPR001650,IPR014001,IPR014978,IPR027417,IPR049730	PF00176,PF00271		PS51192,PS51194,PS51666	SM00487,SM00490,SM00951	cd18793	SSF52540	10	
APU25_16150	ips6_local	IPR011257						SSF48150	1	
APU25_16155	ips6_local	IPR001752,IPR019821,IPR027417	PF00225,PF25764		PS00411,PS50067	SM00129		SSF52540	6	
APU25_16160	matches_api								0	
APU25_16165	matches_api	IPR001356,IPR009057					cd00086	SSF46689	2	
APU25_16170	matches_api	IPR001465,IPR006252,IPR011076,IPR019830,IPR048355,IPR048356	PF01274,PF20656,PF20659	TIGR01344	PS00510		cd00727	SSF51645	7	IPR044856,IPR046363
APU25_16175	matches_api	IPR003729,IPR036104	PF02577		PS51658			SSF103256	3	
APU25_16180	matches_api	IPR019358	PF10225						1	
APU25_16185	ips6_local	IPR000253,IPR003107,IPR008984,IPR011990,IPR019734	PF00498,PF14559		PS50006	SM00028,SM00240,SM00386	cd00060	SSF48452,SSF49879	9	
APU25_16190	matches_api	IPR009061,IPR022656	PF05181					SSF46955	2	IPR000465,IPR037129
APU25_16195	ips6_local	IPR056508,IPR063383	PF23452,PF28609						2	
APU25_16200	ips6_local								0	
APU25_16205	matches_api	IPR064003	PF30836						1	
APU25_16210	ips6_local	IPR001375,IPR029058,IPR049492	PF00326,PF20434					SSF53474	3	
APU25_16215	matches_api	IPR011990	PF13424					SSF48452	2	
APU25_16220	ips6_local	IPR001005,IPR009057,IPR017930	PF00249,PF13921		PS50090,PS51294	SM00717	cd00167	SSF46689	7	
APU25_16225	matches_api	IPR001478,IPR009003,IPR036034,IPR039382	PF13180,PF13365		PS50106	SM00228	cd00990	SSF50156,SSF50494	7	IPR001940,IPR051201
APU25_16230	ips6_local	IPR002618,IPR016267,IPR029044	PF01704				cd00897	SSF53448	3	
APU25_16235	matches_api	IPR026569,IPR034704	PF00830					SSF143800	2	IPR037147
APU25_16240	matches_api								0	
APU25_16245	matches_api	IPR002833,IPR023476	PF01981				cd02429	SSF102462	3	IPR042237
APU25_16250	matches_api	IPR004843,IPR008963,IPR015914,IPR025733,IPR029052,IPR041792	PF00149,PF14008,PF16656				cd00839	SSF49363,SSF56300	6	
APU25_16255	ips6_local								0	
APU25_16260	ips6_local								0	
APU25_16265	ips6_local								0	
APU25_16270	ips6_local								0	
APU25_16275	ips6_local								0	
APU25_16280	matches_api	IPR001995,IPR004087,IPR004088,IPR036612	PF00013		PS50084,PS50175	SM00322		SSF54791	5	
APU25_16285	matches_api	IPR003029,IPR012340			PS50126			SSF50249	2	IPR044967
APU25_16290	ips6_local	IPR011598,IPR036638	PF00010		PS50888	SM00353		SSF47459	4	
APU25_16295	matches_api	IPR007213,IPR029063	PF04072					SSF53335	2	IPR016651
APU25_16300	matches_api	IPR002683,IPR016123	PF01789					SSF55724	2	
APU25_16305	ips6_local	IPR002015,IPR016024,IPR040623,IPR048570	PF01851,PF13646,PF18004,PF21505					SSF48371	5	
APU25_16310	ips6_local	IPR004588,IPR045854,IPR058578,IPR058579	PF04551,PF26540	TIGR00612				SSF56014	4	
APU25_16315	matches_api	IPR027417	PF13238					SSF52540	2	IPR020618
APU25_16320	matches_api	IPR005578	PF03878						1	
APU25_16325	matches_api								0	
APU25_16330	matches_api	IPR001619,IPR036045	PF00995					SSF56815	2	IPR027482,IPR043127,IPR043154
APU25_16335	ips6_local	IPR000626,IPR029071			PS50053			SSF54236	2	
APU25_16340	ips6_local								0	
APU25_16345	matches_api	IPR000612	PF01679		PS01309				2	
APU25_16350	matches_api	IPR002125,IPR016192,IPR016193	PF00383		PS00903,PS51747		cd01285	SSF53927	5	
APU25_16355	matches_api	IPR001494,IPR016024,IPR058669	PF03810,PF25758		PS50166	SM00913		SSF48371	5	IPR011989
APU25_16360	matches_api	IPR003166			PS51351				1	IPR016656
APU25_16365	matches_api	IPR001907,IPR023562,IPR029045	PF00574				cd07017	SSF52096	3	
APU25_16370	ips6_local	IPR031595,IPR033443,IPR033495	PF16953,PF17177				cd18718		3	
APU25_16375	ips6_local	IPR005680,IPR006032,IPR012340	PF00164	TIGR00982	PS00055		cd03367	SSF50249	5	
APU25_16380	matches_api								0	
APU25_16385	ips6_local								0	
APU25_16390	ips6_local								0	
APU25_16395	ips6_local								0	
APU25_16400	ips6_local								0	
APU25_16405	ips6_local								0	
APU25_16410	ips6_local								0	
APU25_16415	ips6_local								0	
APU25_16420	ips6_local	IPR014808,IPR027417,IPR041677,IPR041679,IPR047187	PF08696,PF13086,PF13087				cd18808	SSF52540	5	
APU25_16425	ips6_local								0	
APU25_16430	matches_api	IPR000307,IPR023803	PF00886	TIGR00002				SSF54565	3	
APU25_16435	matches_api	IPR005069	PF03407						1	IPR044290
APU25_16440	matches_api	IPR005069	PF03407						1	IPR044290
APU25_16445	matches_api	IPR018783	PF10163						1	IPR038212
APU25_16450	ips6_local								0	
APU25_16455	matches_api	IPR002563	PF01613			SM00903		SSF50475	3	IPR012349
APU25_16460	ips6_local	IPR000623,IPR023000,IPR027417,IPR031322	PF01202		PS01128		cd00464	SSF52540	4	
APU25_16465	ips6_local								0	
APU25_16470	ips6_local	IPR000283,IPR001041,IPR006656,IPR006963,IPR010228,IPR015405,IPR019574,IPR036010,IPR054351	PF00384,PF09326,PF10588,PF13510,PF22117,PF22151	TIGR01973	PS00641,PS00642,PS00643,PS51085,PS51669,PS51839	SM00929	cd00207	SSF53706,SSF54292,SSF54862	18	
APU25_16475	matches_api	IPR001680,IPR001789,IPR011006,IPR036322	PF00072,PF00400		PS50082,PS50110,PS50294	SM00320,SM00448	cd00156	SSF50978,SSF52172	10	IPR015943,IPR044630
APU25_16480	matches_api	IPR018545	PF09405						1	IPR044796
APU25_16485	matches_api								0	IPR012675
APU25_16490	matches_api	IPR018119	PF03088,PF20067					SSF63829	3	IPR011042
APU25_16495	matches_api	IPR016159,IPR046364	PF03081					SSF74788	2	
APU25_16500	ips6_local	IPR001611,IPR003591,IPR025875	PF12799,PF14580		PS51450	SM00365,SM00369		SSF52058	6	
APU25_16505	matches_api	IPR004294	PF03055						1	
APU25_16510	matches_api	IPR000192,IPR015424,IPR020578	PF00266		PS00595			SSF53383	3	IPR015421,IPR015422
APU25_16515	matches_api							SSF103511	1	
APU25_16520	matches_api	IPR000326,IPR036938	PF01569			SM00014	cd03390	SSF48317	4	IPR043216
APU25_16525	matches_api								0	
APU25_16530	matches_api	IPR000719,IPR008271,IPR011009	PF00069		PS00108,PS50011	SM00220		SSF56112	5	IPR030616
APU25_16535	matches_api	IPR002213,IPR035595	PF00201		PS00375		cd03784	SSF53756	4	IPR050271
APU25_16540	matches_api	IPR006439,IPR015865,IPR023465,IPR036412	PF00702,PF01687	TIGR01509		SM00904		SSF56784,SSF82114	6	IPR023198,IPR023214,IPR023468
APU25_16545	matches_api	IPR001260,IPR018375,IPR036406	PF01218	NF003727	PS01021			SSF102886	4	
APU25_16550	matches_api								0	IPR044242
APU25_16555	matches_api	IPR003425	PF02325						1	
APU25_16560	ips6_local	IPR003439,IPR003593,IPR013525,IPR017871,IPR027417,IPR056788	PF00005,PF12698,PF25158		PS00211,PS50893	SM00382	cd03263	SSF52540	8	
APU25_16565	ips6_local	IPR003439,IPR003593,IPR013525,IPR017871,IPR027417	PF00005,PF12698,PF24526		PS00211,PS50893	SM00382	cd03263	SSF52540	8	
APU25_16570	ips6_local	IPR003439,IPR003593,IPR013525,IPR017871,IPR027417	PF00005,PF12698,PF24526		PS00211,PS50893	SM00382	cd03263	SSF52540	8	
APU25_16575	ips6_local	IPR008942,IPR049408	PF20867					SSF48464	2	
APU25_16580	ips6_local	IPR011047						SSF50998	1	
APU25_16585	ips6_local								0	
APU25_16590	matches_api								0	
APU25_16595	ips6_local	IPR000717,IPR036390	PF01399		PS50250	SM00088,SM00753		SSF46785	5	
APU25_16600	ips6_local	IPR031315,IPR035892,IPR036412	PF24694			SM00775		SSF49562,SSF56784	4	
APU25_16605	matches_api	IPR006599,IPR012945,IPR017901	PF07986		PS51329	SM00673			3	IPR016098,IPR039589
APU25_16610	matches_api	IPR002225,IPR036291	PF01073					SSF51735	2	IPR050177
APU25_16615	ips6_local	IPR006603	PF04193			SM00679			2	
APU25_16620	ips6_local	IPR059486	PF14249						1	
APU25_16625	ips6_local	IPR009288,IPR013024,IPR036568	PF06094				cd06661	SSF110857	3	
APU25_16630	ips6_local	IPR019150	PF09753				cd15860		2	
APU25_16635	matches_api	IPR040455,IPR041691	PF04111,PF17675						2	IPR007243,IPR038274
APU25_16640	matches_api	IPR025252	PF13863						1	IPR051147
APU25_16645	matches_api								0	
APU25_16650	matches_api	IPR000257,IPR006361,IPR038071	PF01208	TIGR01464	PS00906			SSF51726	4	
APU25_16655	matches_api	IPR060113	PF26729						1	
APU25_16660	matches_api	IPR003821,IPR013512,IPR013644,IPR026877,IPR036169,IPR036291	PF02670,PF08436,PF13288	NF009114,TIGR00243				SSF51735,SSF55347,SSF69055	8	
APU25_16665	matches_api	IPR000719,IPR008271,IPR011009	PF00069		PS00108,PS50011	SM00220	cd14003	SSF56112	6	
APU25_16670	matches_api	IPR001222,IPR034004	PF01096		PS51133	SM00440	cd10507	SSF57783	5	IPR012164
APU25_16675	ips6_local	IPR023485,IPR036196	PF01451			SM00226	cd16343	SSF52788	4	
APU25_16680	matches_api	IPR010233,IPR013216,IPR029063	PF08241	TIGR01983			cd02440	SSF53335	4	
APU25_16685	matches_api	IPR000504,IPR035979	PF28441		PS50102	SM00360	cd12232,cd12254	SSF54928	6	IPR012677
APU25_16690	matches_api	IPR048627	PF07393						1	IPR009976
APU25_16695	matches_api	IPR025799,IPR029063,IPR036236,IPR041698,IPR049482,IPR055135	PF13649,PF21137,PF22528		PS51678		cd02440	SSF53335,SSF57667	7	
APU25_16700	ips6_local	IPR014891	PF08783		PS51282	SM01180			3	
APU25_16705	ips6_local	IPR001357,IPR010613,IPR036420	PF06732		PS50172		cd17709	SSF52113	4	
APU25_16710	matches_api	IPR001509,IPR033890,IPR036291	PF01370				cd05273	SSF51735	3	
APU25_16715	ips6_local	IPR001806,IPR005225,IPR027417	PF00071	TIGR00231	PS51419,PS51420,PS51421	SM00173,SM00174,SM00175,SM00176	cd01866	SSF52540	11	
APU25_16720	ips6_local	IPR003097,IPR008254,IPR017927,IPR017938,IPR029039,IPR039261	PF00258,PF00667		PS50902,PS51384			SSF52218,SSF52343,SSF63380	7	
APU25_16725	matches_api	IPR016024						SSF48371	1	IPR011989,IPR051345
APU25_16730	matches_api								0	
APU25_16735	ips6_local	IPR000620,IPR037185	PF00892					SSF103481	2	
APU25_16740	matches_api								0	
APU25_16745	matches_api	IPR003231,IPR006162,IPR009081,IPR036736	PF00550	NF002148,TIGR00517	PS00012,PS50075			SSF47336	6	
APU25_16750	matches_api	IPR003256,IPR005824,IPR008991,IPR041988,IPR057264	PF00467,PF17136	TIGR01079		SM00739	cd06089	SSF50104	6	IPR014722
APU25_16755	ips6_local								0	
APU25_16760	ips6_local	IPR009292	PF06102						1	
APU25_16765	ips6_local	IPR000330,IPR016024,IPR021133,IPR022707,IPR027417	PF00176,PF12054		PS50077			SSF48371,SSF52540	5	
APU25_16770	matches_api	IPR059149	PF19239						1	IPR038909
APU25_16775	matches_api	IPR006876	PF04791						1	
APU25_16780	ips6_local	IPR001623,IPR036869			PS50076		cd06257	SSF46565	3	
APU25_16785	matches_api	IPR025585	PF13326						1	IPR038450
APU25_16790	ips6_local	IPR011421	PF07572		PS51279				2	
APU25_16795	ips6_local	IPR032816	PF09335						1	
APU25_16800	ips6_local	IPR006016	PF00582				cd23659	SSF52402	3	
APU25_16805	ips6_local	IPR006070,IPR017945	PF01300		PS51163			SSF55821	3	
APU25_16810	matches_api	IPR008802	PF05755						1	
APU25_16815	matches_api	IPR003439,IPR003593,IPR013525,IPR017871,IPR027417,IPR043926	PF00005,PF01061,PF19055		PS00211,PS50893	SM00382	cd03213	SSF52540	8	IPR050352
APU25_16820	ips6_local	IPR000626,IPR029071	PF00240		PS50053		cd17039	SSF54236	4	
APU25_16825	ips6_local								0	
APU25_16830	ips6_local								0	
APU25_16835	ips6_local	IPR011990	PF13432					SSF48452	2	
APU25_16840	ips6_local	IPR000555,IPR015063,IPR037518,IPR044098	PF01398,PF08969		PS50249	SM00232	cd08066	SSF102712,SSF140856	7	
APU25_16845	ips6_local	IPR004037,IPR004038,IPR029064	PF01248		PS01082			SSF55315	3	
APU25_16850	matches_api	IPR023005,IPR034907,IPR036850	PF00334	NF001908	PS00469,PS51374	SM00562	cd04413	SSF54919	7	IPR001564
APU25_16855	matches_api								0	IPR024882
APU25_16860	ips6_local	IPR003123,IPR037191,IPR041545	PF02204,PF18151		PS51205	SM00167		SSF109993	5	
APU25_16865	matches_api	IPR008914,IPR035810,IPR036610	PF01161				cd00866	SSF49777	3	
APU25_16870	ips6_local								0	
APU25_16875	matches_api	IPR000582,IPR002110,IPR035984,IPR036770	PF00887,PF12796		PS50088,PS50297,PS51228	SM00248		SSF47027,SSF48403	8	IPR014352
APU25_16880	matches_api	IPR009741	PF07011						1	
APU25_16885	matches_api	IPR020630,IPR020631,IPR020867,IPR036291,IPR046346	PF00763,PF02882		PS00767		cd01080	SSF51735,SSF53223	6	IPR000672
APU25_16890	ips6_local	IPR002579,IPR011057	PF01641	TIGR00357	PS51790			SSF51316	4	
APU25_16895	matches_api	IPR010908,IPR011012,IPR042855	PF00957,PF13774		PS50859,PS50892	SM01270	cd14824,cd15866	SSF58038,SSF64356	9	IPR044565
APU25_16900	ips6_local	IPR000626,IPR029071	PF00240		PS50053		cd17039	SSF54236	4	
APU25_16905	matches_api	IPR003593,IPR003959,IPR008921,IPR013748,IPR027417,IPR047854	PF00004,PF08542	NF001679		SM00382	cd00009,cd18140	SSF48019,SSF52540	8	IPR050238
APU25_16910	ips6_local	IPR025638	PF14234						1	
APU25_16915	matches_api	IPR009018,IPR039432	PF05486					SSF54762	2	IPR039914
APU25_16920	matches_api	IPR003832	PF02681						1	
APU25_16925	matches_api	IPR000182,IPR016181	PF00583		PS51186		cd04301	SSF55729	4	IPR039143
APU25_16930	matches_api	IPR007572	PF04483						1	
APU25_16935	ips6_local	IPR001236,IPR001252,IPR010097,IPR015955,IPR022383,IPR036291	PF00056,PF02866	TIGR01772	PS00068		cd01337	SSF51735,SSF56327	7	
APU25_16940	matches_api	IPR003034,IPR036361	PF02037		PS50800			SSF68906	3	IPR039613
APU25_16945	ips6_local	IPR000719,IPR001245,IPR008271,IPR011009,IPR017441	PF07714		PS00107,PS00108,PS50011	SM00220		SSF56112	6	
APU25_16950	matches_api	IPR006045,IPR011051	PF00190		PS51257	SM00835		SSF51182	4	IPR001929,IPR014710
APU25_16955	matches_api	IPR000118,IPR000169,IPR000668,IPR013201,IPR025660,IPR025661,IPR038765,IPR039417	PF00112,PF00396,PF08246		PS00139,PS00639,PS00640	SM00277,SM00645,SM00848	cd02248	SSF54001,SSF57277	12	IPR013128,IPR037277
APU25_16960	ips6_local	IPR027330	PF12214						1	
APU25_16965	matches_api	IPR000048,IPR015915	PF00612,PF24681		PS50096	SM00015	cd23767	SSF117281	6	IPR052588
APU25_16970	ips6_local	IPR000008,IPR031468,IPR035892,IPR039010	PF00168,PF17047		PS50004,PS51847	SM00239	cd00030,cd21677	SSF49562	8	
APU25_16975	matches_api	IPR048337	PF04921						1	IPR007005
APU25_16980	matches_api	IPR007846,IPR035979	PF05172		PS51472		cd12441	SSF54928	4	IPR012677
APU25_16985	ips6_local	IPR060290	PF12352,PF27021					SSF58038	3	
APU25_16990	matches_api	IPR001303,IPR017714,IPR023943,IPR036409,IPR036412	PF00596,PF00702	TIGR01691,TIGR03328		SM01007	cd01629	SSF53639,SSF56784	8	IPR023214,IPR027514
APU25_16995	matches_api	IPR036047						SSF81383	1	
APU25_17000	ips6_local								0	
APU25_17005	matches_api	IPR063635	PF30993						1	IPR033053
APU25_17010	matches_api	IPR014810	PF08698						1	IPR039883
APU25_17015	matches_api	IPR006694	PF04116						1	IPR014430
APU25_17020	matches_api	IPR007378	PF04278						1	
APU25_17025	matches_api	IPR003511,IPR036570	PF02301		PS50815			SSF56019	3	IPR045091
APU25_17030	ips6_local								0	
APU25_17035	ips6_local	IPR000225,IPR000719,IPR008271,IPR011009,IPR016024,IPR017441	PF00069,PF13646		PS00107,PS00108,PS50011,PS50176	SM00185,SM00220	cd14002	SSF48371,SSF56112	11	
APU25_17040	matches_api	IPR001841,IPR017907,IPR018957	PF00097		PS00518,PS50089	SM00184	cd16499	SSF57850	6	IPR013083,IPR013956
APU25_17045	matches_api	IPR002683,IPR016123	PF01789					SSF55724	2	
APU25_17050	matches_api	IPR000313	PF00855		PS50812	SM00293	cd05162	SSF63748	5	
APU25_17055	matches_api	IPR002347,IPR036291	PF00106					SSF51735	2	
APU25_17060	ips6_local	IPR000504,IPR035979	PF00076		PS50102	SM00360		SSF54928	4	
APU25_17065	ips6_local	IPR008942,IPR011417,IPR013809,IPR048050	PF07651		PS50942	SM00273	cd03564	SSF48464,SSF89009	6	
APU25_17070	matches_api	IPR004855,IPR009088	PF03153			SM01371	cd07976	SSF47396,SSF50784	5	
APU25_17075	ips6_local	IPR017946						SSF51695	1	
APU25_17080	matches_api	IPR003611	PF07460			SM00496			2	
APU25_17085	matches_api	IPR004895	PF03208						1	
APU25_17090	matches_api	IPR000594,IPR029752,IPR035985	PF00899		PS00065			SSF69572	3	IPR045886
APU25_17095	ips6_local	IPR007863,IPR011249,IPR011765,IPR013578,IPR055130	PF00675,PF05193,PF08367,PF22516			SM01264		SSF63411	6	
APU25_17100	matches_api	IPR000511	PF01265		PS00821,PS00822				3	
APU25_17105	matches_api	IPR000445,IPR003265,IPR011257,IPR015797,IPR029119	PF00633,PF00730,PF14815			SM00478	cd00056,cd03431	SSF48150,SSF55811	8	IPR023170,IPR044298
APU25_17110	matches_api	IPR007266,IPR037192	PF04137					SSF110019	2	
APU25_17115	matches_api								0	
APU25_17120	ips6_local								0	
APU25_17125	matches_api	IPR006693,IPR029058	PF04083					SSF53474	2	
APU25_17130	matches_api	IPR061810	PF30847						1	
APU25_17135	matches_api	IPR000850,IPR006259,IPR007862,IPR027417,IPR033690	PF00406,PF05191	NF001381,TIGR01351	PS00113		cd01428	SSF52540	7	
APU25_17140	matches_api	IPR006693,IPR029058	PF04083					SSF53474	2	
APU25_17145	matches_api	IPR002528	PF01554	TIGR00797					2	IPR044644
APU25_17150	ips6_local	IPR004177,IPR029058	PF02862		PS51043	SM01127		SSF53474	4	
APU25_17155	matches_api	IPR001365,IPR032466	PF00962				cd00443	SSF51556	3	IPR006330
APU25_17160	ips6_local	IPR003961				SM00060			1	
APU25_17165	matches_api	IPR003961,IPR036116	PF00041		PS50853	SM00060		SSF49265	4	IPR013783,IPR050991
APU25_17170	ips6_local	IPR048343,IPR055148	PF20666,PF22766						2	
APU25_17175	ips6_local	IPR003029,IPR012340	PF00575		PS50126	SM00316		SSF50249	4	
APU25_17180	matches_api	IPR006620,IPR044862	PF13640			SM00702			2	IPR051842
APU25_17185	matches_api	IPR001563,IPR018202,IPR029058,IPR033124	PF00450		PS00131,PS00560,PS51257			SSF53474	5	
APU25_17190	matches_api	IPR003690,IPR011114	PF02536				cd14332		2	IPR038538
APU25_17195	ips6_local	IPR036754					cd04332	SSF55826	2	
APU25_17200	matches_api	IPR001680,IPR011047,IPR012972,IPR019775,IPR036322	PF00400,PF08154		PS00678,PS50082,PS50294	SM00320		SSF50978,SSF50998	8	IPR015943,IPR020472,IPR028599
APU25_17205	matches_api	IPR000642,IPR003593,IPR003959,IPR003960,IPR005936,IPR027417,IPR037219,IPR041569	PF00004,PF01434,PF17862	TIGR01241	PS00674	SM00382	cd19501	SSF140990,SSF52540	9	
APU25_17210	matches_api	IPR000742,IPR040911	PF03016		PS00022,PS01186,PS50026				4	IPR004263
APU25_17215	matches_api	IPR001816,IPR009060,IPR014039,IPR036402	PF00889	TIGR00116				SSF46934,SSF54713	4	
APU25_17220	ips6_local	IPR056508,IPR063383	PF23452,PF28609						2	
APU25_17225	ips6_local	IPR056508,IPR063383	PF23452,PF28609						2	
APU25_17230	ips6_local	IPR056508,IPR063383	PF23452,PF28609						2	
APU25_17235	matches_api	IPR000719,IPR011009,IPR017441	PF00069		PS00107,PS50011	SM00220	cd14003	SSF56112	6	IPR030616
APU25_17240	matches_api	IPR024934,IPR024935			PS50903		cd00730	SSF57802	3	
APU25_17245	ips6_local	IPR000408,IPR009091	PF00415		PS00626,PS50012			SSF50985	4	
APU25_17250	ips6_local	IPR047857	PF21974				cd09232	SSF56091	3	
APU25_17255	ips6_local								0	
APU25_17260	ips6_local	IPR003439,IPR003593,IPR011527,IPR017871,IPR019362,IPR027417,IPR036640	PF00005,PF06472,PF10229		PS00211,PS50893	SM00382		SSF52540,SSF90123	8	
APU25_17265	matches_api	IPR000608,IPR016135	PF00179		PS50127	SM00212	cd23799	SSF54495	5	IPR050113
APU25_17270	matches_api								0	
APU25_17275	matches_api	IPR002194,IPR002423,IPR012719,IPR027409,IPR027410,IPR027413,IPR054827	PF00118	NF041082,NF041083,TIGR02344	PS00750,PS00751,PS00995		cd03337	SSF48592,SSF52029,SSF54849	11	IPR017998
APU25_17280	matches_api	IPR000163,IPR001107,IPR036013	PF01145			SM00244	cd03401	SSF117892	4	
APU25_17285	matches_api	IPR000791	PF01184	NF038013					2	IPR047623
APU25_17290	ips6_local								0	
APU25_17295	ips6_local	IPR002921,IPR029058	PF01764				cd00519	SSF53474	3	
APU25_17300	matches_api	IPR019149,IPR029058	PF09752					SSF53474	2	
APU25_17305	ips6_local	IPR003329,IPR004528,IPR029044	PF02348	NF003950,NF003952,TIGR00466			cd02517	SSF53448	6	
APU25_17310	ips6_local	IPR011990,IPR019734,IPR063608	PF30153		PS50005	SM00028		SSF48452	4	
APU25_17315	ips6_local	IPR000719,IPR004147,IPR011009	PF03109,PF27536		PS50011		cd05121	SSF56112	5	
APU25_17320	matches_api	IPR005612,IPR016024	PF03914					SSF48371	2	IPR040155
APU25_17325	matches_api	IPR004254	PF03006						1	
APU25_17330	matches_api	IPR001684	PF01016	TIGR00062				SSF110324	3	
APU25_17335	ips6_local	IPR022816	PF05786						1	
APU25_17340	matches_api								0	IPR039875
APU25_17345	ips6_local	IPR006599,IPR013912,IPR017901,IPR036222,IPR036223,IPR053950	PF08603,PF21938		PS51329	SM00673		SSF101278,SSF69340	6	
APU25_17350	matches_api	IPR000426,IPR001353,IPR023332,IPR029055,IPR035144	PF00227,PF10584		PS00388,PS51475	SM00948	cd03749	SSF56235	7	
APU25_17355	ips6_local								0	
APU25_17360	matches_api	IPR002528	PF01554	TIGR00797					2	IPR044644
APU25_17365	ips6_local	IPR001567,IPR033851	PF01432				cd06457	SSF55486	3	
APU25_17370	matches_api	IPR002937,IPR014103,IPR036188	PF01593	TIGR02732				SSF51905	3	IPR050464
APU25_17375	matches_api	IPR000644,IPR002550,IPR044751,IPR046342	PF01595		PS51371,PS51846		cd04590	SSF54631	5	IPR045095
APU25_17380	matches_api	IPR006328,IPR036412	PF00702	TIGR01428	PS01228			SSF56784	4	IPR006439,IPR023198,IPR023214,IPR051540
APU25_17385	ips6_local	IPR006153	PF00999						1	
APU25_17390	ips6_local	IPR010765,IPR029058	PF07082					SSF53474	2	
APU25_17395	matches_api	IPR007516,IPR007525	PF04422,PF04432						2	IPR045220
APU25_17400	ips6_local	IPR011990,IPR019734	PF13181,PF13432		PS50005	SM00028		SSF48452	5	
APU25_17405	matches_api	IPR010994,IPR011335,IPR047260,IPR060101	PF03834,PF14520	TIGR00597			cd22325	SSF47781,SSF52980	6	IPR004579
APU25_17410	matches_api	IPR007823,IPR029063	PF05148				cd02440	SSF53335	3	IPR042036
APU25_17415	matches_api	IPR003582,IPR056508	PF01549,PF23452		PS51670	SM00254			4	IPR044845
APU25_17420	ips6_local	IPR036890,IPR055109	PF13589,PF22899					SSF55874	3	
APU25_17425	ips6_local	IPR001509,IPR036291	PF01370					SSF51735	2	
APU25_17430	ips6_local	IPR001619,IPR036045	PF00995					SSF56815	2	
APU25_17435	matches_api								0	
APU25_17440	ips6_local	IPR027417,IPR032174,IPR041677,IPR041679,IPR047187,IPR048966,IPR048967	PF13086,PF13087,PF16399,PF21143,PF21144				cd17935,cd18808	SSF52540	8	
APU25_17445	ips6_local	IPR003737,IPR024078	PF02585					SSF102588	2	
APU25_17450	ips6_local	IPR003737,IPR024078	PF02585					SSF102588	2	
APU25_17455	ips6_local	IPR049453	PF13515						1	
APU25_17460	ips6_local	IPR056398	PF23086						1	
APU25_17465	ips6_local								0	
APU25_17470	ips6_local								0	
APU25_17475	ips6_local								0	
APU25_17480	ips6_local								0	
APU25_17485	ips6_local								0	
APU25_17490	ips6_local								0	
APU25_17495	ips6_local								0	
APU25_17500	ips6_local								0	
APU25_17505	ips6_local								0	
APU25_17510	ips6_local	IPR014786,IPR016158,IPR036317,IPR036390,IPR057975,IPR059120	PF08672,PF25773,PF26557		PS50069	SM00182,SM01013		SSF46785,SSF75632	8	
APU25_17515	matches_api	IPR000719,IPR001245,IPR008266,IPR011009,IPR017441	PF07714		PS00107,PS00109,PS50011			SSF55781,SSF56112	6	IPR029016,IPR051681
APU25_17520	ips6_local	IPR001611,IPR002641,IPR003591,IPR016024,IPR016035	PF01734		PS51450,PS51635	SM00369		SSF48371,SSF52058,SSF52151	7	
APU25_17525	matches_api	IPR003128,IPR007122,IPR036886	PF02209		PS51089	SM00153,SM00262		SSF47050,SSF55753	6	IPR029006
APU25_17530	matches_api	IPR016024,IPR034085				SM01349		SSF48371	2	IPR011989
APU25_17535	ips6_local	IPR000795,IPR004161,IPR009000,IPR009001,IPR027417,IPR031157,IPR054696	PF00009,PF03144,PF22594		PS00301,PS51722		cd01883,cd03704,cd04089	SSF50447,SSF50465,SSF52540	11	
APU25_17540	ips6_local	IPR007213,IPR029063	PF04072					SSF53335	2	
APU25_17545	ips6_local	IPR009447	PF06423						1	
APU25_17550	matches_api	IPR004651,IPR006062,IPR010139,IPR011060,IPR017926,IPR029062	PF00117,PF00977	TIGR00735,TIGR01855	PS51273		cd01748,cd04731	SSF51366,SSF52317	9	IPR013785,IPR014640
APU25_17555	matches_api	IPR004130,IPR027417,IPR030228	PF03029		PS52071		cd17872	SSF52540	4	
APU25_17560	ips6_local	IPR002553,IPR008152,IPR008153,IPR013041,IPR016024	PF01602,PF02883		PS50180	SM00809		SSF48371,SSF49348	6	
APU25_17565	matches_api	IPR013641,IPR027417	PF08433					SSF52540	2	
APU25_17570	matches_api	IPR018108,IPR023395	PF00153		PS50920			SSF103506	3	IPR050567
APU25_17575	matches_api	IPR010490,IPR048368,IPR048369	PF06419,PF20653			SM01087			3	
APU25_17580	ips6_local								0	
APU25_17585	matches_api	IPR002123,IPR045252	PF01553			SM00563	cd07991	SSF69593	4	
APU25_17590	matches_api	IPR027417	PF13238					SSF52540	2	
APU25_17595	ips6_local	IPR001680,IPR002933,IPR011650,IPR017932,IPR026869,IPR029055,IPR036322	PF00400,PF01546,PF07687,PF13230		PS50082,PS50294,PS51278	SM00320	cd01908	SSF50978,SSF53187,SSF56235	12	
APU25_17600	ips6_local	IPR036412	PF00702					SSF56784	2	
APU25_17605	ips6_local	IPR001487,IPR001965,IPR011011,IPR018501,IPR019786,IPR019787,IPR036427	PF00439,PF00628,PF02791		PS01359,PS50014,PS50016,PS50827	SM00249,SM00297	cd04369,cd15532	SSF47370,SSF57903	13	
APU25_17610	matches_api	IPR003265,IPR011257	PF00730			SM00478	cd00056	SSF48150	4	IPR051912
APU25_17615	ips6_local	IPR004316	PF03083						1	
APU25_17620	matches_api	IPR004316	PF03083		PS51257				2	IPR047664
APU25_17625	matches_api	IPR003582			PS51670				1	
APU25_17630	matches_api	IPR003231,IPR009081,IPR036736	PF00550	NF002148,NF002150,TIGR00517	PS50075			SSF47336	6	IPR044813
APU25_17635	ips6_local	IPR005172,IPR033467	PF03638		PS51634	SM01114			3	
APU25_17640	ips6_local	IPR037516			PS50211				1	
APU25_17645	ips6_local								0	
APU25_17650	ips6_local								0	
APU25_17655	ips6_local	IPR000719,IPR008271,IPR011009	PF00069		PS00108,PS50011	SM00220	cd14003	SSF56112	6	
APU25_17660	ips6_local	IPR002885,IPR033443	PF01535,PF13812,PF17177	TIGR00756	PS51375				5	
APU25_17665	ips6_local								0	
APU25_17670	matches_api								0	
APU25_17675	ips6_local								0	
APU25_17680	ips6_local	IPR001357,IPR001841,IPR017907,IPR018957,IPR036420	PF00097,PF00533		PS00518,PS50089,PS50172	SM00184,SM00292		SSF52113,SSF57850	9	
APU25_17685	ips6_local								0	
APU25_17690	ips6_local								0	
APU25_17695	ips6_local								0	
APU25_17700	ips6_local								0	
APU25_17705	matches_api								0	
APU25_17710	matches_api	IPR010729,IPR036049	PF06984					SSF46561	2	IPR038340
APU25_17715	ips6_local	IPR005256,IPR005801,IPR015890	PF00425	TIGR00564	PS51257			SSF56322	4	
APU25_17720	ips6_local	IPR008610	PF05890						1	
APU25_17725	matches_api	IPR060028	PF27660						1	IPR044688
APU25_17730	matches_api	IPR009003,IPR036034,IPR041517	PF13365,PF17815					SSF50156,SSF50494	4	IPR001940,IPR046449
APU25_17735	matches_api	IPR011990,IPR019734,IPR055217	PF22890		PS50005			SSF48452	3	IPR039856
APU25_17740	matches_api	IPR002842	PF01991					SSF160527	2	IPR038495
APU25_17745	ips6_local	IPR001005,IPR006447,IPR009057,IPR017930	PF00249	TIGR01557	PS51294			SSF46689	4	
APU25_17750	matches_api								0	IPR010635,IPR027417
APU25_17755	ips6_local	IPR003107,IPR008847,IPR010491,IPR011990,IPR019734	PF05843,PF06424,PF13428,PF13432,PF14559		PS50005	SM00386		SSF48452	8	
APU25_17760	ips6_local	IPR011701,IPR036259	PF07690					SSF103473	2	
APU25_17765	matches_api	IPR010301	PF05997						1	
APU25_17770	ips6_local	IPR001841,IPR017907	PF13639		PS00518,PS50089	SM00184	cd16532	SSF57850	6	
APU25_17775	matches_api	IPR000266,IPR012340,IPR019984	PF00366	NF004123,TIGR03635			cd00364	SSF50249	5	
APU25_17780	matches_api	IPR000620,IPR037185	PF00892					SSF103481	2	
APU25_17785	ips6_local	IPR001841,IPR007527	PF04434		PS50089,PS50966	SM00184		SSF57850	5	
APU25_17790	ips6_local	IPR001313,IPR016024	PF22493			SM00025		SSF48371	3	
APU25_17795	matches_api	IPR027417,IPR041664,IPR047088	PF13191,PF14630					SSF52540	3	IPR020796
APU25_17800	ips6_local	IPR003439,IPR003593,IPR011527,IPR017871,IPR027417,IPR036640,IPR044726,IPR044746	PF00005,PF00664		PS00211,PS50893,PS50929	SM00382	cd03244,cd03250,cd18579,cd18580	SSF52540,SSF90123	12	
APU25_17805	matches_api	IPR008521,IPR037185	PF05653					SSF103481	2	
APU25_17810	ips6_local	IPR001810,IPR036047			PS50181			SSF81383	2	
APU25_17815	ips6_local								0	
APU25_17820	matches_api	IPR001233,IPR036025	PF01139		PS01288			SSF103365	3	IPR027513
APU25_17825	ips6_local								0	
APU25_17830	ips6_local	IPR041232	PF17800						1	
APU25_17835	matches_api	IPR011012,IPR022775	PF01217				cd14832	SSF64356	3	IPR016635
APU25_17840	matches_api		PF13563						1	
APU25_17845	matches_api	IPR003607,IPR006674	PF13023			SM00471		SSF109604	3	IPR039356
APU25_17850	matches_api	IPR002848,IPR036081	PF01997				cd14820	SSF74784	3	
APU25_17855	matches_api	IPR005822,IPR005823,IPR036899	PF00572	TIGR01066			cd00392	SSF52161	4	
APU25_17860	matches_api	IPR002769	PF01912	TIGR00323		SM00654	cd00527	SSF55909	5	
APU25_17865	ips6_local	IPR010989,IPR021538	PF11416					SSF47661	2	
APU25_17870	ips6_local	IPR007216,IPR016024	PF04078					SSF48371	2	
APU25_17875	matches_api	IPR014043,IPR016035,IPR016036	PF00698			SM00827		SSF52151,SSF55048	4	IPR001227,IPR052760
APU25_17880	ips6_local								0	
APU25_17885	ips6_local								0	
APU25_17890	matches_api	IPR010323,IPR011990	PF06041					SSF48452	2	
APU25_17895	matches_api	IPR002293	PF13520						1	
APU25_17900	matches_api	IPR004114,IPR040183	PF02926		PS51165	SM00981	cd11717	SSF143437	5	
APU25_17905	matches_api		PF02466						1	IPR039175
APU25_17910	matches_api	IPR011063,IPR012795	PF01171	TIGR02432			cd01992	SSF52402	4	IPR012094,IPR014729
APU25_17915	matches_api	IPR002048,IPR011992,IPR018247	PF13202,PF13499		PS00018,PS50222	SM00054		SSF47473	6	
APU25_17920	matches_api								0	IPR044224
APU25_17925	matches_api	IPR000863,IPR027417	PF00685					SSF52540	2	IPR037359
APU25_17930	ips6_local	IPR001680,IPR001841,IPR003613,IPR017907,IPR036322	PF00400,PF04564		PS00518,PS50082,PS50089	SM00184,SM00320,SM00504	cd16504	SSF50978,SSF57850	11	
APU25_17935	matches_api	IPR000789,IPR036858	PF01111		PS00944	SM01084		SSF55637	4	
APU25_17940	matches_api	IPR000626,IPR019954,IPR029071,IPR038738	PF00240		PS00299,PS50053	SM00213	cd01806	SSF54236	6	IPR019956,IPR050158
APU25_17945	matches_api	IPR001650,IPR001878,IPR011545,IPR014001,IPR014014,IPR027417,IPR036875	PF00270,PF00271		PS50158,PS51192,PS51194,PS51195	SM00487,SM00490	cd18787	SSF52540,SSF57756	11	
APU25_17950	matches_api	IPR001680,IPR012952,IPR019775,IPR036322	PF00400,PF08149		PS00678,PS50082	SM00320,SM01033		SSF50978	7	IPR015943,IPR040315
APU25_17955	matches_api	IPR006571	PF07534		PS51886	SM00584			3	
APU25_17960	matches_api	IPR004655,IPR013747,IPR013751,IPR016039	PF08541,PF08545	NF006829,TIGR00747			cd00830	SSF53901	6	
APU25_17965	matches_api	IPR002164,IPR037231	PF00956					SSF143113	2	
APU25_17970	matches_api	IPR049072	PF20675		PS51257				2	IPR038862
APU25_17975	ips6_local	IPR001680,IPR019775,IPR036322	PF00400		PS00678,PS50082	SM00320		SSF50978	5	
APU25_17980	matches_api	IPR001841,IPR002110,IPR017907,IPR018957,IPR036770	PF00097,PF12796		PS00518,PS50088,PS50089,PS50297	SM00184,SM00248		SSF48403,SSF57850	10	IPR013083
APU25_17985	matches_api	IPR025993,IPR029044	PF13506					SSF53448	2	
APU25_17990	ips6_local	IPR018971	PF09366						1	
APU25_17995	ips6_local	IPR001841,IPR001965,IPR011011,IPR017907,IPR018957,IPR019786,IPR019787,IPR058746	PF00097,PF00628		PS00518,PS01359,PS50016,PS50089	SM00184,SM00249	cd15545,cd16574	SSF57850,SSF57903	12	
APU25_18000	ips6_local	IPR000340,IPR000387,IPR007123,IPR020422,IPR029021	PF00626,PF00782		PS50054,PS50056	SM00195	cd14498	SSF52799,SSF55753	8	
APU25_18005	ips6_local								0	
APU25_18010	matches_api	IPR003829,IPR008778,IPR011051	PF02678,PF05726				cd02247,cd02909	SSF51182	5	IPR012093,IPR014710
APU25_18015	matches_api	IPR010541,IPR013881	PF06544,PF08572				cd24162		3	IPR027104
APU25_18020	matches_api	IPR011012,IPR022775,IPR028565,IPR036168,IPR043512,IPR043532	PF00928,PF01217		PS51072		cd09251,cd14836	SSF49447,SSF64356	7	IPR001392,IPR050431
APU25_18025	ips6_local	IPR001451,IPR011004,IPR047324,IPR060273	PF00132,PF28366				cd04645	SSF51161	4	
APU25_18030	matches_api	IPR003890,IPR003891,IPR016024	PF02847,PF02854		PS51366	SM00543,SM00544		SSF48371	6	IPR050781
APU25_18035	ips6_local						cd14688		1	
APU25_18040	ips6_local	IPR001518,IPR018223,IPR023434,IPR024074,IPR048267,IPR048268	PF00764,PF20979	NF001770,TIGR00032	PS00564,PS00565		cd01999	SSF52402,SSF69864	9	
APU25_18045	ips6_local	IPR008972						SSF49503	1	
APU25_18050	matches_api								0	
APU25_18055	ips6_local								0	
APU25_18060	ips6_local	IPR027417,IPR041677,IPR041679,IPR047187	PF13086,PF13087				cd18042,cd18808	SSF52540	5	
APU25_18065	matches_api								0	
APU25_18070	matches_api								0	
APU25_18075	ips6_local								0	
APU25_18080	matches_api	IPR003690	PF02536						1	IPR038538
APU25_18085	matches_api				PS51257				1	
APU25_18090	ips6_local				PS51257				1	
APU25_18095	matches_api	IPR031851	PF15938						1	
APU25_18100	ips6_local	IPR001680,IPR011044,IPR011047			PS50082	SM00320		SSF50969,SSF50998	4	
APU25_18105	ips6_local	IPR000794,IPR014030,IPR016039,IPR018201,IPR020841	PF00109		PS00606,PS52004	SM00825	cd00834	SSF53901	6	
APU25_18110	ips6_local	IPR036322	PF28639					SSF50978	2	
APU25_18115	ips6_local	IPR000988,IPR011017,IPR023442	PF01246		PS01073	SM00746	cd00472	SSF57716	5	
APU25_18120	matches_api	IPR000626,IPR006636,IPR009060,IPR015940,IPR029071	PF00240,PF00627,PF23195		PS50030,PS50053	SM00165,SM00213,SM00727	cd14399	SSF46934,SSF54236	11	IPR015496
APU25_18125	ips6_local		PF05348						1	
APU25_18130	ips6_local	IPR013177	PF08213						1	
APU25_18135	ips6_local	IPR001757,IPR006121,IPR008250,IPR017969,IPR018303,IPR023298,IPR027256,IPR036163,IPR036412,IPR059000	PF00122,PF00403,PF00702	TIGR01494,TIGR01525	PS00154,PS01047,PS50846		cd00371	SSF55008,SSF56784,SSF81653,SSF81665	13	
APU25_18140	matches_api	IPR063906,IPR063907	PF30904,PF30905						2	IPR039987
APU25_18145	matches_api								0	
APU25_18150	matches_api	IPR003439,IPR003593,IPR011527,IPR017871,IPR027417	PF00005,PF06472		PS00211,PS50893	SM00382	cd03223	SSF52540	7	IPR050835
APU25_18155	matches_api								0	IPR037393
APU25_18160	matches_api								0	
APU25_18165	ips6_local	IPR012337,IPR013520	PF00929					SSF53098	2	
APU25_18170	matches_api	IPR006109,IPR006168,IPR008927,IPR011128,IPR036291	PF01210,PF07479	NF000940,NF000942	PS00957			SSF48179,SSF51735	7	IPR013328
APU25_18175	ips6_local	IPR001650,IPR001878,IPR004589,IPR011545,IPR014001,IPR027417,IPR036875	PF00098,PF00270,PF00271	TIGR00614	PS50158,PS51192,PS51194	SM00343,SM00487,SM00490	cd17920	SSF52540,SSF57756	13	
APU25_18180	matches_api								0	IPR055315
APU25_18185	ips6_local	IPR015172,IPR015174,IPR016024	PF09088,PF09090					SSF48371	3	
APU25_18190	ips6_local	IPR001680,IPR014906,IPR019775,IPR036285,IPR036322,IPR056153	PF08799,PF23381		PS00678,PS50082,PS50294	SM00320,SM00500	cd00200	SSF158230,SSF50978	10	
APU25_18195	matches_api	IPR021420	PF11267						1	
APU25_18200	matches_api	IPR001030,IPR006251,IPR033941,IPR036008	PF00330	NF001614,TIGR01343			cd01583	SSF53732	5	IPR015931,IPR050067
APU25_18205	ips6_local	IPR003000,IPR026590,IPR029035	PF02146		PS50305			SSF52467	3	
APU25_18210	ips6_local	IPR015590,IPR016160,IPR016161,IPR029510	PF00171		PS00070,PS00687		cd07091	SSF53720	5	
APU25_18215	matches_api	IPR000330,IPR001650,IPR014001,IPR027417,IPR049730	PF00176,PF00271		PS51192,PS51194	SM00487,SM00490	cd17919,cd18793	SSF52540	9	IPR038718
APU25_18220	ips6_local	IPR002208,IPR023201,IPR030659	PF00344	TIGR00967	PS00755,PS00756			SSF103491	5	
APU25_18225	matches_api								0	
APU25_18230	matches_api	IPR002893,IPR007052,IPR008978	PF01753,PF04969		PS01360,PS50865,PS51203		cd06467	SSF144232,SSF49764	8	IPR037898
APU25_18235	matches_api	IPR000727	PF05739		PS50192	SM00397	cd15841	SSF58038	5	
APU25_18240	ips6_local	IPR025799,IPR029063,IPR041698,IPR055135	PF13649,PF22528		PS51678		cd02440	SSF53335	5	
APU25_18245	ips6_local	IPR003034,IPR013584,IPR058917	PF08373,PF26188		PS50800,PS51286	SM00952			5	
APU25_18250	matches_api	IPR000089,IPR001249,IPR001882,IPR011053	PF00364	TIGR00531	PS00188,PS50968		cd06850	SSF51230	6	IPR050709
APU25_18255	matches_api	IPR016197,IPR025995,IPR026541	PF05712,PF11717		PS51640			SSF54160	4	IPR008676,IPR038217
APU25_18260	matches_api	IPR033118	PF05241		PS51751				2	IPR007905
APU25_18265	matches_api	IPR006034,IPR027474,IPR027475,IPR036152,IPR040919,IPR041725	PF00710,PF17763		PS00917,PS51732	SM00870	cd08963	SSF53774	7	IPR027473,IPR037152
APU25_18270	matches_api								0	
APU25_18275	matches_api	IPR019533,IPR036286					cd06530	SSF51306	2	IPR037730
APU25_18280	ips6_local	IPR000719,IPR011009	PF00069		PS50011	SM00220		SSF56112	4	
APU25_18285	ips6_local								0	
APU25_18290	ips6_local								0	
APU25_18295	matches_api	IPR001451,IPR011004,IPR047324	PF14602				cd04645	SSF51161	3	IPR050484
APU25_18300	ips6_local	IPR001680,IPR036322,IPR048720	PF21032			SM00320		SSF50978	3	
APU25_18305	matches_api	IPR006171,IPR025156	PF13331		PS50880	SM00493		SSF110455	4	
APU25_18310	ips6_local	IPR002885	PF01535,PF13812	TIGR00756	PS51375				4	
APU25_18315	ips6_local								0	
APU25_18320	ips6_local	IPR001680,IPR011044,IPR019775	PF00400		PS00678,PS50082,PS50294	SM00320	cd00200	SSF50969	7	
APU25_18325	matches_api								0	
APU25_18330	matches_api	IPR058865,IPR058866	PF26216,PF26217						2	IPR026506
APU25_18335	ips6_local	IPR004389,IPR005484,IPR057268	PF00861	TIGR00060			cd00432	SSF53137	4	
APU25_18340	ips6_local	IPR010300,IPR011051	PF05995				cd10548	SSF51182	3	
APU25_18345	matches_api								0	
APU25_18350	ips6_local	IPR003890,IPR003891,IPR016024	PF02854		PS51366	SM00543		SSF48371	4	
APU25_18355	matches_api	IPR007512	PF04418						1	
APU25_18360	ips6_local	IPR018517,IPR035587	PF01207		PS01136		cd02801	SSF51395	4	
APU25_18365	ips6_local	IPR019153,IPR036390	PF09756			SM01128		SSF46785	3	
APU25_18370	matches_api	IPR041175	PF18826		PS52044				2	IPR047139
APU25_18375	ips6_local	IPR002931,IPR038765	PF01841			SM00460		SSF54001	3	
APU25_18380	ips6_local	IPR001251	PF13716				cd00170		2	
APU25_18385	matches_api	IPR008195,IPR018065	PF01199		PS01145				2	IPR038562
APU25_18390	matches_api								0	
APU25_18395	ips6_local	IPR001678,IPR011023,IPR029063,IPR031341,IPR049560	PF01189,PF17125	TIGR00446	PS51686			SSF53335	5	
APU25_18400	matches_api	IPR000169,IPR000668,IPR013201,IPR038765,IPR039417	PF00112,PF08246		PS00139	SM00645,SM00848	cd02248	SSF54001	7	IPR013128
APU25_18405	matches_api	IPR003323,IPR038765	PF02338		PS50802		cd22759	SSF54001	4	
APU25_18410	ips6_local	IPR002035,IPR036465	PF13519					SSF53300	2	
APU25_18415	ips6_local								0	
APU25_18420	ips6_local								0	
APU25_18425	ips6_local								0	
APU25_18430	matches_api	IPR006439,IPR010237,IPR036412	PF00702	TIGR01509,TIGR01993				SSF56784	4	IPR023214
APU25_18435	matches_api	IPR011990,IPR019734			PS50005	SM00028		SSF48452	3	IPR044243
APU25_18440	matches_api	IPR023673,IPR023674,IPR028364	PF00687		PS01199		cd00403	SSF56808	4	IPR002143,IPR016095,IPR050257
APU25_18445	matches_api	IPR003029,IPR012340,IPR019495,IPR025721	PF10447,PF14382		PS50126			SSF110324,SSF50249	5	IPR039771
APU25_18450	matches_api	IPR007235	PF04101					SSF53756	2	IPR052474
APU25_18455	matches_api	IPR011990	PF06552					SSF48452	2	IPR010547
APU25_18460	ips6_local	IPR010770	PF07093						1	
APU25_18465	ips6_local	IPR003439,IPR003593,IPR013525,IPR027417,IPR043926	PF00005,PF01061,PF19055		PS50893	SM00382		SSF52540	6	
APU25_18470	ips6_local	IPR003439,IPR003593,IPR013525,IPR027417,IPR043926	PF00005,PF01061,PF19055		PS50893	SM00382		SSF52540	6	
APU25_18475	ips6_local								0	
APU25_18480	matches_api	IPR004299	PF03062						1	IPR049941
APU25_18485	ips6_local	IPR009025,IPR036603	PF13656					SSF55257	2	
APU25_18490	ips6_local	IPR009025,IPR036603	PF13656					SSF55257	2	
APU25_18495	ips6_local	IPR009071,IPR036910			PS50118		cd00084	SSF47095	3	
APU25_18500	ips6_local	IPR013057	PF01490						1	
APU25_18505	matches_api	IPR016040,IPR036291	PF13460				cd05243	SSF51735	3	IPR044201
APU25_18510	matches_api	IPR002912,IPR045865,IPR056805,IPR056816	PF24914,PF24926,PF24931		PS51671			SSF55021	5	IPR040217
APU25_18515	matches_api								0	
APU25_18520	ips6_local	IPR007718	PF05022						1	
APU25_18525	ips6_local	IPR001623,IPR022226,IPR036869	PF00226,PF12572		PS50076	SM00271	cd06257	SSF46565	6	
APU25_18530	matches_api								0	
APU25_18535	ips6_local	IPR043597	PF13868						1	
APU25_18540	matches_api	IPR000403,IPR001263,IPR002420,IPR011009,IPR016024,IPR018936,IPR035892,IPR057756	PF00454,PF00613,PF00792		PS00916,PS50290,PS51545,PS51547	SM00145,SM00146	cd00896	SSF48371,SSF49562,SSF56112	13	IPR008290,IPR015433,IPR036940,IPR042236
APU25_18545	matches_api	IPR036770						SSF48403	1	
APU25_18550	ips6_local	IPR013126,IPR018181,IPR029048,IPR043129	PF00012		PS01036		cd10230	SSF100934,SSF53067	5	
APU25_18555	matches_api								0	
APU25_18560	matches_api	IPR003653,IPR038765	PF02902		PS50600			SSF54001	3	IPR044613
APU25_18565	matches_api	IPR003156,IPR038763	PF02272					SSF64182	2	
APU25_18570	ips6_local	IPR001433,IPR003097,IPR008254,IPR017927,IPR017938,IPR029039,IPR039261	PF00175,PF00258,PF00667		PS50902,PS51384			SSF52218,SSF52343,SSF63380	8	
APU25_18575	ips6_local	IPR005123,IPR006620,IPR019601,IPR039558	PF10637,PF13661		PS51471	SM00702			4	
APU25_18580	matches_api	IPR009071,IPR013719,IPR024954,IPR035417,IPR036910,IPR048993	PF00505,PF03531,PF08512,PF17292,PF21103		PS50118	SM00398,SM01287	cd01390,cd13230,cd13231	SSF47095,SSF50729	13	IPR000969,IPR011993,IPR038167,IPR050454
APU25_18585	ips6_local								0	
APU25_18590	ips6_local								0	
APU25_18595	ips6_local								0	
APU25_18600	ips6_local								0	
APU25_18605	matches_api	IPR021151,IPR036224,IPR056784	PF05916,PF25005				cd11712,cd21694	SSF158573,SSF160059	6	IPR007257
APU25_18610	ips6_local	IPR006345,IPR010994,IPR027417,IPR027785,IPR029493,IPR041451,IPR055446,IPR060101	PF13538,PF13604,PF14490,PF14520,PF18335,PF23139	TIGR01448			cd17933,cd18809	SSF47781,SSF52540	11	
APU25_18615	matches_api	IPR013049,IPR034136,IPR036078	PF04406,PF21180				cd00223	SSF56726	4	IPR002815,IPR036388
APU25_18620	matches_api	IPR001129,IPR023352	PF01124					SSF161084	2	IPR050997
APU25_18625	ips6_local	IPR012435,IPR037185	PF07857					SSF103481	2	
APU25_18630	matches_api								0	
APU25_18635	ips6_local	IPR001680,IPR019775,IPR022052,IPR036322	PF00400,PF12265		PS00678,PS50082,PS50294	SM00320		SSF50978	7	
APU25_18640	ips6_local	IPR002716,IPR003169,IPR029060,IPR035445	PF13638		PS50829			SSF55277,SSF88723	4	
APU25_18645	matches_api	IPR007726	PF05030						1	
APU25_18650	ips6_local	IPR001680,IPR007148,IPR019775,IPR036322,IPR063923	PF04003,PF25172,PF25173		PS00678,PS50082,PS50294	SM00320	cd00200	SSF50978	9	
APU25_18655	ips6_local	IPR001024,IPR001849,IPR036392	PF00169,PF01477		PS50003,PS50095	SM00233,SM00308		SSF49723,SSF50729	8	
APU25_18660	ips6_local	IPR002885	PF13812						1	
APU25_18665	matches_api	IPR009688	PF06916						1	IPR045866
APU25_18670	matches_api	IPR000156	PF00638			SM00160		SSF50729	3	IPR011993
APU25_18675	matches_api	IPR002347,IPR020904,IPR036291	PF00106		PS00061			SSF51735	3	
APU25_18680	matches_api								0	IPR039145
APU25_18685	matches_api	IPR005844,IPR005845,IPR005846,IPR016055,IPR016066,IPR036900	PF02878,PF02879,PF02880,PF24947	NF005737	PS00710			SSF53738,SSF55957	8	IPR005841,IPR045244
APU25_18690	matches_api								0	
APU25_18695	ips6_local								0	
APU25_18700	matches_api	IPR002044,IPR013784	PF00686		PS51166	SM01065	cd05467	SSF49452	5	IPR013783
APU25_18705	matches_api	IPR004209,IPR036644	PF02943					SSF57662	2	
APU25_18710	matches_api	IPR000504,IPR035979	PF00076		PS50102	SM00360		SSF54928	4	IPR012677
APU25_18715	ips6_local	IPR001544,IPR036038	PF01063					SSF56752	2	
APU25_18720	ips6_local	IPR011419	PF07542					SSF160909	2	
APU25_18725	matches_api	IPR013766,IPR036249	PF00085		PS51352			SSF52833	3	IPR044241
APU25_18730	matches_api	IPR000467	PF01585		PS50174	SM00443			3	IPR050656
APU25_18735	ips6_local								0	
APU25_18740	matches_api	IPR003265,IPR011257,IPR012904	PF00730,PF07934			SM00478	cd00056	SSF48150,SSF55945	6	IPR023170,IPR052054
APU25_18745	ips6_local	IPR011047,IPR058545	PF25293					SSF50998	2	
APU25_18750	ips6_local	IPR016024,IPR025977	PF12719					SSF48371	2	
APU25_18755	ips6_local	IPR007255,IPR016159	PF04124					SSF74788	2	
APU25_18760	matches_api	IPR003439,IPR003593,IPR011527,IPR017871,IPR027417,IPR036640	PF00005,PF00664		PS00211,PS50893,PS50929	SM00382	cd03249,cd18572	SSF52540,SSF90123	10	IPR039421
APU25_18765	matches_api	IPR000408,IPR009091,IPR058923	PF25390		PS00626,PS50012			SSF50985	4	IPR051210
APU25_18770	ips6_local	IPR011990,IPR019734				SM00028		SSF48452	2	
APU25_18775	ips6_local	IPR000182,IPR016181	PF00583		PS51186		cd04301	SSF55729	4	
APU25_18780	matches_api	IPR035204	PF17250						1	
APU25_18785	ips6_local	IPR004457,IPR056180	PF03367,PF22794			SM00709			3	
APU25_18790	matches_api								0	
APU25_18795	matches_api								0	
APU25_18800	ips6_local	IPR004859,IPR040992,IPR041106,IPR041385,IPR041412	PF03159,PF17846,PF18129,PF18332,PF18334				cd18673		6	
APU25_18805	matches_api	IPR002109,IPR011767,IPR011899,IPR036249	PF00462	TIGR02180	PS00195,PS51354		cd03419	SSF52833	6	IPR014025
APU25_18810	matches_api								0	
APU25_18815	matches_api	IPR001164,IPR037278	PF01412		PS50115	SM00105	cd08204	SSF57863	5	IPR038508,IPR044520
APU25_18820	ips6_local	IPR002347,IPR020904,IPR036291,IPR057326	PF00106,PF13561		PS00061	SM00822		SSF51735	5	
APU25_18825	matches_api	IPR003653,IPR038765	PF02902		PS50600			SSF54001	3	
APU25_18830	ips6_local								0	
APU25_18835	matches_api								0	
APU25_18840	matches_api	IPR003593,IPR003959,IPR003960,IPR027417	PF00004		PS00674	SM00382		SSF52540	4	IPR050304
APU25_18845	ips6_local	IPR021414	PF11255						1	
APU25_18850	matches_api	IPR001912,IPR002942,IPR005710,IPR018079	PF00163,PF01479	NF003139,TIGR01018	PS00632,PS50889	SM00363,SM01390	cd00165	SSF55174	10	IPR022801,IPR036986
APU25_18855	matches_api	IPR019013	PF09446						1	
APU25_18860	matches_api	IPR005024	PF03357						1	
APU25_18865	matches_api								0	
APU25_18870	ips6_local	IPR004045,IPR011767,IPR036249	PF13417		PS00195,PS50404,PS51354			SSF52833	5	
APU25_18875	ips6_local	IPR011430,IPR016024,IPR046523	PF07539,PF20416					SSF48371	3	
APU25_18880	ips6_local							SSF55961	1	
APU25_18885	matches_api	IPR003439,IPR003593,IPR017871,IPR027417	PF00005		PS00211,PS50893	SM00382		SSF52540	5	IPR050093
APU25_18890	matches_api	IPR009088,IPR015871,IPR015872	PF02268,PF02751				cd10014	SSF47396,SSF50784	5	IPR003194,IPR009083
APU25_18895	matches_api	IPR024989,IPR036259	PF12832					SSF103473	2	IPR051717
APU25_18900	ips6_local								0	
APU25_18905	matches_api							SSF52402	1	IPR014729
APU25_18910	matches_api	IPR000915,IPR008991,IPR041997	PF01159				cd13156	SSF50104	3	IPR014722
APU25_18915	ips6_local	IPR003385,IPR017853	PF02446	NF011080,TIGR00217				SSF51445	4	
APU25_18920	matches_api								0	
APU25_18925	ips6_local								0	
APU25_18930	matches_api	IPR001780,IPR009000,IPR018266	PF01247		PS01105			SSF50447	3	IPR038661
APU25_18935	matches_api	IPR040464,IPR041429	PF05770,PF17927					SSF56059	3	IPR008656
APU25_18940	ips6_local								0	
APU25_18945	matches_api	IPR001841,IPR006575			PS50089,PS50908	SM00184	cd16448	SSF57850	5	IPR013083,IPR039133
APU25_18950	ips6_local	IPR000253,IPR006636,IPR008984	PF00498		PS50006	SM00727	cd22701	SSF49879	5	
APU25_18955	matches_api	IPR006818,IPR036747	PF04729					SSF101546	2	
APU25_18960	matches_api	IPR006809,IPR009072	PF04719				cd08048	SSF47113	3	IPR045127
APU25_18965	matches_api	IPR006645	PF02357						1	IPR036735
APU25_18970	matches_api	IPR018108,IPR023395	PF00153		PS50920			SSF103506	3	IPR002067
APU25_18975	ips6_local	IPR006086,IPR029060	PF00867			SM00484		SSF88723	3	
APU25_18980	matches_api	IPR011032,IPR018369,IPR020818	PF00166		PS00681	SM00883	cd00320	SSF50129	5	IPR037124
APU25_18985	ips6_local	IPR000374	PF01148		PS01315				2	
APU25_18990	matches_api	IPR004360,IPR004361,IPR018146,IPR029068,IPR037523	PF00903	TIGR00068	PS00934,PS51819			SSF54593	5	
APU25_18995	matches_api								0	
APU25_19000	matches_api								0	
APU25_19005	ips6_local	IPR004326	PF03094						1	
APU25_19010	ips6_local	IPR002048,IPR011992,IPR018247	PF13499		PS00018,PS50222	SM00054	cd00051	SSF47473	6	
APU25_19015	matches_api	IPR023375						SSF160104	1	IPR039343
APU25_19020	matches_api								0	
APU25_19025	ips6_local	IPR008162,IPR036649	PF00719		PS00387		cd00412	SSF50324	4	
APU25_19030	ips6_local	IPR019542	PF10513						1	
APU25_19035	matches_api	IPR063966	PF31213					SSF103511	2	
APU25_19040	matches_api	IPR001907,IPR018215,IPR023562,IPR029045,IPR033135	PF00574	NF001368,NF009205	PS00381,PS00382		cd07017	SSF52096	7	
APU25_19045	ips6_local								0	
APU25_19050	matches_api	IPR013978	PF08670						1	
APU25_19055	matches_api	IPR003689	PF02535						1	
APU25_19060	matches_api	IPR001085,IPR015424,IPR019798,IPR039429	PF00464	NF000586	PS00096		cd00378	SSF53383	5	IPR015421,IPR015422,IPR049943
APU25_19065	matches_api	IPR006424,IPR020828,IPR020829,IPR020830,IPR036291	PF00044,PF02800	TIGR01534	PS00071	SM00846	cd05214,cd18126	SSF51735,SSF55347	9	IPR020831
APU25_19070	matches_api	IPR005485,IPR025607,IPR057268	PF14204,PF17144				cd00432	SSF53137	4	
APU25_19075	matches_api								0	
APU25_19080	matches_api								0	
APU25_19085	ips6_local	IPR005636	PF03942			SM01144			2	
APU25_19090	matches_api	IPR001471,IPR016177			PS51032	SM00380		SSF54171	3	IPR036955
APU25_19095	ips6_local	IPR062010,IPR063486	PF28637,PF30988						2	
APU25_19100	matches_api	IPR002524,IPR027469,IPR058533	PF01545	TIGR01297				SSF161111	3	IPR040177
APU25_19105	ips6_local	IPR012978,IPR016024,IPR057860	PF08161,PF25772					SSF48371	3	
APU25_19110	matches_api								0	IPR038538
APU25_19115	matches_api								0	
APU25_19120	ips6_local	IPR006751	PF04658			SM01370	cd08047		3	
APU25_19125	matches_api	IPR012340						SSF50249	1	
APU25_19130	matches_api								0	
APU25_19135	matches_api	IPR001623,IPR003265,IPR011257,IPR028925,IPR036869	PF00226,PF15628		PS50076	SM00271,SM00478	cd06257	SSF46565,SSF48150	8	IPR023170,IPR044811
APU25_19140	ips6_local	IPR004017,IPR004113,IPR006094,IPR016164,IPR016166,IPR017896,IPR017900,IPR036318	PF01565,PF02754,PF02913,PF13183		PS00198,PS51379,PS51387			SSF46548,SSF55103,SSF56176	10	
APU25_19145	matches_api	IPR000192,IPR015424,IPR020578	PF00266		PS00595			SSF53383	3	IPR015421,IPR015422,IPR024169
APU25_19150	ips6_local	IPR000014,IPR000700,IPR001610,IPR035965	PF13426	TIGR00229	PS50112,PS50113	SM00086,SM00091	cd00130	SSF55785	8	
APU25_19155	matches_api	IPR006139,IPR006140,IPR036291	PF00389,PF02826				cd05301	SSF51735,SSF52283	5	
APU25_19160	matches_api	IPR015590,IPR016161	PF00171					SSF53720	2	IPR016162,IPR016163
APU25_19165	ips6_local	IPR003323,IPR038765	PF02338		PS50802			SSF54001	3	
APU25_19170	ips6_local	IPR001841,IPR017907			PS00518,PS50089				2	
APU25_19175	matches_api								0	
APU25_19180	matches_api	IPR000717,IPR016650,IPR019010,IPR036390	PF01399,PF09440		PS50250	SM00088,SM01186	cd21378	SSF46785	7	
APU25_19185	matches_api	IPR025067	PF13301						1	
APU25_19190	ips6_local	IPR001739,IPR001965,IPR003889,IPR011011,IPR016177,IPR019787,IPR028941	PF00628,PF01429,PF15613		PS50016,PS50982,PS51543	SM00249		SSF54171,SSF57903	9	
APU25_19195	matches_api	IPR009448,IPR029044,IPR040497,IPR040525,IPR040692,IPR040693,IPR040694	PF06427,PF18400,PF18401,PF18402,PF18403,PF18404				cd06432	SSF53448	8	
APU25_19200	ips6_local	IPR002735,IPR016189,IPR016190	PF01873			SM00653		SSF100966,SSF75689	4	
APU25_19205	matches_api	IPR004282	PF03040						1	
APU25_19210	ips6_local	IPR018971	PF09366						1	
APU25_19215	matches_api	IPR006598	PF05686			SM00672			2	IPR051091
APU25_19220	ips6_local	IPR002313,IPR004364,IPR004365,IPR006195,IPR012340,IPR018149,IPR044136,IPR045864	PF00152,PF01336	NF001756,TIGR00499	PS50862		cd00775,cd04322	SSF50249,SSF55681	9	
APU25_19225	matches_api	IPR002528,IPR044644	PF01554	TIGR00797			cd13136		3	
APU25_19230	ips6_local	IPR008507	PF05623						1	
APU25_19235	matches_api	IPR018618	PF09783						1	
APU25_19240	matches_api	IPR005645,IPR029058	PF03959					SSF53474	2	IPR050593
APU25_19245	matches_api	IPR003923	PF03540				cd07982		2	
APU25_19250	ips6_local	IPR002347,IPR036291,IPR045022	PF00106				cd08939	SSF51735	3	
APU25_19255	ips6_local								0	
APU25_19260	matches_api	IPR029000						SSF50891	1	
APU25_19265	ips6_local	IPR001279,IPR036866	PF12706				cd07718	SSF56281	3	
APU25_19270	ips6_local	IPR001374,IPR001841,IPR013087,IPR036867	PF01424		PS00028,PS50089,PS50157,PS51061		cd02325	SSF57850,SSF82708	8	
APU25_19275	matches_api								0	
APU25_19280	matches_api	IPR007233,IPR011012	PF04099			SM01399	cd14856	SSF64356	4	
APU25_19285	matches_api	IPR002173,IPR011611,IPR029056	PF00294		PS00584		cd01168	SSF53613	4	IPR052700
APU25_19290	matches_api	IPR003439,IPR003593,IPR017871,IPR027417,IPR043926	PF00005,PF19055		PS00211,PS50893	SM00382	cd03213	SSF52540	7	IPR050352
APU25_19295	ips6_local								0	
APU25_19300	ips6_local	IPR000086,IPR015797	PF00293		PS51462		cd04692	SSF55811	4	
APU25_19305	matches_api	IPR000086,IPR015797	PF00293		PS51462		cd04692	SSF55811	4	
APU25_19310	matches_api	IPR049625	PF04577						1	IPR007657
APU25_19315	matches_api	IPR006121,IPR036163	PF00403		PS50846		cd00371	SSF55008	4	
APU25_19320	matches_api	IPR009305	PF06127						1	
APU25_19325	ips6_local	IPR048781	PF20882						1	
APU25_19330	ips6_local								0	
APU25_19335	ips6_local	IPR001721,IPR001926,IPR005787,IPR036052,IPR045865	PF00291,PF00585	NF006674,TIGR01124	PS51672		cd01562,cd04907	SSF53686,SSF55021	9	
APU25_19340	ips6_local	IPR003855,IPR053951,IPR053952	PF02705,PF22776	TIGR00794					3	
APU25_19345	matches_api							SSF118359	1	IPR045230
APU25_19350	ips6_local								0	
APU25_19355	matches_api	IPR000953,IPR002110,IPR016197,IPR023780,IPR036770	PF00385,PF12796		PS50088,PS50297	SM00248,SM00298	cd00024	SSF48403,SSF54160	9	
APU25_19360	ips6_local	IPR013698,IPR036188	PF08491					SSF51905	2	
APU25_19365	matches_api	IPR020588,IPR027417	PF13481		PS50162			SSF52540	3	IPR030547
APU25_19370	ips6_local								0	
APU25_19375	matches_api	IPR008011,IPR045298	PF05347				cd20267		2	IPR050435
APU25_19380	ips6_local	IPR003439,IPR003593,IPR011527,IPR017871,IPR027417,IPR036640	PF00005,PF00664		PS00211,PS50893,PS50929	SM00382	cd18581	SSF52540,SSF90123	9	
APU25_19385	ips6_local	IPR002328,IPR011032,IPR013149,IPR013154,IPR036291	PF00107,PF08240		PS00059			SSF50129,SSF51735	5	
APU25_19390	matches_api	IPR000571,IPR057444	PF00642,PF25512		PS50103	SM00356			4	IPR036770,IPR045234
APU25_19395	ips6_local	IPR000010,IPR018073,IPR046350	PF16845		PS00287			SSF54403	3	
APU25_19400	ips6_local	IPR001005,IPR009057,IPR017930	PF00249,PF13921		PS50090,PS51294	SM00717	cd00167	SSF46689	7	
APU25_19405	matches_api	IPR000164,IPR007125,IPR009072	PF00125		PS00322,PS00959	SM00428	cd22911	SSF47113	6	
APU25_19410	matches_api	IPR001951,IPR009072,IPR019809,IPR035425	PF15511		PS00047	SM00417	cd22912	SSF47113	5	
APU25_19415	matches_api	IPR001005,IPR009057,IPR017930	PF13921		PS50090,PS51294	SM00717	cd00167	SSF46689	6	IPR050560
APU25_19420	matches_api	IPR001012,IPR006577,IPR009060,IPR012336,IPR029071,IPR036249	PF00789,PF13899,PF14555		PS50033	SM00594	cd01767,cd02958,cd14351	SSF46934,SSF52833,SSF54236	11	IPR050730
APU25_19425	ips6_local	IPR005818,IPR036390	PF00538		PS51504	SM00526	cd00073	SSF46785	5	
APU25_19430	matches_api								0	
APU25_19435	matches_api	IPR000089,IPR001882,IPR005479,IPR005481,IPR005482,IPR011053,IPR011054,IPR011761,IPR011764,IPR016185	PF00289,PF00364,PF02785,PF02786	NF006367	PS00188,PS00867,PS50968,PS50975,PS50979	SM00878	cd06850	SSF51230,SSF51246,SSF52440,SSF56059	16	IPR050856
APU25_19440	matches_api	IPR001753,IPR018376,IPR029045	PF00378		PS00166		cd06558	SSF52096	4	IPR014748
APU25_19445	matches_api	IPR000073,IPR029058	PF00561					SSF53474	2	
APU25_19450	matches_api	IPR002659	PF01762						1	
APU25_19455	matches_api								0	
APU25_19460	matches_api	IPR001353,IPR023333,IPR029055	PF00227		PS51476		cd03762	SSF56235	4	IPR000243
APU25_19465	matches_api	IPR001453,IPR008284,IPR036425	PF00994	NF006932,TIGR00177	PS01078	SM00852	cd00886	SSF53218	7	IPR051920
APU25_19470	ips6_local	IPR000719,IPR011009,IPR013210	PF08263		PS50011	SM00220		SSF52058,SSF56112	5	
APU25_19475	matches_api	IPR034626	PF28482						1	
APU25_19480	matches_api	IPR002641,IPR016035	PF01734		PS51635			SSF52151	3	IPR033562
APU25_19485	matches_api	IPR002359,IPR020040,IPR036789	PF00347		PS00700			SSF56053	3	IPR000702
APU25_19490	matches_api	IPR002048,IPR006685,IPR010920,IPR018247	PF00924		PS00018,PS50222			SSF50182	4	
APU25_19495	matches_api	IPR008689,IPR036228	PF05873					SSF161065	2	
APU25_19500	matches_api	IPR003749,IPR010038,IPR016155	PF02597	TIGR01682,TIGR01687			cd00754	SSF54285	5	IPR012675,IPR028887,IPR044672
APU25_19505	matches_api	IPR000335,IPR029068,IPR037523,IPR061878	PF31120		PS51819		cd08349	SSF54593	4	
APU25_19510	matches_api	IPR029063	PF03602					SSF53335	2	IPR004398
APU25_19515	matches_api								0	
APU25_19520	matches_api	IPR006917,IPR011256	PF04832		PS51257			SSF55136	3	
APU25_19525	matches_api								0	
APU25_19530	matches_api	IPR004843,IPR029052,IPR056230	PF00149,PF24394					SSF56300	3	
APU25_19535	matches_api								0	
APU25_19540	matches_api	IPR005828,IPR005829,IPR011701,IPR020846,IPR036259	PF00083,PF07690		PS00216,PS50850			SSF103473	5	
APU25_19545	matches_api								0	
APU25_19550	ips6_local								0	
APU25_19555	matches_api	IPR008928,IPR031335,IPR031631	PF03200,PF16923					SSF48208	3	IPR004888,IPR012341,IPR038518
APU25_19560	matches_api	IPR018094,IPR018095,IPR027417,IPR039430	PF02223	TIGR00041	PS01331		cd01672	SSF52540	5	
APU25_19565	ips6_local	IPR004769,IPR008948,IPR013539,IPR020557,IPR022761,IPR047136	PF00206,PF08328	NF006764,TIGR00928	PS00163		cd01598	SSF48557	7	
APU25_19570	ips6_local	IPR000504,IPR035979	PF00076		PS50102	SM00360	cd00590	SSF54928	5	
APU25_19575	ips6_local	IPR036866						SSF56281	1	
APU25_19580	matches_api	IPR000965,IPR015590,IPR016161	PF00171	NF001221,TIGR00407			cd07079	SSF53720	5	IPR012134,IPR016162,IPR016163
APU25_19585	matches_api	IPR006840,IPR013024,IPR036568	PF04752				cd06661	SSF110857	3	
APU25_19590	ips6_local	IPR054711	PF22591						1	
APU25_19595	ips6_local	IPR000310,IPR008286,IPR015424,IPR036633	PF01276,PF03711		PS00703			SSF53383,SSF55904	5	
APU25_19600	matches_api	IPR000608,IPR016135,IPR023313	PF00179		PS00183,PS50127	SM00212	cd23804	SSF54495	6	IPR050113
APU25_19605	matches_api	IPR001907,IPR018215,IPR023562,IPR029045,IPR033135	PF00574	NF001368,NF009205	PS00381,PS00382		cd07017	SSF52096	7	
APU25_19610	matches_api	IPR000692,IPR020813,IPR029063	PF01269	NF003276	PS00566	SM01206		SSF53335	5	
APU25_19615	matches_api	IPR006214	PF01027						1	
APU25_19620	ips6_local	IPR009071,IPR036910	PF00505		PS50118	SM00398	cd00084	SSF47095	5	
APU25_19625	ips6_local								0	
APU25_19630	matches_api	IPR000297,IPR023058	PF00639		PS01096,PS50198			SSF54534	4	IPR046357,IPR051370
APU25_19635	ips6_local								0	
APU25_19640	matches_api	IPR006734	PF04640						1	
APU25_19645	matches_api	IPR045325	PF06979						1	IPR026571
APU25_19650	ips6_local	IPR003959,IPR027417	PF00004					SSF52540	2	
APU25_19655	ips6_local	IPR043519	PF02410					SSF81301	2	
APU25_19660	ips6_local	IPR029063,IPR041698	PF13649				cd02440	SSF53335	3	
APU25_19665	matches_api								0	
APU25_19670	matches_api	IPR004274,IPR011948,IPR036412	PF03031	TIGR02251	PS50969	SM00577	cd07521	SSF56784	6	IPR023214,IPR050365
APU25_19675	matches_api	IPR001680,IPR007148,IPR011044,IPR019775,IPR036322	PF00400,PF04003		PS00678,PS50082,PS50294	SM00320	cd00200	SSF50969,SSF50978,SSF82171	10	IPR015943,IPR020472,IPR027145
APU25_19680	matches_api	IPR004853	PF03151						1	IPR050186
APU25_19685	ips6_local								0	
APU25_19690	matches_api	IPR000375,IPR001401,IPR003130,IPR019762,IPR020850,IPR027417,IPR030381,IPR045063	PF00350,PF01031,PF02212		PS00410,PS51388,PS51718	SM00053,SM00302	cd08771	SSF52540	10	IPR022812
APU25_19695	matches_api	IPR013740,IPR036249	PF08534					SSF52833	2	IPR037944
APU25_19700	matches_api	IPR001849	PF00169		PS50003	SM00233	cd00821	SSF50729	5	IPR011993
APU25_19705	ips6_local	IPR002125,IPR016193	PF00383		PS51747		cd01285	SSF53927	4	
APU25_19710	matches_api	IPR001194,IPR005113,IPR037516	PF02141,PF03456		PS50211	SM00799			4	IPR040032,IPR043153
APU25_19715	ips6_local	IPR007263	PF04134						1	
APU25_19720	ips6_local								0	
APU25_19725	ips6_local	IPR001163,IPR010920,IPR034099,IPR047575	PF01423		PS52002	SM00651	cd01721	SSF50182	5	
APU25_19730	matches_api	IPR000704,IPR035991	PF01214		PS01101	SM01085		SSF57798	4	IPR016149
APU25_19735	ips6_local	IPR007230,IPR021967,IPR036903	PF04096,PF12110,PF21240		PS51434			SSF82215	5	
APU25_19740	matches_api	IPR033391,IPR044015	PF00316,PF18913					SSF56655	3	IPR000146,IPR023079
APU25_19745	matches_api	IPR009582	PF06703						1	
APU25_19750	ips6_local				PS51257				1	
APU25_19755	matches_api	IPR002350,IPR036058	PF00050		PS51465	SM00280	cd00104	SSF100895	5	IPR053265
APU25_19760	ips6_local								0	
APU25_19765	matches_api	IPR002730,IPR023534	PF01868					SSF101744	2	IPR016848,IPR036980
APU25_19770	ips6_local								0	
APU25_19775	matches_api	IPR000679	PF00320		PS50114	SM00401	cd00202	SSF57716	5	IPR013088
APU25_19780	matches_api								0	
APU25_19785	matches_api	IPR016102,IPR017866,IPR032263,IPR056749	PF16114,PF24948		PS01217			SSF52210,SSF56059	5	
APU25_19790	matches_api	IPR021825	PF11891						1	
APU25_19795	ips6_local	IPR008166	PF01697						1	
APU25_19800	matches_api	IPR000086,IPR007722,IPR015797,IPR020084,IPR036189,IPR044099	PF00293,PF05026		PS00893,PS51462	SM01125	cd03672	SSF140586,SSF55811	8	
APU25_19805	matches_api	IPR021610	PF11539						1	
APU25_19810	matches_api								0	
APU25_19815	matches_api	IPR036291						SSF51735	1	
APU25_19820	matches_api	IPR004101,IPR013221,IPR035911,IPR036565,IPR036615	PF02875,PF08245					SSF53244,SSF53623,SSF63418	5	
APU25_19825	matches_api	IPR019416	PF10309						1	IPR012677
APU25_19830	matches_api	IPR001683,IPR003114,IPR013937,IPR036871	PF00787,PF02194,PF08628		PS50195,PS51207	SM00312,SM00313		SSF64268	8	IPR051837
APU25_19835	matches_api	IPR002314,IPR002317,IPR006195,IPR010978,IPR015866,IPR033729,IPR045864	PF00587,PF02403	TIGR00414	PS50862		cd00770	SSF46589,SSF55681	7	IPR042103
APU25_19840	ips6_local	IPR004838,IPR004839,IPR015424	PF00155	NF006719	PS00105		cd00609	SSF53383	5	
APU25_19845	ips6_local								0	
APU25_19850	matches_api	IPR009518	PF06596						1	
APU25_19855	ips6_local								0	
APU25_19860	matches_api	IPR000089,IPR005479,IPR005481,IPR005482,IPR011053,IPR011054,IPR011761,IPR011762,IPR011763,IPR011764,IPR013537,IPR016185,IPR029045,IPR034733,IPR049074	PF00289,PF00364,PF01039,PF02785,PF02786,PF08326,PF21385		PS00867,PS50975,PS50979,PS50980,PS50989	SM00878	cd06850	SSF51230,SSF51246,SSF52096,SSF52440,SSF56059	19	IPR013815,IPR049076
APU25_19865	matches_api	IPR002125,IPR013171,IPR016192,IPR016193	PF00383,PF08211	NF006537	PS00903,PS51747		cd01283	SSF53927	7	IPR050202
APU25_19870	ips6_local	IPR009286	PF06090						1	
APU25_19875	matches_api	IPR002328,IPR011032,IPR013154,IPR036291	PF08240		PS00059		cd08283	SSF50129,SSF51735	5	
APU25_19880	ips6_local	IPR019160	PF09763						1	
APU25_19885	ips6_local	IPR001163,IPR010920,IPR034110	PF01423				cd06168	SSF50182	3	
APU25_19890	ips6_local								0	
APU25_19895	matches_api								0	
APU25_19900	matches_api								0	
APU25_19905	matches_api	IPR001563,IPR018202,IPR029058,IPR033124	PF00450		PS00131,PS00560			SSF53474	4	
APU25_19910	matches_api	IPR000086,IPR015797,IPR020084,IPR029401	PF00293,PF14803		PS00893,PS51462		cd04511	SSF55811	6	
APU25_19915	ips6_local	IPR000629,IPR001650,IPR011545,IPR014001,IPR014014,IPR027417,IPR056149	PF00270,PF00271,PF23469		PS00039,PS51192,PS51194,PS51195	SM00487,SM00490	cd17953,cd18787,cd22475	SSF52540	13	
APU25_19920	ips6_local	IPR004827,IPR046347	PF00170		PS50217	SM00338	cd14686	SSF57959	5	
APU25_19925	matches_api	IPR001932,IPR036457	PF07228		PS51746	SM00331,SM00332		SSF81606	5	IPR039123
APU25_19930	ips6_local								0	
APU25_19935	ips6_local	IPR058517	PF26631						1	
APU25_19940	matches_api	IPR001680,IPR019775,IPR036322	PF00400		PS00678,PS50082,PS50294	SM00320		SSF50978	6	IPR015943,IPR020472,IPR044285
APU25_19945	ips6_local	IPR001005,IPR006447,IPR009057,IPR017930,IPR025756	PF00249,PF14379	TIGR01557	PS51294			SSF46689	5	
APU25_19950	matches_api	IPR002583,IPR036510	PF01649	TIGR00029				SSF46992	3	
APU25_19955	ips6_local	IPR002505,IPR004614,IPR010766,IPR027417,IPR028979	PF01515,PF07085,PF13500	NF004167,NF007233,TIGR00651				SSF52540,SSF53659,SSF75138	9	
APU25_19960	matches_api	IPR000890,IPR004372,IPR023865,IPR043129	PF00871	TIGR00016	PS01075,PS01076		cd24010	SSF53067	6	
APU25_19965	matches_api	IPR008479	PF05542						1	IPR038925
APU25_19970	matches_api	IPR001680,IPR019775,IPR036322	PF00400		PS00678,PS50082	SM00320		SSF50978	5	IPR015943,IPR020472,IPR039328
APU25_19975	matches_api	IPR002833,IPR023476	PF01981	NF003314,TIGR00283			cd02430	SSF102462	5	
APU25_19980	matches_api	IPR001594	PF01529		PS50216				2	IPR039859
APU25_19985	ips6_local								0	
APU25_19990	ips6_local								0	
APU25_19995	ips6_local	IPR004328,IPR025304	PF03097,PF13949		PS51180	SM01041			4	
APU25_20000	matches_api	IPR002292,IPR006131,IPR006132,IPR036901	PF00185,PF02729	NF001986,TIGR00658				SSF53671	5	IPR006130,IPR024904
APU25_20005	ips6_local	IPR011766,IPR012001,IPR029061	PF02775,PF02776	NF005760			cd02002,cd07035	SSF52518	6	
APU25_20010	matches_api	IPR001005,IPR009057,IPR017930	PF00249		PS50090,PS51294	SM00717	cd00167	SSF46689	6	IPR050560
APU25_20015	matches_api	IPR000999,IPR036389	PF00636					SSF69065	2	
APU25_20020	matches_api	IPR029055	PF01019					SSF56235	2	IPR000101,IPR043137,IPR043138
APU25_20025	ips6_local								0	
APU25_20030	ips6_local								0	
APU25_20035	ips6_local								0	
APU25_20040	matches_api	IPR001148,IPR036398,IPR041891	PF00194		PS51144	SM01057	cd03124	SSF51069	5	IPR023561
APU25_20045	ips6_local	IPR003819	PF02668					SSF51197	2	
APU25_20050	matches_api	IPR003663,IPR005828,IPR005829,IPR020846,IPR036259	PF00083	TIGR00879	PS00216,PS00217,PS50850		cd17315	SSF103473	7	IPR050360
APU25_20055	matches_api								0	
APU25_20060	matches_api	IPR001650,IPR002464,IPR003029,IPR007502,IPR011709,IPR012340,IPR014001,IPR027417,IPR048333,IPR049588,IPR049621	PF00271,PF00575,PF04408,PF07717,PF21010		PS00690,PS50126,PS51192,PS51194	SM00316,SM00487,SM00490,SM00847	cd05684,cd18791,cd21691	SSF50249,SSF52540	18	
APU25_20065	matches_api	IPR001841,IPR002867,IPR017907,IPR044066,IPR045840	PF01485,PF19422,PF22191		PS00518,PS50089,PS51873	SM00647	cd20346,cd22583	SSF57850	10	IPR013083,IPR031127
APU25_20070	matches_api	IPR003689	PF02535						1	IPR045891
APU25_20075	matches_api								0	
APU25_20080	matches_api	IPR029903,IPR036291	PF04321					SSF51735	2	
APU25_20085	matches_api	IPR001841,IPR017907	PF13639		PS00518,PS50089	SM00184		SSF57850	5	IPR013083
APU25_20090	ips6_local								0	
APU25_20095	matches_api								0	
APU25_20100	matches_api	IPR018928	PF10699		PS51257				2	IPR040326
APU25_20105	ips6_local								0	
APU25_20110	matches_api	IPR012459	PF07890						1	
APU25_20115	matches_api	IPR000807,IPR020565,IPR020568	PF00475	NF002108,NF002111,NF002114	PS00954,PS00955		cd07914	SSF54211	8	IPR038494
APU25_20120	ips6_local	IPR001305,IPR001623,IPR002939,IPR008971,IPR018253,IPR036410,IPR036869	PF00226,PF00684,PF01556		PS00636,PS50076,PS51188	SM00271	cd06257,cd10719,cd10747	SSF46565,SSF49493,SSF57938	13	
APU25_20125	matches_api	IPR005135,IPR036691	PF03372					SSF56219	2	IPR050410
APU25_20130	ips6_local	IPR010666	PF06839		PS51999				2	
APU25_20135	ips6_local	IPR006076,IPR036188	PF01266					SSF51905	2	
APU25_20140	matches_api								0	
APU25_20145	matches_api								0	IPR038538
APU25_20150	matches_api	IPR018170,IPR023210,IPR036812	PF00248		PS00062		cd19093	SSF51430	4	IPR020471,IPR050791
APU25_20155	matches_api								0	
APU25_20160	matches_api	IPR001471,IPR016177			PS51032	SM00380	cd00018	SSF54171	4	IPR036955
APU25_20165	ips6_local	IPR000626,IPR029071			PS50053		cd17039	SSF54236	3	
APU25_20170	ips6_local	IPR000836,IPR005854,IPR017932,IPR029055,IPR029057,IPR035584	PF00156,PF13537	TIGR01134	PS51278		cd00715,cd06223	SSF53271,SSF56235	8	
APU25_20175	matches_api								0	
APU25_20180	matches_api	IPR002716,IPR006984,IPR029060,IPR037503	PF04900			SM00670	cd09864	SSF88723	4	
APU25_20185	matches_api	IPR000504,IPR035979	PF00076		PS50102	SM00360	cd12317,cd12320,cd12565	SSF54928	7	IPR012677,IPR050502
APU25_20190	matches_api	IPR008406	PF05564						1	
APU25_20195	matches_api	IPR027831	PF14846						1	IPR055310
APU25_20200	matches_api	IPR021825	PF11891						1	
APU25_20205	ips6_local	IPR003307,IPR016024,IPR057397	PF02020,PF25504		PS51363	SM00515		SSF48371	5	
APU25_20210	matches_api	IPR006636,IPR011990,IPR019734,IPR041243	PF13181,PF13424,PF14559,PF17830		PS50005	SM00028,SM00727		SSF48452	8	
APU25_20215	matches_api	IPR001005,IPR009057,IPR017930	PF13921		PS50090,PS51294	SM00717	cd00167	SSF46689	6	
APU25_20220	matches_api	IPR008979,IPR010720,IPR017853,IPR055235	PF06964,PF22848			SM00813		SSF49785,SSF51445	5	IPR013780,IPR051563
APU25_20225	ips6_local	IPR001163,IPR010920,IPR034102,IPR047575	PF01423		PS52002	SM00651	cd01724	SSF50182	5	
APU25_20230	matches_api	IPR003734	PF02582						1	IPR051624
APU25_20235	matches_api	IPR005097,IPR036291	PF03435					SSF51735	2	
APU25_20240	matches_api	IPR000209,IPR022398,IPR023828,IPR036852,IPR055143,IPR057032,IPR057060	PF00082,PF23001,PF23090,PF23094		PS00137,PS00138,PS51892			SSF52743	8	IPR015500,IPR050131
APU25_20245	ips6_local	IPR008936,IPR015425	PF02181		PS51444	SM00498		SSF101447,SSF48350,SSF81995	6	
APU25_20250	ips6_local	IPR001451,IPR011004,IPR018357,IPR024688	PF00132,PF12464		PS00101	SM01266	cd03357	SSF51161	6	
APU25_20255	matches_api	IPR004728	PF03839						1	
APU25_20260	matches_api								0	
APU25_20265	matches_api								0	
APU25_20270	matches_api	IPR004790,IPR019818,IPR024084	PF00180	NF006156,TIGR00127	PS00470	SM01329		SSF53659	6	
APU25_20275	matches_api								0	
APU25_20280	ips6_local								0	
APU25_20285	matches_api	IPR006329,IPR006650,IPR032466	PF19326	TIGR01429	PS00485		cd01319	SSF51556	5	
APU25_20290	ips6_local	IPR007052,IPR008978,IPR011990,IPR019734	PF04969		PS51203	SM00028	cd06467	SSF48452,SSF49764	6	
APU25_20295	matches_api								0	
APU25_20300	ips6_local	IPR000403,IPR003152,IPR011009,IPR018936	PF00454,PF02260		PS00916,PS50290,PS51190	SM00146,SM01343		SSF56112	8	
APU25_20305	ips6_local	IPR002710,IPR019448	PF01843,PF10358		PS51840				3	
APU25_20310	matches_api	IPR012466	PF07933				cd13228	SSF50729	3	IPR011993
APU25_20315	matches_api	IPR002036,IPR020549,IPR036412	PF02130,PF08282	TIGR00043	PS01229,PS01306			SSF55486,SSF56784	7	IPR023091,IPR023214
APU25_20320	matches_api	IPR001544,IPR005786,IPR018300,IPR033939,IPR036038	PF01063	NF009897,TIGR01123	PS00770		cd01557	SSF56752	6	IPR043131,IPR043132
APU25_20325	matches_api	IPR001509,IPR010099,IPR013549,IPR036291	PF01370,PF08338	TIGR01777			cd05242	SSF51735	5	
APU25_20330	matches_api	IPR002905,IPR029063	PF02005	TIGR00308	PS51626		cd02440	SSF53335	5	IPR042296
APU25_20335	ips6_local	IPR000158,IPR003008,IPR008280,IPR017975,IPR018316,IPR020805,IPR024757,IPR036525	PF00091,PF12327	TIGR00065	PS00227,PS01135	SM00864,SM00865	cd02201	SSF52490,SSF55307	10	
APU25_20340	ips6_local	IPR014756,IPR040445,IPR041647	PF01007,PF17655					SSF81296,SSF81324	4	
APU25_20345	matches_api	IPR004088,IPR012340,IPR036612,IPR048565	PF15985,PF21266				cd05789,cd22525	SSF50249,SSF54791	6	IPR026699
APU25_20350	matches_api	IPR001650,IPR011545,IPR012961,IPR014001,IPR025696,IPR027417,IPR048392	PF00270,PF00271,PF08148,PF13234,PF21408		PS51192,PS51194	SM00487,SM00490,SM01142	cd18795	SSF52540	12	IPR016438,IPR050699
APU25_20355	matches_api	IPR005024	PF03357						1	
APU25_20360	ips6_local	IPR001623,IPR036869	PF00226		PS50076	SM00271	cd06257	SSF46565	5	
APU25_20365	ips6_local	IPR011761,IPR041472	PF13535,PF18130		PS50975	SM01209		SSF56059	5	
APU25_20370	matches_api	IPR011761,IPR041472	PF13535,PF18130		PS50975			SSF56059	4	
APU25_20375	ips6_local	IPR011893,IPR036249	PF10262	TIGR02174				SSF52833	3	
APU25_20380	ips6_local	IPR000559,IPR020628,IPR027417	PF01268		PS00721,PS00722		cd00477	SSF52540	5	
APU25_20385	matches_api	IPR002048,IPR011992,IPR041534	PF13499,PF17958				cd21504	SSF47473	4	
APU25_20390	ips6_local	IPR000719,IPR008271,IPR011009,IPR017441	PF00069		PS00107,PS00108,PS50011	SM00220	cd07835	SSF56112	7	
APU25_20395	ips6_local	IPR018866	PF10497						1	
APU25_20400	matches_api	IPR002628,IPR011250	PF01716					SSF56925	2	
APU25_20405	matches_api	IPR005225,IPR006689,IPR027417	PF00025	TIGR00231	PS51417	SM00175,SM00177,SM00178		SSF52540	7	IPR044612
APU25_20410	ips6_local	IPR001197,IPR016180,IPR036920,IPR047873	PF00252	NF003239,TIGR00279			cd01433	SSF54686	5	
APU25_20415	ips6_local	IPR002912,IPR011598,IPR036638,IPR045865,IPR054502	PF00010,PF22754		PS50888,PS51671	SM00353	cd04873	SSF47459,SSF55021	8	
APU25_20420	matches_api	IPR007504,IPR009000	PF04410					SSF50447	2	IPR038664
APU25_20425	matches_api	IPR007148,IPR011047	PF04003					SSF50998	2	IPR015943,IPR052414
APU25_20430	matches_api	IPR055241	PF22915						1	
APU25_20435	ips6_local	IPR002999,IPR016071,IPR035437	PF00565,PF00567		PS50304,PS50830	SM00318,SM00333		SSF50199,SSF63748	8	
APU25_20440	matches_api	IPR001661,IPR008928,IPR018232	PF01204		PS00928			SSF48208	3	IPR012341
APU25_20445	ips6_local	IPR007010,IPR007012,IPR011068,IPR043519,IPR048840	PF04926,PF04928,PF20750				cd05402	SSF55003,SSF81301,SSF81631	7	
APU25_20450	ips6_local	IPR000722,IPR006592,IPR007066,IPR007080,IPR007081,IPR007083,IPR015699	PF00623,PF04983,PF04997,PF04998,PF05000			SM00663	cd01435	SSF64484	8	
APU25_20455	matches_api	IPR007128	PF03980						1	
APU25_20460	matches_api	IPR003593,IPR003959,IPR003960,IPR027417,IPR032501,IPR041569	PF00004,PF16450,PF17862		PS00674	SM00382		SSF52540	6	IPR012340,IPR050221
APU25_20465	matches_api	IPR000304,IPR008927,IPR028939,IPR029036,IPR036291	PF03807,PF14748	TIGR00112				SSF48179,SSF51735	5	
APU25_20470	matches_api	IPR002140,IPR018978,IPR019783,IPR036786,IPR037188	PF01172,PF09377	TIGR00291				SSF109728,SSF89895	5	IPR039100
APU25_20475	ips6_local	IPR005880,IPR008991,IPR012340,IPR022666,IPR022669	PF00181,PF03947	TIGR01171		SM01382,SM01383		SSF50104,SSF50249	7	
APU25_20480	ips6_local	IPR006162,IPR009081,IPR011032,IPR013968,IPR014030,IPR014031,IPR016039,IPR018201,IPR020806,IPR020807,IPR020841,IPR020843,IPR036291,IPR036736,IPR049552,IPR049900,IPR057326	PF00109,PF00550,PF02801,PF08659,PF13602,PF21089		PS00012,PS00606,PS50075,PS52004,PS52019	SM00822,SM00823,SM00825,SM00826,SM00829,SM01294	cd00833,cd05195	SSF47336,SSF50129,SSF51735,SSF53901	23	
APU25_20485	ips6_local	IPR001031,IPR006162,IPR009081,IPR013968,IPR014030,IPR014031,IPR016039,IPR018201,IPR020806,IPR020807,IPR020841,IPR029058,IPR036291,IPR036736,IPR049552,IPR049900,IPR057326	PF00109,PF00550,PF00975,PF02801,PF08659,PF21089		PS00012,PS00606,PS50075,PS52004,PS52019	SM00822,SM00823,SM00825,SM00826,SM01294	cd00833,cd05274	SSF47336,SSF51735,SSF53474,SSF53901	22	
APU25_20490	ips6_local	IPR001025,IPR001965,IPR003593,IPR003959,IPR011011,IPR019786,IPR019787,IPR027417,IPR054425	PF00004,PF01426,PF22606		PS01359,PS50016,PS51038	SM00249,SM00382,SM00439	cd00009	SSF52540,SSF57903	12	
APU25_20495	ips6_local	IPR000719,IPR008271,IPR011009,IPR017441	PF00069		PS00107,PS00108,PS50011	SM00220		SSF56112	6	
APU25_20500	ips6_local								0	
APU25_20505	matches_api	IPR001031,IPR029058	PF00975					SSF53474	2	IPR012223
APU25_20510	ips6_local	IPR016024,IPR032682	PF12717,PF26778,PF26779					SSF48371	4	
APU25_20515	matches_api	IPR003340,IPR015300					cd10017	SSF101936	2	IPR044800
APU25_20520	ips6_local	IPR009600	PF06728						1	
APU25_20525	matches_api	IPR002654	PF01755				cd06532		2	
APU25_20530	matches_api	IPR005123,IPR006620,IPR044862	PF13640		PS51471	SM00702			3	IPR045054
APU25_20535	matches_api	IPR000330,IPR001650,IPR010003,IPR014001,IPR027417,IPR049730	PF00176,PF00271,PF07443		PS51192,PS51194,PS51467	SM00487,SM00490	cd18010,cd18793	SSF52540	11	IPR038718
APU25_20540	matches_api								0	
APU25_20545	matches_api	IPR036915						SSF47954	1	
APU25_20550	matches_api	IPR019410,IPR029063	PF10294					SSF53335	2	
APU25_20555	matches_api	IPR009332	PF06179						1	
APU25_20560	matches_api	IPR000504,IPR035979	PF28441		PS50102	SM00360	cd12254	SSF54928	5	IPR012677,IPR050666
APU25_20565	matches_api	IPR023635,IPR036821	PF01327	NF001159,TIGR00079			cd00487	SSF56420	5	
APU25_20570	ips6_local	IPR004331			PS51382				1	
APU25_20575	ips6_local	IPR001163,IPR010920,IPR034098,IPR047575	PF01423		PS52002	SM00651	cd01719	SSF50182	5	
APU25_20580	matches_api	IPR007125,IPR009072	PF00125				cd22928	SSF47113	3	IPR051377
APU25_20585	matches_api	IPR003307,IPR005835,IPR016024,IPR029044,IPR035543,IPR044123,IPR056764	PF00483,PF02020,PF25084		PS51363	SM00515	cd04197,cd11558	SSF48371,SSF53448	9	IPR051956
APU25_20590	matches_api	IPR005814,IPR015424,IPR049704	PF00202		PS00600		cd00610	SSF53383	4	IPR015421,IPR015422
APU25_20595	ips6_local	IPR006575,IPR016135	PF05773					SSF54495	2	
APU25_20600	ips6_local	IPR001471,IPR016177	PF00847		PS51032	SM00380	cd00018	SSF54171	5	
APU25_20605	ips6_local	IPR008963,IPR015914,IPR040974	PF16656,PF17808					SSF49363	3	
APU25_20610	matches_api	IPR002136,IPR013005,IPR023574	PF00573	TIGR03953				SSF52166	3	
APU25_20615	ips6_local	IPR001752,IPR019821,IPR027417	PF00225		PS00411,PS50067	SM00129	cd00106	SSF52540	6	
APU25_20620	matches_api	IPR010591	PF06644						1	
APU25_20625	matches_api	IPR004305,IPR016084	PF03070				cd19357	SSF48613	3	IPR050967
APU25_20630	matches_api	IPR004305,IPR016084	PF03070				cd19357	SSF48613	3	IPR026285,IPR050967
APU25_20635	matches_api	IPR003594,IPR005467,IPR018955,IPR036784,IPR036890	PF02518,PF10436		PS50109	SM00387	cd16929	SSF55874,SSF69012	7	IPR039028
APU25_20640	matches_api	IPR000305,IPR035901,IPR048749	PF01541,PF21202		PS50164		cd10455	SSF57850,SSF82771	6	IPR013083,IPR027520,IPR050381
APU25_20645	matches_api	IPR001623,IPR018253,IPR026894,IPR036869	PF00226,PF14308		PS00636,PS50076	SM00271	cd06257	SSF46565	7	IPR052423
APU25_20650	matches_api								0	IPR027417
APU25_20655	matches_api	IPR000195,IPR035969	PF00566		PS50086	SM00164		SSF47923	4	IPR050302
APU25_20660	matches_api	IPR057202	PF25306						1	
APU25_20665	ips6_local								0	
APU25_20670	ips6_local								0	
APU25_20675	matches_api	IPR001680,IPR013923,IPR036322	PF00400,PF08614		PS50082,PS50294	SM00320	cd00200	SSF50978	7	IPR015943,IPR020472,IPR045160
APU25_20680	matches_api	IPR000555,IPR024969,IPR033859,IPR037518	PF01398,PF13012		PS50249	SM00232	cd08063		5	
APU25_20685	matches_api	IPR006861	PF04774			SM01233			2	IPR039764
APU25_20690	ips6_local	IPR027417,IPR031314	PF01712				cd01673	SSF52540	3	
APU25_20695	ips6_local	IPR014772,IPR057984	PF25761		PS51259				2	
APU25_20700	matches_api	IPR012725,IPR013126,IPR018181,IPR029047,IPR043129	PF00012	NF001413,TIGR02350	PS00297,PS00329,PS01036		cd11733	SSF100920,SSF53067	9	IPR029048
APU25_20705	matches_api	IPR004821,IPR005248	PF01467	TIGR00482				SSF52374	3	IPR014729,IPR051182
APU25_20710	matches_api	IPR029004	PF01778						1	IPR002672
APU25_20715	matches_api								0	
APU25_20720	matches_api								0	
APU25_20725	matches_api	IPR007217	PF04080						1	
APU25_20730	matches_api	IPR032245	PF16100						1	IPR012340
APU25_20735	ips6_local	IPR018234,IPR020602	PF01227		PS00860			SSF55620	3	
APU25_20740	ips6_local								0	
APU25_20745	matches_api								0	
APU25_20750	ips6_local								0	
APU25_20755	ips6_local								0	
APU25_20760	ips6_local	IPR004099,IPR012999,IPR016156,IPR023753,IPR036188	PF02852,PF07992	NF004776	PS00076			SSF51905,SSF55424	6	
APU25_20765	ips6_local								0	
APU25_20770	matches_api	IPR022796	PF00504					SSF103511	2	IPR001344
APU25_20775	matches_api								0	
APU25_20780	matches_api	IPR002130,IPR020892,IPR029000	PF00160		PS00170,PS50072		cd01926	SSF50891	5	IPR024936
APU25_20785	ips6_local	IPR008507	PF05623						1	
APU25_20790	matches_api	IPR000719,IPR008271,IPR011009,IPR017441,IPR039046	PF00069		PS00107,PS00108,PS50011	SM00220	cd05581	SSF56112	7	IPR050236
APU25_20795	matches_api								0	
APU25_20800	matches_api	IPR007763	PF05071						1	
APU25_20805	matches_api	IPR005114	PF03457						1	
APU25_20810	ips6_local	IPR001623,IPR004640,IPR009073,IPR036386,IPR036869	PF07743	TIGR00714	PS50076	SM00271	cd06257	SSF46565,SSF47144	7	
APU25_20815	ips6_local	IPR002110,IPR011990,IPR019734,IPR036770	PF12796		PS50005,PS50088,PS50297	SM00028,SM00248		SSF48403,SSF48452	8	
APU25_20820	ips6_local	IPR008479	PF05542						1	
APU25_20825	matches_api								0	
APU25_20830	matches_api								0	
APU25_20835	matches_api	IPR001790,IPR033867,IPR040637,IPR043141	PF00466,PF17777				cd05796	SSF160369	4	IPR043164
APU25_20840	matches_api	IPR018797	PF10239						1	
APU25_20845	matches_api	IPR006808	PF04718						1	
APU25_20850	matches_api	IPR002130,IPR003609,IPR029000	PF00160,PF14295		PS50072			SSF50891	4	
APU25_20855	matches_api	IPR002108,IPR017904	PF00241		PS51263	SM00102	cd11286	SSF55753	5	IPR029006
APU25_20860	matches_api	IPR006906,IPR060740	PF04821,PF27570						2	IPR044998
APU25_20865	matches_api								0	
APU25_20870	matches_api	IPR010290,IPR036259	PF05977				cd06173	SSF103473	3	
APU25_20875	ips6_local	IPR007231	PF04097						1	
APU25_20880	ips6_local	IPR056579,IPR056761	PF09743,PF25041,PF25870						3	
APU25_20885	matches_api	IPR000504,IPR035979	PF00076		PS50102	SM00360		SSF54928	4	IPR012677
APU25_20890	ips6_local	IPR036915						SSF47954	1	
APU25_20895	matches_api								0	
APU25_20900	matches_api	IPR062109	PF28735						1	
APU25_20905	matches_api								0	
APU25_20910	matches_api	IPR001623,IPR018253,IPR036869	PF00226		PS00636,PS50076	SM00271	cd06257	SSF46565	6	IPR052276
APU25_20915	ips6_local	IPR000994,IPR002467,IPR036005	PF00557	TIGR00500	PS00680		cd01086	SSF55920	5	
APU25_20920	matches_api	IPR003719	PF02567	TIGR00654				SSF54506	3	
APU25_20925	ips6_local	IPR019197,IPR029062	PF09825				cd03144	SSF52317	3	
APU25_20930	matches_api	IPR000092,IPR008949,IPR033749	PF00348		PS00444,PS00723		cd00685	SSF48576	5	
APU25_20935	matches_api	IPR005324,IPR005711,IPR013810,IPR018192,IPR020568	PF00333,PF03719	TIGR01020	PS00585,PS50881			SSF54211,SSF54768	7	IPR000851,IPR014721
APU25_20940	ips6_local	IPR003473,IPR003808,IPR036094	PF02445,PF02657					SSF142754,SSF82649	4	
APU25_20945	matches_api	IPR008913,IPR037274	PF05495		PS51266			SSF161219	3	
APU25_20950	ips6_local	IPR000504,IPR035979	PF00076		PS50102	SM00360		SSF54928	4	
APU25_20955	matches_api								0	
APU25_20960	matches_api	IPR000323,IPR001258,IPR008977,IPR020611,IPR024548	PF01082,PF01436,PF03712		PS00084,PS51125			SSF49742,SSF63829	7	IPR000720,IPR011042,IPR014784,IPR036939
APU25_20965	matches_api	IPR011990,IPR019734,IPR049039	PF21033		PS50005			SSF48452	3	
APU25_20970	matches_api								0	
APU25_20975	matches_api								0	
APU25_20980	matches_api	IPR000115,IPR011054,IPR011761,IPR016185,IPR020559,IPR020560,IPR020561,IPR020562	PF01071,PF02843,PF02844	TIGR00877	PS00184,PS50975	SM01209,SM01210		SSF51246,SSF52440,SSF56059	11	IPR013815,IPR037123
APU25_20985	matches_api	IPR004971,IPR029063	PF03291		PS51562		cd02440	SSF53335	4	IPR039753
APU25_20990	ips6_local	IPR008564	PF05832						1	
APU25_20995	ips6_local	IPR002773,IPR029035	PF01916	TIGR00321				SSF52467	3	
APU25_21000	ips6_local	IPR001208,IPR012340,IPR018525,IPR027417,IPR027925,IPR031327,IPR033762,IPR041562,IPR054125	PF00493,PF14551,PF17207,PF17855,PF21933		PS00847,PS50051	SM00350		SSF50249,SSF52540	10	
APU25_21005	matches_api	IPR000866,IPR013766,IPR036249	PF00578		PS51352		cd03017	SSF52833	4	IPR050924
APU25_21010	ips6_local	IPR013126,IPR018181,IPR043129	PF00012		PS00297,PS00329,PS01036			SSF53067	5	
APU25_21015	matches_api								0	
APU25_21020	matches_api								0	
APU25_21025	matches_api	IPR003034,IPR018276,IPR036361	PF02037,PF10172		PS50800			SSF68906	4	IPR033575
APU25_21030	ips6_local	IPR001296,IPR028098	PF00534,PF13439					SSF53756	3	
APU25_21035	ips6_local	IPR002674,IPR011332	PF01780	NF003058,TIGR00280				SSF57829	4	
APU25_21040	ips6_local	IPR001790,IPR002363,IPR022973,IPR043141,IPR047865	PF00466	NF000955	PS01109		cd05797	SSF160369	5	
APU25_21045	matches_api	IPR000719,IPR008271,IPR011009,IPR017441,IPR037770	PF00069		PS00107,PS00108,PS50011	SM00220	cd07841	SSF56112	7	IPR050108
APU25_21050	ips6_local								0	
APU25_21055	ips6_local	IPR004549,IPR005479,IPR005481,IPR005482,IPR011054,IPR011761,IPR011764,IPR016185	PF00289,PF02785,PF02786	NF006367,TIGR00514	PS00866,PS00867,PS50975,PS50979	SM00878		SSF51246,SSF52440,SSF56059	13	
APU25_21060	ips6_local	IPR007863,IPR011249,IPR011765	PF00675,PF05193					SSF63411	3	
APU25_21065	matches_api								0	IPR027267
APU25_21070	matches_api	IPR027267						SSF103657	1	
APU25_21075	ips6_local	IPR000195,IPR035969	PF00566		PS50086	SM00164		SSF47923	4	
APU25_21080	matches_api	IPR005024	PF03357						1	
APU25_21085	matches_api	IPR013216,IPR022238,IPR029063	PF08241,PF12589				cd02440	SSF53335	4	IPR039769
APU25_21090	matches_api	IPR012340,IPR014892,IPR036390	PF08784				cd04478	SSF46785,SSF50249	4	IPR014646,IPR036388,IPR040260
APU25_21095	matches_api								0	
APU25_21100	matches_api	IPR056173	PF03908						1	IPR005606
APU25_21105	matches_api	IPR000642,IPR003593,IPR003959,IPR003960,IPR005936,IPR027417,IPR037219,IPR041569	PF00004,PF01434,PF17862	TIGR01241	PS00674	SM00382	cd19501	SSF140990,SSF52540	9	IPR050928
APU25_21110	matches_api	IPR000218,IPR019972,IPR036853	PF00238		PS00049	SM01374	cd00337	SSF50193	5	
APU25_21115	matches_api	IPR028055	PF02096				cd20069		2	IPR001708
APU25_21120	ips6_local								0	
APU25_21125	ips6_local								0	
APU25_21130	ips6_local								0	
APU25_21135	ips6_local	IPR000719,IPR011009	PF00069		PS50011			SSF56112	3	
APU25_21140	ips6_local	IPR001525,IPR029063	PF00145		PS51679			SSF53335	3	
APU25_21145	ips6_local	IPR007759	PF05066		PS51913				2	
APU25_21150	ips6_local	IPR005334	PF03645				cd21459		2	
APU25_21155	ips6_local	IPR000873,IPR025110	PF00501,PF13193				cd04433	SSF56801	4	
APU25_21160	matches_api	IPR001752,IPR019821,IPR027417	PF00225		PS00411,PS50067	SM00129	cd00106	SSF52540	6	IPR027640,IPR036961
APU25_21165	matches_api	IPR001680,IPR019775,IPR036322	PF00400		PS00678,PS50082,PS50294	SM00320		SSF50978	6	IPR015943,IPR045227
APU25_21170	ips6_local	IPR029058						SSF53474	1	
APU25_21175	matches_api	IPR013584	PF08373		PS51286	SM00952			3	
APU25_21180	matches_api								0	
APU25_21185	ips6_local	IPR002539,IPR029069	PF01575					SSF54637	2	
APU25_21190	ips6_local	IPR001179	PF00254		PS50059			SSF54534	3	
APU25_21195	ips6_local	IPR000340,IPR000387,IPR020422,IPR029021	PF00782		PS50054,PS50056	SM00195	cd14498	SSF52799	6	
APU25_21200	ips6_local	IPR000197,IPR000433,IPR011011,IPR019786,IPR019787,IPR031162,IPR035898,IPR064044	PF00569,PF00628,PF02135,PF29847		PS01357,PS01359,PS50134,PS50135,PS51727	SM00291,SM00551,SM01250	cd15614	SSF57850,SSF57903,SSF57933	16	
APU25_21205	ips6_local								0	
APU25_21210	ips6_local	IPR002935,IPR029063	PF01596		PS51682		cd02440	SSF53335	4	
APU25_21215	ips6_local							SSF52047	1	
APU25_21220	matches_api	IPR003340,IPR015300			PS50863			SSF101936	2	
APU25_21225	ips6_local	IPR018108,IPR023395	PF00153		PS50920			SSF103506	3	
APU25_21230	matches_api								0	
APU25_21235	matches_api								0	
APU25_21240	ips6_local	IPR001680,IPR011044,IPR011047,IPR057644	PF00400,PF23769,PF23869		PS50082,PS50294	SM00320		SSF50969,SSF50998	8	
APU25_21245	ips6_local	IPR000504,IPR001878,IPR004087,IPR032570,IPR035979,IPR036612,IPR036875,IPR055256	PF00076,PF16275,PF22675		PS50084,PS50102,PS50158	SM00322,SM00360	cd02395	SSF54791,SSF54928,SSF57756	12	
APU25_21250	ips6_local	IPR001206,IPR016064,IPR057465	PF00781,PF25382		PS50146			SSF111331	4	
APU25_21255	matches_api	IPR063786	PF30879					SSF103511	2	
APU25_21260	matches_api	IPR000794,IPR014030,IPR014031,IPR016039,IPR017568,IPR018201,IPR020841	PF00109,PF02801	NF004970,NF005589,TIGR03150	PS00606,PS52004	SM00825	cd00834	SSF53901	10	
APU25_21265	ips6_local	IPR002314,IPR002320,IPR004154,IPR006195,IPR012947,IPR018163,IPR033728,IPR045864,IPR047246	PF00587,PF03129,PF07973	TIGR00418	PS50862	SM00863	cd00771,cd00860	SSF52954,SSF55186,SSF55681	11	
APU25_21270	ips6_local	IPR002478,IPR002501,IPR004521,IPR004802,IPR012960,IPR015947,IPR020103,IPR032819	PF01472,PF01509,PF08068,PF16198	NF003280,TIGR00425,TIGR00451	PS50890	SM00359,SM01136	cd02572,cd21148	SSF55120,SSF88697	14	
APU25_21275	matches_api	IPR002673	PF01779						1	
APU25_21280	matches_api	IPR025799,IPR029063,IPR041698,IPR055135	PF13649,PF22528		PS51678		cd02440	SSF53335	5	
APU25_21285	ips6_local	IPR002060,IPR008949,IPR019845,IPR033904	PF00494		PS01044,PS01045		cd00683	SSF48576	5	
APU25_21290	matches_api	IPR000741,IPR029768	PF00274	NF033379	PS00158		cd00948	SSF51569	5	IPR013785
APU25_21295	ips6_local	IPR000690,IPR003604,IPR013085,IPR036236	PF06220		PS50171	SM00451		SSF57667	4	
APU25_21300	matches_api	IPR001372,IPR019763,IPR037177	PF01221		PS01239	SM01375	cd21452	SSF54648	5	
APU25_21305	ips6_local	IPR001412,IPR002300,IPR004493,IPR009008,IPR009080,IPR013155	PF00133,PF08264	TIGR00395	PS00178		cd07959	SSF47323,SSF50677,SSF52374	8	
APU25_21310	ips6_local	IPR001752,IPR019821,IPR027417	PF00225		PS00411,PS50067	SM00129	cd01367	SSF52540	6	
APU25_21315	ips6_local	IPR019007	PF09429,PF12622						2	
APU25_21320	matches_api	IPR018108,IPR023395	PF00153		PS50920			SSF103506	3	IPR002067
APU25_21325	ips6_local								0	
APU25_21330	matches_api	IPR002204,IPR006115,IPR008927,IPR029154,IPR036291	PF03446,PF14833		PS00895			SSF48179,SSF51735	5	IPR013328,IPR015815,IPR051265
APU25_21335	matches_api	IPR000343,IPR006151,IPR015895,IPR015896,IPR018214,IPR036291,IPR036343	PF00745,PF01488,PF05201	NF000744,TIGR01035	PS00747		cd05213	SSF51735,SSF69742	9	
APU25_21340	ips6_local								0	
APU25_21345	matches_api	IPR024461	PF07798						1	
APU25_21350	ips6_local	IPR002885,IPR011990	PF01535,PF13041	TIGR00756	PS51375			SSF48452	5	
APU25_21355	ips6_local	IPR000719,IPR001611,IPR003591,IPR008271,IPR011009,IPR017441	PF00069,PF00560		PS00107,PS00108,PS50011	SM00220,SM00369	cd13999	SSF52058,SSF56112	10	
APU25_21360	ips6_local								0	
APU25_21365	matches_api								0	
APU25_21370	matches_api								0	IPR055299
APU25_21375	matches_api	IPR000644,IPR044725,IPR046342	PF00571		PS51371	SM00116	cd04623	SSF54631	5	IPR051257
APU25_21380	matches_api	IPR036910					cd00084	SSF47095	2	
APU25_21385	ips6_local	IPR001251,IPR036865	PF00650		PS50191		cd00170	SSF52087	4	
APU25_21390	ips6_local								0	
APU25_21395	matches_api	IPR005024	PF03357						1	
APU25_21400	matches_api	IPR060289	PF12352,PF27017						2	IPR023601
APU25_21405	ips6_local	IPR010405	PF06209						1	
APU25_21410	ips6_local	IPR003439,IPR003593,IPR007209,IPR017871,IPR017896,IPR017900,IPR027417,IPR034348	PF00005,PF00037,PF04068	NF009945	PS00198,PS00211,PS50893,PS51379	SM00382	cd03236	SSF52540,SSF54862	12	
APU25_21415	ips6_local	IPR005011,IPR045347	PF03343,PF19252						2	
APU25_21420	ips6_local								0	
APU25_21425	ips6_local	IPR000504,IPR034150,IPR035979	PF00076		PS50102	SM00360	cd12241	SSF54928	5	
APU25_21430	matches_api	IPR000891,IPR002034,IPR005671,IPR013709,IPR036230,IPR054691	PF00682,PF08502,PF22617	NF002086,TIGR00973	PS00815,PS50991	SM00917	cd07940	SSF110921,SSF51569	11	IPR013785,IPR050073
APU25_21435	matches_api	IPR001680,IPR019775,IPR036322	PF00400		PS00678,PS50082,PS50294	SM00320	cd00200	SSF50978	7	IPR015943,IPR020472,IPR044536
APU25_21440	matches_api								0	
APU25_21445	matches_api								0	
APU25_21450	matches_api	IPR019339	PF10197			SM01083			2	IPR040014
APU25_21455	ips6_local	IPR001841,IPR024766	PF12678		PS50089			SSF57850	3	
APU25_21460	ips6_local	IPR036869						SSF46565	1	
APU25_21465	ips6_local	IPR018170,IPR023210,IPR036812	PF00248		PS00062		cd19093	SSF51430	4	
APU25_21470	matches_api	IPR021920	PF12049						1	
APU25_21475	matches_api	IPR039431,IPR041212	PF04652,PF18097						2	IPR023175,IPR044538
APU25_21480	ips6_local	IPR003111,IPR003593,IPR003959,IPR004815,IPR008268,IPR008269,IPR015947,IPR020568,IPR027417,IPR054594	PF00004,PF02190,PF05362,PF22667	TIGR00763	PS01046,PS51786,PS51787	SM00382,SM00464	cd19500	SSF52540,SSF54211,SSF88697	14	
APU25_21485	ips6_local								0	
APU25_21490	ips6_local	IPR001251,IPR036865	PF00650		PS50191	SM00516	cd00170	SSF52087	5	
APU25_21495	ips6_local								0	
APU25_21500	matches_api	IPR005123,IPR006620,IPR044862	PF13640		PS51471	SM00702			3	IPR045054
APU25_21505	ips6_local	IPR000629,IPR001650,IPR011545,IPR014001,IPR014014,IPR027417,IPR057479	PF00270,PF00271,PF25430		PS00039,PS51192,PS51194,PS51195	SM00487,SM00490	cd17945,cd18787	SSF52540	12	
APU25_21510	ips6_local	IPR016040,IPR036291	PF13460					SSF51735	2	
APU25_21515	matches_api	IPR000182,IPR016181	PF00583		PS51186		cd04301	SSF55729	4	IPR051556
APU25_21520	matches_api	IPR001680,IPR019775,IPR036322	PF00400		PS00678,PS50082,PS50294	SM00320		SSF50978	6	IPR015943,IPR020472,IPR051959
APU25_21525	matches_api	IPR001931	PF01249						1	IPR038579
APU25_21530	matches_api	IPR036915						SSF47954	1	IPR043198
APU25_21535	ips6_local	IPR001356,IPR007759,IPR009057,IPR018501,IPR028941,IPR028942	PF00046,PF02791,PF05066,PF15612,PF15613		PS50071,PS50827,PS51913	SM00389,SM00571	cd00086	SSF46689	12	
APU25_21540	matches_api	IPR002913			PS50848			SSF55961	2	IPR023393,IPR051213
APU25_21545	ips6_local	IPR000073,IPR029058	PF00561					SSF53474	2	
APU25_21550	ips6_local	IPR001680,IPR036322				SM00320		SSF50978	2	
APU25_21555	matches_api	IPR002051,IPR016053,IPR016084	PF01126				cd19165	SSF48613	3	
APU25_21560	matches_api	IPR018108,IPR023395	PF00153		PS50920			SSF103506	3	IPR002067,IPR050391
APU25_21565	matches_api		PF00428				cd05831		2	IPR027534,IPR038716
APU25_21570	matches_api	IPR019721	PF10785						1	IPR053229
APU25_21575	ips6_local	IPR000640,IPR000795,IPR004161,IPR005517,IPR009000,IPR020568,IPR027417,IPR031157,IPR031950,IPR035647,IPR035655	PF00009,PF00679,PF03144,PF03764,PF16004		PS00301,PS51722	SM00838,SM00889	cd01683,cd04090,cd04098,cd16264	SSF50447,SSF52540,SSF54211,SSF54980	17	
APU25_21580	matches_api	IPR004023,IPR036605	PF02792				cd11295	SSF89817	3	
APU25_21585	ips6_local	IPR001012,IPR009060,IPR029071	PF00789,PF14555		PS50033	SM00166	cd01767	SSF46934,SSF54236	7	
APU25_21590	ips6_local	IPR003347,IPR003349	PF02373,PF02375		PS51183,PS51184	SM00545,SM00558		SSF51197	7	
APU25_21595	matches_api	IPR001382,IPR036026	PF01532					SSF48225	2	IPR012341,IPR050749
APU25_21600	ips6_local	IPR001611	PF13516			SM00368		SSF52047	3	
APU25_21605	matches_api								0	
APU25_21610	ips6_local	IPR001214,IPR003616,IPR006560,IPR011124,IPR044437,IPR046341	PF00856,PF07496,PF17907		PS50280,PS50868,PS51050,PS51215	SM00317,SM00508,SM00570	cd19172	SSF82199	12	
APU25_21615	matches_api	IPR013057	PF01490						1	
APU25_21620	matches_api	IPR013766,IPR017937,IPR036249	PF00085		PS00194,PS51352		cd02947	SSF52833	5	
APU25_21625	ips6_local	IPR000894,IPR036385	PF00101			SM00961	cd03527	SSF55239	4	
APU25_21630	ips6_local	IPR011044						SSF50969	1	
APU25_21635	ips6_local	IPR036188	PF13450		PS51257			SSF51905	3	
APU25_21640	ips6_local	IPR001041,IPR008333,IPR017927,IPR017938,IPR036010,IPR039261	PF00111,PF00970		PS51085,PS51384		cd00207	SSF52343,SSF54292,SSF63380	8	
APU25_21645	ips6_local	IPR003035	PF02042		PS51519				2	
APU25_21650	matches_api	IPR001279,IPR022712,IPR025069,IPR035639,IPR036866	PF10996,PF13299,PF16661			SM01027	cd16293	SSF56281	6	IPR027075
APU25_21655	matches_api	IPR008590	PF05915						1	
APU25_21660	ips6_local	IPR004405,IPR005140,IPR005141,IPR005142,IPR029064,IPR038069,IPR058547	PF03464,PF03465,PF26356	TIGR00111		SM01194		SSF159065,SSF53137,SSF55315	8	
APU25_21665	matches_api	IPR039261						SSF52343	1	
APU25_21670	matches_api	IPR007248	PF04117						1	
APU25_21675	matches_api	IPR005120,IPR035979	PF03467				cd12455	SSF54928	3	IPR012677,IPR039722
APU25_21680	matches_api								0	IPR040217
APU25_21685	ips6_local	IPR000222,IPR001932,IPR036457	PF00481		PS01032,PS51746	SM00332	cd00143	SSF81606	6	
APU25_21690	matches_api	IPR001830,IPR003337,IPR012766,IPR036412	PF00982,PF02358	NF011071,TIGR02400			cd03788	SSF53756,SSF56784	7	IPR023214
APU25_21695	matches_api	IPR001380,IPR018256	PF01294		PS01104				2	
APU25_21700	ips6_local								0	
APU25_21705	ips6_local	IPR004827			PS00036				1	
APU25_21710	ips6_local								0	
APU25_21715	ips6_local	IPR005545,IPR011008	PF03795					SSF54909	2	
APU25_21720	ips6_local	IPR002123	PF01553			SM00563	cd07989	SSF69593	4	
APU25_21725	ips6_local	IPR001005,IPR006447,IPR009057,IPR017884,IPR017930	PF00249	TIGR01557	PS50090,PS51293,PS51294	SM00717	cd00167	SSF46689	8	
APU25_21730	ips6_local	IPR001478,IPR004447,IPR005151,IPR029045,IPR036034,IPR041489	PF03572,PF17820		PS50106	SM00228,SM00245	cd07560	SSF50156,SSF52096	8	
APU25_21735	ips6_local	IPR011701,IPR020846,IPR036259	PF07690		PS50850			SSF103473	3	
APU25_21740	ips6_local	IPR006569,IPR008942,IPR047415,IPR057242	PF04818,PF23228		PS51391	SM00582	cd16982	SSF48464	6	
APU25_21745	matches_api	IPR001680,IPR024977,IPR036322	PF12894			SM00320		SSF50978	3	IPR015943,IPR017383
APU25_21750	ips6_local								0	
APU25_21755	ips6_local								0	
APU25_21760	matches_api								0	
APU25_21765	ips6_local	IPR000023,IPR035966	PF00365					SSF53784	2	
APU25_21770	ips6_local		PF04641						1	
APU25_21775	matches_api	IPR005302,IPR005303,IPR011037	PF03473,PF03476		PS51340			SSF141673,SSF50800	5	
APU25_21780	matches_api	IPR008979,IPR010400	PF06201		PS51532			SSF49785	3	IPR037047,IPR045099
APU25_21785	ips6_local	IPR011124	PF07496		PS51050				2	
APU25_21790	matches_api	IPR004907,IPR036132	PF03223				cd14785	SSF118203	3	
APU25_21795	matches_api	IPR000634,IPR001721,IPR001926,IPR005787,IPR036052,IPR045865	PF00291,PF00585	NF006674,TIGR01124	PS00165,PS51672		cd01562	SSF53686,SSF55021	9	IPR038110,IPR050147
APU25_21800	matches_api	IPR000209,IPR022229,IPR023828,IPR036852,IPR048383,IPR048384	PF00082,PF12580,PF21223,PF21316		PS00138,PS51892			SSF52743	7	IPR015500,IPR046939,IPR046940,IPR050131
APU25_21805	ips6_local								0	
APU25_21810	ips6_local	IPR011990,IPR019734	PF12895,PF13176,PF13432		PS50005	SM00028		SSF48452	6	
APU25_21815	ips6_local	IPR000834,IPR040626	PF00246,PF18027		PS52035	SM00631	cd06234	SSF53187	6	
APU25_21820	matches_api								0	
APU25_21825	matches_api								0	
APU25_21830	ips6_local	IPR000073,IPR029058	PF00561					SSF53474	2	
APU25_21835	ips6_local	IPR028055,IPR047196	PF02096	TIGR03592			cd20070		3	
APU25_21840	matches_api								0	
APU25_21845	matches_api	IPR007214,IPR036754	PF04073					SSF55826	2	IPR040285
APU25_21850	matches_api	IPR000866,IPR013766,IPR019479,IPR036249	PF00578,PF10417		PS51352		cd03015	SSF52833	5	IPR024706,IPR050217
APU25_21855	ips6_local								0	
APU25_21860	matches_api	IPR001650,IPR011545,IPR014001,IPR027417,IPR046931,IPR048960	PF00270,PF00271,PF20470,PF21099		PS51192,PS51194	SM00487,SM00490	cd18026,cd18795	SSF158702,SSF52540	12	IPR050474
APU25_21865	matches_api								0	
APU25_21870	ips6_local	IPR027417,IPR046931,IPR048960	PF20470,PF21099					SSF52540	3	
APU25_21875	matches_api	IPR004853	PF03151						1	IPR050186
APU25_21880	matches_api								0	
APU25_21885	ips6_local	IPR009770	PF07063			SM01150	cd16350		3	
APU25_21890	matches_api	IPR000253,IPR002938,IPR008984,IPR036188	PF00498,PF01494		PS50006			SSF49879,SSF51905	5	
APU25_21895	matches_api	IPR001611,IPR003591,IPR025875	PF12799,PF13516		PS51450	SM00365,SM00369		SSF52058	6	IPR032675,IPR050836
APU25_21900	matches_api	IPR017941,IPR036922,IPR044043	PF00355,PF19112		PS51296		cd03469	SSF50022,SSF55961	6	IPR050584
APU25_21905	ips6_local	IPR003439,IPR003593,IPR011527,IPR017871,IPR027417,IPR036640	PF00005,PF00664		PS00211,PS50893,PS50929	SM00382	cd18582	SSF52540,SSF90123	9	
APU25_21910	matches_api								0	
APU25_21915	ips6_local								0	
APU25_21920	matches_api	IPR007497	PF04402						1	IPR052022
APU25_21925	ips6_local	IPR003593,IPR003959,IPR003960,IPR027417,IPR047533	PF00004		PS00674	SM00382	cd19527	SSF52540	5	
APU25_21930	ips6_local	IPR001394,IPR018200,IPR028889,IPR038765	PF00443		PS00972,PS00973,PS50235			SSF54001	5	
APU25_21935	ips6_local	IPR002738,IPR016195	PF01876					SSF89550	2	
APU25_21940	ips6_local							SSF57850	1	
APU25_21945	ips6_local	IPR000719,IPR003527,IPR011009,IPR017441	PF00069		PS00107,PS01351,PS50011	SM00220	cd07859	SSF56112	7	
APU25_21950	ips6_local	IPR002699	PF01813	TIGR00309					2	
APU25_21955	ips6_local	IPR056535,IPR059141	PF11715,PF23354						2	
APU25_21960	ips6_local	IPR003593,IPR003959,IPR003960,IPR027417,IPR041569	PF00004,PF17862		PS00674	SM00382		SSF52540	5	
APU25_21965	matches_api	IPR009038	PF01105		PS50866	SM01190			3	IPR015720
APU25_21970	ips6_local	IPR006073,IPR014813,IPR027417,IPR030378	PF01926,PF08701		PS51721		cd04178	SSF52540	5	
APU25_21975	matches_api	IPR013057	PF01490						1	
APU25_21980	matches_api	IPR002562,IPR012337,IPR013087	PF01612		PS00028,PS50157		cd06141	SSF53098	5	IPR036397,IPR051132
APU25_21985	matches_api	IPR005282,IPR006603	PF04193	TIGR00951		SM00679			3	
APU25_21990	ips6_local	IPR003495,IPR011629,IPR027417	PF02492,PF07683				cd03112	SSF52540,SSF90002	5	
APU25_21995	matches_api		PF08700						1	IPR014812
APU25_22000	matches_api							SSF58113	1	
APU25_22005	ips6_local	IPR000504,IPR035979	PF00076		PS50102	SM00360	cd00590	SSF54928	5	
APU25_22010	ips6_local								0	
APU25_22015	ips6_local	IPR000222,IPR001932,IPR036457	PF00481		PS01032,PS51746	SM00331,SM00332	cd00143	SSF81606	7	
APU25_22020	ips6_local								0	
APU25_22025	matches_api	IPR000626,IPR001975,IPR011332,IPR019954,IPR029071	PF00240,PF01020		PS00299,PS50053	SM00213,SM01377	cd01803	SSF54236,SSF57829	9	IPR019956,IPR038587,IPR050158
APU25_22030	matches_api	IPR002687,IPR012974,IPR012976,IPR036070	PF01798,PF08156		PS51358	SM00931		SSF89124	5	IPR042239,IPR045056
APU25_22035	ips6_local	IPR027417,IPR030386,IPR046758	PF05879,PF20428		PS51715			SSF52540	4	
APU25_22040	ips6_local	IPR001752,IPR019821,IPR027417	PF00225		PS00411,PS50067	SM00129		SSF52540,SSF57997	6	
APU25_22045	ips6_local	IPR007816	PF05140						1	
APU25_22050	ips6_local	IPR014840	PF08729						1	
APU25_22055	ips6_local								0	
APU25_22060	matches_api	IPR001680,IPR001878,IPR036322,IPR036875	PF00400		PS50082,PS50158,PS50294	SM00320		SSF50978,SSF57756	7	IPR015943,IPR033312
APU25_22065	ips6_local	IPR003111,IPR003593,IPR003959,IPR008268,IPR008269,IPR015947,IPR020568,IPR027417,IPR054594	PF00004,PF02190,PF05362,PF22667		PS01046,PS51786,PS51787	SM00382,SM00464	cd19500	SSF52540,SSF54211,SSF88697	13	
APU25_22070	matches_api	IPR000271	PF00468	TIGR01030					2	
APU25_22075	ips6_local	IPR001533,IPR036428	PF01329				cd00913	SSF55248	3	
APU25_22080	ips6_local								0	
APU25_22085	ips6_local	IPR029164	PF15159						1	
APU25_22090	matches_api								0	IPR039993
APU25_22095	ips6_local								0	
APU25_22100	matches_api	IPR000504,IPR035979	PF00076		PS50102	SM00360	cd00590	SSF54928	5	IPR012677,IPR050907
APU25_22105	ips6_local							SSF52047	1	
APU25_22110	ips6_local	IPR001841	PF13639		PS50089	SM00184		SSF57850	4	
APU25_22115	ips6_local	IPR007828	PF05153					SSF109604	2	
APU25_22120	ips6_local	IPR001509,IPR036291	PF01370				cd05265	SSF51735	3	
APU25_22125	matches_api	IPR003107,IPR011990,IPR019734,IPR055430	PF23231			SM00028,SM00386		SSF48452	4	IPR044624
APU25_22130	ips6_local	IPR055427,IPR055429	PF06159,PF23647						2	
APU25_22135	ips6_local	IPR025718,IPR057649	PF13867,PF23112						2	
APU25_22140	ips6_local	IPR000794,IPR014030,IPR014031,IPR016039,IPR018201,IPR020841	PF00109,PF02801	NF005589	PS00606,PS52004	SM00825	cd00834	SSF53901	8	
APU25_22145	matches_api	IPR004908,IPR011987,IPR016024	PF03224,PF11698					SSF48371	3	IPR011989,IPR038497
APU25_22150	ips6_local	IPR000504,IPR035979	PF00076		PS50102	SM00360		SSF54928	4	
APU25_22155	ips6_local	IPR007474,IPR018958,IPR036047,IPR036767,IPR037883	PF04379,PF09346		PS51087	SM00860		SSF110069,SSF160631,SSF81383	7	
APU25_22160	ips6_local	IPR000873,IPR011904,IPR025110,IPR032387	PF00501,PF13193,PF16177	NF001208,TIGR02188			cd05966	SSF56801	7	
APU25_22165	ips6_local	IPR009269	PF06047						1	
APU25_22170	ips6_local	IPR002048,IPR011992,IPR018247			PS00018,PS50222			SSF47473	3	
APU25_22175	matches_api	IPR001841,IPR003111,IPR015947,IPR017907	PF02190,PF13923		PS00518,PS50089,PS51787	SM00184,SM00464	cd16514	SSF57850,SSF88697	10	IPR013083,IPR046336
APU25_22180	matches_api								0	
APU25_22185	ips6_local								0	
APU25_22190	ips6_local								0	
APU25_22195	matches_api	IPR001932,IPR036457	PF00481		PS51746	SM00331,SM00332	cd00143	SSF81606	6	IPR015655
APU25_22200	matches_api	IPR010776,IPR040661	PF07106,PF18517						2	IPR036388
APU25_22205	matches_api	IPR001164,IPR037278	PF01412		PS50115	SM00105	cd08831	SSF57863	5	IPR038508
APU25_22210	ips6_local	IPR001126,IPR017961,IPR036775,IPR043502	PF00817,PF11799,PF21704		PS50173			SSF100879,SSF56672	6	
APU25_22215	ips6_local	IPR001932,IPR036457	PF00481		PS51746	SM00332		SSF81606	4	
APU25_22220	ips6_local	IPR001884,IPR008991,IPR012340,IPR019769,IPR020189,IPR048670	PF01287,PF21485	TIGR00037	PS00302	SM01376	cd04468	SSF50104,SSF50249	8	
APU25_22225	matches_api	IPR021852	PF11938						1	
APU25_22230	ips6_local	IPR025151	PF13934						1	
APU25_22235	matches_api	IPR005491,IPR036142	PF03735		PS51138	SM01191		SSF158639	4	IPR033485
APU25_22240	ips6_local	IPR031610	PF16940						1	
APU25_22245	ips6_local								0	
APU25_22250	ips6_local	IPR036034,IPR040815,IPR041489	PF17820,PF18265					SSF50156	3	
APU25_22255	ips6_local	IPR036047						SSF81383	1	
APU25_22260	ips6_local	IPR002048,IPR011992,IPR018247	PF13499		PS00018,PS50222	SM00054	cd00051	SSF47473	6	
APU25_22265	ips6_local	IPR048538,IPR048540	PF20644,PF20645						2	
APU25_22270	matches_api	IPR007157	PF04012						1	
APU25_22275	ips6_local	IPR006447,IPR009057		TIGR01557				SSF46689	2	
APU25_22280	ips6_local	IPR001907,IPR023562,IPR029045	PF00574				cd07017	SSF52096	3	
APU25_22285	ips6_local	IPR001063,IPR005727,IPR018260,IPR036394	PF00237	TIGR01044	PS00464		cd00336	SSF54843	5	
APU25_22290	ips6_local	IPR000819,IPR011356,IPR048816,IPR064115	PF00883,PF21337		PS00631		cd00433	SSF53187	5	
APU25_22295	ips6_local								0	
APU25_22300	ips6_local	IPR003439,IPR003593,IPR013525,IPR017871,IPR027417	PF00005,PF12698,PF24526		PS00211,PS50893	SM00382	cd03263	SSF52540	8	
APU25_22305	matches_api								0	
APU25_22310	ips6_local								0	
APU25_22315	ips6_local	IPR000408,IPR009091,IPR058923	PF25390		PS00626,PS50012			SSF50985	4	
APU25_22320	ips6_local	IPR001965,IPR011011,IPR019786,IPR019787,IPR045876	PF00628		PS01359,PS50016	SM00249	cd15504	SSF57903	6	
APU25_22325	ips6_local	IPR000504,IPR021790,IPR035979	PF00076,PF11835		PS50102	SM00360		SSF54928	5	
APU25_22330	matches_api	IPR019587	PF10604				cd07812	SSF55961	3	IPR023393
APU25_22335	ips6_local	IPR001841,IPR004331,IPR017907,IPR027370	PF13445		PS00518,PS50089,PS51382	SM00184	cd14447	SSF57850	7	
APU25_22340	ips6_local								0	
APU25_22345	matches_api	IPR006603	PF04193						1	
APU25_22350	ips6_local	IPR006603	PF04193						1	
APU25_22355	ips6_local	IPR006380,IPR036412	PF05116					SSF56784	2	
APU25_22360	ips6_local	IPR007242,IPR007275,IPR029071	PF04110,PF04146		PS50882		cd01612,cd21134	SSF54236	6	
APU25_22365	ips6_local	IPR001650,IPR002464,IPR007502,IPR011709,IPR014001,IPR027417,IPR048333	PF00271,PF04408,PF07717,PF21010		PS00690,PS51192,PS51194	SM00487,SM00490,SM00847	cd18791	SSF52540	12	
APU25_22370	matches_api	IPR001388,IPR010908,IPR011012,IPR042855	PF00957,PF13774		PS00417,PS50859,PS50892	SM01270	cd14824,cd15843	SSF58038,SSF64356	10	IPR051097
APU25_22375	matches_api	IPR000194,IPR003593,IPR004100,IPR005722,IPR020003,IPR027417,IPR036121,IPR055190	PF00006,PF02874,PF22919	TIGR01039	PS00152	SM00382	cd01133,cd18110,cd18115	SSF47917,SSF50615,SSF52540	12	IPR024034,IPR050053
APU25_22380	ips6_local	IPR002194,IPR002423,IPR012720,IPR027409,IPR027410,IPR027413,IPR054827	PF00118	NF041082,NF041083,TIGR02345	PS00750,PS00751,PS00995		cd03340	SSF48592,SSF52029,SSF54849	11	
APU25_22385	ips6_local	IPR000271	PF00468	TIGR01030					2	
APU25_22390	ips6_local	IPR001731,IPR030656	PF00490	NF006762	PS00169	SM01004	cd04823	SSF51569	6	
APU25_22395	ips6_local						cd23659	SSF52402	2	
APU25_22400	ips6_local								0	
APU25_22405	ips6_local	IPR000152,IPR000742,IPR001547,IPR003609,IPR017853	PF00024,PF26410		PS00010,PS01186,PS50026			SSF51445,SSF57196	7	
APU25_22410	matches_api	IPR003010,IPR036526,IPR045254	PF00795		PS50263		cd07572	SSF56317	4	
APU25_22415	ips6_local								0	
APU25_22420	matches_api	IPR001471,IPR016177			PS51032	SM00380	cd00018	SSF54171	4	IPR036955
APU25_22425	ips6_local								0	
APU25_22430	matches_api	IPR001611,IPR003591	PF00560,PF13855		PS51450	SM00364,SM00369		SSF52058	6	IPR032675,IPR050216
APU25_22435	ips6_local	IPR000592,IPR011332	PF01667					SSF57829	2	
APU25_22440	matches_api	IPR003323,IPR019400,IPR038765	PF10275		PS50802			SSF54001	3	IPR042467,IPR042468
APU25_22445	ips6_local	IPR001525,IPR011011,IPR029063	PF00145	TIGR00675	PS51679		cd15489,cd20404	SSF53335,SSF57903,SSF63748	8	
APU25_22450	ips6_local	IPR000967,IPR019786	PF01422		PS01359	SM00438	cd06008		4	
APU25_22455	matches_api	IPR001431,IPR007863,IPR011249,IPR011765	PF00675,PF05193		PS00143			SSF63411	4	IPR050361
APU25_22460	matches_api	IPR022742,IPR029058	PF12146					SSF53474	2	IPR051044
APU25_22465	matches_api	IPR001841,IPR006845,IPR017907	PF04757,PF13639		PS00518,PS50089	SM00184	cd16527	SSF57850	7	IPR013083,IPR025654
APU25_22470	matches_api	IPR003442,IPR027417	PF02367	TIGR00150				SSF52540	3	
APU25_22475	matches_api	IPR000719,IPR008271,IPR011009,IPR055900	PF00069,PF24289		PS00108,PS50011			SSF56112	5	IPR050235
APU25_22480	matches_api	IPR000408,IPR009091,IPR058923	PF25390		PS00626,PS50012			SSF50985	4	IPR051210
APU25_22485	ips6_local	IPR024790,IPR024977,IPR036322	PF12894,PF12896					SSF50978	3	
APU25_22490	ips6_local	IPR008521,IPR037185	PF05653					SSF103481	2	
APU25_22495	matches_api	IPR003593,IPR003959,IPR003960,IPR027417,IPR037219,IPR041569	PF00004,PF17862		PS00674	SM00382		SSF140990,SSF52540	6	
APU25_22500	ips6_local	IPR019188	PF09808						1	
APU25_22505	ips6_local	IPR001611	PF13516			SM00368	cd00116	SSF52047	4	
APU25_22510	ips6_local	IPR002421,IPR008918,IPR020045,IPR020046,IPR029060,IPR036279	PF01367,PF02739			SM00279,SM00475	cd09859	SSF47807,SSF88723	7	
APU25_22515	matches_api	IPR006424,IPR020828,IPR020829,IPR020830,IPR036291	PF00044,PF02800	TIGR01534	PS00071	SM00846	cd05214,cd18126	SSF51735,SSF55347	9	IPR020831
APU25_22520	ips6_local	IPR000209,IPR022398,IPR023827,IPR023828,IPR034193,IPR036852	PF00082		PS00136,PS00137,PS00138,PS51892		cd04077	SSF52743	7	
APU25_22525	ips6_local		PF10175						1	
APU25_22530	ips6_local	IPR003618,IPR036575	PF07500		PS51321	SM00510		SSF46942	4	
APU25_22535	ips6_local								0	
APU25_22540	ips6_local								0	
APU25_22545	matches_api	IPR000056,IPR011060,IPR026019	PF00834	NF004076,TIGR01163	PS01085,PS01086		cd00429	SSF51366	7	IPR013785
APU25_22550	matches_api	IPR013057	PF01490						1	
APU25_22555	ips6_local	IPR000719,IPR004147,IPR011009	PF03109		PS50011		cd05121	SSF56112	4	
APU25_22560	matches_api								0	
APU25_22565	matches_api	IPR001040,IPR019770,IPR023398	PF01652		PS00813			SSF55418	3	
APU25_22570	matches_api	IPR005352	PF03694						1	
APU25_22575	ips6_local								0	
APU25_22580	matches_api	IPR002784,IPR008991	PF01929				cd23702	SSF50104	3	IPR014722,IPR039660
APU25_22585	ips6_local	IPR054549,IPR055412	PF04884,PF24160						2	
APU25_22590	ips6_local	IPR012479	PF07818						1	
APU25_22595	ips6_local	IPR001202,IPR036020	PF00397		PS50020			SSF51045	3	
APU25_22600	matches_api	IPR043597	PF13868						1	IPR026504
APU25_22605	matches_api	IPR000727			PS50192		cd15841	SSF58038	3	
APU25_22610	ips6_local	IPR001005,IPR009057,IPR017930,IPR021786,IPR047240	PF11831,PF13921		PS50090,PS51294	SM00717	cd00167,cd11659	SSF46689	8	
APU25_22615	ips6_local	IPR009060,IPR009719	PF06972					SSF46934	2	
APU25_22620	matches_api	IPR010895	PF07452			SM00754			2	
APU25_22625	ips6_local	IPR010895	PF07452		PS50933	SM00754			3	
APU25_22630	ips6_local								0	
APU25_22635	ips6_local	IPR010895	PF07452			SM00754			2	
APU25_22640	ips6_local	IPR008217	PF01988				cd02432		2	
APU25_22645	matches_api	IPR008826	PF05694					SSF75011	2	
APU25_22650	ips6_local	IPR001196,IPR021131,IPR036227	PF00828		PS00475			SSF52080	3	
APU25_22655	matches_api	IPR032053	PF16053						1	
APU25_22660	ips6_local								0	
APU25_22665	ips6_local	IPR006734	PF04640						1	
APU25_22670	ips6_local								0	
APU25_22675	ips6_local	IPR000352,IPR005139,IPR045853	PF00472,PF03462	NF001859	PS00745	SM00937		SSF75620	6	
APU25_22680	matches_api	IPR008506,IPR036259	PF05620					SSF103473	2	
APU25_22685	ips6_local	IPR000648,IPR018494,IPR037239	PF01237		PS01013			SSF144000	3	
APU25_22690	ips6_local	IPR001251,IPR036865	PF00650				cd00170	SSF52087	3	
APU25_22695	ips6_local	IPR000719,IPR001245,IPR008266,IPR011009,IPR017441	PF07714		PS00107,PS00109,PS50011		cd14014	SSF56112	6	
APU25_22700	ips6_local	IPR000648,IPR001849,IPR037239	PF01237		PS50003	SM00233		SSF144000,SSF50729	5	
APU25_22705	ips6_local	IPR000571,IPR032297,IPR035979	PF16131		PS50103			SSF54928	3	
APU25_22710	matches_api	IPR003340,IPR015300				SM01019	cd10017	SSF101936	3	IPR044800
APU25_22715	ips6_local	IPR007271,IPR037185	PF04142	TIGR00803				SSF103481	3	
APU25_22720	ips6_local	IPR000340,IPR000387,IPR006439,IPR020422,IPR029021,IPR036412	PF00702,PF00782	TIGR01509	PS50054,PS50056	SM00195	cd14498	SSF52799,SSF56784	9	
APU25_22725	ips6_local								0	
APU25_22730	ips6_local	IPR041337	PF18360				cd21039		2	
APU25_22735	ips6_local	IPR000873,IPR020845	PF00501,PF23562		PS00455			SSF56801	4	
APU25_22740	ips6_local								0	
APU25_22745	ips6_local	IPR000629,IPR001650,IPR011545,IPR012541,IPR014001,IPR014014,IPR027417,IPR033517	PF00270,PF00271,PF08147		PS00039,PS51192,PS51194,PS51195	SM00487,SM00490,SM01123	cd17959,cd18787	SSF52540	13	
APU25_22750	ips6_local	IPR014881,IPR033411,IPR036283	PF08772,PF17146				cd09876	SSF144206	4	
APU25_22755	ips6_local	IPR004294	PF03055						1	
APU25_22760	matches_api	IPR013740,IPR013766,IPR036249,IPR037944	PF08534		PS51352		cd03013	SSF52833	4	
APU25_22765	matches_api	IPR002629,IPR013215,IPR038071	PF01717,PF08267	NF003556			cd03311	SSF51726	5	IPR006276
APU25_22770	ips6_local	IPR008144,IPR008145,IPR017665,IPR020590,IPR027417,IPR036291	PF00625	TIGR03263	PS00856,PS50052	SM00072	cd00071	SSF51735,SSF52540	8	
APU25_22775	ips6_local	IPR007919	PF05255						1	
APU25_22780	matches_api				PS51808		cd24141		2	IPR019342
APU25_22785	ips6_local	IPR001680,IPR019775,IPR036322	PF00400		PS00678,PS50082,PS50294	SM00320		SSF50978	6	
APU25_22790	ips6_local								0	
APU25_22795	ips6_local								0	
APU25_22800	ips6_local	IPR007320,IPR063585	PF04194,PF30657						2	
APU25_22805	ips6_local								0	
APU25_22810	matches_api								0	
APU25_22815	ips6_local	IPR015425	PF02181		PS51444	SM00498		SSF101447	4	
APU25_22820	ips6_local				PS51257				1	
APU25_22825	ips6_local	IPR019339,IPR022209	PF10197,PF12542			SM01083			3	
APU25_22830	matches_api	IPR001163,IPR010920,IPR033871,IPR047575	PF01423		PS52002	SM00651	cd01732	SSF50182	5	
APU25_22835	ips6_local	IPR009069			PS51808			SSF47072	2	
APU25_22840	matches_api	IPR006721,IPR036742	PF04627				cd12153	SSF48690	3	
APU25_22845	ips6_local	IPR010919,IPR034732	PF13771		PS51805		cd15571	SSF63763	4	
APU25_22850	matches_api								0	
APU25_22855	ips6_local								0	
APU25_22860	matches_api	IPR000911,IPR006519,IPR020783,IPR020784,IPR020785,IPR036769,IPR036796	PF00298,PF03946	TIGR01632	PS00359	SM00649	cd00349	SSF46906,SSF54747	8	
APU25_22865	ips6_local	IPR001680,IPR011047,IPR019775,IPR022100,IPR048591,IPR057646	PF12341,PF20946,PF24817		PS00678,PS50082,PS50294	SM00320		SSF50998	8	
APU25_22870	matches_api								0	
APU25_22875	ips6_local	IPR061680	PF30501						1	
APU25_22880	ips6_local	IPR000504,IPR034361,IPR035979	PF00076		PS50102	SM00360	cd12271	SSF54928	5	
APU25_22885	matches_api	IPR002347,IPR036291	PF00106				cd05233	SSF51735	3	IPR052625
APU25_22890	matches_api								0	
APU25_22895	ips6_local	IPR009060,IPR015940,IPR026937,IPR027417,IPR039187,IPR041969,IPR057332	PF00627,PF13871,PF13872,PF25373		PS50030	SM00165	cd14306	SSF46934,SSF52540	9	
APU25_22900	ips6_local	IPR005635	PF03941						1	
APU25_22905	ips6_local								0	
APU25_22910	ips6_local	IPR000246,IPR029055	PF01112				cd04513	SSF56235	3	
APU25_22915	ips6_local	IPR000620,IPR037185	PF00892					SSF103481	2	
APU25_22920	ips6_local	IPR008162,IPR036649	PF00719		PS00387		cd00412	SSF50324	4	
APU25_22925	ips6_local	IPR008162,IPR036649	PF00719				cd00412	SSF50324	3	
APU25_22930	ips6_local								0	
APU25_22935	ips6_local	IPR009772	PF07065						1	
APU25_22940	ips6_local	IPR000595,IPR005821,IPR018490	PF00520		PS50042	SM00100	cd00038	SSF51206,SSF81324	6	
APU25_22945	ips6_local	IPR012981	PF08190						1	
APU25_22950	ips6_local	IPR000409,IPR001680,IPR013320,IPR016024,IPR019775,IPR023362,IPR036322,IPR036372,IPR046851,IPR046852	PF02138,PF14844,PF20425,PF20426		PS00678,PS50082,PS50197,PS51783	SM01026	cd06071	SSF48371,SSF49899,SSF50729,SSF50978,SSF81837	15	
APU25_22955	matches_api	IPR006016	PF00582					SSF52402	2	IPR014729
APU25_22960	ips6_local								0	
APU25_22965	ips6_local	IPR000237	PF01465		PS50913		cd06503		3	
APU25_22970	matches_api	IPR038765,IPR046792	PF03416					SSF54001	2	IPR005078
APU25_22975	ips6_local	IPR016024						SSF48371	1	
APU25_22980	ips6_local	IPR003593,IPR010285,IPR027417,IPR049163	PF05970,PF21530			SM00382	cd18037,cd18809	SSF52540	6	
APU25_22985	matches_api	IPR004434,IPR019818,IPR024084	PF00180	TIGR00175	PS00470	SM01329		SSF53659	5	
APU25_22990	matches_api	IPR009056,IPR036909	PF00034		PS51007			SSF46626	3	IPR002327
APU25_22995	ips6_local								0	
APU25_23000	ips6_local								0	
APU25_23005	ips6_local	IPR001680,IPR036322	PF00400		PS50082,PS50294	SM00320		SSF50978	5	
APU25_23010	ips6_local								0	
APU25_23015	matches_api	IPR001925,IPR027246	PF01459				cd07306	SSF56935	3	IPR023614
APU25_23020	ips6_local	IPR000330,IPR000953,IPR001650,IPR014001,IPR016197,IPR023780,IPR025260,IPR027417,IPR049730,IPR056302	PF00176,PF00271,PF00385,PF23588		PS50013,PS51192,PS51194	SM00298,SM00487,SM00490,SM01176	cd18660,cd18793	SSF52540,SSF54160	15	
APU25_23025	matches_api	IPR002314,IPR002317,IPR006195,IPR010978,IPR015866,IPR033729,IPR045864	PF00587,PF02403	TIGR00414	PS50862		cd00770	SSF46589,SSF55681	7	IPR042103
APU25_23030	matches_api	IPR020164	PF14138						1	
APU25_23035	matches_api								0	
APU25_23040	ips6_local	IPR001471,IPR016177	PF00847		PS51032	SM00380		SSF54171	4	
APU25_23045	ips6_local	IPR036322						SSF50978	1	
APU25_23050	ips6_local	IPR002490	PF01496						1	
APU25_23055	ips6_local	IPR000504,IPR035979,IPR045844	PF00076		PS50102	SM00360	cd12411	SSF54928	5	
APU25_23060	ips6_local	IPR002495,IPR029044	PF01501					SSF53448	2	
APU25_23065	ips6_local	IPR002318,IPR003156,IPR009000,IPR012947,IPR018162,IPR018163,IPR018164,IPR018165,IPR045864,IPR059090	PF01411,PF02272,PF07973,PF26023	TIGR00344	PS50860	SM00863	cd00673	SSF101353,SSF50447,SSF55186,SSF55681	12	
APU25_23070	ips6_local	IPR006110,IPR020708,IPR036161	PF01192	NF002208	PS01111	SM01409		SSF63562	5	
APU25_23075	ips6_local	IPR001025,IPR059080	PF25874		PS51038		cd04370		3	
APU25_23080	ips6_local	IPR004344	PF03133		PS51221			SSF56059	3	
APU25_23085	matches_api	IPR003593,IPR010995,IPR011941,IPR013632,IPR020587,IPR020588,IPR027417,IPR060101	PF08423,PF14520	NF003301,TIGR02239	PS50162,PS50163	SM00382	cd19513	SSF47794,SSF52540	10	IPR016467
APU25_23090	ips6_local	IPR000994,IPR002468,IPR018349,IPR036005,IPR036390	PF00557	TIGR00501	PS01202		cd01088	SSF46785,SSF55920	6	
APU25_23095	ips6_local	IPR015894,IPR027417,IPR030386,IPR036543	PF02263		PS51715			SSF48340,SSF52540	4	
APU25_23100	ips6_local	IPR016024,IPR019155	PF09758					SSF48371	2	
APU25_23105	ips6_local	IPR000629,IPR001650,IPR011545,IPR014001,IPR027417,IPR044765	PF00270,PF00271		PS00039,PS51192,PS51194	SM00487,SM00490	cd17954,cd18787	SSF52540	10	
APU25_23110	ips6_local	IPR000795,IPR004161,IPR009000,IPR009001,IPR027417	PF00009,PF03144		PS51722		cd03694,cd03708	SSF50447,SSF50465,SSF52540	8	
APU25_23115	ips6_local	IPR002173,IPR011611,IPR029056	PF00294		PS00584		cd01168	SSF53613	4	
APU25_23120	ips6_local	IPR001054,IPR029787			PS50125			SSF55073	2	
APU25_23125	matches_api	IPR007533,IPR023471	PF04442	NF003465				SSF110111	3	
APU25_23130	matches_api	IPR012748,IPR017941,IPR036922	PF13806		PS51296		cd03467	SSF50022	4	
APU25_23135	ips6_local								0	
APU25_23140	ips6_local								0	
APU25_23145	matches_api								0	
APU25_23150	ips6_local	IPR019002	PF09420						1	
APU25_23155	ips6_local	IPR002480	PF01474	TIGR01358	PS52062			SSF51569	4	
APU25_23160	ips6_local								0	
APU25_23165	matches_api	IPR000504,IPR035979	PF00076		PS50102	SM00360		SSF54928	4	IPR012677
APU25_23170	matches_api	IPR006073,IPR019991,IPR027417	PF01926	TIGR03596			cd01856	SSF52540	4	IPR023179
APU25_23175	ips6_local								0	
APU25_23180	ips6_local	IPR000679	PF00320		PS00344,PS50114	SM00401	cd00202	SSF57716	6	
APU25_23185	ips6_local								0	
APU25_23190	ips6_local	IPR001104	PF02544		PS50244				2	
APU25_23195	ips6_local	IPR039204	PF22099				cd12823		2	
APU25_23200	ips6_local	IPR006089,IPR006091,IPR009075,IPR009100,IPR013786,IPR036250	PF00441,PF02770,PF02771		PS00072,PS00073			SSF47203,SSF56645	7	
APU25_23205	ips6_local	IPR015915	PF24681					SSF117281	2	
APU25_23210	ips6_local	IPR011611,IPR029056	PF00294					SSF53613	2	
APU25_23215	ips6_local								0	
APU25_23220	ips6_local	IPR000253,IPR008984	PF00498		PS50006		cd22667	SSF49879	4	
APU25_23225	ips6_local								0	
APU25_23230	matches_api	IPR006043	PF00860						1	IPR045018
APU25_23235	ips6_local	IPR005123,IPR026992,IPR044861	PF03171,PF14226		PS51471			SSF51197	4	
APU25_23240	ips6_local								0	
APU25_23245	ips6_local	IPR001471,IPR016177			PS51032	SM00380		SSF54171	3	
APU25_23250	ips6_local	IPR000073,IPR007130,IPR029058	PF00561,PF03982				cd07987	SSF53474	4	
APU25_23255	ips6_local								0	
APU25_23260	matches_api								0	
APU25_23265	matches_api								0	
APU25_23270	matches_api								0	
APU25_23275	matches_api	IPR035426	PF04938						1	
APU25_23280	ips6_local	IPR005828,IPR036259	PF00083					SSF103473	2	
APU25_23285	matches_api	IPR000760,IPR020550,IPR020583,IPR033942	PF00459		PS00629,PS00630		cd01639	SSF56655	5	
APU25_23290	ips6_local	IPR011050,IPR024535	PF12708					SSF51126	2	
APU25_23295	matches_api	IPR011050			PS51257			SSF51126	2	IPR012334
APU25_23300	ips6_local								0	
APU25_23305	matches_api	IPR024438	PF12638						1	
APU25_23310	matches_api	IPR001790,IPR040637,IPR043141	PF00428,PF00466,PF17777				cd05795	SSF160369	5	IPR030670,IPR043164,IPR050323
APU25_23315	matches_api	IPR002194,IPR002423,IPR012721,IPR027409,IPR027410,IPR027413	PF00118	TIGR02346	PS00750		cd03341	SSF48592,SSF52029,SSF54849	7	IPR017998
APU25_23320	matches_api	IPR000315,IPR010402	PF00643,PF06203		PS50119,PS51017				4	IPR045281
APU25_23325	ips6_local	IPR001547,IPR017853	PF26410					SSF51445	2	
APU25_23330	ips6_local								0	
APU25_23335	ips6_local								0	
APU25_23340	matches_api								0	
APU25_23345	ips6_local	IPR002489,IPR002932,IPR006982,IPR017932,IPR029055,IPR036485	PF00310,PF01493,PF01645,PF04898	NF008730	PS51278		cd00713,cd00982,cd02808	SSF51395,SSF56235,SSF69336	12	
APU25_23350	ips6_local								0	
APU25_23355	matches_api	IPR002043,IPR005122,IPR018085,IPR036895	PF03167	NF003588,NF003589,NF003591,NF003592,TIGR00628	PS00130	SM00986,SM00987	cd10027	SSF52141	11	
APU25_23360	ips6_local								0	
APU25_23365	ips6_local	IPR001646	PF00805					SSF141571	2	
APU25_23370	ips6_local	IPR007052,IPR007699,IPR008978,IPR011990,IPR019734	PF04969,PF05002		PS50005,PS51048,PS51203	SM00028	cd06466	SSF48452,SSF49764	9	
APU25_23375	ips6_local								0	
APU25_23380	matches_api	IPR000408,IPR000569,IPR009060,IPR009091,IPR015940,IPR035983,IPR058923	PF00415,PF00632,PF22562,PF25390		PS00626,PS50012,PS50237	SM00119	cd00078	SSF46934,SSF50985,SSF56204	12	IPR051709
APU25_23385	matches_api	IPR002942,IPR013843,IPR013845,IPR018199,IPR032277,IPR041982	PF00900,PF01479,PF08071,PF16121	NF003312	PS00528,PS50889	SM00363	cd00165,cd06087	SSF55174	11	IPR000876,IPR014722,IPR036986,IPR038237
APU25_23390	matches_api	IPR007277	PF04148						1	
APU25_23395	matches_api	IPR000023,IPR011183,IPR035966	PF00365	NF005482,TIGR02477				SSF53784	4	IPR022953
APU25_23400	ips6_local	IPR000642,IPR003593,IPR003959,IPR003960,IPR027417,IPR037219,IPR041569	PF00004,PF01434,PF17862		PS00674	SM00382	cd19501	SSF140990,SSF52540	8	
APU25_23405	ips6_local	IPR000192,IPR015424	PF00266					SSF53383	2	
APU25_23410	matches_api	IPR037185						SSF103481	1	
APU25_23415	ips6_local	IPR011990,IPR025799,IPR029063	PF06325		PS51678			SSF48452,SSF53335	4	
APU25_23420	matches_api	IPR006598	PF05686			SM00672			2	IPR051091
APU25_23425	ips6_local	IPR006598	PF05686			SM00672			2	
APU25_23430	ips6_local	IPR005814,IPR015424,IPR027417,IPR049704	PF00202,PF13500		PS00600		cd03109	SSF52540,SSF53383	6	
APU25_23435	ips6_local	IPR007877	PF05212						1	
APU25_23440	matches_api				PS51257				1	
APU25_23445	matches_api	IPR001917,IPR004839,IPR015424	PF00155		PS00599			SSF53383	3	IPR015421,IPR015422,IPR050087
APU25_23450	matches_api	IPR000253,IPR001841,IPR008984,IPR017907,IPR018957	PF00097,PF00498		PS00518,PS50006,PS50089	SM00184,SM00240	cd00060	SSF49879,SSF57850	10	IPR013083,IPR052256
APU25_23455	matches_api								0	
APU25_23460	matches_api	IPR019564,IPR033468,IPR036282	PF10568,PF17171				cd03054	SSF47616	4	IPR050931
APU25_23465	ips6_local	IPR002044,IPR003385,IPR013784,IPR017853	PF00686,PF02446		PS51166	SM01065		SSF49452,SSF51445	6	
APU25_23470	matches_api	IPR005532,IPR016187,IPR019257,IPR024775,IPR029063	PF03781,PF10017,PF12867					SSF53335,SSF56436	5	IPR042095,IPR051128
APU25_23475	matches_api								0	
APU25_23480	ips6_local	IPR003316,IPR036390,IPR037241	PF02319			SM01372		SSF144074,SSF46785	4	
APU25_23485	matches_api	IPR015883,IPR017853,IPR029018,IPR029019	PF00728,PF14845					SSF51445,SSF55545	4	IPR025705
APU25_23490	matches_api								0	
APU25_23495	ips6_local	IPR001431,IPR007863,IPR011249,IPR011765,IPR032632,IPR054734	PF00675,PF05193,PF16187,PF22456		PS00143			SSF63411	6	
APU25_23500	matches_api	IPR001757,IPR006539,IPR008250,IPR018303,IPR023298,IPR023299,IPR032630,IPR032631,IPR036412	PF13246,PF16209,PF16212	TIGR01494,TIGR01652	PS00154			SSF56784,SSF81653,SSF81660,SSF81665	10	IPR023214,IPR044492
APU25_23505	matches_api	IPR001279,IPR011108,IPR021718,IPR022712,IPR036866	PF07521,PF10996,PF11718,PF16661			SM00849,SM01027	cd16292	SSF56281	8	IPR050698
APU25_23510	ips6_local	IPR001254,IPR009003,IPR064058	PF30586		PS50240			SSF50494	3	
APU25_23515	matches_api	IPR001254,IPR009003,IPR064058	PF30586		PS50240			SSF50494	3	
APU25_23520	ips6_local	IPR001254,IPR009003,IPR064058	PF30586		PS50240			SSF50494	3	
APU25_23525	ips6_local	IPR009003,IPR064058	PF30586					SSF50494	2	
APU25_23530	ips6_local								0	
APU25_23535	ips6_local	IPR000719,IPR008271,IPR011009	PF00069		PS00108,PS50011	SM00220		SSF56112	5	
APU25_23540	matches_api								0	
APU25_23545	ips6_local	IPR013536	PF08325		PS51397				2	
APU25_23550	matches_api	IPR001387,IPR010982,IPR013729	PF01381,PF08523		PS50943	SM00530	cd00093	SSF47413	6	
APU25_23555	ips6_local	IPR005349	PF03647						1	
APU25_23560	ips6_local								0	
APU25_23565	ips6_local								0	
APU25_23570	ips6_local	IPR003440,IPR026899	PF02364,PF14288			SM01205			3	
APU25_23575	ips6_local	IPR003034,IPR005160,IPR005161,IPR006164,IPR006165,IPR016194,IPR036361,IPR036465,IPR047087	PF02037,PF02735,PF03730,PF03731	TIGR00578	PS50800	SM00513,SM00559	cd00788	SSF100939,SSF53300,SSF68906	12	
APU25_23580	ips6_local	IPR006133,IPR006172,IPR012337,IPR013697,IPR043502,IPR054475,IPR055191,IPR063197	PF03104,PF08490,PF22634,PF22912,PF23250			SM00486,SM01159	cd05535,cd05779	SSF53098,SSF56672	11	
APU25_23585	matches_api								0	
APU25_23590	matches_api	IPR000313	PF00855		PS50812	SM00293	cd05838	SSF63748	5	
APU25_23595	matches_api								0	
APU25_23600	ips6_local	IPR045865						SSF55021	1	
APU25_23605	ips6_local	IPR007527,IPR048324	PF21056		PS50966				2	
APU25_23610	ips6_local								0	
APU25_23615	ips6_local								0	
APU25_23620	ips6_local								0	
APU25_23625	ips6_local								0	
APU25_23630	matches_api	IPR002912,IPR006139,IPR006140,IPR006236,IPR029009,IPR029752,IPR036291,IPR045626,IPR045865	PF00389,PF01842,PF02826,PF19304	TIGR01327	PS00065,PS51671		cd04903,cd12173	SSF143548,SSF51735,SSF52283,SSF55021	13	
APU25_23635	ips6_local	IPR002921,IPR029058,IPR063390	PF01764,PF31009					SSF53474	3	
APU25_23640	ips6_local	IPR002921,IPR029058,IPR063390	PF01764,PF31009					SSF53474	3	
APU25_23645	ips6_local	IPR002921,IPR029058,IPR063390	PF01764,PF31009					SSF53474	3	
APU25_23650	matches_api	IPR000608,IPR016135,IPR023313	PF00179		PS00183,PS50127	SM00212	cd23798	SSF54495	6	IPR050113
APU25_23655	matches_api	IPR005002,IPR006379,IPR036412	PF03332	TIGR01484			cd02585	SSF56784	4	IPR023214,IPR043169
APU25_23660	matches_api	IPR001623,IPR013766,IPR017937,IPR018253,IPR019345,IPR036249,IPR036361,IPR036869	PF00085,PF00226,PF10208		PS00194,PS00636,PS50076,PS51352	SM00271	cd06257	SSF46565,SSF52833,SSF68906	12	IPR052842
APU25_23665	matches_api	IPR000640,IPR000795,IPR004161,IPR004540,IPR005225,IPR005517,IPR009000,IPR009022,IPR020568,IPR027417,IPR031157,IPR035647,IPR041095,IPR047872	PF00009,PF00679,PF03144,PF03764,PF14492	NF009381,TIGR00231,TIGR00484	PS00301,PS51722	SM00838,SM00889	cd01434,cd01886,cd04091,cd16262	SSF50447,SSF52540,SSF54211,SSF54980	20	IPR014721
APU25_23670	matches_api	IPR013078,IPR029033	PF00300			SM00855	cd07067	SSF53254	4	IPR050275
APU25_23675	ips6_local	IPR006016	PF00582				cd23659	SSF52402	3	
APU25_23680	matches_api	IPR011611,IPR029056,IPR031100	PF00294,PF03641				cd01168	SSF102405,SSF53613	5	IPR052700
APU25_23685	ips6_local	IPR000408,IPR009091,IPR058923	PF25390		PS00626,PS50012			SSF50985	4	
APU25_23690	matches_api	IPR000555,IPR024969,IPR033858,IPR037518	PF01398,PF13012		PS50249	SM00232	cd08062		5	
APU25_23695	matches_api	IPR031432	PF15704						1	
APU25_23700	matches_api	IPR000504,IPR034148,IPR035979	PF00076		PS50102	SM00360	cd12240	SSF54928	5	IPR012677,IPR027157
APU25_23705	matches_api	IPR001128,IPR017972,IPR036396	PF00067		PS00086		cd11042	SSF48264	4	IPR002403,IPR050529
APU25_23710	matches_api								0	
APU25_23715	matches_api	IPR002818,IPR006287,IPR029062	PF01965	TIGR01383			cd03135	SSF52317	4	IPR050325
APU25_23720	matches_api								0	
APU25_23725	ips6_local								0	
APU25_23730	matches_api	IPR002130,IPR013260,IPR020892,IPR029000	PF00160,PF08231		PS00170,PS50072		cd01926	SSF50891	6	
APU25_23735	matches_api	IPR001163,IPR010920,IPR016654,IPR047575	PF01423		PS52002	SM00651	cd01725	SSF50182	5	
APU25_23740	matches_api	IPR001623,IPR036869	PF00226		PS50076	SM00271	cd06257	SSF46565	5	IPR050817
APU25_23745	matches_api								0	
APU25_23750	matches_api	IPR000504,IPR035979	PF00076		PS50102	SM00360		SSF54928	4	IPR012677,IPR052285
APU25_23755	matches_api								0	IPR019258
APU25_23760	ips6_local	IPR004843,IPR008963,IPR015914,IPR025733,IPR029052,IPR041792	PF00149,PF14008,PF16656				cd00839	SSF49363,SSF56300	6	
APU25_23765	matches_api	IPR036424						SSF64005	1	IPR038887
APU25_23770	matches_api	IPR038789	PF27949						1	
APU25_23775	matches_api	IPR001900,IPR012340,IPR056404,IPR057324	PF00773,PF23161,PF25255			SM00955		SSF50249	5	IPR050180
APU25_23780	ips6_local	IPR002675	PF01781						1	
APU25_23785	matches_api	IPR013766,IPR017937,IPR036249	PF00085		PS00194,PS51352		cd02947	SSF52833	5	
APU25_23790	ips6_local	IPR000058,IPR013087,IPR035896,IPR057357	PF01428,PF25403		PS00028,PS50157,PS51039	SM00154		SSF118310	7	
APU25_23795	ips6_local	IPR005959,IPR011234,IPR015377,IPR036462,IPR036663	PF01557,PF09298	TIGR01266				SSF56529,SSF63433	5	
APU25_23800	matches_api	IPR006380,IPR036412	PF05116					SSF56784	2	IPR013783,IPR023214,IPR051518
APU25_23805	ips6_local	IPR000740,IPR009012,IPR013805	PF01025		PS01071		cd00446	SSF51064,SSF58014	5	
APU25_23810	matches_api	IPR004871,IPR018846,IPR058543	PF03178,PF10433,PF23726						3	IPR015943,IPR050358
APU25_23815	ips6_local	IPR006439,IPR036412	PF00702	TIGR01509				SSF56784	3	
APU25_23820	matches_api	IPR000719,IPR001245,IPR008271,IPR011009	PF07714		PS00108,PS50011	SM00220	cd13999	SSF56112	6	IPR051681
APU25_23825	matches_api	IPR007715	PF05019						1	IPR027540
APU25_23830	matches_api								0	
APU25_23835	ips6_local								0	
APU25_23840	ips6_local								0	
APU25_23845	ips6_local								0	
APU25_23850	ips6_local	IPR002989	PF01469						1	
APU25_23855	matches_api	IPR006680,IPR011059,IPR032466	PF01979	NF006055			cd01298	SSF51338,SSF51556	5	IPR050287
APU25_23860	ips6_local	IPR040911	PF03016						1	
APU25_23865	ips6_local	IPR040911	PF03016						1	
APU25_23870	matches_api	IPR006042,IPR006043	PF00860	TIGR00801					2	
APU25_23875	ips6_local	IPR040911	PF03016						1	
APU25_23880	ips6_local								0	
APU25_23885	matches_api								0	
APU25_23890	matches_api								0	IPR029063
APU25_23895	matches_api	IPR013878,IPR016024	PF08569					SSF48371	2	IPR011989
APU25_23900	ips6_local	IPR006089,IPR006091,IPR009075,IPR009100,IPR013786,IPR036250	PF00441,PF02770,PF02771		PS00072,PS00073			SSF47203,SSF56645	7	
APU25_23905	ips6_local							SSF52266	1	
APU25_23910	ips6_local								0	
APU25_23915	ips6_local								0	
APU25_23920	matches_api	IPR001345,IPR013078,IPR029033	PF00300		PS00175	SM00855	cd07067	SSF53254	5	IPR050275
APU25_23925	ips6_local	IPR000873,IPR020845,IPR025110,IPR045311	PF00501,PF13193		PS00455		cd05927	SSF56801	5	
APU25_23930	ips6_local	IPR000873,IPR020845	PF00501		PS00455			SSF56801	3	
APU25_23935	ips6_local	IPR007783	PF05091						1	
APU25_23940	matches_api	IPR013087,IPR022755,IPR036236	PF12171		PS00028	SM00355	cd20908	SSF57667	5	
APU25_23945	matches_api	IPR001353,IPR016050,IPR023333,IPR029055	PF00227		PS00854,PS51476		cd03762	SSF56235	5	IPR000243
APU25_23950	ips6_local								0	
APU25_23955	matches_api								0	
APU25_23960	matches_api	IPR002347,IPR036291	PF00106				cd05325	SSF51735	3	IPR051468
APU25_23965	matches_api	IPR004000,IPR043129	PF00022			SM00268	cd13395	SSF53067	4	
APU25_23970	matches_api	IPR004037,IPR004038,IPR029064	PF01248		PS01082		cd21104	SSF55315	4	IPR002415,IPR018492,IPR050257
APU25_23975	matches_api	IPR002088	PF01239		PS51147			SSF48439	3	
APU25_23980	matches_api	IPR028160	PF15341						1	
APU25_23985	matches_api	IPR000209,IPR000421,IPR006585,IPR008979,IPR023828,IPR036852	PF00082,PF00754		PS00138,PS51892	SM00607		SSF49785,SSF52743	7	IPR015500,IPR051048
APU25_23990	ips6_local	IPR000537,IPR044502	PF01040	NF009525			cd13960		3	
APU25_23995	matches_api	IPR004911,IPR036249	PF03227		PS51257			SSF52833	3	
APU25_24000	matches_api	IPR000330,IPR001650,IPR014001,IPR027417,IPR049730	PF00176,PF00271		PS51192,PS51194	SM00487,SM00490	cd18793	SSF52540	8	IPR038718
APU25_24005	ips6_local								0	
APU25_24010	matches_api	IPR000791	PF01184	NF038013					2	IPR047623
APU25_24015	matches_api	IPR024420,IPR058541	PF12739,PF24545						2	
APU25_24020	matches_api	IPR003789,IPR004413,IPR006075,IPR014746,IPR017958,IPR018027	PF02637,PF02934	NF004012,NF004014,TIGR00133	PS01234	SM00845		SSF55931,SSF89095	9	IPR017959,IPR023168,IPR042114
APU25_24025	ips6_local	IPR003961,IPR036116	PF00041		PS50853	SM00060	cd00063	SSF49265	5	
APU25_24030	matches_api	IPR019363,IPR029058	PF10230					SSF53474	2	
APU25_24035	matches_api	IPR018108,IPR023395	PF00153		PS50920			SSF103506	3	IPR002067,IPR051028
APU25_24040	matches_api	IPR000368,IPR001296	PF00534,PF00862					SSF53756	3	IPR044161
APU25_24045	matches_api	IPR000850,IPR006259,IPR027417,IPR033690	PF00406	TIGR01351	PS00113		cd01428	SSF52540	5	
APU25_24050	matches_api	IPR036612,IPR041174,IPR048548,IPR048549,IPR048550	PF17903,PF21800				cd22393,cd22394	SSF54791	5	IPR024166
APU25_24055	matches_api	IPR004598,IPR040662	PF03849,PF18307						2	
APU25_24060	ips6_local	IPR000403,IPR003151,IPR003152,IPR009076,IPR011009,IPR014009,IPR016024,IPR018936,IPR024585,IPR026683,IPR036738,IPR057564	PF00454,PF02259,PF02260,PF08771,PF11865,PF23593		PS00915,PS00916,PS50290,PS51189,PS51190	SM00146,SM01343,SM01345,SM01346	cd05169	SSF47212,SSF48371,SSF56112	19	
APU25_24065	matches_api	IPR002885,IPR003034,IPR036361	PF02037	TIGR00756	PS50800,PS51375	SM00513		SSF68906	6	IPR011990
APU25_24070	matches_api								0	
APU25_24075	ips6_local	IPR000504,IPR002483,IPR034268,IPR035979	PF00076,PF01480		PS50102,PS51025	SM00311,SM00360	cd12446	SSF54928	8	
APU25_24080	matches_api	IPR019181,IPR047574,IPR048478	PF09793,PF21166		PS52001	SM00995			4	IPR039683
APU25_24085	matches_api								0	
APU25_24090	ips6_local								0	
APU25_24095	matches_api	IPR000994,IPR013719,IPR013953,IPR029148,IPR036005,IPR048969,IPR056595	PF00557,PF08512,PF08644,PF14826,PF21091,PF24824			SM01285,SM01286,SM01287		SSF55920	10	IPR011993,IPR029149,IPR040258
APU25_24100	ips6_local	IPR011012,IPR018240,IPR022775,IPR028565,IPR036168	PF00928,PF01217		PS00990,PS00991,PS51072		cd09250,cd14835	SSF49447,SSF64356	9	
APU25_24105	matches_api	IPR003107,IPR011990,IPR055430,IPR055433,IPR056350	PF23220,PF23231,PF23233			SM00386		SSF48452	5	IPR045075
APU25_24110	ips6_local								0	
APU25_24115	matches_api	IPR000783,IPR005571,IPR020608,IPR035913,IPR036710	PF01191,PF03871	NF007129	PS01110			SSF53036,SSF55287	6	IPR014381
APU25_24120	matches_api	IPR000408,IPR009091,IPR058923	PF00415,PF25390		PS00626,PS50012			SSF50985	5	IPR051625
APU25_24125	matches_api	IPR006638,IPR007197,IPR019939,IPR019940,IPR020050,IPR045567,IPR058240	PF04055,PF19288	NF004884,TIGR00423,TIGR03550,TIGR03551	PS51918	SM00729	cd01335	SSF102114	10	IPR013785,IPR034405
APU25_24130	matches_api	IPR013892	PF08583						1	
APU25_24135	matches_api	IPR003382,IPR036551	PF02441					SSF52507	2	
APU25_24140	matches_api	IPR002942,IPR006145,IPR018496,IPR020103	PF00849,PF01479		PS01149,PS50889	SM00363	cd00165	SSF55120,SSF55174	8	IPR020094,IPR036986,IPR042092,IPR050343
APU25_24145	matches_api	IPR025564	PF14159						1	IPR033344
APU25_24150	matches_api	IPR005475,IPR009014,IPR029061,IPR033248	PF02779,PF02780	NF006667		SM00861	cd07036	SSF52518,SSF52922	7	
APU25_24155	matches_api	IPR003029,IPR012340	PF00575		PS50126	SM00316		SSF50249	4	IPR052757
APU25_24160	matches_api	IPR001345,IPR013078,IPR013079,IPR027417,IPR029033	PF00300,PF01591		PS00175	SM00855	cd07067	SSF52540,SSF53254	7	IPR003094
APU25_24165	ips6_local	IPR019316,IPR055401	PF10162,PF24606		PS51484	SM01225			4	
APU25_24170	ips6_local	IPR001890,IPR035920	PF01985		PS51295	SM01103		SSF75471	4	
APU25_24175	matches_api	IPR013979	PF08662					SSF82171	2	IPR011387,IPR015943
APU25_24180	matches_api	IPR004274,IPR036412			PS50969			SSF56784	2	IPR023214
APU25_24185	ips6_local	IPR002058,IPR004274,IPR036412,IPR043519,IPR054708	PF03828,PF22600		PS50969		cd05402	SSF56784,SSF81301,SSF81631	7	
APU25_24190	ips6_local	IPR002058,IPR043519,IPR054708	PF03828,PF22600				cd05402	SSF81301,SSF81631	5	
APU25_24195	matches_api	IPR002347,IPR011284,IPR020904,IPR036291,IPR057326	PF13561	NF009466,TIGR01830	PS00061	SM00822	cd05333	SSF51735	7	IPR050259
APU25_24200	ips6_local								0	
APU25_24205	matches_api								0	
APU25_24210	ips6_local	IPR002347,IPR020904,IPR036291	PF00106		PS00061			SSF51735	3	
APU25_24215	matches_api	IPR001208,IPR003593,IPR012340,IPR018525,IPR027417,IPR027925,IPR031327,IPR033762,IPR041562	PF00493,PF14551,PF17207,PF17855		PS00847,PS50051	SM00350,SM00382		SSF50249,SSF52540	10	IPR008046
APU25_24220	ips6_local	IPR000589,IPR005290,IPR009068	PF00312	TIGR00952	PS00362	SM01387	cd00353	SSF47060	6	
APU25_24225	ips6_local	IPR000182,IPR016181	PF00583		PS51186		cd04301	SSF55729	4	
APU25_24230	matches_api	IPR055122	PF08638						1	IPR013947
APU25_24235	matches_api	IPR001900,IPR002716,IPR012340,IPR022966,IPR029060,IPR033770,IPR033771,IPR041505	PF00773,PF13638,PF17215,PF17216,PF17849		PS01175	SM00670,SM00955	cd09862	SSF50249,SSF88723	11	IPR050180
APU25_24240	matches_api	IPR002075,IPR018222,IPR032710	PF02136		PS50177		cd00780	SSF54427	4	IPR045875
APU25_24245	ips6_local	IPR002937,IPR007526,IPR009057,IPR014876,IPR035441,IPR036188,IPR057031	PF01593,PF04433,PF08766,PF23030		PS50934,PS51998			SSF109715,SSF46689,SSF47676,SSF51905,SSF54373	11	
APU25_24250	matches_api	IPR036410						SSF57938	1	
APU25_24255	ips6_local	IPR002347,IPR036291,IPR057326	PF00106			SM00822		SSF51735	3	
APU25_24260	matches_api	IPR001333	PF02074		PS52034		cd06460	SSF55486	4	
APU25_24265	matches_api	IPR000569,IPR035983	PF00632		PS50096,PS50237	SM00119	cd00078	SSF56204	6	IPR044611
APU25_24270	matches_api	IPR000529,IPR020814,IPR035980	PF01250	TIGR00166			cd00473	SSF54995	4	IPR014717
APU25_24275	matches_api								0	
APU25_24280	matches_api	IPR018612	PF09745						1	
APU25_24285	ips6_local	IPR000330,IPR000953,IPR001650,IPR002464,IPR014001,IPR016197,IPR023780,IPR027417,IPR049730	PF00176,PF00271,PF00385		PS00690,PS50013,PS51192,PS51194	SM00298,SM00487,SM00490	cd18659,cd18793	SSF52540,SSF54160	14	
APU25_24290	matches_api	IPR001701,IPR008928,IPR033126	PF00759		PS00698			SSF48208	3	IPR012341
APU25_24295	ips6_local	IPR000744,IPR011990	PF14938					SSF48452	2	
APU25_24300	matches_api	IPR019194	PF09816						1	IPR027093
APU25_24305	ips6_local	IPR001650,IPR011545,IPR014001,IPR027417	PF00270,PF00271		PS51192,PS51194	SM00487,SM00490	cd18795	SSF158702,SSF52540	9	
APU25_24310	matches_api	IPR001810,IPR006553,IPR036047	PF00646			SM00367		SSF52047,SSF81383	4	IPR032675
APU25_24315	ips6_local	IPR001578,IPR038765	PF01088		PS52048		cd09616	SSF54001	4	
APU25_24320	ips6_local	IPR007853	PF05180		PS51501				2	
APU25_24325	matches_api								0	
APU25_24330	matches_api	IPR011990,IPR019734				SM00028		SSF48452	2	
APU25_24335	matches_api								0	
APU25_24340	ips6_local								0	
APU25_24345	ips6_local								0	
APU25_24350	ips6_local	IPR001533,IPR036428	PF01329				cd00913	SSF55248	3	
APU25_24355	ips6_local								0	
APU25_24360	matches_api	IPR011701,IPR036259	PF07690					SSF103473	2	IPR051068
APU25_24365	matches_api	IPR000889,IPR029759,IPR029760,IPR036249	PF00255		PS00460,PS00763,PS51355		cd00340	SSF52833	6	
APU25_24370	matches_api	IPR010788,IPR012674	PF07137					SSF50814	2	IPR044682
APU25_24375	ips6_local	IPR011011						SSF57903	1	
APU25_24380	matches_api	IPR001155	PF00724				cd02933	SSF51395	3	IPR013785,IPR045247
APU25_24385	ips6_local								0	
APU25_24390	matches_api	IPR000719,IPR008271,IPR011009	PF00069		PS00108,PS50011	SM00220		SSF56112	5	IPR051681
APU25_24395	ips6_local	IPR001757,IPR006121,IPR008250,IPR017969,IPR018303,IPR023298,IPR023299,IPR027256,IPR036163,IPR036412,IPR059000	PF00122,PF00403,PF00702	TIGR01494,TIGR01525	PS00154,PS01047,PS50846		cd00371	SSF55008,SSF56784,SSF81653,SSF81660,SSF81665	14	
APU25_24400	ips6_local								0	
APU25_24405	matches_api	IPR000182,IPR016181	PF00583		PS51186		cd04301	SSF55729	4	
APU25_24410	ips6_local	IPR023210,IPR036812	PF00248				cd19143	SSF51430	3	
APU25_24415	ips6_local	IPR001005,IPR032563	PF16282		PS50090	SM00717			3	
APU25_24420	matches_api	IPR000253,IPR008984	PF00498		PS50006	SM00240	cd22677	SSF49879	5	IPR050923
APU25_24425	ips6_local	IPR000225,IPR016024	PF00514		PS50176	SM00185		SSF48371	4	
APU25_24430	matches_api	IPR000007,IPR001810,IPR025659,IPR036047	PF01167,PF12937				cd09917	SSF54518,SSF81383	5	
APU25_24435	matches_api	IPR011701,IPR036259	PF07690					SSF103473	2	
APU25_24440	ips6_local	IPR000182,IPR016181	PF13508		PS51186		cd04301	SSF55729	4	
APU25_24445	ips6_local	IPR000571,IPR036855,IPR057444	PF00642,PF25512		PS50103	SM00356		SSF90229	5	
APU25_24450	ips6_local	IPR003732,IPR023509	PF02580	TIGR00256				SSF69500	3	
APU25_24455	ips6_local	IPR001046	PF01566	NF037982,TIGR01197					3	
APU25_24460	ips6_local	IPR000587,IPR000994,IPR029149,IPR032416,IPR033740,IPR036005	PF00557,PF01321,PF16188,PF16189				cd01085	SSF53092,SSF55920	7	
APU25_24465	ips6_local								0	
APU25_24470	ips6_local								0	
APU25_24475	ips6_local	IPR048324	PF21056						1	
APU25_24480	ips6_local								0	
APU25_24485	matches_api	IPR013078,IPR029033	PF00300			SM00855	cd07067	SSF53254	4	IPR052765
APU25_24490	ips6_local	IPR022552	PF12452						1	
APU25_24495	ips6_local	IPR025114	PF13225						1	
APU25_24500	matches_api	IPR000073,IPR029058	PF00561					SSF53474	2	IPR050471
APU25_24505	matches_api	IPR000073,IPR029058	PF12697					SSF53474	2	IPR050471
APU25_24510	matches_api	IPR011990,IPR019734,IPR025799,IPR029063,IPR041698	PF13649		PS51678	SM00028	cd02440	SSF48452,SSF53335	6	
APU25_24515	ips6_local	IPR002110,IPR036770	PF12796		PS50088,PS50297	SM00248		SSF48403	5	
APU25_24520	ips6_local	IPR010795,IPR036188	PF07156,PF13450					SSF51905	3	
APU25_24525	matches_api								0	
APU25_24530	ips6_local	IPR000719,IPR001245,IPR002912,IPR008271,IPR011009,IPR045865	PF07714		PS00108,PS50011,PS51671	SM00220	cd13999	SSF55021,SSF56112	8	
APU25_24535	matches_api	IPR027417,IPR038729	PF13476					SSF52540	2	
APU25_24540	ips6_local	IPR011545,IPR014001,IPR027417	PF00270		PS51192			SSF52540	3	
APU25_24545	ips6_local	IPR000086,IPR015797,IPR020084	PF00293		PS00893,PS51462			SSF55811	4	
APU25_24550	matches_api	IPR013791,IPR013792,IPR016443,IPR020719,IPR023797	PF01137,PF05189	TIGR03400	PS01287		cd00875	SSF55205	6	IPR000228,IPR036553,IPR037136
APU25_24555	matches_api	IPR001085,IPR015424,IPR019798,IPR039429	PF00464	NF000586	PS00096		cd00378	SSF53383	5	IPR015421,IPR015422,IPR049943
APU25_24560	ips6_local	IPR015408,IPR015411,IPR055065,IPR064128,IPR064193	PF09329,PF22379,PF24863		PS52065,PS52066	SM01280			6	
APU25_24565	matches_api	IPR022742,IPR029058	PF12146					SSF53474	2	
APU25_24570	matches_api	IPR003511,IPR036570			PS50815			SSF56019	2	IPR045091
APU25_24575	matches_api	IPR001841,IPR017907,IPR018957	PF00097		PS00518,PS50089	SM00184	cd16534	SSF57850	6	IPR013083,IPR045103
APU25_24580	ips6_local	IPR002762	PF01903				cd03416	SSF53800	3	
APU25_24585	matches_api								0	
APU25_24590	matches_api	IPR000756,IPR001206,IPR002219,IPR016064,IPR046349	PF00609,PF00781		PS50081,PS50146	SM00045,SM00046,SM00109		SSF111331,SSF57889	9	IPR017438,IPR037607
APU25_24595	matches_api	IPR001279,IPR036866	PF00753,PF13370			SM00849	cd07727	SSF54862,SSF56281	6	
APU25_24600	matches_api	IPR035623,IPR041591	PF17780				cd16166		2	IPR039905
APU25_24605	ips6_local	IPR004856	PF03155						1	
APU25_24610	matches_api	IPR036047					cd22163	SSF81383	2	
APU25_24615	matches_api	IPR003500,IPR036569	PF02502					SSF89623	2	
APU25_24620	matches_api	IPR009915	PF07298						1	
APU25_24625	matches_api								0	
APU25_24630	ips6_local	IPR038765						SSF54001	1	
APU25_24635	matches_api	IPR007271,IPR037185	PF04142					SSF103481	2	
APU25_24640	ips6_local	IPR001810,IPR006553,IPR036047,IPR055411	PF00646,PF24758			SM00367	cd09917	SSF52047,SSF81383	6	
APU25_24645	ips6_local								0	
APU25_24650	ips6_local	IPR001471,IPR016177	PF00847		PS51032	SM00380	cd00018	SSF54171	5	
APU25_24655	ips6_local	IPR004333,IPR036893	PF03110		PS51141			SSF103612	3	
APU25_24660	ips6_local	IPR000008,IPR031468,IPR035892	PF00168		PS50004,PS51847		cd00030,cd21677	SSF49562	6	
APU25_24665	ips6_local								0	
APU25_24670	ips6_local	IPR001126,IPR001876,IPR017961,IPR022880,IPR024728,IPR036443,IPR036775,IPR043502	PF00817,PF11798,PF11799	NF002677	PS01358,PS50173,PS50199	SM00547	cd03586	SSF100879,SSF56672,SSF90209	12	
APU25_24675	matches_api	IPR000222,IPR001932,IPR036457	PF00481		PS01032,PS51746	SM00332	cd00143	SSF81606	6	IPR015655
APU25_24680	ips6_local	IPR000467,IPR026822	PF12656,PF25088		PS50174	SM00443			4	
APU25_24685	matches_api	IPR001727,IPR049555	PF01169		PS01214				2	
APU25_24690	ips6_local	IPR006924	PF04839						1	
APU25_24695	matches_api								0	
APU25_24700	ips6_local	IPR000719,IPR008271,IPR011009	PF00069		PS00108,PS50011	SM00220		SSF56112	5	
APU25_24705	matches_api								0	
APU25_24710	ips6_local								0	
APU25_24715	matches_api	IPR001261,IPR002933,IPR011650,IPR036264	PF01546,PF07687		PS00758			SSF53187,SSF55031	5	IPR017141,IPR047177
APU25_24720	ips6_local	IPR007991	PF05327						1	
APU25_24725	ips6_local	IPR001487,IPR036427	PF00439		PS50014	SM00297		SSF47370	4	
APU25_24730	matches_api								0	
APU25_24735	matches_api	IPR000608,IPR016135,IPR023313	PF00179		PS00183,PS50127	SM00212	cd23793	SSF54495	6	
APU25_24740	matches_api	IPR004087,IPR004088,IPR036612	PF00013		PS50084	SM00322		SSF54791	4	
APU25_24745	ips6_local	IPR009080,IPR015803,IPR032678	PF01406	TIGR00435			cd00672	SSF47323,SSF52374	5	
APU25_24750	matches_api	IPR038052						SSF158615	1	
APU25_24755	ips6_local	IPR027417						SSF52540	1	
APU25_24760	matches_api								0	
APU25_24765	matches_api								0	
APU25_24770	matches_api	IPR001250,IPR011051,IPR018050,IPR046457,IPR046458	PF20511,PF20512	TIGR00218	PS00965,PS00966		cd07011	SSF51182	7	IPR014710,IPR016305
APU25_24775	ips6_local	IPR031329,IPR031331	PF04734,PF17048						2	
APU25_24780	ips6_local	IPR001753,IPR010198,IPR018376,IPR029045	PF00378	NF005637,TIGR01929	PS00166		cd06558	SSF52096	6	
APU25_24785	matches_api	IPR000073,IPR029058	PF00561					SSF53474	2	IPR050471
APU25_24790	ips6_local								0	
APU25_24795	matches_api	IPR022796	PF00504					SSF103511	2	IPR001344
APU25_24800	matches_api								0	
APU25_24805	matches_api	IPR003593,IPR003959,IPR003960,IPR027417,IPR032501,IPR041569	PF00004,PF16450,PF17862		PS00674	SM00382	cd19502	SSF52540	7	IPR012340,IPR050221
APU25_24810	matches_api	IPR036410						SSF57938	1	
APU25_24815	matches_api								0	
APU25_24820	ips6_local	IPR003864,IPR027815,IPR032880	PF02714,PF13967,PF14703						3	
APU25_24825	matches_api	IPR000504,IPR006630,IPR014886,IPR035979,IPR036390	PF00076,PF05383,PF08777		PS50102,PS50961,PS51939	SM00360,SM00715	cd12291	SSF46785,SSF54928	11	IPR002344,IPR012677,IPR036388,IPR045180
APU25_24830	matches_api								0	
APU25_24835	matches_api								0	
APU25_24840	matches_api								0	
APU25_24845	matches_api	IPR037212						SSF140718	1	IPR021384
APU25_24850	matches_api	IPR007714	PF05018						1	IPR040441
APU25_24855	matches_api	IPR003029,IPR012337,IPR012340,IPR028083,IPR032706,IPR035019,IPR035420,IPR036860	PF14632,PF14633,PF14635		PS50126	SM00316	cd00164,cd09918	SSF158832,SSF50249,SSF53098,SSF55550	11	IPR017072,IPR023319,IPR023323,IPR037027,IPR042066
APU25_24860	matches_api	IPR001932,IPR036457	PF07228		PS51746	SM00331,SM00332		SSF81606	5	IPR039123
APU25_24865	matches_api	IPR000571,IPR001202,IPR036020,IPR036855	PF00397,PF00642		PS01159,PS50020,PS50103	SM00356,SM00456	cd00201	SSF51045,SSF90229	10	IPR045877
APU25_24870	ips6_local	IPR003660			PS50885				1	
APU25_24875	matches_api	IPR001005,IPR009057,IPR017930	PF00249		PS50090,PS51294	SM00717	cd11660	SSF46689	6	IPR044597
APU25_24880	matches_api	IPR001544,IPR036038	PF01063				cd00449	SSF56752	3	IPR043131,IPR043132,IPR050571
APU25_24885	matches_api	IPR056790	PF25147		PS51257				2	IPR008814
APU25_24890	ips6_local				PS51257				1	
APU25_24895	matches_api	IPR006694	PF04116						1	IPR045019
APU25_24900	ips6_local								0	
APU25_24905	matches_api								0	IPR012416
APU25_24910	matches_api	IPR015338,IPR023296,IPR029044,IPR056442	PF09258,PF24793					SSF53448,SSF75005	4	IPR004263
APU25_24915	matches_api	IPR025461	PF14108						1	
APU25_24920	matches_api	IPR002044,IPR013784	PF00686		PS51166	SM01065	cd05467	SSF49452	5	IPR013783
APU25_24925	matches_api								0	
APU25_24930	matches_api								0	
APU25_24935	matches_api								0	
APU25_24940	matches_api								0	
APU25_24945	matches_api	IPR005995,IPR006124,IPR011258,IPR017850,IPR036646	PF01676,PF06415	TIGR01307			cd16010	SSF53649,SSF64158	6	
APU25_24950	matches_api	IPR004821,IPR041723	PF01467	TIGR00125			cd02174	SSF52374	4	IPR014729,IPR045049
APU25_24955	matches_api	IPR000326,IPR036938	PF01569			SM00014		SSF48317	3	
APU25_24960	matches_api	IPR000719,IPR002048,IPR008271,IPR011009,IPR011992,IPR017441,IPR018247	PF00069,PF13499		PS00018,PS00107,PS00108,PS50011,PS50222	SM00054,SM00220	cd00051,cd05117	SSF47473,SSF56112	13	IPR050205
APU25_24965	matches_api								0	
APU25_24970	ips6_local	IPR001680,IPR036322	PF00400		PS50082	SM00320		SSF50978	4	
APU25_24975	ips6_local								0	
APU25_24980	matches_api	IPR021275	PF11016						1	
APU25_24985	ips6_local	IPR011990						SSF48452	1	
APU25_24990	ips6_local	IPR027417,IPR041677,IPR041679,IPR047187	PF13086,PF13087				cd18042,cd18808	SSF52540	5	
APU25_24995	matches_api	IPR006461	PF04749	TIGR01571					2	
APU25_25000	matches_api	IPR001298,IPR003409,IPR014756,IPR017868	PF00630,PF02493		PS50194	SM00557,SM00698		SSF81296,SSF82185	7	IPR013783
APU25_25005	matches_api	IPR004165,IPR037171	PF01144			SM00882		SSF100950	3	IPR014388
APU25_25010	matches_api	IPR001179,IPR011990,IPR019734	PF00254		PS50005,PS50059	SM00028		SSF48452,SSF54534	6	IPR046357,IPR050754
APU25_25015	matches_api	IPR001214,IPR046341	PF00856		PS50280	SM00317	cd20071	SSF82199	5	IPR044238
APU25_25020	ips6_local	IPR000182,IPR007807,IPR013562,IPR027992	PF05127,PF08351,PF13718,PF13725						4	
APU25_25025	matches_api	IPR000719,IPR002048,IPR011009,IPR011992,IPR017441,IPR018247	PF00069,PF13499		PS00018,PS00107,PS50011,PS50222	SM00054,SM00220	cd00051	SSF47473,SSF56112	11	IPR050205
APU25_25030	ips6_local	IPR025114	PF13225						1	
APU25_25035	ips6_local	IPR000719,IPR008271,IPR011009,IPR017441	PF00069		PS00107,PS00108,PS50011	SM00220		SSF56112	6	
APU25_25040	matches_api	IPR019399	PF10274						1	
APU25_25045	ips6_local	IPR007717,IPR024682,IPR029071	PF05021,PF11543				cd08061,cd17055	SSF54236	5	
APU25_25050	ips6_local	IPR000789,IPR036858	PF01111			SM01084		SSF55637	3	
APU25_25055	matches_api	IPR012462,IPR049387	PF07910,PF20908						2	
APU25_25060	matches_api	IPR000387,IPR016130,IPR026893,IPR029021	PF13350		PS00383,PS50056			SSF52799	4	
APU25_25065	ips6_local	IPR007303	PF04176						1	
APU25_25070	matches_api	IPR040457,IPR041470	PF04130,PF17681						2	IPR007259,IPR042241
APU25_25075	matches_api	IPR000642,IPR003593,IPR003959,IPR003960,IPR027417,IPR037219,IPR041569	PF00004,PF01434,PF17862		PS00674	SM00382	cd19501	SSF140990,SSF52540	8	IPR005936
APU25_25080	matches_api								0	
APU25_25085	ips6_local	IPR000523,IPR002035,IPR003593,IPR011776,IPR027417,IPR036465,IPR041628,IPR041702,IPR060192	PF01078,PF13519,PF17863,PF26791	TIGR02031	PS50234	SM00327,SM00382	cd01451	SSF101447,SSF52540,SSF53300	12	
APU25_25090	matches_api	IPR006845	PF04757					SSF57850	2	IPR025654
APU25_25095	matches_api	IPR002908,IPR017789,IPR020895,IPR036524	PF01491	TIGR03421,TIGR03422	PS01344,PS50810	SM01219	cd00503	SSF55387	8	
APU25_25100	matches_api	IPR002586,IPR004484,IPR011698,IPR027417,IPR029062	PF01656,PF07685	NF002204,TIGR00379	PS51274		cd03130,cd05388	SSF52317,SSF52540,SSF53807	10	
APU25_25105	matches_api								0	
APU25_25110	matches_api	IPR005801,IPR006221,IPR015890,IPR017926,IPR029062	PF00117,PF00425	TIGR00566	PS51273		cd01743	SSF52317,SSF56322	7	IPR019999
APU25_25115	ips6_local	IPR036259						SSF103473	1	
APU25_25120	matches_api	IPR010108,IPR036188	PF05834	TIGR01790				SSF51905	3	
APU25_25125	matches_api	IPR002625,IPR013899,IPR036063	PF01713,PF08590		PS50828	SM00463,SM01162		SSF160443	6	IPR053242
APU25_25130	ips6_local								0	
APU25_25135	ips6_local	IPR001381,IPR006151,IPR013708,IPR036291,IPR046346	PF01487,PF01488,PF08501				cd00502	SSF51569,SSF51735,SSF53223	7	
APU25_25140	ips6_local	IPR018962	PF09353						1	
APU25_25145	ips6_local								0	
APU25_25150	matches_api	IPR000782,IPR036378	PF02469		PS50213,PS51257	SM00554		SSF82153	5	
APU25_25155	matches_api	IPR000529,IPR035980	PF01250	TIGR00166			cd15465	SSF54995	4	IPR014717,IPR020814
APU25_25160	matches_api								0	
APU25_25165	matches_api	IPR013057	PF01490						1	
APU25_25170	matches_api	IPR029312,IPR029314,IPR029315	PF14676,PF14678,PF14680						3	IPR026171
APU25_25175	matches_api								0	
APU25_25180	matches_api	IPR000836,IPR029057	PF00156			SM01400	cd06223	SSF53271	4	IPR005946
APU25_25185	matches_api	IPR000836,IPR029057,IPR029099	PF00156,PF13793			SM01400	cd06223	SSF53271	5	IPR005946
APU25_25190	matches_api	IPR032816	PF09335						1	IPR045014
APU25_25195	matches_api	IPR000467,IPR025239	PF01585,PF13821		PS50174	SM00443,SM01173			5	IPR039249
APU25_25200	ips6_local	IPR001514,IPR011262,IPR011263,IPR036603,IPR036643	PF01000,PF01193	NF001988	PS00446	SM00662	cd07031	SSF55257,SSF56553	8	
APU25_25205	ips6_local	IPR004099,IPR012999,IPR016156,IPR023753,IPR036188	PF02852,PF07992	NF004776	PS00076			SSF51905,SSF55424	6	
APU25_25210	matches_api								0	
APU25_25215	ips6_local	IPR001607,IPR001841,IPR011422,IPR047243	PF02148,PF07576,PF13639		PS50089,PS50271	SM00184,SM00290	cd16457	SSF57850	9	
APU25_25220	matches_api	IPR000834,IPR034269	PF00246			SM00631	cd06227	SSF53187	4	
APU25_25225	matches_api	IPR004307	PF03073				cd15904		2	IPR038330
APU25_25230	matches_api	IPR004307	PF03073				cd15904		2	IPR038330
APU25_25235	matches_api								0	
APU25_25240	matches_api	IPR013766,IPR017937,IPR036249,IPR057305	PF00085,PF24541		PS00194,PS51352			SSF52833	5	
APU25_25245	ips6_local								0	
APU25_25250	matches_api	IPR006553,IPR057207	PF25372			SM00367		SSF52047	3	IPR032675
APU25_25255	ips6_local								0	
APU25_25260	ips6_local								0	
APU25_25265	matches_api	IPR007529,IPR057721	PF04438,PF25790		PS51083		cd23023	SSF144232	5	IPR051639
APU25_25270	matches_api	IPR018108,IPR023395	PF00153		PS50920			SSF103506	3	IPR002067,IPR050567
APU25_25275	matches_api	IPR001232,IPR011333,IPR016073	PF03931			SM00512	cd18321	SSF54695	4	IPR039948
APU25_25280	matches_api	IPR001611,IPR003591,IPR025875	PF12799		PS51450	SM00369		SSF52075	4	IPR032675,IPR050576
APU25_25285	matches_api	IPR004045,IPR036249,IPR036282	PF13409,PF13410		PS50404,PS51354		cd00570	SSF47616,SSF52833	7	IPR040079,IPR050983
APU25_25290	ips6_local	IPR000742,IPR040911	PF03016		PS00022,PS01186,PS50026				4	
APU25_25295	matches_api	IPR004155,IPR016024	PF03130,PF13646			SM00567		SSF48371	4	IPR011989,IPR027517
APU25_25300	matches_api	IPR008491	PF05600						1	
APU25_25305	ips6_local								0	
APU25_25310	ips6_local								0	
APU25_25315	matches_api	IPR057982,IPR057983	PF04112,PF25789						2	IPR007244
APU25_25320	ips6_local	IPR006342,IPR029063	PF05050	TIGR01444				SSF53335	3	
APU25_25325	ips6_local	IPR000742,IPR000884,IPR002049,IPR036383	PF19030		PS00022,PS01186,PS01248,PS50092	SM00209		SSF82895	7	
APU25_25330	matches_api	IPR007218	PF04081						1	
APU25_25335	ips6_local	IPR049317	PF13324						1	
APU25_25340	ips6_local	IPR049317	PF13324						1	
APU25_25345	ips6_local	IPR009069						SSF47072	1	
APU25_25350	matches_api	IPR006599,IPR012945,IPR017901,IPR031925	PF07986,PF16752		PS51329	SM00673			4	IPR016098,IPR027684,IPR038397
APU25_25355	matches_api	IPR007342,IPR022830	PF04227					SSF110581	2	
APU25_25360	ips6_local	IPR004147,IPR011009	PF03109,PF27536				cd05121	SSF56112	4	
APU25_25365	ips6_local	IPR006603	PF04193			SM00679			2	
APU25_25370	ips6_local								0	
APU25_25375	ips6_local	IPR001478,IPR004447,IPR005151,IPR029045,IPR036034,IPR041489	PF03572,PF17820		PS50106	SM00228,SM00245	cd06782,cd07560	SSF50156,SSF52096	9	
APU25_25380	ips6_local	IPR018849	PF10441						1	
APU25_25385	ips6_local	IPR004087,IPR004088,IPR036612	PF00013		PS50084	SM00322	cd00105	SSF54791	5	
APU25_25390	matches_api	IPR056713	PF25103						1	
APU25_25395	ips6_local								0	
APU25_25400	ips6_local	IPR001005,IPR001789,IPR006447,IPR009057,IPR011006,IPR017930	PF00072,PF00249	TIGR01557	PS50110,PS51294	SM00448	cd17584	SSF46689,SSF52172	9	
APU25_25405	matches_api								0	
APU25_25410	ips6_local	IPR000719,IPR008271,IPR011009,IPR017441	PF00069		PS00107,PS00108,PS50011	SM00220		SSF56112	6	
APU25_25415	matches_api	IPR001611,IPR003591,IPR036047	PF13855			SM00369		SSF52047,SSF81383	4	IPR032675,IPR050216
APU25_25420	ips6_local								0	
APU25_25425	ips6_local	IPR006091,IPR009075,IPR009100,IPR036250,IPR041504,IPR053998	PF00441,PF02770,PF18158,PF22217					SSF47203,SSF56645	6	
APU25_25430	matches_api	IPR002109,IPR036249	PF00462		PS51354			SSF52833	3	
APU25_25435	ips6_local	IPR003347,IPR041667,IPR056520	PF13621,PF24472		PS51184	SM00558		SSF51197	5	
APU25_25440	matches_api	IPR007233,IPR011012	PF04099			SM01399	cd14855	SSF64356	4	
APU25_25445	ips6_local	IPR000089,IPR001078,IPR003016,IPR004167,IPR011053,IPR036625	PF00198,PF00364,PF02817		PS00189,PS50968,PS51826		cd06849	SSF47005,SSF51230,SSF52777	10	
APU25_25450	ips6_local	IPR001757,IPR004014,IPR006068,IPR008250,IPR018303,IPR023298,IPR023299,IPR036412,IPR059000	PF00122,PF00689,PF00690,PF08282,PF13246	TIGR01494	PS00154	SM00831		SSF56784,SSF81653,SSF81660,SSF81665	12	
APU25_25455	matches_api	IPR005336	PF03650						1	
APU25_25460	ips6_local								0	
APU25_25465	ips6_local	IPR001288,IPR009069,IPR019814,IPR036787,IPR036788	PF05198	TIGR00168	PS51808			SSF47072,SSF54364,SSF55200	6	
APU25_25470	matches_api								0	
APU25_25475	ips6_local	IPR002659	PF01762					SSF82171	2	
APU25_25480	matches_api								0	
APU25_25485	matches_api								0	
APU25_25490	matches_api								0	
APU25_25495	matches_api	IPR000850,IPR006259,IPR027417,IPR033690,IPR036193	PF00406	TIGR01351	PS00113		cd01428	SSF52540,SSF57774	6	
APU25_25500	ips6_local	IPR000608,IPR016135,IPR023313	PF00179		PS00183,PS50127	SM00212	cd23812	SSF54495	6	
APU25_25505	matches_api	IPR002922,IPR036188	PF01946	TIGR00292				SSF51905	3	IPR027495
APU25_25510	ips6_local	IPR000330,IPR001650,IPR001841,IPR014001,IPR017907,IPR027417,IPR049730	PF00176,PF00271,PF15227		PS00518,PS50089,PS51192,PS51194	SM00184,SM00487,SM00490	cd16567,cd18008,cd18793	SSF52540,SSF57850	15	
APU25_25515	ips6_local	IPR001792,IPR017968,IPR036046	PF00708		PS00150,PS51160			SSF54975	4	
APU25_25520	ips6_local								0	
APU25_25525	matches_api	IPR002740,IPR015947,IPR047197	PF01878				cd21133	SSF88697	3	IPR052181
APU25_25530	ips6_local	IPR005114	PF03457						1	
APU25_25535	ips6_local	IPR010334	PF06058				cd13182	SSF50729	3	
APU25_25540	ips6_local	IPR001173,IPR029044,IPR035518	PF00535				cd04188	SSF53448	3	
APU25_25545	matches_api	IPR001680,IPR011047,IPR012972,IPR019775	PF00400,PF08154		PS00678,PS50082,PS50294	SM00320	cd00200	SSF50998	8	IPR001632,IPR015943,IPR020472
APU25_25550	ips6_local	IPR000687,IPR011009,IPR015285,IPR018934,IPR030484,IPR036390	PF01163,PF09202			SM00090	cd05144	SSF46785,SSF56112	6	
APU25_25555	ips6_local	IPR008862	PF05794						1	
APU25_25560	ips6_local								0	
APU25_25565	ips6_local								0	
APU25_25570	matches_api	IPR011701,IPR020846,IPR036259	PF07690		PS50850			SSF103473	3	IPR044770
APU25_25575	matches_api	IPR000504,IPR035979	PF00076		PS50102	SM00360	cd12344,cd12345	SSF54928	6	IPR012677,IPR050825
APU25_25580	ips6_local	IPR005069,IPR029044	PF03407					SSF53448	2	
APU25_25585	matches_api	IPR005069,IPR029044	PF03407					SSF53448	2	IPR053250
APU25_25590	matches_api	IPR005069	PF03407						1	IPR044290
APU25_25595	ips6_local	IPR005069	PF03407						1	
APU25_25600	matches_api	IPR003871,IPR004591,IPR012340,IPR013955,IPR031657,IPR047192	PF02721,PF08646,PF16900	TIGR00617			cd04474,cd04475,cd04476	SSF50249	8	
APU25_25605	ips6_local	IPR011009	PF01633				cd05157	SSF56112	3	
APU25_25610	matches_api	IPR000182,IPR016181	PF00583		PS51186		cd04301	SSF55729	4	IPR045039
APU25_25615	ips6_local	IPR056792	PF24986						1	
APU25_25620	matches_api	IPR004139,IPR029044	PF03071					SSF53448	2	IPR052261
APU25_25625	matches_api	IPR022742,IPR029058	PF12146					SSF53474	2	IPR050471
APU25_25630	ips6_local	IPR019315	PF10159						1	
APU25_25635	matches_api	IPR006630,IPR035979,IPR036390	PF05383		PS50961	SM00715		SSF46785,SSF54928	5	IPR002344,IPR012677,IPR036388,IPR045180
APU25_25640	matches_api	IPR003034,IPR010979,IPR012319,IPR015886,IPR035937	PF01149,PF02037,PF06831		PS50800,PS51068	SM00513,SM00898,SM01232		SSF46946,SSF57716,SSF81624	11	
APU25_25645	ips6_local	IPR046347						SSF57959	1	
APU25_25650	ips6_local	IPR007523,IPR036748	PF04430					SSF64076	2	
APU25_25655	ips6_local	IPR002208,IPR023201	PF00344					SSF103491	2	
APU25_25660	ips6_local	IPR004154	PF03129					SSF52954	2	
APU25_25665	matches_api	IPR000595,IPR005821,IPR018490	PF00520		PS50042	SM00100	cd00038	SSF51206,SSF81324	6	IPR003938,IPR014710,IPR045319
APU25_25670	ips6_local	IPR001680,IPR001810,IPR036047,IPR036322	PF00400,PF12937		PS50082,PS50181,PS50294	SM00256,SM00320	cd09917	SSF50978,SSF81383	10	
APU25_25675	ips6_local	IPR000717,IPR008905,IPR036390	PF01399,PF05470		PS50250	SM00088		SSF46785	5	
APU25_25680	ips6_local	IPR002659,IPR029063	PF01762					SSF53335	2	
APU25_25685	matches_api								0	
APU25_25690	ips6_local	IPR003593,IPR003959,IPR003960,IPR027417,IPR041569	PF00004,PF17862		PS00674	SM00382		SSF52540	5	
APU25_25695	ips6_local								0	
APU25_25700	ips6_local								0	
APU25_25705	ips6_local								0	
APU25_25710	ips6_local								0	
APU25_25715	matches_api	IPR002173,IPR011611,IPR011877,IPR029056	PF00294		PS00584		cd01174	SSF53613	4	IPR002139,IPR017583
APU25_25720	matches_api	IPR005182	PF03703						1	
APU25_25725	matches_api	IPR000571,IPR036855,IPR054429	PF14608,PF22628		PS50103	SM00356		SSF90229	5	
APU25_25730	matches_api								0	
APU25_25735	matches_api	IPR005645,IPR029058	PF03959					SSF53474	2	
APU25_25740	matches_api	IPR001841,IPR011990,IPR017907,IPR019734	PF13424		PS00518,PS50005,PS50089	SM00028,SM00184		SSF48452,SSF57850	8	IPR013083
APU25_25745	ips6_local								0	
APU25_25750	ips6_local								0	
APU25_25755	matches_api	IPR001594	PF01529		PS50216				2	IPR039859
APU25_25760	matches_api								0	
APU25_25765	matches_api	IPR011762,IPR011763,IPR029045,IPR034733	PF01039		PS50980,PS50989			SSF52096	4	IPR051047
APU25_25770	ips6_local	IPR005612,IPR011501,IPR016024	PF03914,PF07540					SSF48371	3	
APU25_25775	matches_api	IPR004324,IPR036259,IPR039309	PF03092	TIGR00788	PS51257		cd17484	SSF103473	5	
APU25_25780	matches_api	IPR003736,IPR006683,IPR029069	PF03061	TIGR00369			cd03443	SSF54637	4	IPR039298
APU25_25785	matches_api	IPR003736,IPR006683,IPR029069	PF03061	TIGR00369			cd03443	SSF54637	4	IPR039298
APU25_25790	matches_api	IPR054549,IPR055412	PF04884,PF24160						2	IPR006968
APU25_25795	matches_api	IPR019410,IPR029063	PF10294				cd02440	SSF53335	3	
APU25_25800	matches_api	IPR001547,IPR003582,IPR017853	PF26410		PS51670			SSF51445	3	IPR045053
APU25_25805	matches_api								0	
APU25_25810	matches_api	IPR019514,IPR019515	PF10474,PF10475						2	IPR040047
APU25_25815	matches_api								0	
APU25_25820	ips6_local	IPR001680,IPR011047,IPR057852,IPR057853,IPR057854	PF23751,PF23752,PF23753		PS50082,PS51257	SM00320		SSF50998	7	
APU25_25825	matches_api	IPR001487,IPR036427	PF00439		PS50014	SM00297	cd04369	SSF47370	5	
APU25_25830	ips6_local	IPR000719,IPR008271,IPR011009,IPR013212,IPR017441,IPR027084	PF00069		PS00107,PS00108,PS50011	SM00220,SM00777	cd14131	SSF56112	8	
APU25_25835	ips6_local	IPR027951	PF14780						1	
APU25_25840	ips6_local								0	
APU25_25845	matches_api	IPR002048,IPR007736,IPR011992	PF05042		PS50222			SSF47473	3	
APU25_25850	matches_api	IPR001680,IPR019775,IPR036322	PF24796		PS00678,PS50082	SM00320		SSF50978	5	IPR015943,IPR050505
APU25_25855	matches_api	IPR018527,IPR024934,IPR024935	PF00301		PS00202,PS50903		cd00730	SSF57802	5	IPR050526
APU25_25860	ips6_local	IPR000626,IPR001650,IPR011545,IPR014001,IPR018973,IPR027417,IPR029071	PF00270,PF00271,PF09369		PS50053,PS51192,PS51194	SM00487,SM00490	cd17039,cd17923,cd18797	SSF52540,SSF54236	13	
APU25_25865	ips6_local	IPR001810,IPR036047	PF12937					SSF81383	2	
APU25_25870	matches_api								0	
APU25_25875	matches_api	IPR005835,IPR029044,IPR056764	PF00483,PF25084				cd04652	SSF53448	4	IPR051960
APU25_25880	matches_api	IPR002554,IPR016024	PF01603					SSF48371	2	IPR011989
APU25_25885	ips6_local	IPR000504,IPR035979	PF00076		PS50102	SM00360		SSF54928	4	
APU25_25890	matches_api								0	IPR006759
APU25_25895	ips6_local								0	
APU25_25900	matches_api	IPR000640,IPR000795,IPR004540,IPR005225,IPR005517,IPR009000,IPR009022,IPR020568,IPR027417,IPR031157,IPR035647,IPR035649,IPR041095,IPR047872,IPR053905	PF00009,PF00679,PF03764,PF14492,PF22042	NF009379,NF009381,TIGR00231,TIGR00484	PS00301,PS51722	SM00838,SM00889	cd01434,cd01886,cd03713,cd04088,cd16262	SSF50447,SSF52540,SSF54211,SSF54980	22	IPR014721
APU25_25905	matches_api								0	
APU25_25910	matches_api	IPR001163,IPR010920,IPR034103,IPR047575	PF01423		PS52002	SM00651	cd01727	SSF50182	5	IPR044642
APU25_25915	ips6_local								0	
APU25_25920	matches_api								0	
APU25_25925	ips6_local	IPR011032,IPR013154,IPR020843,IPR036291	PF08240,PF13602			SM00829	cd05289	SSF50129,SSF51735	6	
APU25_25930	matches_api	IPR018108,IPR023395	PF00153		PS50920			SSF103506	3	IPR002067,IPR049563
APU25_25935	matches_api	IPR006254,IPR015813,IPR018523,IPR039556	PF00463	NF011645,TIGR01346	PS00161		cd00377	SSF51621	6	IPR040442
APU25_25940	matches_api	IPR023485,IPR036196	PF01451			SM00226		SSF52788	3	IPR050438
APU25_25945	matches_api	IPR004424,IPR006204,IPR013750,IPR020568,IPR036554	PF00288,PF08544	TIGR00154				SSF54211,SSF55060	5	IPR014721
APU25_25950	ips6_local	IPR008166	PF01697						1	
APU25_25955	matches_api	IPR019265	PF10036						1	
APU25_25960	matches_api	IPR014905	PF08797						1	
APU25_25965	matches_api								0	
APU25_25970	matches_api	IPR000504,IPR001876,IPR035623,IPR035979,IPR036443,IPR041591	PF00076,PF17780		PS01358,PS50102,PS50199	SM00360,SM00547	cd00590,cd16166	SSF54928,SSF90209	11	IPR012677
APU25_25975	matches_api	IPR016030,IPR029499,IPR036451	PF01923	TIGR00636				SSF89028	3	
APU25_25980	ips6_local	IPR019024,IPR040456,IPR041195	PF09468,PF17745				cd09270		3	
APU25_25985	matches_api	IPR009563	PF06677						1	IPR051888
APU25_25990	matches_api	IPR019186	PF09805						1	
APU25_25995	matches_api	IPR000743,IPR011050	PF00295					SSF51126	2	IPR012334,IPR051801
APU25_26000	ips6_local	IPR001465,IPR006252,IPR011076,IPR019830,IPR048355,IPR048356	PF01274,PF20656,PF20659	TIGR01344	PS00510		cd00727	SSF51645	7	
APU25_26005	ips6_local								0	
APU25_26010	ips6_local	IPR019448	PF10358		PS51840				2	
APU25_26015	ips6_local	IPR017395,IPR029058	PF07224					SSF53474	2	
APU25_26020	matches_api	IPR007667	PF04588		PS51503				2	IPR040153
APU25_26025	ips6_local	IPR003726,IPR036589	PF02574		PS50970			SSF82282	3	
APU25_26030	ips6_local								0	
APU25_26035	ips6_local								0	
APU25_26040	ips6_local								0	
APU25_26045	ips6_local	IPR002557,IPR004302,IPR036508	PF01607,PF03067		PS50940,PS51257	SM00494		SSF57625	6	
APU25_26050	matches_api	IPR040453,IPR040661	PF03962,PF18517						2	IPR005647
APU25_26055	matches_api								0	
APU25_26060	matches_api	IPR057668	PF09418						1	IPR018553
APU25_26065	matches_api	IPR023696,IPR023801	PF00850				cd09991	SSF52768	3	IPR000286,IPR003084,IPR037138
APU25_26070	matches_api	IPR002994	PF02104		PS50895		cd06662		3	IPR045214
APU25_26075	matches_api		PF02466						1	IPR039175
APU25_26080	matches_api								0	
APU25_26085	matches_api	IPR002885,IPR033443	PF13812,PF17177	TIGR00756	PS51375				4	IPR011990
APU25_26090	matches_api	IPR003347	PF08007		PS51184			SSF51197	3	IPR039994
APU25_26095	matches_api	IPR001680,IPR036322	PF00400		PS50082,PS50294	SM00320		SSF50978	5	IPR015943
APU25_26100	matches_api	IPR003034,IPR036361	PF02037			SM00513		SSF68906	3	
APU25_26105	ips6_local	IPR013744,IPR029058	PF08538					SSF53474	2	
APU25_26110	matches_api	IPR003107,IPR011990,IPR055430	PF23231			SM00386		SSF48452	3	IPR045209
APU25_26115	matches_api	IPR028144	PF12734						1	
APU25_26120	ips6_local	IPR003666,IPR036577	PF02507					SSF81536	2	
APU25_26125	ips6_local	IPR003593,IPR003959,IPR027417,IPR047854	PF00004			SM00382	cd00009,cd18140	SSF52540	5	
APU25_26130	ips6_local	IPR011012,IPR028565,IPR036168	PF00928		PS51072		cd14838	SSF49447,SSF64356	5	
APU25_26135	matches_api				PS51808				1	IPR039289
APU25_26140	matches_api	IPR000953,IPR002717,IPR016181,IPR016197,IPR025995,IPR040706	PF01853,PF11717,PF17772		PS51726	SM00298	cd04301	SSF54160,SSF55729	8	IPR036388,IPR050603
APU25_26145	matches_api	IPR013657,IPR037185	PF08449					SSF103481	2	
APU25_26150	matches_api								0	
APU25_26155	matches_api	IPR005016	PF03348						1	
APU25_26160	matches_api	IPR022796	PF00504					SSF103511	2	IPR001344
APU25_26165	matches_api	IPR000504,IPR035979	PF00076		PS50102	SM00360		SSF54928	4	IPR012677
APU25_26170	matches_api	IPR000206,IPR008932,IPR013823,IPR014719,IPR036235	PF00542,PF16320	TIGR00855	PS51257		cd00387	SSF48300,SSF54736	7	
APU25_26175	ips6_local	IPR000253,IPR008984	PF00498		PS50006	SM00240		SSF49879	4	
APU25_26180	ips6_local	IPR000719,IPR011009,IPR024604	PF12330		PS50011	SM01331		SSF56112	4	
APU25_26185	matches_api	IPR004038,IPR022991,IPR029064	PF01248	NF002172	PS00709,PS00993			SSF55315	5	IPR000231,IPR039109
APU25_26190	ips6_local	IPR004977	PF03297						1	
APU25_26195	matches_api	IPR008883,IPR016135,IPR017916,IPR037202	PF05743,PF09454		PS51312,PS51322		cd11685	SSF140111,SSF54495	7	IPR052070
APU25_26200	matches_api								0	
APU25_26205	ips6_local	IPR003035	PF02042		PS51519				2	
APU25_26210	ips6_local	IPR006594,IPR016024,IPR063590	PF30357		PS50896	SM00667		SSF48371	4	
APU25_26215	ips6_local	IPR001351,IPR004044,IPR005703,IPR009019,IPR036419	PF00189,PF07650	NF003219,TIGR01008	PS50823		cd02413	SSF54814,SSF54821	8	
APU25_26220	ips6_local	IPR000504,IPR035979	PF00076		PS50102	SM00360	cd12246,cd12247	SSF54928	6	
APU25_26225	matches_api	IPR001683,IPR036871	PF00787		PS50195	SM00312	cd06093	SSF64268	5	IPR044588
APU25_26230	matches_api								0	
APU25_26235	matches_api	IPR002999			PS50304	SM00333	cd04508	SSF63748	4	
APU25_26240	matches_api	IPR002553,IPR009028,IPR013041,IPR015151,IPR016024	PF01602,PF09066			SM01020		SSF48371,SSF49348,SSF55711	6	IPR011989,IPR012295,IPR013037,IPR026739
APU25_26245	matches_api	IPR001494,IPR016024			PS50166			SSF48371	2	IPR011989,IPR044189
APU25_26250	ips6_local	IPR001623,IPR011990,IPR019734,IPR036869	PF00226		PS50076	SM00028,SM00271	cd06257	SSF46565,SSF48452	7	
APU25_26255	ips6_local	IPR011701,IPR036259	PF07690				cd06174	SSF103473	3	
APU25_26260	matches_api	IPR007873	PF05208						1	
APU25_26265	ips6_local								0	
APU25_26270	matches_api								0	
APU25_26275	matches_api	IPR005475,IPR005477,IPR009014,IPR020826,IPR029061,IPR033248,IPR049557	PF02779,PF02780,PF13292	NF003933,TIGR00204	PS00801,PS00802	SM00861	cd02007,cd07033	SSF52518,SSF52922	12	
APU25_26280	matches_api	IPR001680,IPR018983,IPR036322	PF00400,PF09384		PS50082,PS50294	SM00320	cd00200	SSF50978	7	IPR015943
APU25_26285	matches_api	IPR005804	PF00487				cd03507		2	IPR012171
APU25_26290	matches_api	IPR008183,IPR011013,IPR025532	PF01263				cd09020	SSF74650	3	IPR014718
APU25_26295	matches_api	IPR004202	PF02935						1	
APU25_26300	ips6_local	IPR010357,IPR036249	PF06110					SSF52833	2	
APU25_26305	matches_api						cd10537		1	IPR040415
APU25_26310	ips6_local	IPR015947,IPR034750			PS51788			SSF88697	2	
APU25_26315	ips6_local	IPR000683,IPR036291,IPR055170	PF01408,PF22725					SSF51735,SSF55347	4	
APU25_26320	ips6_local	IPR002989	PF01469						1	
APU25_26325	ips6_local	IPR008728	PF05625						1	
APU25_26330	matches_api	IPR011701,IPR020846,IPR036259	PF07690		PS50850			SSF103473	3	IPR044770
APU25_26335	ips6_local	IPR002942,IPR006145,IPR006224,IPR020103	PF00849,PF01479		PS01129,PS50889	SM00363	cd00165,cd02869	SSF55120,SSF55174	9	
APU25_26340	matches_api								0	
APU25_26345	matches_api	IPR010655,IPR027417,IPR032319,IPR032324	PF06807,PF16573,PF16575					SSF52540	4	IPR028606,IPR038238,IPR038239,IPR045116
APU25_26350	ips6_local	IPR000757,IPR013320	PF00722		PS51762		cd08023	SSF49899	4	
APU25_26355	ips6_local	IPR001251,IPR011074,IPR036273,IPR036865	PF00650,PF03765		PS50191	SM00516,SM01100	cd00170	SSF46938,SSF52087	8	
APU25_26360	ips6_local	IPR007174	PF04031						1	
APU25_26365	ips6_local	IPR004827,IPR046347	PF00170		PS50217	SM00338	cd14686	SSF57959	5	
APU25_26370	matches_api								0	
APU25_26375	ips6_local	IPR002579,IPR011057	PF01641	TIGR00357	PS51790			SSF51316	4	
APU25_26380	matches_api	IPR000092,IPR008949,IPR033749	PF00348		PS00444,PS00723		cd00685	SSF48576	5	IPR039702
APU25_26385	ips6_local	IPR005835,IPR005836,IPR011004,IPR029044,IPR064045	PF00483,PF25247	NF002772	PS00808,PS00809		cd02508,cd04651	SSF51161,SSF53448	9	
APU25_26390	matches_api	IPR001469,IPR020546,IPR036771	PF02823				cd12152	SSF51344	3	
APU25_26395	matches_api	IPR006597	PF08238			SM00671		SSF81901	3	IPR011990,IPR050767
APU25_26400	ips6_local	IPR002659	PF01762						1	
APU25_26405	matches_api	IPR000719,IPR008271,IPR011009	PF00069		PS00108,PS50011	SM00220		SSF56112	5	IPR030616
APU25_26410	ips6_local								0	
APU25_26415	ips6_local								0	
APU25_26420	ips6_local	IPR002816,IPR046345	PF01963				cd14726		2	
APU25_26425	ips6_local	IPR011990,IPR019734	PF13432		PS50005	SM00028		SSF48452	4	
APU25_26430	ips6_local	IPR002035,IPR003593,IPR011704,IPR025662,IPR027417,IPR036465,IPR040848,IPR041190,IPR048617	PF07728,PF17865,PF17867,PF21108		PS00675,PS50234	SM00382	cd00009	SSF52540,SSF53300	10	
APU25_26435	ips6_local	IPR001471,IPR016177	PF00847		PS51032	SM00380	cd00018	SSF54171	5	
APU25_26440	matches_api	IPR011990,IPR019183	PF09797,PF31234					SSF48452	3	
APU25_26445	matches_api								0	
APU25_26450	matches_api	IPR006076,IPR006181	PF01266		PS00677			SSF51971,SSF54373	4	IPR023209
APU25_26455	matches_api								0	
APU25_26460	matches_api	IPR002698,IPR037171	PF01812	TIGR02727				SSF100950	3	IPR024185
APU25_26465	matches_api								0	
APU25_26470	ips6_local	IPR019165	PF09768						1	
APU25_26475	matches_api	IPR003409	PF02493			SM00698		SSF82185	3	
APU25_26480	matches_api	IPR001164,IPR037278	PF01412		PS50115	SM00105	cd08830	SSF57863	5	IPR038508,IPR044519
APU25_26485	ips6_local	IPR029071					cd01763	SSF54236	2	
APU25_26490	ips6_local								0	
APU25_26495	matches_api	IPR002328,IPR011032,IPR013149,IPR013154,IPR020843,IPR036291,IPR047109	PF00107,PF08240		PS00059	SM00829	cd05283	SSF50129,SSF51735	7	
APU25_26500	ips6_local	IPR005123			PS51471				1	
APU25_26505	matches_api	IPR002044,IPR013784			PS51166			SSF49452	2	IPR013783
APU25_26510	ips6_local	IPR006476	PF09713	TIGR01589					2	
APU25_26515	matches_api	IPR011990,IPR019734,IPR021183	PF12569,PF13181		PS50005	SM00028		SSF48452	5	
APU25_26520	ips6_local	IPR003593,IPR010995,IPR011940,IPR013632,IPR020587,IPR020588,IPR027417	PF08423	NF003301,TIGR02238	PS50162,PS50163	SM00382		SSF47794,SSF52540	8	
APU25_26525	matches_api	IPR006640	PF10263			SM00731			2	IPR044245
APU25_26530	matches_api	IPR007881	PF05216						1	
APU25_26535	matches_api	IPR002735,IPR003307,IPR016024,IPR016189,IPR016190	PF01873,PF02020		PS51363	SM00515,SM00653		SSF100966,SSF48371,SSF75689	8	IPR045196
APU25_26540	ips6_local	IPR000209,IPR003137,IPR003903,IPR008979,IPR023828,IPR034058,IPR036852,IPR046450	PF00082,PF02225		PS00138,PS50330,PS51892	SM00726	cd04842	SSF49785,SSF52025,SSF52743	10	
APU25_26545	matches_api								0	
APU25_26550	matches_api								0	
APU25_26555	ips6_local	IPR003029,IPR012340,IPR057300,IPR057301,IPR057302	PF00575,PF23459,PF24682,PF24685		PS50126	SM00316		SSF50249	7	
APU25_26560	matches_api	IPR029071,IPR039540	PF13881					SSF54236	2	IPR040015
APU25_26565	matches_api	IPR002498	PF01504		PS51455	SM00330	cd17302	SSF56104,SSF82185	6	IPR023610,IPR027483,IPR027484
APU25_26570	ips6_local	IPR000504,IPR000571,IPR003954,IPR035979	PF00076,PF00642		PS50102,PS50103	SM00356,SM00361	cd12539	SSF54928	8	
APU25_26575	matches_api	IPR001715,IPR004953,IPR036133,IPR036872	PF00307,PF03271		PS50021,PS51230			SSF140612,SSF47576	6	IPR027328
APU25_26580	matches_api	IPR018108,IPR023395	PF00153		PS50920			SSF103506	3	IPR002067
APU25_26585	matches_api	IPR032482	PF16477		PS51257		cd10791		3	
APU25_26590	ips6_local								0	
APU25_26595	ips6_local	IPR023573	PF01775					SSF160374	2	
APU25_26600	matches_api	IPR001394,IPR018200,IPR028889,IPR038765	PF00443		PS00972,PS00973,PS50235		cd02663	SSF54001	6	IPR050164
APU25_26605	matches_api	IPR002109,IPR033658,IPR036249	PF00462		PS51354		cd03028	SSF52833	4	IPR004480
APU25_26610	ips6_local	IPR004911	PF03227						1	
APU25_26615	ips6_local	IPR001623,IPR018253,IPR026894,IPR036869	PF00226,PF14308		PS00636,PS50076	SM00271	cd06257	SSF46565	7	
APU25_26620	ips6_local								0	
APU25_26625	matches_api	IPR004853	PF03151						1	IPR050186
APU25_26630	matches_api	IPR005552,IPR025659	PF03803					SSF54518	2	
APU25_26635	ips6_local	IPR023210,IPR036812	PF00248					SSF51430	2	
APU25_26640	matches_api	IPR000073,IPR000952,IPR029058	PF00561		PS01133			SSF53474	3	IPR012020,IPR050960
APU25_26645	matches_api	IPR001841,IPR024766	PF12678		PS50089	SM00184		SSF57850	4	IPR013083,IPR040176
APU25_26650	matches_api	IPR001830,IPR003337,IPR006379,IPR036412	PF00982,PF02358	TIGR00685,TIGR01484			cd01627,cd03788	SSF53756,SSF56784	8	IPR023214
APU25_26655	matches_api	IPR000150,IPR006379,IPR036412	PF08282	TIGR00099,TIGR01484	PS01229			SSF56784	5	IPR023214
APU25_26660	ips6_local	IPR006342,IPR029063	PF05050	TIGR01444				SSF53335	3	
APU25_26665	matches_api								0	
APU25_26670	matches_api								0	
APU25_26675	ips6_local	IPR039204,IPR045863	PF22099				cd12823	SSF144083	3	
APU25_26680	matches_api	IPR029069,IPR033120			PS51770		cd03442	SSF54637	3	
APU25_26685	matches_api	IPR000326,IPR036938	PF01569			SM00014		SSF48317	3	IPR043216
APU25_26690	ips6_local	IPR049625	PF04577						1	
APU25_26695	ips6_local	IPR004333,IPR036893	PF03110		PS51141			SSF103612	3	
APU25_26700	matches_api								0	
APU25_26705	ips6_local	IPR006843	PF04755						1	
APU25_26710	ips6_local	IPR000504,IPR002059,IPR011129,IPR012340,IPR019844,IPR035979	PF00076,PF00313		PS00352,PS50102,PS51857	SM00357,SM00360	cd04458	SSF50249,SSF54928	10	
APU25_26715	ips6_local	IPR025749	PF14360						1	
APU25_26720	matches_api	IPR002379,IPR011555,IPR035921	PF00137	TIGR01100			cd18175,cd18176	SSF81333	5	IPR000245
APU25_26725	matches_api	IPR002048,IPR002872,IPR011992,IPR018247,IPR029041	PF01619,PF13499		PS00018,PS50222	SM00054	cd00051	SSF47473,SSF51730	8	IPR015659
APU25_26730	ips6_local	IPR027417						SSF52540	1	
APU25_26735	matches_api	IPR000131,IPR023632,IPR035968	PF00231	NF004145,TIGR01146	PS00153		cd12151	SSF52943	6	
APU25_26740	matches_api	IPR006845	PF04757				cd16451	SSF57850	3	IPR013083,IPR017375
APU25_26745	ips6_local	IPR001623,IPR018253,IPR036869	PF00226		PS00636,PS50076	SM00271	cd06257	SSF46565	6	
APU25_26750	ips6_local								0	
APU25_26755	ips6_local								0	
APU25_26760	ips6_local								0	
APU25_26765	matches_api	IPR012337,IPR013520,IPR034922	PF00929			SM00479	cd06145	SSF53098	4	IPR036397,IPR047021
APU25_26770	matches_api	IPR001509,IPR036291	PF01370				cd05255	SSF51735	3	
APU25_26775	matches_api	IPR001404,IPR003594,IPR020568,IPR020575,IPR036890,IPR037196	PF00183,PF13589	NF003555		SM00387	cd16927	SSF110942,SSF54211,SSF55874	8	
APU25_26780	matches_api								0	
APU25_26785	matches_api								0	
APU25_26790	ips6_local								0	
APU25_26795	ips6_local								0	
APU25_26800	ips6_local	IPR013969	PF08660						1	
APU25_26805	matches_api							SSF101447	1	
APU25_26810	matches_api	IPR007841	PF05167					SSF51998	2	
APU25_26815	matches_api	IPR010756	PF07052						1	
APU25_26820	matches_api	IPR000719,IPR011009	PF00069		PS50011	SM00220	cd14003	SSF56112	5	
APU25_26825	ips6_local	IPR000504,IPR034350,IPR035979	PF00076		PS50102	SM00360	cd12451	SSF54928	5	
APU25_26830	matches_api	IPR000814,IPR030491,IPR033710	PF00352		PS00351		cd04516	SSF55945	4	IPR012295
APU25_26835	ips6_local	IPR000456,IPR036373,IPR047859	PF01196	TIGR00059	PS01167			SSF64263	4	
APU25_26840	matches_api								0	
APU25_26845	ips6_local	IPR000705,IPR006203,IPR006204,IPR013750,IPR019539,IPR019741,IPR020568,IPR036554	PF00288,PF08544,PF10509	TIGR00131	PS00106,PS00627			SSF54211,SSF55060	8	
APU25_26850	ips6_local	IPR009829	PF07160						1	
APU25_26855	matches_api	IPR001266,IPR018277,IPR036390	PF01090		PS00628	SM01413		SSF46785	4	IPR036388
APU25_26860	matches_api								0	
APU25_26865	matches_api	IPR002921,IPR029058,IPR063390	PF01764,PF31009				cd00519	SSF53474	4	IPR052214
APU25_26870	matches_api	IPR007379,IPR032710	PF04280			SM00978		SSF54427	3	IPR051975
APU25_26875	ips6_local	IPR008880,IPR008881,IPR027304,IPR036611	PF05697,PF05698					SSF102735,SSF109998	4	
APU25_26880	ips6_local								0	
APU25_26885	matches_api								0	
APU25_26890	matches_api	IPR003439,IPR003593,IPR011527,IPR017871,IPR027417,IPR036640,IPR044726,IPR044746	PF00005,PF00664		PS00211,PS50893,PS50929	SM00382	cd03244,cd03250,cd18579,cd18580	SSF52540,SSF90123	12	IPR050173
APU25_26895	ips6_local								0	
APU25_26900	ips6_local	IPR002052,IPR029063	PF06325		PS00092		cd02440	SSF53335	4	
APU25_26905	matches_api	IPR000361,IPR016092,IPR017870,IPR035903	PF01521	TIGR00049	PS01152			SSF89360	4	IPR050322
APU25_26910	matches_api	IPR001199,IPR036400	PF00173			SM01117		SSF55856	3	IPR050577
APU25_26915	matches_api	IPR000719,IPR001245,IPR008271,IPR011009,IPR017441	PF07714		PS00107,PS00108,PS50011	SM00220	cd13999	SSF56112	7	IPR051681
APU25_26920	ips6_local	IPR000719,IPR001245,IPR008271,IPR011009,IPR017441	PF07714		PS00107,PS00108,PS50011	SM00220	cd13999	SSF101447,SSF56112	8	
APU25_26925	ips6_local	IPR060132	PF28232						1	
APU25_26930	ips6_local								0	
APU25_26935	ips6_local	IPR000192,IPR005302,IPR005303,IPR015424	PF00266,PF03473,PF03476		PS51340			SSF141673,SSF53383	6	
APU25_26940	matches_api	IPR001757,IPR004014,IPR005782,IPR006068,IPR008250,IPR018303,IPR023298,IPR023299,IPR036412,IPR059000	PF00122,PF00689,PF00690,PF08282,PF13246	TIGR01116,TIGR01494	PS00154	SM00831		SSF56784,SSF81653,SSF81660,SSF81665	13	IPR023214,IPR044492
APU25_26945	ips6_local								0	
APU25_26950	ips6_local	IPR001841,IPR008913,IPR012312,IPR017921,IPR037274,IPR037275,IPR039512	PF01814,PF05495,PF13639,PF14599		PS50089,PS51266,PS51270	SM00184	cd12108,cd16464	SSF161219,SSF161245,SSF57850	13	
APU25_26955	ips6_local	IPR007853	PF05180		PS51501				2	
APU25_26960	matches_api	IPR001752,IPR019821,IPR027417	PF00225		PS00411,PS50067	SM00129		SSF52540	5	IPR027640,IPR036961
APU25_26965	ips6_local	IPR001453,IPR005110,IPR005111,IPR008284,IPR036135,IPR036425,IPR036688,IPR038987	PF00994,PF03453,PF03454	TIGR00177	PS01079	SM00852	cd00887	SSF53218,SSF63867,SSF63882	10	
APU25_26970	matches_api	IPR000873,IPR020845,IPR025110	PF00501,PF13193		PS00455		cd05917	SSF56801	5	IPR042099,IPR045851
APU25_26975	ips6_local								0	
APU25_26980	matches_api								0	
APU25_26985	ips6_local	IPR003807,IPR004331,IPR018966	PF02656,PF09359		PS51382		cd14447		4	
APU25_26990	ips6_local	IPR004843,IPR008963,IPR015914,IPR025733,IPR029052,IPR041792	PF00149,PF14008,PF16656				cd00839	SSF49363,SSF56300	6	
APU25_26995	ips6_local								0	
APU25_27000	ips6_local								0	
APU25_27005	matches_api	IPR001247,IPR015847,IPR020568,IPR036345	PF01138,PF03725					SSF54211,SSF55666	4	IPR027408,IPR050590
APU25_27010	matches_api	IPR001236,IPR001252,IPR010945,IPR011274,IPR015955,IPR022383,IPR036291	PF00056,PF02866	NF003916,TIGR01758,TIGR01759	PS00068		cd01336	SSF51735,SSF56327	9	IPR001557
APU25_27015	ips6_local	IPR011598,IPR036638,IPR057075	PF23177		PS50888	SM00353	cd11446	SSF47459	5	
APU25_27020	ips6_local	IPR004839,IPR015424	PF00155					SSF53383	2	
APU25_27025	matches_api	IPR001494,IPR013598,IPR014877,IPR016024,IPR040485,IPR041123,IPR041235	PF03810,PF08389,PF08767,PF18777,PF18784,PF18787		PS50166	SM00913,SM01102		SSF48371	10	IPR011989,IPR045065
APU25_27030	ips6_local	IPR000719,IPR001245,IPR008271,IPR011009,IPR016024,IPR017441	PF07714		PS00107,PS00108,PS50011	SM00220	cd13999	SSF48371,SSF56112	8	
APU25_27035	matches_api	IPR000719,IPR001245,IPR008271,IPR011009,IPR016024,IPR017441	PF07714		PS00107,PS00108,PS50011	SM00220		SSF48371,SSF56112	7	IPR011989,IPR051681
APU25_27040	ips6_local	IPR018170,IPR023210,IPR036812	PF00248		PS00062,PS00798		cd19071	SSF51430	5	
APU25_27045	ips6_local	IPR018170,IPR023210,IPR036812	PF00248		PS00062,PS00798		cd19071	SSF51430	5	
APU25_27050	ips6_local	IPR001412,IPR002547,IPR009080,IPR012340,IPR014758,IPR015413,IPR029038,IPR033911,IPR041872	PF01588,PF09334,PF19303	NF001100,TIGR00398	PS00178,PS50886		cd00814,cd02799	SSF47323,SSF50249,SSF52374,SSF57770	13	
APU25_27055	ips6_local	IPR000467	PF01585		PS50174	SM00443			3	
APU25_27060	ips6_local								0	
APU25_27065	matches_api	IPR004843,IPR029052	PF00149					SSF56300	2	IPR051558
APU25_27070	ips6_local	IPR006140,IPR036291	PF02826				cd12164	SSF51735	3	
APU25_27075	ips6_local	IPR003593,IPR013632,IPR020588,IPR027417	PF08423		PS50162	SM00382		SSF52540	4	
APU25_27080	matches_api	IPR060336	PF27515						1	IPR040377
APU25_27085	ips6_local	IPR000760,IPR020550,IPR020583,IPR033942	PF00459		PS00629,PS00630		cd01639	SSF56655	5	
APU25_27090	ips6_local								0	
APU25_27095	matches_api	IPR001810,IPR036047,IPR045464	PF12937,PF19270		PS50181	SM00256	cd22151	SSF81383	6	
APU25_27100	matches_api	IPR003582			PS51257,PS51670				2	
APU25_27105	ips6_local	IPR001763,IPR022111,IPR036873,IPR040503	PF00581,PF12368,PF17773	NF001133	PS50206	SM00450		SSF52821	7	
APU25_27110	ips6_local	IPR015257	PF09174						1	
APU25_27115	matches_api	IPR023222,IPR029000,IPR048563	PF21329					SSF101112,SSF50891	3	IPR044259
APU25_27120	ips6_local								0	
APU25_27125	ips6_local	IPR001608,IPR011078,IPR029066	PF01168	TIGR00044	PS01211		cd06822	SSF51419	5	
APU25_27130	ips6_local								0	
APU25_27135	ips6_local	IPR033464	PF10075						1	
APU25_27140	matches_api	IPR002685,IPR029044	PF01793					SSF53448	2	
APU25_27145	ips6_local	IPR000198,IPR008936	PF00620		PS50238	SM00324		SSF48350	4	
APU25_27150	matches_api	IPR028091,IPR028097	PF14647,PF14648						2	IPR039199
APU25_27155	matches_api	IPR001353,IPR016050,IPR023333,IPR029055	PF00227		PS00854,PS51476		cd03761	SSF56235	5	IPR000243
APU25_27160	ips6_local	IPR013946	PF08637						1	
APU25_27165	ips6_local	IPR003582,IPR005123,IPR006620,IPR044862	PF13640		PS51471	SM00254,SM00702			4	
APU25_27170	matches_api	IPR000626,IPR022617,IPR029071	PF11976		PS50053			SSF54236	3	
APU25_27175	ips6_local								0	
APU25_27180	matches_api	IPR013136,IPR028941	PF10537,PF15613		PS51136				3	IPR053271
APU25_27185	matches_api								0	
APU25_27190	matches_api	IPR019352	PF10218						1	
APU25_27195	matches_api								0	
APU25_27200	matches_api	IPR013057	PF01490						1	
APU25_27205	ips6_local	IPR000237	PF01465		PS50913	SM00755			3	
APU25_27210	matches_api	IPR000504,IPR034158,IPR034159,IPR035979	PF00076		PS50102	SM00360	cd12334,cd12335	SSF54928	6	IPR012677,IPR052084
APU25_27215	matches_api	IPR002638,IPR004393,IPR022412,IPR036068	PF01729,PF02749	TIGR00078			cd01572	SSF51690,SSF54675	6	IPR013785,IPR027277,IPR037128
APU25_27220	matches_api	IPR002110,IPR036770	PF12796		PS50088,PS50297	SM00248		SSF48403	5	
APU25_27225	matches_api	IPR000795,IPR004160,IPR004161,IPR004541,IPR005225,IPR009000,IPR009001,IPR027417,IPR031157,IPR033720,IPR041709	PF00009,PF03143,PF03144	NF000766,NF009372,NF009373,TIGR00231,TIGR00485	PS00301,PS51722		cd01884,cd03697,cd03707	SSF50447,SSF50465,SSF52540	16	IPR050055
APU25_27230	ips6_local								0	
APU25_27235	ips6_local	IPR001789,IPR011006			PS50110			SSF52172	2	
APU25_27240	matches_api	IPR011032,IPR018369,IPR020818	PF00166		PS00681	SM00883	cd00320	SSF50129	5	IPR037124
APU25_27245	matches_api	IPR019634	PF10693						1	
APU25_27250	ips6_local	IPR013057	PF01490						1	
APU25_27255	ips6_local								0	
APU25_27260	matches_api	IPR013766,IPR036249	PF00085		PS51352		cd02947	SSF52833	4	
APU25_27265	matches_api	IPR003369	PF02416						1	
APU25_27270	matches_api	IPR004695	PF03595						1	IPR038665,IPR051629
APU25_27275	matches_api					SM00368		SSF52047	2	IPR032675
APU25_27280	matches_api	IPR011762,IPR011763,IPR029045,IPR034733	PF01039		PS50980,PS50989			SSF52096	4	IPR045190
APU25_27285	ips6_local								0	
APU25_27290	ips6_local	IPR001727,IPR049555	PF01169		PS01214				2	
APU25_27295	matches_api	IPR016971	PF27754						1	
APU25_27300	ips6_local	IPR003439,IPR003593,IPR013525,IPR017871,IPR027417	PF00005,PF01061		PS00211,PS50893	SM00382	cd03213	SSF52540	7	
APU25_27305	matches_api	IPR007577,IPR029044,IPR029063	PF04488					SSF53335,SSF53448	3	IPR039367
APU25_27310	matches_api	IPR001471,IPR016177			PS51032	SM00380	cd00018	SSF54171	4	IPR036955,IPR044808
APU25_27315	ips6_local								0	
APU25_27320	matches_api	IPR001031,IPR029058	PF00975					SSF53474	2	IPR012223
APU25_27325	ips6_local	IPR037239						SSF144000	1	
APU25_27330	ips6_local	IPR002912,IPR003607,IPR004095,IPR007685,IPR012676,IPR033655,IPR043519,IPR045865	PF01842,PF02824,PF04607,PF13328		PS51671,PS51880	SM00471,SM00954	cd00077,cd01668,cd05399	SSF109604,SSF55021,SSF81271,SSF81301	15	
APU25_27335	ips6_local	IPR003607,IPR007685,IPR043519,IPR056011	PF04607,PF13328,PF24500			SM00471,SM00954	cd00077,cd05399	SSF109604,SSF81301	9	
APU25_27340	ips6_local	IPR005818,IPR036390	PF00538		PS51504	SM00526		SSF46785,SSF58113	5	
APU25_27345	matches_api	IPR016024,IPR021133,IPR021843,IPR032430	PF11919,PF16507		PS50077			SSF48371	4	IPR035309
APU25_27350	matches_api	IPR003162,IPR009072	PF02291				cd07979	SSF47113	3	IPR051431
APU25_27355	matches_api	IPR000558,IPR007125,IPR009072,IPR055333	PF00125		PS00357	SM00427	cd22910	SSF47113	5	
APU25_27360	matches_api	IPR036322						SSF50978	1	IPR015943,IPR044230
APU25_27365	matches_api	IPR003593,IPR027417,IPR041538,IPR045427	PF17868,PF20030			SM00382	cd00009	SSF52540	5	IPR001270,IPR050513
APU25_27370	matches_api	IPR002110,IPR036770	PF12796		PS50088,PS50297	SM00248		SSF48403	5	
APU25_27375	ips6_local	IPR015590,IPR016161,IPR029510	PF00171		PS00687			SSF53720	3	
APU25_27380	ips6_local	IPR013320			PS51257			SSF49899	2	
APU25_27385	ips6_local	IPR013932,IPR016024	PF08623,PF25782					SSF48371	3	
APU25_27390	ips6_local	IPR002130,IPR020892,IPR029000	PF00160		PS00170,PS50072		cd01926	SSF50891	5	
APU25_27395	ips6_local	IPR006094,IPR007173,IPR016166,IPR036318	PF01565,PF04030		PS51387			SSF56176	4	
APU25_27400	matches_api	IPR009548	PF06658						1	
APU25_27405	ips6_local	IPR002683,IPR016123	PF01789					SSF55724	2	
APU25_27410	ips6_local	IPR025344,IPR057137	PF13355,PF23468						2	
APU25_27415	ips6_local	IPR003837,IPR036113	PF02686	TIGR00135				SSF141000	3	
APU25_27420	matches_api	IPR000184,IPR057354	PF01103,PF25282						2	IPR039910
APU25_27425	matches_api								0	
APU25_27430	matches_api	IPR011044						SSF50969	1	
APU25_27435	ips6_local	IPR016024,IPR032629,IPR032817	PF16206,PF16213					SSF48371	3	
APU25_27440	matches_api	IPR002491	PF01497		PS50983			SSF53807	3	IPR051030
APU25_27445	matches_api	IPR006634	PF03798						1	IPR050846
APU25_27450	matches_api	IPR000719,IPR011009,IPR017441	PF00069		PS00107,PS50011	SM00220		SSF56112	5	IPR050108
APU25_27455	matches_api	IPR007704	PF05007						1	
APU25_27460	ips6_local	IPR008915	PF02163						1	
APU25_27465	ips6_local	IPR000172,IPR003953,IPR007867,IPR036188	PF00732,PF00890,PF05199					SSF51905	4	
APU25_27470	ips6_local	IPR013216,IPR025774,IPR029063	PF08241		PS51581		cd02440	SSF53335	4	
APU25_27475	matches_api	IPR016040,IPR036291	PF13460				cd05243	SSF51735	3	
APU25_27480	matches_api	IPR000257,IPR006361,IPR038071	PF01208	TIGR01464	PS00906,PS00907		cd00717	SSF51726	6	
APU25_27485	matches_api	IPR019034	PF09495						1	
APU25_27490	ips6_local	IPR000719,IPR001245,IPR008271,IPR011009,IPR011047,IPR017441	PF07714		PS00107,PS00108,PS50011	SM00220	cd13999	SSF50998,SSF56112	8	
APU25_27495	matches_api								0	
APU25_27500	matches_api	IPR004217,IPR035427	PF02953					SSF144122	2	
APU25_27505	matches_api	IPR003682,IPR029063	PF02527	TIGR00138			cd02440	SSF53335	4	
APU25_27510	matches_api	IPR019533,IPR036286	PF10502				cd06530	SSF51306	3	IPR000223,IPR052064
APU25_27515	ips6_local	IPR003406	PF02485						1	
APU25_27520	ips6_local								0	
APU25_27525	ips6_local								0	
APU25_27530	ips6_local						cd22884		1	
APU25_27535	matches_api		PF13233				cd20270		2	IPR008381
APU25_27540	ips6_local	IPR022796	PF00504					SSF103511	2	
APU25_27545	matches_api	IPR000629,IPR001650,IPR011545,IPR014001,IPR025313,IPR027417	PF00270,PF00271,PF13959		PS00039,PS51192,PS51194	SM00487,SM00490,SM01178	cd17960,cd18787	SSF52540	12	
APU25_27550	ips6_local	IPR002833,IPR023476	PF01981					SSF102462	2	
APU25_27555	ips6_local								0	
APU25_27560	matches_api	IPR016040,IPR036291	PF13460					SSF51735	2	
APU25_27565	matches_api								0	
APU25_27570	ips6_local	IPR009071,IPR036910	PF00505		PS50118	SM00398		SSF47095	4	
APU25_27575	matches_api	IPR004006,IPR004007,IPR036117	PF02733,PF02734		PS51480,PS51481	SM01120		SSF101473,SSF82549	7	IPR050861
APU25_27580	ips6_local	IPR000073,IPR029058	PF12697					SSF53474	2	
APU25_27585	matches_api	IPR008812	PF05508						1	
APU25_27590	matches_api								0	
APU25_27595	ips6_local								0	
APU25_27600	matches_api	IPR000358,IPR009078,IPR030475,IPR033909	PF00268		PS00368		cd01049	SSF47240	4	IPR012348
APU25_27605	ips6_local	IPR001471,IPR001841,IPR018957	PF00097		PS50089	SM00380		SSF57850	4	
APU25_27610	ips6_local	IPR002220,IPR005263,IPR020624,IPR020625	PF00701	TIGR00674	PS00665,PS00666	SM01130	cd00950	SSF51569	7	
APU25_27615	ips6_local								0	
APU25_27620	matches_api	IPR008166	PF01697						1	
APU25_27625	ips6_local	IPR032816	PF09335						1	
APU25_27630	ips6_local	IPR008576,IPR029063	PF05891				cd02440	SSF53335	3	
APU25_27635	matches_api	IPR004827,IPR046347			PS50217	SM00338	cd14686	SSF57959	4	
APU25_27640	ips6_local	IPR000727,IPR039899	PF30871		PS50192		cd15853	SSF58038	4	
APU25_27645	ips6_local	IPR001128,IPR036396	PF00067					SSF48264	2	
APU25_27650	matches_api	IPR000836,IPR029057	PF14681	NF001097			cd06223	SSF53271	4	IPR050054
APU25_27655	ips6_local	IPR002347,IPR005979,IPR036291	PF00106	TIGR01289			cd09810	SSF51735	4	
APU25_27660	ips6_local								0	
APU25_27665	matches_api	IPR019145	PF09748						1	
APU25_27670	ips6_local	IPR006708	PF04614						1	
APU25_27675	ips6_local	IPR001046	PF01566	NF037982,TIGR01197					3	
APU25_27680	matches_api	IPR001046	PF01566	NF037982,TIGR01197					3	
APU25_27685	ips6_local	IPR004299	PF03062						1	
APU25_27690	matches_api					SM00753			1	IPR045114
APU25_27695	ips6_local								0	
APU25_27700	ips6_local	IPR002099,IPR013507,IPR014762,IPR020568,IPR032189,IPR036890	PF01119,PF13589,PF16413	TIGR00585	PS00058	SM01340	cd16926	SSF54211,SSF55874	9	
APU25_27705	matches_api	IPR006634			PS50922	SM00724			2	IPR040327
APU25_27710	ips6_local	IPR006913,IPR011057	PF04828		PS51891			SSF51316	3	
APU25_27715	ips6_local	IPR001765,IPR015892,IPR036874	PF00484		PS00704,PS00705,PS50270	SM00947		SSF53056	6	
APU25_27720	matches_api	IPR000241,IPR002052,IPR016691,IPR029063,IPR059073	PF01170,PF25904		PS00092,PS51627		cd02440	SSF53335	6	
APU25_27725	matches_api	IPR008554,IPR036249	PF05768					SSF52833	2	
APU25_27730	matches_api	IPR000594,IPR018075,IPR018965,IPR019572,IPR033127,IPR035985	PF00899,PF09358,PF10585	TIGR01408	PS00865	SM00985	cd01490,cd01491	SSF69572	9	IPR000011,IPR038252,IPR042063,IPR042302,IPR042449,IPR045886
APU25_27735	ips6_local	IPR002187,IPR011322,IPR017918	PF00543		PS00638,PS51343	SM00938		SSF54913	5	
APU25_27740	matches_api	IPR002989	PF01469						1	
APU25_27745	ips6_local								0	
APU25_27750	matches_api								0	
APU25_27755	ips6_local								0	
APU25_27760	matches_api	IPR001466,IPR012338	PF00144					SSF56601	2	IPR050789
APU25_27765	ips6_local	IPR029063,IPR041698	PF13649				cd02440	SSF53335	3	
APU25_27770	ips6_local	IPR002123,IPR045252	PF01553			SM00563	cd07991	SSF69593	4	
APU25_27775	ips6_local	IPR003593,IPR004273,IPR013594,IPR013602,IPR024317,IPR024743,IPR027417,IPR035699,IPR035706,IPR041228,IPR041466,IPR041589,IPR041658	PF03028,PF08385,PF08393,PF12774,PF12775,PF12777,PF12780,PF12781,PF17852,PF17857,PF18198,PF18199			SM00382		SSF52540,SSF58100	15	
APU25_27780	ips6_local								0	
APU25_27785	matches_api	IPR013766,IPR017937,IPR036249	PF00085		PS00194,PS51352			SSF52833	4	IPR051063
APU25_27790	ips6_local	IPR011990,IPR019734,IPR029489	PF13181,PF13424,PF13432,PF13844		PS50005,PS50293	SM00028		SSF48452	8	
APU25_27795	matches_api	IPR012617,IPR025160	PF08164,PF13339						2	IPR039223
APU25_27800	matches_api	IPR016024,IPR034085,IPR041389,IPR041653,IPR057672,IPR058584	PF13513,PF18808,PF18829,PF25574,PF25780			SM01349		SSF48371	7	IPR011989,IPR040122
APU25_27805	ips6_local								0	
APU25_27810	ips6_local	IPR000719,IPR008271,IPR011009,IPR016024,IPR017441	PF00069		PS00107,PS00108,PS50011	SM00220	cd06627	SSF48371,SSF56112	8	
APU25_27815	matches_api	IPR001394,IPR018200,IPR028889,IPR038765	PF00443		PS00972,PS00973,PS50235			SSF54001	5	IPR050185
APU25_27820	ips6_local	IPR018616,IPR038765	PF09778					SSF54001	2	
APU25_27825	matches_api	IPR003874	PF02724						1	
APU25_27830	matches_api	IPR007109	PF04427		PS50833	SM00879		SSF52954	4	IPR026532
APU25_27835	ips6_local	IPR001240,IPR011060	PF00697				cd00405	SSF51366	3	
APU25_27840	matches_api	IPR001854,IPR036049	PF00831	TIGR00012				SSF46561	3	IPR050063
APU25_27845	ips6_local	IPR000642,IPR003593,IPR003959,IPR003960,IPR027417,IPR037219,IPR041569	PF00004,PF01434,PF17862		PS00674	SM00382	cd19501	SSF140990,SSF52540	8	
APU25_27850	matches_api	IPR001017,IPR017597,IPR029061	PF00676	TIGR03182			cd02000	SSF52518	4	IPR050642
APU25_27855	matches_api	IPR005746,IPR013766,IPR017937,IPR036249	PF00085	TIGR01068	PS00194,PS51352		cd02947	SSF52833	6	
APU25_27860	ips6_local	IPR013517	PF01839						1	
APU25_27865	ips6_local	IPR004254	PF03006						1	
APU25_27870	ips6_local	IPR013601,IPR013747,IPR016039	PF08392,PF08541				cd00831	SSF53901	4	
APU25_27875	ips6_local	IPR012492,IPR012916	PF07807,PF07808						2	
APU25_27880	ips6_local	IPR004600	PF03850						1	
APU25_27885	ips6_local	IPR029044						SSF53448	1	
APU25_27890	ips6_local	IPR011990,IPR019734	PF13414		PS50005	SM00028		SSF48452	4	
APU25_27895	ips6_local								0	
APU25_27900	matches_api	IPR027417						SSF52540	1	IPR044229
APU25_27905	ips6_local	IPR022127	PF12400						1	
APU25_27910	matches_api	IPR008915,IPR060019	PF02163,PF27677						2	IPR044838
APU25_27915	ips6_local	IPR016024,IPR025283	PF13251					SSF48371	2	
APU25_27920	ips6_local	IPR000717,IPR036390,IPR055089	PF01399,PF22788		PS50250	SM00088		SSF46785	5	
APU25_27925	ips6_local	IPR000289,IPR012340,IPR028626	PF01200		PS00961		cd04457	SSF50249	4	
APU25_27930	matches_api	IPR000312,IPR005940,IPR017459,IPR035902,IPR036320	PF00591,PF02885	TIGR01245				SSF47648,SSF52418	5	
APU25_27935	matches_api	IPR001251,IPR036273,IPR036865	PF00650		PS50191	SM00516	cd00170	SSF46938,SSF52087	6	
APU25_27940	ips6_local	IPR003035	PF02042		PS51519				2	
APU25_27945	matches_api	IPR000054,IPR020052,IPR023621	PF01198	NF002258	PS01144	SM01380	cd00463	SSF54575	6	
APU25_27950	ips6_local	IPR001141,IPR008991,IPR018262,IPR041991	PF01777		PS01107		cd06090	SSF50104	4	
APU25_27955	ips6_local	IPR000374	PF01148		PS01315				2	
APU25_27960	matches_api	IPR004733,IPR010918,IPR016188,IPR036676,IPR036921	PF00586,PF02769	TIGR00878			cd02196	SSF55326,SSF56042	6	
APU25_27965	ips6_local	IPR009378,IPR031737	PF06278,PF16858						2	
APU25_27970	ips6_local	IPR000048,IPR001609,IPR002710,IPR004009,IPR027417,IPR036018	PF00063,PF00612,PF01843,PF02736		PS50096,PS51126,PS51456,PS51844	SM00015,SM00242,SM01132	cd01384	SSF52540	13	
APU25_27975	ips6_local								0	
APU25_27980	ips6_local	IPR032816	PF09335						1	
APU25_27985	matches_api								0	
APU25_27990	ips6_local	IPR004843,IPR006186,IPR029052	PF00149		PS00125	SM00156		SSF56300	4	
APU25_27995	matches_api	IPR000719,IPR008271,IPR011009,IPR017441	PF00069		PS00107,PS00108,PS50011	SM00220		SSF56112	6	
APU25_28000	matches_api	IPR018967	PF09360			SM00704			2	IPR042216,IPR045131
APU25_28005	ips6_local	IPR003593,IPR003959,IPR003960,IPR027417	PF00004		PS00674	SM00382		SSF52540	4	
APU25_28010	ips6_local	IPR007698,IPR007886,IPR008142,IPR024605,IPR026255,IPR029035,IPR034300,IPR036291	PF01262,PF02233,PF05222,PF12769	NF006942,TIGR00561	PS00836	SM01002,SM01003	cd05304	SSF51735,SSF52283,SSF52467	13	
APU25_28015	matches_api	IPR001810,IPR036047	PF00646		PS50181			SSF52047,SSF81383	4	IPR032675,IPR050216
APU25_28020	matches_api	IPR001806,IPR005225,IPR027417	PF00071	TIGR00231	PS51419,PS51420,PS51421	SM00173,SM00174,SM00175,SM00176	cd01867	SSF52540	11	IPR050305
APU25_28025	matches_api	IPR001005,IPR009057	PF13921			SM00717	cd00167	SSF46689	4	IPR052435
APU25_28030	matches_api	IPR000595,IPR002645,IPR011547,IPR018490,IPR036513	PF00027,PF00916,PF01740		PS50042,PS50801		cd00038,cd07042	SSF51206,SSF52091	9	IPR014710,IPR052706
APU25_28035	ips6_local	IPR001179	PF00254		PS50059			SSF54534	3	
APU25_28040	ips6_local	IPR010122,IPR013528,IPR013746,IPR016039	PF01154,PF08540	TIGR01833			cd00827	SSF53901	5	
APU25_28045	ips6_local								0	
APU25_28050	ips6_local	IPR000555,IPR037518	PF01398		PS50249	SM00232	cd08069	SSF102712	5	
APU25_28055	ips6_local	IPR000719,IPR011009	PF00069		PS50011			SSF56112	3	
APU25_28060	ips6_local	IPR000719,IPR008271,IPR011009,IPR017441	PF00069		PS00107,PS00108,PS50011	SM00220		SSF56112	6	
APU25_28065	matches_api	IPR006689,IPR027417	PF00025		PS51417	SM00177,SM00178		SSF52540	5	IPR024156
APU25_28070	matches_api	IPR000133	PF00810						1	
APU25_28075	matches_api	IPR001680,IPR036322	PF00400		PS50082,PS50294	SM00320		SSF50978	5	IPR015943
APU25_28080	ips6_local	IPR019410,IPR029063	PF10294					SSF53335	2	
APU25_28085	matches_api	IPR001810,IPR036047	PF12937		PS50181	SM00256		SSF81383	4	
APU25_28090	matches_api								0	
APU25_28095	matches_api	IPR000253,IPR008984	PF00498		PS50006	SM00240	cd00060	SSF49879	5	
APU25_28100	ips6_local	IPR001357,IPR003593,IPR003959,IPR008921,IPR013725,IPR027417,IPR036420,IPR047854	PF00004,PF00533,PF08519,PF25361		PS50172	SM00292,SM00382	cd00009,cd17752,cd18140	SSF48019,SSF52113,SSF52540	13	
APU25_28105	matches_api								0	IPR007248
APU25_28110	ips6_local	IPR013869	PF08560						1	
APU25_28115	ips6_local	IPR001357,IPR004274,IPR036412,IPR036420	PF00533,PF03031		PS50172,PS50969	SM00577	cd17729	SSF52113,SSF56784	8	
APU25_28120	matches_api	IPR000073,IPR029058	PF12697					SSF53474	2	IPR050471
APU25_28125	matches_api	IPR022742,IPR029058	PF12146					SSF53474	2	IPR050266
APU25_28130	ips6_local	IPR000073,IPR013595,IPR029058	PF00561,PF08386					SSF53474	3	
APU25_28135	ips6_local	IPR002319,IPR005121,IPR006195,IPR036690,IPR045864	PF01409,PF03147		PS50862,PS51447	SM00896	cd00496	SSF54991,SSF55681	8	
APU25_28140	ips6_local	IPR009071,IPR036910	PF00505		PS50118	SM00398		SSF47095	4	
APU25_28145	matches_api	IPR021261	PF10998						1	
APU25_28150	ips6_local	IPR012908,IPR029058	PF07819					SSF53474	2	
APU25_28155	ips6_local	IPR006073,IPR012971,IPR024929,IPR027417,IPR030378	PF01926,PF08153		PS51721		cd01858	SSF52540	5	
APU25_28160	matches_api	IPR001848,IPR018268,IPR027486,IPR036838	PF00338	NF001861,TIGR01049	PS00361	SM01403		SSF54999	6	
APU25_28165	ips6_local	IPR002553,IPR011710,IPR016024,IPR029446	PF01602,PF07718,PF14806					SSF48371	4	
APU25_28170	ips6_local	IPR001705,IPR011332	PF00471	NF001764,NF001860,TIGR01023				SSF57829	5	
APU25_28175	ips6_local	IPR048857	PF21403						1	
APU25_28180	matches_api	IPR001962,IPR006426,IPR017932,IPR029055	PF00733,PF13522	NF006949,TIGR01536	PS51278		cd01991	SSF52402,SSF56235	8	IPR014729,IPR050795
APU25_28185	ips6_local	IPR000422,IPR001763,IPR017945	PF00926	TIGR00506	PS50206			SSF55821	4	
APU25_28190	matches_api	IPR000555,IPR027524,IPR037518,IPR045810	PF01398,PF19445		PS50249	SM00232	cd08065		5	IPR050242
APU25_28195	ips6_local	IPR001683,IPR015404,IPR027267,IPR036871	PF00787,PF09325		PS50195	SM00312	cd06859	SSF103657,SSF64268	7	
APU25_28200	ips6_local								0	
APU25_28205	ips6_local								0	
APU25_28210	ips6_local	IPR009360,IPR037200	PF06246					SSF140102	2	
APU25_28215	matches_api	IPR001680,IPR019775,IPR036322	PF00400		PS00678,PS50082,PS50294	SM00320	cd00200	SSF50978	7	IPR015943,IPR020472,IPR052234
APU25_28220	ips6_local	IPR001650,IPR011545,IPR012337,IPR013520,IPR014001,IPR027417,IPR045562	PF00270,PF00271,PF00929,PF19833		PS51192,PS51194	SM00479,SM00487,SM00490	cd06127	SSF52540,SSF53098	12	
APU25_28225	ips6_local	IPR001085,IPR015424,IPR019798,IPR039429	PF00464	NF000586	PS00096		cd00378	SSF53383	5	
APU25_28230	matches_api	IPR000668,IPR013201,IPR025660,IPR038765,IPR039417	PF00112,PF08246		PS00639	SM00645,SM00848	cd02248	SSF54001	7	IPR013128
APU25_28235	ips6_local	IPR000571,IPR036855	PF14608		PS50103	SM00356		SSF90229	4	
APU25_28240	matches_api	IPR000597,IPR009000,IPR019926,IPR019927	PF00297	TIGR03625	PS00474			SSF50447	4	
APU25_28245	ips6_local	IPR015798,IPR015800,IPR015802,IPR016182,IPR036460,IPR049948	PF01179,PF02727,PF02728	NF008559	PS01164			SSF49998,SSF54416	7	
APU25_28250	matches_api	IPR005031	PF03364				cd07817	SSF55961	3	IPR023393,IPR047137
APU25_28255	matches_api	IPR009457	PF06454						1	IPR040226
APU25_28260	matches_api	IPR004360,IPR029068,IPR037523	PF00903		PS51819			SSF54593	3	IPR052164
APU25_28265	matches_api	IPR000608,IPR016135,IPR023313	PF00179		PS00183,PS50127	SM00212	cd23791	SSF54495	6	IPR050113
APU25_28270	matches_api								0	
APU25_28275	matches_api	IPR040457,IPR041470	PF04130,PF17681						2	IPR007259,IPR042241
APU25_28280	ips6_local								0	
APU25_28285	matches_api	IPR015813,IPR018129,IPR021135,IPR033129	PF00311	NF000584	PS00393,PS00781			SSF51621	5	IPR022805
APU25_28290	matches_api	IPR001680,IPR036322	PF00400			SM00320		SSF50978	3	IPR015943,IPR037363
APU25_28295	matches_api	IPR007653	PF04573						1	
APU25_28300	ips6_local	IPR003347,IPR041667	PF13621		PS51184	SM00558		SSF51197	4	
APU25_28305	matches_api	IPR004667	PF03219	TIGR00769					2	
APU25_28310	ips6_local	IPR000504,IPR002130,IPR029000,IPR035538,IPR035979	PF00076,PF00160		PS50072,PS50102	SM00360	cd01921,cd12235	SSF50891,SSF54928	9	
APU25_28315	matches_api	IPR000668,IPR025661,IPR038765	PF00112		PS00640	SM00645		SSF54001	4	IPR013128
APU25_28320	matches_api	IPR008948,IPR009049,IPR020557,IPR022761,IPR029419	PF00206,PF14698	TIGR00838	PS00163		cd01359	SSF48557	6	IPR000362,IPR024083
APU25_28325	ips6_local	IPR001537,IPR016914,IPR029028	PF00588				cd18094	SSF75217	3	
APU25_28330	matches_api	IPR000825,IPR010231,IPR037284,IPR045595	PF01458,PF19295	NF008773,TIGR01980				SSF101960	5	IPR055346
APU25_28335	matches_api	IPR000760,IPR006240,IPR020550,IPR020583	PF00459	TIGR01331	PS00629,PS00630		cd01638	SSF56655	6	IPR050725
APU25_28340	matches_api	IPR039491	PF14966						1	
APU25_28345	matches_api	IPR009400,IPR035935	PF06331			SM01395		SSF142897	3	
APU25_28350	ips6_local	IPR006786	PF04696						1	
APU25_28355	matches_api	IPR007023	PF04939						1	
APU25_28360	matches_api	IPR006769	PF04678						1	IPR039055
APU25_28365	ips6_local	IPR015320,IPR020568,IPR036890	PF09239,PF13589	NF003218				SSF54211,SSF55874	5	
APU25_28370	ips6_local	IPR007015	PF04931						1	
APU25_28375	matches_api	IPR004649,IPR012337,IPR024567	PF01351	TIGR00729	PS51975		cd07181	SSF53098	5	IPR001352,IPR023160,IPR036397
APU25_28380	matches_api	IPR000453,IPR020541,IPR035904	PF01264	NF003793,TIGR00033	PS00787,PS00788,PS00789		cd07304	SSF103263	8	
APU25_28385	ips6_local	IPR001841	PF13639		PS50089	SM00184	cd16454	SSF57850	5	
APU25_28390	ips6_local								0	
APU25_28395	ips6_local	IPR009003,IPR064058	PF30586					SSF50494	2	
APU25_28400	ips6_local								0	
APU25_28405	ips6_local	IPR002562,IPR012337	PF01612					SSF53098	2	
APU25_28410	ips6_local	IPR002205,IPR006691,IPR013760,IPR035516	PF00521,PF03989	NF004044	PS52040	SM00434	cd00187	SSF101904,SSF56719	8	
APU25_28415	ips6_local	IPR001844,IPR002423,IPR018370,IPR027409,IPR027410,IPR027413	PF00118	NF000592,NF009487,NF009488,NF009489,TIGR02348	PS00296		cd03344	SSF48592,SSF52029,SSF54849	11	
APU25_28420	ips6_local								0	
APU25_28425	ips6_local	IPR000864,IPR005543,IPR036354	PF00280				cd06577	SSF54654	3	
APU25_28430	ips6_local	IPR004839,IPR005861,IPR015424	PF00155	TIGR01141			cd00609	SSF53383	4	
APU25_28435	ips6_local				PS51257				1	
APU25_28440	ips6_local	IPR012501	PF07928						1	
APU25_28445	ips6_local	IPR003395,IPR010935,IPR027120,IPR027417,IPR036277	PF02463,PF06470			SM00968	cd03273	SSF52540,SSF57997,SSF75553	7	
APU25_28450	ips6_local	IPR001375,IPR029058	PF00326					SSF53474,SSF82171	3	
APU25_28455	ips6_local	IPR027417,IPR041677,IPR041679,IPR047187	PF13086,PF13087				cd18042,cd18808	SSF52540	5	
APU25_28460	matches_api				PS51257				1	IPR053288
APU25_28465	ips6_local	IPR000184	PF01103						1	
APU25_28470	matches_api	IPR003653,IPR038765	PF02902		PS50600			SSF54001	3	
APU25_28475	ips6_local	IPR008193,IPR009025,IPR036603,IPR037685	PF13656		PS01154		cd06926	SSF55257	4	
APU25_28480	ips6_local								0	
APU25_28485	matches_api	IPR019616	PF10674						1	IPR038409
APU25_28490	matches_api	IPR021325	PF11152						1	IPR044705
APU25_28495	ips6_local								0	
APU25_28500	ips6_local		PF02274					SSF55909	2	
APU25_28505	ips6_local								0	
APU25_28510	ips6_local								0	
APU25_28515	ips6_local								0	
APU25_28520	ips6_local								0	
APU25_28525	matches_api								0	
APU25_28530	matches_api	IPR023753,IPR036188,IPR054585	PF07992,PF22366					SSF51905	3	IPR045024
APU25_28535	ips6_local	IPR033421,IPR033449	PF04179,PF17184						2	
APU25_28540	matches_api	IPR021883	PF11998						1	
APU25_28545	ips6_local	IPR008854,IPR029063	PF05724		PS51585		cd02440	SSF53335	4	
APU25_28550	matches_api	IPR009097,IPR019510	PF10469					SSF55144	2	IPR052641
APU25_28555	ips6_local	IPR004095,IPR004396,IPR006073,IPR012676,IPR013029,IPR027417,IPR031167,IPR041706	PF01926,PF06071	TIGR00092	PS51710,PS51880		cd01900,cd04867	SSF52540,SSF81271	9	
APU25_28560	matches_api	IPR000701,IPR014314,IPR034804	PF01127				cd03499	SSF81343	3	
APU25_28565	matches_api								0	IPR034563
APU25_28570	ips6_local								0	
APU25_28575	ips6_local	IPR018866	PF10497						1	
APU25_28580	matches_api	IPR001623,IPR036869	PF00226		PS50076	SM00271	cd06257	SSF46565	5	IPR050817
APU25_28585	ips6_local	IPR000182,IPR016181	PF00583		PS51186			SSF55729	3	
APU25_28590	ips6_local	IPR000719,IPR008271,IPR011009,IPR017441	PF00069		PS00107,PS00108,PS50011	SM00220		SSF56112	6	
APU25_28595	matches_api	IPR000558,IPR007125,IPR009072,IPR055333	PF00125		PS00357	SM00427	cd22910	SSF47113	5	
APU25_28600	ips6_local	IPR001208,IPR012340,IPR018525,IPR027417,IPR027925,IPR031327,IPR033762,IPR041562,IPR059098,IPR061506	PF00493,PF12619,PF14551,PF17207,PF17855,PF23669		PS00847,PS50051	SM00350		SSF50249,SSF52540	11	
APU25_28605	ips6_local	IPR005225,IPR006073,IPR016484,IPR027417,IPR031166,IPR032859	PF01926,PF14714	TIGR00231,TIGR03594	PS51712		cd01894,cd01895	SSF52540	8	
APU25_28610	matches_api	IPR008011	PF05347				cd20251		2	
APU25_28615	ips6_local	IPR001757,IPR006121,IPR008250,IPR017969,IPR018303,IPR023298,IPR023299,IPR036163,IPR036412,IPR059000	PF00122,PF00403,PF00702	TIGR01494	PS00154,PS01047,PS50846		cd00371	SSF55008,SSF56784,SSF81653,SSF81660,SSF81665	13	
APU25_28620	matches_api	IPR004360,IPR029068,IPR037523	PF00903		PS51819		cd06587	SSF54593	4	
APU25_28625	ips6_local	IPR001214,IPR046341	PF00856				cd20071	SSF82199	3	
APU25_28630	ips6_local	IPR013534	PF08323					SSF53756	2	
APU25_28635	ips6_local								0	
APU25_28640	matches_api	IPR027246,IPR037930	PF01459				cd07305		2	IPR023614
APU25_28645	matches_api	IPR000608,IPR016135,IPR023313	PF00179		PS00183,PS50127	SM00212	cd23795	SSF54495	6	IPR050113
APU25_28650	matches_api								0	
APU25_28655	matches_api	IPR003903			PS50330				1	
APU25_28660	matches_api	IPR002877,IPR029063	PF01728				cd02440	SSF53335	3	IPR015507
APU25_28665	ips6_local	IPR001567,IPR034005,IPR045666	PF01432,PF19310				cd06456	SSF55486	4	
APU25_28670	ips6_local								0	
APU25_28675	matches_api	IPR001943,IPR003593,IPR003959,IPR004176,IPR018368,IPR019489,IPR027417,IPR028299,IPR036628,IPR041546	PF00004,PF02861,PF07724,PF10431,PF17871		PS00870,PS00871,PS50151,PS51903	SM00382,SM01086	cd00009,cd19499	SSF52540,SSF81923	15	IPR001270,IPR050130
APU25_28680	ips6_local								0	
APU25_28685	matches_api	IPR009846	PF07189						1	IPR017089
APU25_28690	ips6_local	IPR000023,IPR035966	PF00365	NF005301				SSF53784	3	
APU25_28695	ips6_local	IPR000811,IPR002912,IPR011833,IPR035090,IPR045865,IPR054502	PF00343,PF22754	TIGR02093	PS00102,PS51671		cd04300,cd04873	SSF53756,SSF55021	9	
APU25_28700	ips6_local	IPR055129	PF03366		PS51037				2	
APU25_28705	matches_api	IPR004323,IPR011322	PF03091					SSF54913	2	IPR015867
APU25_28710	matches_api	IPR000782,IPR036378	PF02469		PS50213,PS51257	SM00554		SSF82153	5	
APU25_28715	ips6_local	IPR001650,IPR002464,IPR004589,IPR011545,IPR014001,IPR018982,IPR027417,IPR032284	PF00270,PF00271,PF09382,PF16124	TIGR00614	PS00690,PS51192,PS51194	SM00487,SM00490,SM00956	cd17920,cd18794	SSF52540	14	
APU25_28720	matches_api	IPR002119,IPR007125,IPR009072,IPR032454,IPR032458,IPR061508	PF00125,PF16211		PS00046	SM00414	cd00074	SSF47113	6	
APU25_28725	ips6_local	IPR000432,IPR007695,IPR007696,IPR016151,IPR027417,IPR036187	PF00488,PF01624,PF05192		PS00486	SM00533,SM00534		SSF48334,SSF52540,SSF55271	9	
APU25_28730	ips6_local	IPR001977,IPR027417	PF01121	TIGR00152	PS51219		cd02022	SSF52540	5	
APU25_28735	matches_api	IPR002155,IPR016039,IPR020613,IPR020615,IPR020616,IPR020617	PF00108,PF02803	TIGR01930	PS00098,PS00737		cd00751	SSF53901	7	
APU25_28740	ips6_local	IPR000571,IPR001841,IPR017907,IPR036855,IPR041367	PF13639,PF14608,PF18044		PS00518,PS50089,PS50103	SM00184,SM00356	cd16521	SSF57850,SSF90229	11	
APU25_28745	ips6_local	IPR009305	PF06127						1	
APU25_28750	matches_api	IPR004695	PF03595						1	IPR038665,IPR051629
APU25_28755	ips6_local	IPR014883,IPR014905,IPR049125,IPR049126,IPR049132	PF08774,PF08797,PF21170,PF21315			SM00910,SM00990	cd22326		7	
APU25_28760	ips6_local	IPR016024,IPR025614,IPR029473	PF14222,PF14228					SSF48371	3	
APU25_28765	ips6_local								0	
APU25_28770	matches_api	IPR005809,IPR005811,IPR011761,IPR013650,IPR016102,IPR017866	PF00549,PF08442	NF001913,TIGR01016	PS01217,PS50975			SSF52210,SSF56059	8	IPR013815
APU25_28775	ips6_local	IPR000866,IPR013766,IPR019479,IPR036249	PF00085,PF00578,PF10417		PS51352		cd02947,cd03015	SSF52833	7	
APU25_28780	ips6_local	IPR000560,IPR029033,IPR033379	PF00328		PS00616,PS00778		cd07061	SSF53254	5	
APU25_28785	matches_api	IPR003439,IPR003593,IPR013525,IPR017871,IPR027417,IPR056788	PF00005,PF12698,PF25158		PS00211,PS50893	SM00382	cd03263	SSF52540	8	IPR026082
APU25_28790	ips6_local	IPR004838,IPR004839,IPR015424	PF00155	NF006719	PS00105		cd00609	SSF53383	5	
APU25_28795	ips6_local								0	
APU25_28800	ips6_local	IPR009723,IPR012590	PF06978,PF08170						2	
APU25_28805	matches_api								0	
APU25_28810	ips6_local								0	
APU25_28815	ips6_local								0	
APU25_28820	ips6_local	IPR004108,IPR009016	PF02906					SSF53920	2	
APU25_28825	ips6_local								0	
APU25_28830	matches_api	IPR013024	PF13772				cd06661		2	IPR017939
APU25_28835	ips6_local								0	
APU25_28840	matches_api	IPR006685,IPR010920,IPR011014	PF00924					SSF50182,SSF82861	3	
APU25_28845	matches_api	IPR001969,IPR007856,IPR008138,IPR008139,IPR011001,IPR021109,IPR033121	PF00026,PF03489,PF05184		PS00141,PS50015,PS51767			SSF47862,SSF50630	8	IPR001461
APU25_28850	ips6_local	IPR002683,IPR016123	PF01789					SSF55724	2	
APU25_28855	ips6_local	IPR000504,IPR035979	PF00076		PS50102	SM00360	cd00590	SSF54928	5	
APU25_28860	matches_api	IPR027417,IPR030379	PF00735		PS51719			SSF52540	3	
APU25_28865	matches_api	IPR006204,IPR020568,IPR036554	PF00288					SSF54211,SSF55060	3	IPR014721
APU25_28870	ips6_local	IPR024253,IPR036249	PF02114				cd02989	SSF52833	3	
APU25_28875	matches_api	IPR001130,IPR018228,IPR032466	PF01026		PS01091		cd01310	SSF51556	4	IPR050891
APU25_28880	matches_api								0	
APU25_28885	matches_api								0	
APU25_28890	matches_api	IPR008758,IPR029058	PF05577					SSF53474	2	IPR042269
APU25_28895	matches_api								0	
APU25_28900	ips6_local	IPR000571,IPR036855,IPR057444	PF00642,PF25512		PS50103	SM00356		SSF90229	5	
APU25_28905	ips6_local	IPR013598,IPR016024,IPR045478	PF08389,PF19273					SSF48371	3	
APU25_28910	matches_api								0	
APU25_28915	matches_api								0	
APU25_28920	ips6_local								0	
APU25_28925	matches_api	IPR001214,IPR015353,IPR036464,IPR046341	PF09273		PS50280		cd10527	SSF81822,SSF82199	5	IPR050600
APU25_28930	matches_api	IPR005607,IPR035925	PF03909		PS50858	SM00751		SSF140383	4	IPR027079
APU25_28935	ips6_local	IPR000061,IPR006569,IPR035967	PF01805,PF04818		PS50128,PS51391	SM00582,SM00648		SSF109905	7	
APU25_28940	matches_api	IPR035952,IPR061914	PF08551			SM01160		SSF144091	3	IPR013861
APU25_28945	ips6_local								0	
APU25_28950	matches_api	IPR003347,IPR041667	PF13621		PS51184	SM00558		SSF51197	4	IPR014710
APU25_28955	ips6_local	IPR011035,IPR029751	PF01386				cd00495	SSF50715	3	
APU25_28960	ips6_local	IPR006581,IPR031777,IPR031778	PF15901,PF15902		PS52072	SM00602		SSF110296	5	
APU25_28965	ips6_local	IPR016024,IPR021133,IPR021841	PF11916,PF12755		PS50077			SSF48371	4	
APU25_28970	ips6_local	IPR003495,IPR011629,IPR027417	PF02492,PF07683			SM00833	cd03112	SSF52540,SSF90002	6	
APU25_28975	ips6_local	IPR003738,IPR036590	PF02586					SSF143081	2	
APU25_28980	ips6_local	IPR015353,IPR036464,IPR046341	PF09273				cd10527	SSF81822,SSF82199	4	
APU25_28985	ips6_local	IPR007482	PF04387						1	
APU25_28990	ips6_local								0	
APU25_28995	ips6_local	IPR011701,IPR020846,IPR036259	PF07690		PS50850			SSF103473	3	
APU25_29000	matches_api								0	
APU25_29005	matches_api	IPR000086,IPR015797,IPR045121	PF00293		PS51462		cd03426	SSF55811	4	
APU25_29010	matches_api	IPR005024	PF03357						1	
APU25_29015	matches_api	IPR000795,IPR004161,IPR009000,IPR009001,IPR027417,IPR031157,IPR054696	PF00009,PF03144,PF22594		PS00301,PS51722		cd01883,cd03693,cd03705	SSF50447,SSF50465,SSF52540	11	IPR050100
APU25_29020	matches_api								0	
APU25_29025	matches_api	IPR019335	PF10191						1	
APU25_29030	ips6_local	IPR011050,IPR011990,IPR019734,IPR039448	PF13229			SM00028		SSF48452,SSF51126	4	
APU25_29035	matches_api	IPR016706	PF13869				cd18871		2	
APU25_29040	matches_api								0	
APU25_29045	ips6_local	IPR001431,IPR007863,IPR011249,IPR011765,IPR032632,IPR054734	PF00675,PF05193,PF16187,PF22456		PS00143			SSF63411	6	
APU25_29050	ips6_local								0	
APU25_29055	matches_api	IPR000719,IPR011009,IPR017441	PF00069		PS00107,PS50011	SM00220		SSF56112	5	
APU25_29060	matches_api	IPR001623,IPR015399,IPR018253,IPR036869	PF00226,PF09320		PS00636,PS50076	SM00271	cd06257	SSF46565	7	IPR051100
APU25_29065	ips6_local	IPR002194,IPR002423,IPR012716,IPR027409,IPR027410,IPR027413,IPR054827	PF00118	NF041082,NF041083,TIGR02341	PS00750,PS00751,PS00995		cd03336	SSF48592,SSF52029,SSF54849	11	
APU25_29070	matches_api	IPR001706,IPR018265,IPR021137,IPR037229	PF01632	TIGR00001	PS00936			SSF143034	4	
APU25_29075	ips6_local	IPR001382,IPR036026	PF01532					SSF48225	2	
APU25_29080	ips6_local	IPR006162,IPR007230,IPR009081,IPR011032,IPR013154,IPR013968,IPR014030,IPR014031,IPR016039,IPR018201,IPR020806,IPR020807,IPR020841,IPR020843,IPR036291,IPR036736,IPR036903,IPR049552,IPR049900,IPR057326	PF00109,PF00550,PF02801,PF04096,PF08240,PF08659,PF13602,PF21089		PS00012,PS00606,PS50075,PS51434,PS52004,PS52019	SM00822,SM00823,SM00825,SM00826,SM00829,SM01294	cd00833,cd05195,cd05274	SSF47336,SSF50129,SSF51735,SSF53901,SSF82215	28	
APU25_29085	ips6_local	IPR001849	PF00169		PS50003	SM00233	cd13276	SSF50729	5	
APU25_29090	matches_api	IPR007863,IPR011249,IPR011765	PF00675,PF05193					SSF63411	3	IPR050361
APU25_29095	ips6_local	IPR006977	PF04893						1	
APU25_29100	matches_api	IPR000760,IPR006239,IPR020550	PF00459	TIGR01330	PS00630		cd01517	SSF56655	5	IPR051090
APU25_29105	ips6_local	IPR004015	PF02731						1	
APU25_29110	matches_api	IPR007955	PF05291						1	
APU25_29115	matches_api	IPR003495,IPR011629,IPR027417	PF02492,PF07683			SM00833	cd03112	SSF52540,SSF90002	6	IPR036627,IPR051316
APU25_29120	matches_api	IPR001810,IPR036047	PF12937		PS50181		cd09917	SSF81383	4	
APU25_29125	ips6_local	IPR048939,IPR048940	PF20637,PF20638						2	
APU25_29130	ips6_local	IPR001650,IPR002464,IPR007502,IPR011545,IPR011709,IPR014001,IPR027417	PF00270,PF00271,PF07717		PS00690,PS51192,PS51194	SM00487,SM00490,SM00847	cd17917,cd18791	SSF52540	12	
APU25_29135	ips6_local	IPR027417,IPR033690			PS00113			SSF52540	2	
APU25_29140	matches_api	IPR002828,IPR036523	PF01975	TIGR00087				SSF64167	3	IPR030048
APU25_29145	ips6_local	IPR000330,IPR001650,IPR014001,IPR027417,IPR049730	PF00176,PF00271		PS51192,PS51194	SM00487,SM00490	cd18793	SSF52540	8	
APU25_29150	matches_api	IPR002550,IPR046342	PF01595		PS51846			SSF54631	3	IPR045095
APU25_29155	ips6_local	IPR032816	PF09335						1	
APU25_29160	ips6_local								0	
APU25_29165	ips6_local								0	
APU25_29170	ips6_local	IPR035985						SSF69572	1	
APU25_29175	ips6_local								0	
APU25_29180	matches_api	IPR000209,IPR023827,IPR023828,IPR034193,IPR036852	PF00082		PS00136,PS00138,PS51257,PS51892		cd04077	SSF52743	7	IPR015500,IPR050131
APU25_29185	ips6_local	IPR037185						SSF103481	1	
APU25_29190	matches_api	IPR000163,IPR001107,IPR036013	PF01145			SM00244	cd03401	SSF117892	4	
APU25_29195	ips6_local	IPR006828,IPR014756,IPR032640,IPR037256	PF04739,PF16561			SM01010	cd02859	SSF160219,SSF81296	6	
APU25_29200	matches_api	IPR003111,IPR015947	PF02190		PS51787	SM00464		SSF88697	4	IPR046336
APU25_29205	ips6_local								0	
APU25_29210	matches_api	IPR000764,IPR000836,IPR006083,IPR027417,IPR029057	PF00485,PF14681	NF004018,TIGR00235			cd02023,cd06223	SSF52540,SSF53271	8	
APU25_29215	matches_api	IPR000764,IPR000836,IPR006083,IPR027417,IPR029057	PF00485,PF14681	NF004018,TIGR00235			cd02023,cd06223	SSF52540,SSF53271	8	
APU25_29220	ips6_local	IPR003197,IPR036544	PF02271					SSF81524	2	
APU25_29225	ips6_local	IPR014939,IPR032054,IPR036390	PF08839,PF16679			SM01075		SSF46785	4	
APU25_29230	matches_api	IPR014806,IPR016135	PF08694				cd11686	SSF54495	3	
APU25_29235	ips6_local	IPR000182,IPR016181	PF00583		PS51186		cd04301	SSF55729	4	
APU25_29240	ips6_local	IPR011990						SSF48452	1	
APU25_29245	matches_api	IPR001357,IPR036420	PF12738		PS50172	SM00292		SSF52113	4	
APU25_29250	matches_api	IPR000340,IPR000387,IPR020422,IPR029021,IPR045204	PF00782		PS50054,PS50056		cd14526	SSF52799	5	IPR052832
APU25_29255	matches_api	IPR003757,IPR036592	PF02605					SSF81568	2	IPR022980
APU25_29260	ips6_local								0	
APU25_29265	ips6_local	IPR011990,IPR019410,IPR029063	PF10294					SSF48452,SSF53335	3	
APU25_29270	ips6_local	IPR036869						SSF46565	1	
APU25_29275	matches_api	IPR001753,IPR018376,IPR029045	PF00378		PS00166		cd06558	SSF52096	4	IPR014748,IPR045002
APU25_29280	ips6_local	IPR039204	PF22099				cd12823		2	
APU25_29285	matches_api	IPR007317	PF04190						1	IPR011990
APU25_29290	ips6_local	IPR002109,IPR033658,IPR036249	PF00462		PS51354		cd03028	SSF52833	4	
APU25_29295	matches_api	IPR007599,IPR035952	PF04511					SSF144091	2	
APU25_29300	matches_api						cd20404		1	IPR010919
APU25_29305	matches_api	IPR002937,IPR007526,IPR009057,IPR036188	PF01593,PF04433		PS50934			SSF46689,SSF51905,SSF54373	6	IPR036388,IPR050281
APU25_29310	matches_api	IPR001680,IPR007287,IPR019775,IPR036322	PF00400,PF04158		PS00678,PS50082,PS50294	SM00320	cd00200	SSF50978	8	IPR015943,IPR020472,IPR051733
APU25_29315	ips6_local	IPR000595,IPR000719,IPR000961,IPR011009,IPR018490	PF00027,PF00069		PS50011,PS50042,PS51285	SM00220	cd00038	SSF51206,SSF56112	9	
APU25_29320	ips6_local	IPR004045,IPR011767,IPR034335,IPR036249,IPR036282	PF13417		PS00195,PS50404,PS51354		cd03197	SSF47616,SSF52833	7	
APU25_29325	ips6_local	IPR000719,IPR008271,IPR011009	PF00069		PS00108,PS50011	SM00220		SSF56112	5	
APU25_29330	ips6_local	IPR013721,IPR016024,IPR020839,IPR056396	PF08514,PF21581,PF24571		PS51425			SSF48371	5	
APU25_29335	ips6_local								0	
APU25_29340	matches_api	IPR002347,IPR020904,IPR036291	PF00106		PS00061			SSF51735	3	IPR051019
APU25_29345	ips6_local	IPR001650,IPR003593,IPR004179,IPR011545,IPR014001,IPR027417,IPR036390,IPR057842	PF00270,PF00271,PF02889,PF23445		PS51192,PS51194	SM00382,SM00487,SM00490,SM00973	cd18795	SSF158702,SSF46785,SSF52540	14	
APU25_29350	matches_api	IPR001950,IPR015947,IPR036877,IPR041366,IPR048247,IPR048248,IPR057429	PF01253,PF17832,PF25304,PF26292		PS50296,PS50890		cd11610,cd21156	SSF55159,SSF88697	10	IPR039757
APU25_29355	ips6_local							SSF57997	1	
APU25_29360	ips6_local	IPR001932,IPR036457	PF00481		PS51746	SM00331,SM00332	cd00143	SSF81606	6	
APU25_29365	ips6_local	IPR004147,IPR011009,IPR044095	PF03109				cd13971	SSF56112	3	
APU25_29370	ips6_local	IPR021261	PF10998						1	
APU25_29375	ips6_local	IPR011611,IPR029056	PF00294					SSF53613	2	
APU25_29380	matches_api								0	
APU25_29385	ips6_local	IPR009060,IPR015940,IPR036390,IPR040608	PF04157,PF22562		PS50030			SSF46785,SSF46934	5	
APU25_29390	matches_api	IPR003034,IPR036361,IPR040746	PF02037,PF18592		PS50800	SM00513		SSF68906	5	IPR052240
APU25_29395	matches_api								0	
APU25_29400	ips6_local	IPR019537	PF10507						1	
APU25_29405	ips6_local								0	
APU25_29410	ips6_local	IPR001680,IPR011047	PF00400			SM00320		SSF50998	3	
APU25_29415	ips6_local	IPR000640,IPR000795,IPR005225,IPR009000,IPR020568,IPR027417,IPR035647,IPR041095	PF00009,PF00679,PF14492	TIGR00231	PS51722	SM00838	cd01885,cd04096,cd16268	SSF50447,SSF52540,SSF54211,SSF54980	13	
APU25_29420	ips6_local								0	
APU25_29425	matches_api	IPR004853	PF03151						1	IPR050186
APU25_29430	matches_api								0	
APU25_29435	ips6_local								0	
APU25_29440	ips6_local								0	
APU25_29445	ips6_local	IPR000086,IPR015797,IPR020084	PF00293		PS00893,PS51462		cd18873	SSF55811	5	
APU25_29450	ips6_local	IPR000640,IPR000795,IPR004161,IPR005225,IPR006297,IPR009000,IPR013842,IPR027417,IPR031157,IPR035647,IPR035654	PF00009,PF00679,PF03144,PF06421	TIGR00231,TIGR01393	PS00301,PS51722	SM00838	cd01890,cd03699,cd03709,cd16260	SSF50447,SSF52540,SSF54980	16	
APU25_29455	matches_api	IPR002683,IPR016123	PF01789					SSF55724	2	
APU25_29460	matches_api	IPR008698	PF05676		PS51808				2	
APU25_29465	matches_api	IPR002677,IPR011332	PF01783	TIGR01031				SSF57829	3	IPR051991
APU25_29470	ips6_local	IPR002223,IPR020901,IPR036880	PF00014		PS00280,PS50279	SM00131	cd00109	SSF57362	6	
APU25_29475	ips6_local	IPR054549,IPR055412	PF04884,PF24160						2	
APU25_29480	matches_api	IPR001787,IPR028909,IPR036164	PF00829	TIGR00061				SSF141091	3	
APU25_29485	ips6_local	IPR019378	PF10250				cd11296		2	
APU25_29490	ips6_local	IPR006222,IPR017703	PF01571	TIGR03317				SSF103025	3	
APU25_29495	ips6_local	IPR016040,IPR036291	PF13460					SSF51735	2	
APU25_29500	matches_api	IPR000597,IPR009000,IPR019927	PF00297	TIGR03625				SSF50447	3	
APU25_29505	ips6_local	IPR004367,IPR006671,IPR013763,IPR036915	PF00134,PF02984			SM00385,SM01332		SSF47954	5	
APU25_29510	ips6_local	IPR001650,IPR006575,IPR007502,IPR011545,IPR011709,IPR013087,IPR014001,IPR016135,IPR027417,IPR056328,IPR056890,IPR059023	PF00270,PF00271,PF05773,PF07717,PF21010,PF24385,PF24899,PF26026		PS00028,PS50157,PS50908,PS51192,PS51194	SM00487,SM00490,SM00847	cd17917,cd18791	SSF52540,SSF54495,SSF54768	21	
APU25_29515	ips6_local								0	
APU25_29520	ips6_local								0	
APU25_29525	matches_api	IPR000192,IPR010240,IPR015424,IPR020578	PF00266	NF010611,TIGR02006	PS00595			SSF53383	5	IPR015421,IPR015422,IPR016454
APU25_29530	matches_api	IPR021325	PF11152						1	IPR044970
APU25_29535	ips6_local	IPR000825,IPR011542,IPR037284	PF01458	TIGR01981				SSF101960	3	
APU25_29540	matches_api								0	
APU25_29545	ips6_local	IPR001005,IPR022228	PF12579				cd00167		2	
APU25_29550	ips6_local	IPR001680,IPR036322	PF00400			SM00320		SSF50978	3	
APU25_29555	matches_api	IPR000571,IPR003617,IPR017923,IPR035441	PF08711		PS50103,PS51319	SM00509		SSF47676	5	
APU25_29560	matches_api	IPR000719,IPR008271,IPR011009,IPR017441,IPR045216	PF00069		PS00107,PS00108,PS50011	SM00220	cd14132	SSF56112	7	
APU25_29565	ips6_local	IPR004827,IPR045314,IPR046347	PF00170		PS00036,PS50217	SM00338	cd14702	SSF57959	6	
APU25_29570	matches_api	IPR006050,IPR008148,IPR032673,IPR036134,IPR036155	PF00875	TIGR00591	PS01083,PS01084,PS51645			SSF48173,SSF52425	7	IPR014729,IPR052219
APU25_29575	matches_api	IPR006941,IPR012337	PF04857					SSF53098	2	IPR036397,IPR039637
APU25_29580	matches_api								0	
APU25_29585	ips6_local	IPR005062	PF03399						1	
APU25_29590	ips6_local	IPR011990,IPR013699,IPR031545	PF08492,PF17004					SSF48452	3	
APU25_29595	matches_api	IPR002777	PF01920				cd23161	SSF46579	3	IPR009053
APU25_29600	ips6_local	IPR001623,IPR004179,IPR014756,IPR036869	PF00226,PF02889		PS50076	SM00271,SM00973	cd06257	SSF158702,SSF46565,SSF81296	9	
APU25_29605	matches_api	IPR000504,IPR002004,IPR003954,IPR006515,IPR034364,IPR035979,IPR036053,IPR045305	PF00076,PF00658	TIGR01628	PS50102,PS51309	SM00360,SM00361,SM00517	cd12378,cd12379,cd12381	SSF54928,SSF63570	13	IPR012677
APU25_29610	matches_api	IPR004143,IPR045864	PF21948		PS51733			SSF55681	3	IPR053264
APU25_29615	matches_api	IPR007052,IPR008978			PS51203		cd06465	SSF49764	3	IPR045250
APU25_29620	ips6_local	IPR003604,IPR013087,IPR014898,IPR036236,IPR058719	PF08790,PF12874,PF25879		PS00028	SM00451		SSF57667	6	
APU25_29625	matches_api	IPR001623,IPR036869	PF00226		PS50076	SM00271	cd06257	SSF46565	5	
APU25_29630	matches_api								0	
APU25_29635	ips6_local	IPR000086,IPR015797,IPR031804	PF15916		PS51462		cd03676	SSF55811	4	
APU25_29640	ips6_local	IPR001478,IPR009003,IPR036034,IPR039382	PF13180,PF13365		PS50106	SM00228	cd00990	SSF50156,SSF50494	7	
APU25_29645	ips6_local	IPR002500,IPR004508,IPR004511,IPR013766,IPR036249	PF00085,PF01507	NF002537,TIGR00424	PS51352		cd23945	SSF52402,SSF52833	8	
APU25_29650	matches_api	IPR005301,IPR036703	PF03637			SM01388		SSF101152	3	
APU25_29655	ips6_local	IPR000504,IPR022023,IPR034143,IPR035979	PF00076,PF12220		PS50102	SM00360	cd12236	SSF54928	6	
APU25_29660	ips6_local	IPR001313,IPR012959,IPR016024,IPR033133	PF08144		PS50302,PS50303	SM00025		SSF48371	5	
APU25_29665	ips6_local								0	
APU25_29670	ips6_local	IPR001680,IPR011047,IPR013934,IPR019775,IPR036322	PF00400,PF08625		PS00678,PS50082,PS50294	SM00320	cd00200	SSF50978,SSF50998	9	
APU25_29675	matches_api								0	
APU25_29680	matches_api	IPR000595,IPR000719,IPR000961,IPR008271,IPR011009,IPR017441,IPR018488,IPR018490,IPR035014	PF00027,PF00069		PS00107,PS00108,PS00888,PS00889,PS50011,PS50042,PS51285	SM00100,SM00220	cd00038,cd05572	SSF51206,SSF56112	15	IPR014710
APU25_29685	matches_api	IPR003210,IPR009018	PF02290					SSF54762	2	
APU25_29690	ips6_local								0	
APU25_29695	ips6_local	IPR000504,IPR035979	PF00076		PS50102	SM00360		SSF54928	4	
APU25_29700	matches_api	IPR001328,IPR018171,IPR036416	PF01195	TIGR00447	PS01195,PS01196		cd00462	SSF53178	6	
APU25_29705	ips6_local	IPR036525						SSF52490	1	
APU25_29710	ips6_local	IPR007052,IPR008978	PF04969		PS51203		cd06467	SSF49764	4	
APU25_29715	ips6_local	IPR006109,IPR006168,IPR008927,IPR011128,IPR036291	PF01210,PF07479	NF000940,NF000942	PS00957			SSF48179,SSF51735	7	
APU25_29720	matches_api	IPR000352,IPR004373,IPR005139,IPR045853	PF00472,PF03462	NF001859,TIGR00019	PS00745	SM00937		SSF75620	7	IPR050057
APU25_29725	matches_api	IPR000131,IPR023632,IPR035968	PF00231	TIGR01146	PS00153		cd12151	SSF52943	5	
APU25_29730	matches_api	IPR007144	PF03998						1	
APU25_29735	matches_api								0	
APU25_29740	ips6_local								0	
APU25_29745	ips6_local	IPR002035,IPR004595,IPR007198,IPR012170,IPR013087,IPR036465,IPR046349,IPR060271	PF04056,PF07975,PF27618	TIGR00622	PS00028	SM00327,SM01047		SSF53300,SSF57889	9	
APU25_29750	matches_api	IPR001650,IPR001943,IPR011545,IPR014001,IPR014014,IPR027417	PF00270,PF00271,PF02151		PS51192,PS51194,PS51195	SM00487,SM00490		SSF52540	9	IPR050547
APU25_29755	ips6_local	IPR001680,IPR011047,IPR057780,IPR061510	PF23411,PF23556		PS50082			SSF50998	4	
APU25_29760	matches_api								0	
APU25_29765	ips6_local	IPR000808,IPR002744,IPR019591,IPR027417,IPR033756,IPR034904	PF01883,PF10609		PS01215		cd02037	SSF117916,SSF52540	6	
APU25_29770	matches_api	IPR025461	PF14108						1	
APU25_29775	ips6_local	IPR018962	PF09353						1	
APU25_29780	matches_api	IPR001555,IPR002376,IPR004607,IPR036477	PF00551	TIGR00639	PS00373		cd08645	SSF53328	5	
APU25_29785	ips6_local	IPR001807,IPR014743,IPR046342	PF00654				cd00400	SSF54631,SSF81340	4	
APU25_29790	matches_api	IPR000307,IPR020592,IPR023803	PF00886	TIGR00002	PS00732			SSF54565	4	
APU25_29795	matches_api	IPR000923,IPR008972,IPR033138	PF00127		PS00079			SSF49503	3	
APU25_29800	matches_api	IPR000923,IPR008972,IPR028871	PF00127		PS00196			SSF49503	3	
APU25_29805	ips6_local	IPR000571,IPR036855			PS50103	SM00356		SSF90229	3	
APU25_29810	matches_api	IPR021788	PF11833						1	
APU25_29815	ips6_local	IPR001678,IPR002478,IPR015947,IPR029063,IPR049560	PF01189,PF01472		PS50890,PS51686		cd21150	SSF53335,SSF88697	7	
APU25_29820	matches_api	IPR002060,IPR006449,IPR008949,IPR019845,IPR033904	PF00494	TIGR01559	PS01044,PS01045		cd00683	SSF48576	6	IPR044844
APU25_29825	matches_api	IPR011335,IPR017482,IPR019080	PF09588	TIGR03033			cd22343	SSF52980	4	IPR011604,IPR051703
APU25_29830	matches_api	IPR008183,IPR011013,IPR047215	PF01263	NF008277			cd09019	SSF74650	4	IPR014718,IPR015443
APU25_29835	matches_api	IPR001878,IPR036875			PS50158			SSF57756	2	
APU25_29840	ips6_local								0	
APU25_29845	ips6_local	IPR001425,IPR001789,IPR003594,IPR003661,IPR005467,IPR011006,IPR036097,IPR036890	PF00072,PF00512,PF01036,PF02518		PS50109,PS50110	SM00387,SM00388,SM00448,SM01021	cd00082,cd16922,cd17574	SSF47384,SSF52172,SSF55874,SSF81321	17	
APU25_29850	ips6_local								0	
APU25_29855	ips6_local	IPR001179	PF00254		PS50059			SSF54534	3	
APU25_29860	matches_api	IPR000642,IPR003593,IPR003959,IPR003960,IPR027417,IPR037219	PF00004,PF01434		PS00674	SM00382	cd19501	SSF140990,SSF52540	7	
APU25_29865	matches_api	IPR001623,IPR007872,IPR036671,IPR036869	PF00226,PF05207		PS50076,PS51074	SM00271	cd06257	SSF144217,SSF46565	8	
APU25_29870	matches_api								0	
APU25_29875	ips6_local	IPR000629,IPR001650,IPR011545,IPR014001,IPR014014,IPR025313,IPR027417	PF00270,PF00271,PF13959		PS00039,PS51192,PS51194,PS51195	SM00487,SM00490,SM01178	cd17949,cd18787	SSF52540	13	
APU25_29880	ips6_local	IPR005549,IPR041112	PF03800,PF18595						2	
APU25_29885	ips6_local								0	
APU25_29890	ips6_local	IPR016300,IPR025723,IPR027417	PF02374	TIGR00345			cd02035	SSF52540	4	
APU25_29895	ips6_local	IPR036291,IPR057571	PF23441					SSF51735	2	
APU25_29900	matches_api	IPR008972						SSF49503	1	
APU25_29905	matches_api	IPR008972						SSF49503	1	
APU25_29910	ips6_local	IPR008972,IPR033138			PS00079			SSF49503	2	
APU25_29915	ips6_local							SSF117289	1	
APU25_29920	ips6_local								0	
APU25_29925	ips6_local	IPR023696,IPR023801	PF00850				cd09991	SSF52768	3	
APU25_29930	ips6_local	IPR000571,IPR002893,IPR041367	PF18044		PS01360,PS50103,PS50865	SM00356		SSF144232	6	
APU25_29935	ips6_local	IPR000209,IPR022398,IPR023827,IPR036852	PF00082		PS00136,PS00137,PS51892			SSF52743	5	
APU25_29940	ips6_local	IPR046341					cd10527	SSF82199	2	
APU25_29945	matches_api	IPR000506,IPR008927,IPR013116,IPR036291	PF01450,PF07991		PS51850,PS51851			SSF48179,SSF51735	6	IPR013023,IPR013328
APU25_29950	ips6_local	IPR005122,IPR036895	PF03167					SSF52141	2	
APU25_29955	ips6_local								0	
APU25_29960	matches_api	IPR019368	PF10236						1	
APU25_29965	matches_api	IPR036188	PF13450					SSF51905	2	
APU25_29970	matches_api								0	
APU25_29975	matches_api	IPR019560	PF10558						1	
APU25_29980	ips6_local	IPR019410,IPR029063	PF10294					SSF53335	2	
APU25_29985	matches_api								0	
APU25_29990	ips6_local	IPR000210,IPR002083,IPR011333,IPR034090,IPR056423	PF00651,PF24570		PS50097	SM00225	cd00121,cd14736,cd18280	SSF49599,SSF54695	9	
APU25_29995	ips6_local	IPR054549	PF04884						1	
APU25_30000	ips6_local								0	
APU25_30005	matches_api								0	
APU25_30010	matches_api								0	
APU25_30015	matches_api	IPR018946,IPR043904	PF19050				cd07389		2	IPR038607
APU25_30020	matches_api	IPR000719,IPR008271,IPR011009,IPR017441	PF00069		PS00107,PS00108,PS50011	SM00220	cd13990	SSF56112	7	
APU25_30025	ips6_local							SSF52047	1	
APU25_30030	ips6_local	IPR003961,IPR004843,IPR008963,IPR015914,IPR029052,IPR041792	PF00149,PF16656				cd00063,cd00839	SSF49363,SSF56300	6	
APU25_30035	matches_api								0	
APU25_30040	ips6_local	IPR004087,IPR004088,IPR036612	PF00013		PS50084	SM00322		SSF54791	4	
APU25_30045	ips6_local	IPR000467	PF01585		PS50174	SM00443			3	
APU25_30050	matches_api	IPR000571,IPR036855	PF00642		PS50103	SM00356		SSF90229	4	IPR045877
APU25_30055	ips6_local	IPR006726	PF04632						1	
APU25_30060	ips6_local	IPR020966	PF11744						1	
APU25_30065	ips6_local	IPR006726	PF04632						1	
APU25_30070	matches_api	IPR000549,IPR017494	PF01241	TIGR03051					2	IPR016370,IPR023618
APU25_30075	matches_api	IPR005123,IPR006620,IPR044862	PF13640		PS51471	SM00702			3	IPR045054
APU25_30080	matches_api	IPR005123,IPR006620,IPR044862	PF13640		PS51471	SM00702			3	IPR045054
APU25_30085	matches_api	IPR009060,IPR015940,IPR018997,IPR036339,IPR057766	PF09409,PF22562,PF24560		PS50030			SSF143503,SSF46934	6	
APU25_30090	matches_api	IPR001606,IPR036431	PF01388		PS51011		cd16100	SSF46774	4	
APU25_30095	matches_api	IPR013717	PF08510						1	IPR052263
APU25_30100	ips6_local	IPR009851,IPR016135,IPR037202	PF07200		PS51314		cd11685	SSF140111,SSF54495	5	
APU25_30105	matches_api	IPR001763,IPR036873	PF00581		PS50206	SM00450	cd00158	SSF52821	5	IPR043186
APU25_30110	ips6_local								0	
APU25_30115	ips6_local	IPR006895,IPR006896,IPR006900,IPR012990,IPR036174,IPR036175,IPR036180,IPR036465	PF04810,PF04811,PF04815,PF08033					SSF53300,SSF81811,SSF81995,SSF82754,SSF82919	9	
APU25_30120	matches_api	IPR001806,IPR005225,IPR027417,IPR057289	PF00071	TIGR00231	PS51417,PS51419,PS51420,PS51421	SM00173,SM00174,SM00175,SM00176,SM00177	cd01869	SSF52540	13	IPR050227
APU25_30125	matches_api	IPR006603	PF04193			SM00679			2	IPR016817
APU25_30130	matches_api								0	
APU25_30135	matches_api	IPR001247,IPR015847,IPR020568,IPR036345	PF01138,PF03725				cd11367	SSF54211,SSF55666	5	IPR027408,IPR050590
APU25_30140	ips6_local	IPR007213,IPR011610,IPR029063	PF04072	TIGR00027				SSF53335	3	
APU25_30145	ips6_local	IPR001433,IPR003097,IPR008254,IPR017927,IPR017938,IPR029039,IPR039261	PF00175,PF00258,PF00667		PS50902,PS51384			SSF52218,SSF52343,SSF63380	8	
APU25_30150	matches_api	IPR001012,IPR029071,IPR055417	PF00789,PF03152		PS50033		cd01767	SSF54236	5	IPR004854,IPR042299
APU25_30155	matches_api	IPR009078	PF13668					SSF47240	2	IPR052965
APU25_30160	matches_api	IPR007213,IPR011610,IPR029063	PF04072	TIGR00027				SSF53335	3	
APU25_30165	ips6_local	IPR009542	PF06645						1	
APU25_30170	ips6_local								0	
APU25_30175	ips6_local	IPR001547,IPR017853,IPR018087	PF26410		PS00659			SSF51445	3	
APU25_30180	matches_api	IPR026721	PF14770						1	
APU25_30185	ips6_local	IPR006549,IPR006551,IPR010996,IPR013954,IPR027421,IPR036412	PF08645,PF14716	TIGR01662,TIGR01664				SSF47802,SSF56784	6	
APU25_30190	matches_api	IPR000086,IPR015797,IPR020084	PF00293		PS00893,PS51462		cd04673	SSF55811	5	IPR020476
APU25_30195	ips6_local								0	
APU25_30200	matches_api								0	
APU25_30205	matches_api	IPR011697,IPR015527,IPR029062	PF07722		PS51273,PS51275			SSF52317	4	
APU25_30210	ips6_local	IPR002454,IPR003008,IPR008280,IPR017975,IPR018316,IPR036525	PF00091,PF03953		PS00227	SM00864,SM00865	cd02188	SSF52490,SSF55307	8	
APU25_30215	ips6_local	IPR013216,IPR015865,IPR023465,IPR029063	PF01687,PF08241			SM00904	cd02440	SSF53335,SSF82114	6	
APU25_30220	ips6_local								0	
APU25_30225	matches_api								0	
APU25_30230	matches_api	IPR002715	PF01849		PS51151	SM01407	cd22055		4	IPR038187,IPR039370
APU25_30235	matches_api								0	IPR011990
APU25_30240	matches_api	IPR000629,IPR001650,IPR011545,IPR014001,IPR014014,IPR027417	PF00270,PF00271		PS00039,PS51192,PS51194,PS51195	SM00487,SM00490	cd18045,cd18787	SSF52540	11	
APU25_30245	ips6_local	IPR004843,IPR006186,IPR029052	PF00149		PS00125	SM00156	cd07415	SSF56300	5	
APU25_30250	matches_api	IPR007667	PF04588		PS51503				2	IPR040153
APU25_30255	matches_api	IPR006683,IPR029069	PF03061				cd03443	SSF54637	3	IPR052061
APU25_30260	ips6_local	IPR005069	PF03407						1	
APU25_30265	ips6_local	IPR005069	PF03407		PS51257				2	
APU25_30270	matches_api	IPR005050	PF03386						1	
APU25_30275	ips6_local								0	
APU25_30280	matches_api	IPR019320	PF10167						1	
APU25_30285	ips6_local	IPR000352,IPR004374,IPR005139,IPR045853	PF00472,PF03462	TIGR00020	PS00745	SM00937		SSF75620	6	
APU25_30290	matches_api	IPR003010,IPR017755,IPR036526	PF00795	TIGR03381	PS50263		cd07573	SSF56317	5	IPR050345
APU25_30295	matches_api	IPR007466,IPR017754	PF04371	TIGR03380				SSF55909	3	
APU25_30300	ips6_local	IPR010530	PF06522						1	
APU25_30305	ips6_local	IPR006153	PF00999						1	
APU25_30310	ips6_local	IPR002130,IPR023222,IPR029000,IPR048563	PF00160,PF21329		PS50072		cd01924	SSF101112,SSF50891	6	
APU25_30315	matches_api	IPR009069						SSF47072	1	
APU25_30320	matches_api				PS51257				1	
APU25_30325	matches_api	IPR009500	PF06549						1	
APU25_30330	matches_api								0	
APU25_30335	ips6_local	IPR016040,IPR036291	PF13460					SSF51735	2	
APU25_30340	ips6_local	IPR014782,IPR024571,IPR034016,IPR042097,IPR045357	PF01433,PF11838,PF17900				cd09601	SSF55486,SSF63737	6	
APU25_30345	matches_api	IPR003018	PF01590					SSF55781	2	IPR029016,IPR051330
APU25_30350	ips6_local	IPR000504,IPR035979	PF00076		PS50102	SM00360	cd12394	SSF54928	5	
APU25_30355	ips6_local								0	
APU25_30360	matches_api	IPR000504,IPR034168,IPR035979	PF00076		PS50102	SM00360	cd12347	SSF54928	5	IPR012677
APU25_30365	ips6_local	IPR004910,IPR034751	PF03226		PS51792				2	
APU25_30370	matches_api	IPR013919	PF08610						1	
APU25_30375	matches_api	IPR005455,IPR027310,IPR036140,IPR048278	PF00235		PS00414	SM00392	cd00148	SSF55770	5	
APU25_30380	matches_api	IPR009730	PF06991						1	IPR033194
APU25_30385	ips6_local				PS51257				1	
APU25_30390	ips6_local	IPR028934	PF03643						1	
APU25_30395	matches_api	IPR004033,IPR023576,IPR029063	PF01209	TIGR01934	PS01183,PS01184,PS51608		cd02440	SSF53335	7	
APU25_30400	matches_api	IPR008166	PF01697						1	
APU25_30405	ips6_local	IPR019128	PF09724						1	
APU25_30410	matches_api	IPR012301,IPR012302,IPR015884,IPR036291,IPR046346	PF00390,PF03949	NF010052	PS00331	SM00919,SM01274		SSF51735,SSF53223	8	IPR001891,IPR037062
APU25_30415	matches_api							SSF57997	1	
APU25_30420	ips6_local	IPR002014,IPR004152,IPR008942	PF00790,PF03127		PS50179,PS50909	SM00288	cd03561	SSF48464,SSF89009	8	
APU25_30425	matches_api	IPR000073,IPR029058	PF00561					SSF53474	2	IPR000639
APU25_30430	matches_api	IPR006683,IPR029069	PF03061				cd03443	SSF54637	3	IPR052061
APU25_30435	matches_api	IPR004823,IPR009072,IPR011442,IPR016024	PF02969,PF07571			SM00803	cd08050,cd22931	SSF47113,SSF48371	7	IPR037796,IPR046344
APU25_30440	ips6_local	IPR004843,IPR006186,IPR029052,IPR031675	PF00149,PF16891		PS00125	SM00156	cd07414	SSF56300	6	
APU25_30445	matches_api	IPR002110,IPR036770	PF12796		PS50088,PS50297	SM00248		SSF48403	5	
APU25_30450	ips6_local	IPR004463,IPR020568	PF03331					SSF54211	2	
APU25_30455	ips6_local	IPR001753,IPR006108,IPR006176,IPR006180,IPR008927,IPR029045,IPR036291	PF00378,PF00725,PF02737		PS00067		cd06558	SSF48179,SSF51735,SSF52096	8	
APU25_30460	ips6_local	IPR000432,IPR007695,IPR016151,IPR027417	PF00488,PF01624		PS00486	SM00534		SSF52540,SSF55271	6	
APU25_30465	ips6_local	IPR000719,IPR001245,IPR008271,IPR011009	PF07714		PS00108,PS50011	SM00220		SSF56112	5	
APU25_30470	ips6_local	IPR000432,IPR007696,IPR007861,IPR027417,IPR036187	PF00488,PF05190,PF05192		PS00486	SM00533,SM00534		SSF48334,SSF52540	8	
APU25_30475	ips6_local	IPR028158,IPR028159	PF14766,PF14768						2	
APU25_30480	matches_api								0	
APU25_30485	matches_api	IPR009450	PF06432						1	
APU25_30490	matches_api	IPR003958,IPR009072	PF00808				cd22929	SSF47113	3	IPR050568
APU25_30495	ips6_local								0	
APU25_30500	ips6_local								0	
APU25_30505	ips6_local								0	
APU25_30510	ips6_local								0	
APU25_30515	ips6_local								0	
APU25_30520	ips6_local								0	
APU25_30525	ips6_local								0	
APU25_30530	matches_api	IPR004843,IPR006186,IPR029052	PF00149		PS00125	SM00156	cd07415	SSF56300	5	IPR047129
APU25_30535	ips6_local	IPR000198,IPR000300,IPR008936,IPR036691,IPR048869	PF21310,PF22669		PS50238	SM00128		SSF48350,SSF56219	6	
APU25_30540	matches_api	IPR013126,IPR018181,IPR029047,IPR029048,IPR043129	PF00012	NF001413	PS00297,PS00329,PS01036		cd10233	SSF100920,SSF100934,SSF53067	9	
APU25_30545	matches_api	IPR001373,IPR016157,IPR016158,IPR016159,IPR019559,IPR036317,IPR036390,IPR059120	PF00888,PF10557,PF26557		PS01256,PS50069	SM00182,SM00884		SSF46785,SSF74788,SSF75632	10	IPR036388,IPR045093
APU25_30550	matches_api	IPR008584	PF05907					SSF141678	2	
APU25_30555	ips6_local	IPR005527	PF03776						1	
APU25_30560	matches_api	IPR001680,IPR036322	PF00400		PS50082,PS50294	SM00320		SSF50978	5	IPR015943,IPR037867
APU25_30565	ips6_local								0	
APU25_30570	ips6_local	IPR000330,IPR001650,IPR002711,IPR003615,IPR014001,IPR027417,IPR049730	PF00176,PF00271,PF01844		PS51192,PS51194	SM00487,SM00490	cd00085,cd18793	SSF52540	10	
APU25_30575	matches_api	IPR004099,IPR006258,IPR012999,IPR016156,IPR023753,IPR036188	PF02852,PF07992	TIGR01350	PS00076			SSF51905,SSF55424	6	IPR001100,IPR050151
APU25_30580	ips6_local	IPR001680,IPR019775,IPR036322	PF00400		PS00678,PS50082,PS50294	SM00320		SSF50978	6	
APU25_30585	ips6_local	IPR002100,IPR036879	PF00319		PS50066	SM00432		SSF55455	4	
APU25_30590	ips6_local								0	
APU25_30595	matches_api	IPR000361,IPR016092,IPR035903	PF01521	TIGR00049				SSF89360	3	
APU25_30600	matches_api	IPR000649,IPR037171	PF01008					SSF100950	2	IPR042529,IPR051855
APU25_30605	ips6_local	IPR006145,IPR020103	PF00849				cd02869	SSF55120	3	
APU25_30610	matches_api	IPR022800,IPR029040	PF06093			SM01389	cd07973	SSF63393	4	IPR009287,IPR038510
APU25_30615	matches_api	IPR011146,IPR036265	PF01230		PS51084			SSF54197	3	
APU25_30620	ips6_local	IPR000182,IPR016181	PF00583		PS51186		cd04301	SSF55729	4	
APU25_30625	matches_api	IPR002562,IPR002782,IPR012337	PF01612,PF01927			SM00474		SSF53098	4	IPR036397,IPR052408
APU25_30630	ips6_local	IPR007235,IPR009695	PF04101,PF06925					SSF53756	3	
APU25_30635	ips6_local								0	
APU25_30640	ips6_local	IPR002192,IPR054481,IPR056301	PF01326,PF22973,PF23166					SSF56059	4	
APU25_30645	ips6_local								0	
APU25_30650	ips6_local	IPR001623,IPR035979,IPR036869	PF00226		PS50076	SM00271	cd06257	SSF46565,SSF54928	6	
APU25_30655	matches_api	IPR002655,IPR006091,IPR009100,IPR036250,IPR055060	PF01756,PF02770,PF22924					SSF47203,SSF56645	5	IPR012258,IPR046373
APU25_30660	ips6_local								0	
APU25_30665	ips6_local	IPR000223,IPR019533,IPR019756,IPR019758,IPR036286	PF10502	TIGR02227	PS00501,PS00761		cd06530	SSF51306	6	
APU25_30670	matches_api								0	IPR019395
APU25_30675	ips6_local	IPR004098,IPR014906,IPR036285	PF02840,PF08799			SM00500		SSF158230,SSF47938	5	
APU25_30680	ips6_local	IPR000719,IPR000961,IPR008271,IPR011009,IPR017441,IPR017892,IPR045270	PF00069,PF00433		PS00107,PS00108,PS50011,PS51285	SM00133,SM00220	cd05123	SSF56112	10	
APU25_30685	ips6_local	IPR007146,IPR018972	PF04000,PF09368						2	
APU25_30690	ips6_local	IPR001680,IPR036322,IPR048382	PF21034			SM00320		SSF50978	3	
APU25_30695	ips6_local								0	
APU25_30700	ips6_local	IPR001110,IPR003010,IPR036526,IPR045254	PF00795		PS01227,PS50263,PS51257		cd07572	SSF56317	6	
APU25_30705	ips6_local	IPR004038,IPR029064	PF01248					SSF55315	2	
APU25_30710	ips6_local	IPR000719,IPR008271,IPR011009	PF00069		PS00108,PS50011	SM00220	cd14136	SSF56112	6	
APU25_30715	ips6_local	IPR001578,IPR038765,IPR041507	PF01088,PF18031		PS52048		cd09617	SSF54001	5	
APU25_30720	matches_api								0	
APU25_30725	ips6_local	IPR016024,IPR024986,IPR026003	PF12765,PF12830					SSF48371	3	
APU25_30730	matches_api								0	
APU25_30735	matches_api								0	
APU25_30740	ips6_local								0	
APU25_30745	ips6_local	IPR007900	PF05236						1	
APU25_30750	matches_api	IPR004839,IPR015424,IPR019942	PF00155	TIGR03542			cd00609	SSF53383	4	IPR015421,IPR015422
APU25_30755	matches_api	IPR027012	PF13864		PS51665				2	IPR052102
APU25_30760	ips6_local	IPR000602,IPR011013,IPR011330,IPR011682,IPR015341,IPR028995	PF01074,PF07748,PF09261			SM00872	cd10810	SSF74650,SSF88688,SSF88713	8	
APU25_30765	ips6_local	IPR001680,IPR019775,IPR036322	PF00400		PS00678,PS50082	SM00320		SSF50978	5	
APU25_30770	ips6_local	IPR001164,IPR037278	PF01412		PS50115	SM00105	cd08838	SSF57863	5	
APU25_30775	ips6_local	IPR060410,IPR064012	PF27562,PF29300						2	
APU25_30780	matches_api	IPR000582,IPR022408,IPR035984	PF00887		PS00880,PS51228			SSF47027	4	IPR014352
APU25_30785	ips6_local								0	
APU25_30790	ips6_local	IPR001757,IPR006544,IPR008250,IPR018303,IPR023298,IPR023299,IPR036412,IPR057255,IPR059000	PF00122,PF23143	TIGR01494,TIGR01657	PS00154			SSF56784,SSF81653,SSF81660,SSF81665	9	
APU25_30795	ips6_local								0	
APU25_30800	ips6_local	IPR001210,IPR018273,IPR036401	PF00833		PS00712			SSF116820	3	
APU25_30805	ips6_local	IPR013633	PF08424						1	
APU25_30810	ips6_local								0	
APU25_30815	ips6_local	IPR002885,IPR033443	PF17177		PS51375				2	
APU25_30820	matches_api	IPR001753,IPR029045	PF00378				cd06558	SSF52096	3	
APU25_30825	ips6_local	IPR028098	PF13439,PF13692					SSF53756	3	
APU25_30830	matches_api								0	
APU25_30835	matches_api	IPR014923	PF08819						1	
APU25_30840	ips6_local								0	
APU25_30845	ips6_local								0	
APU25_30850	ips6_local	IPR023370,IPR036413	PF01980		PS51668		cd09281	SSF118196	4	
APU25_30855	ips6_local	IPR010903	PF07466						1	
APU25_30860	ips6_local	IPR001763,IPR036873	PF00581		PS50206	SM00450	cd00158	SSF52821	5	
APU25_30865	ips6_local								0	
APU25_30870	ips6_local	IPR019370	PF10238						1	
APU25_30875	matches_api	IPR005135,IPR036691	PF03372					SSF56219	2	IPR051916
APU25_30880	ips6_local	IPR001547,IPR017853	PF26410					SSF51445	2	
APU25_30885	matches_api	IPR001547,IPR017853	PF26410					SSF51445	2	IPR045053
APU25_30890	ips6_local	IPR005708,IPR011051,IPR046451,IPR046452	PF04209,PF20510	TIGR01015			cd07000	SSF51182	5	
APU25_30895	matches_api	IPR018793	PF10203						1	
APU25_30900	ips6_local	IPR001650,IPR003593,IPR011545,IPR012961,IPR014001,IPR027417	PF00270,PF08148		PS51192,PS51194	SM00382,SM00487,SM00490,SM01142	cd18795	SSF52540	10	
APU25_30905	matches_api	IPR034626	PF28482						1	
APU25_30910	matches_api	IPR003892,IPR009060	PF02845		PS51140			SSF46934	3	IPR052586
APU25_30915	matches_api	IPR022043	PF12253						1	
APU25_30920	ips6_local	IPR000467,IPR058719	PF01585,PF25879		PS50174	SM00443			4	
APU25_30925	ips6_local	IPR021150	PF03981						1	
APU25_30930	ips6_local								0	
APU25_30935	ips6_local	IPR014756,IPR029021,IPR032640,IPR045204	PF16561				cd02859,cd14526	SSF52799,SSF81296	5	
APU25_30940	matches_api	IPR010719,IPR029063	PF06962	NF053511				SSF53335	3	
APU25_30945	matches_api								0	
APU25_30950	ips6_local								0	
APU25_30955	matches_api	IPR014867	PF08757						1	
APU25_30960	ips6_local	IPR014867	PF08757						1	
APU25_30965	matches_api	IPR001179,IPR011990,IPR019734	PF00254		PS50005,PS50059	SM00028		SSF48452,SSF54534	6	IPR046357,IPR050754
APU25_30970	ips6_local	IPR003437,IPR015424,IPR020581,IPR049315,IPR049316	PF02347,PF21478	NF003346,TIGR00461			cd00613	SSF53383	6	
APU25_30975	matches_api	IPR000719,IPR001245,IPR008271,IPR011009,IPR017441	PF07714		PS00107,PS00108,PS50011	SM00220		SSF56112	6	IPR051681
APU25_30980	matches_api	IPR022091,IPR022092	PF12325,PF12329						2	
APU25_30985	ips6_local	IPR013830	PF13472					SSF52266	2	
APU25_30990	ips6_local	IPR001214,IPR046341	PF00856		PS50280	SM00317	cd20071	SSF82199	5	
APU25_30995	ips6_local								0	
APU25_31000	ips6_local								0	
APU25_31005	ips6_local								0	
APU25_31010	matches_api	IPR039924	PF03517						1	IPR011993
APU25_31015	matches_api	IPR003781,IPR005810,IPR005811,IPR016102,IPR017440,IPR033847,IPR036291	PF00549,PF02629	NF004230,TIGR01019	PS00399,PS01216	SM00881		SSF51735,SSF52210	9	
APU25_31020	ips6_local	IPR018022,IPR027417	PF01715	TIGR00174				SSF52540	3	
APU25_31025	matches_api	IPR008509,IPR036259	PF05631				cd17487	SSF103473	3	
APU25_31030	ips6_local	IPR001487,IPR001680,IPR036427,IPR057452	PF00400,PF00439,PF25437		PS50014,PS50082,PS50294	SM00320		SSF101908,SSF117289,SSF47370	10	
APU25_31035	ips6_local	IPR011990,IPR019734			PS50005	SM00028		SSF48452	3	
APU25_31040	matches_api								0	
APU25_31045	matches_api	IPR001943,IPR032710,IPR037401	PF02151,PF13474					SSF54427	3	
APU25_31050	matches_api	IPR000644,IPR046342	PF00571		PS51371	SM00116	cd02205	SSF54631	5	IPR050511
APU25_31055	ips6_local	IPR007471,IPR007472,IPR016181	PF04376,PF04377					SSF55729	3	
APU25_31060	ips6_local	IPR002933,IPR036264	PF01546				cd03884	SSF53187,SSF55031	4	
APU25_31065	matches_api	IPR000048,IPR001609,IPR002710,IPR027417	PF00063,PF00612,PF01843		PS50096,PS51126,PS51456	SM00015,SM00242		SSF52540	9	IPR036961
APU25_31070	matches_api								0	
APU25_31075	matches_api	IPR000086,IPR011876,IPR015797	PF00293	TIGR02150	PS51462		cd02885	SSF55811	5	
APU25_31080	matches_api								0	
APU25_31085	ips6_local	IPR002051,IPR016053,IPR016084	PF01126				cd19165	SSF48613	3	
APU25_31090	matches_api								0	
APU25_31095	matches_api	IPR001841,IPR024991	PF12861		PS50089	SM00184	cd16456	SSF57850	5	IPR013083,IPR051031
APU25_31100	matches_api	IPR001680,IPR019775,IPR036322	PF00400		PS00678,PS50082,PS50294	SM00320	cd00200	SSF50978	7	IPR015943,IPR051510
APU25_31105	ips6_local	IPR006073,IPR016496,IPR025121,IPR027417,IPR030394,IPR032305,IPR045498	PF01926,PF13167,PF16360,PF19275	TIGR03156	PS51705		cd01878	SSF52540	8	
APU25_31110	matches_api	IPR003453,IPR030802	PF02405	TIGR00056					2	
APU25_31115	ips6_local	IPR018962	PF09353						1	
APU25_31120	matches_api								0	
APU25_31125	matches_api								0	
APU25_31130	matches_api	IPR006806	PF04716						1	
APU25_31135	matches_api								0	
APU25_31140	matches_api	IPR000652,IPR020861,IPR035990	PF00121	TIGR00419	PS00171,PS51440		cd00311	SSF51351	6	IPR013785,IPR022896
APU25_31145	ips6_local	IPR002985,IPR009006,IPR022644,IPR029066,IPR040634	PF02784,PF17810	NF003763			cd06830	SSF50621,SSF51419	6	
APU25_31150	matches_api	IPR003663,IPR005828,IPR005829,IPR020846,IPR036259,IPR044778	PF00083	TIGR00879	PS00216,PS00217,PS50850		cd17361	SSF103473	7	IPR045262
APU25_31155	ips6_local								0	
APU25_31160	matches_api	IPR029058						SSF53474	1	
APU25_31165	matches_api	IPR001763,IPR036873	PF00581		PS50206	SM00450	cd00158	SSF52821	5	IPR052367
APU25_31170	matches_api	IPR002123,IPR045252	PF01553			SM00563	cd07991	SSF69593	4	
APU25_31175	matches_api								0	
APU25_31180	matches_api	IPR001650,IPR002464,IPR007502,IPR011545,IPR011709,IPR014001,IPR027417,IPR048333	PF00270,PF00271,PF04408,PF07717,PF21010		PS00690,PS51192,PS51194	SM00487,SM00490,SM00847	cd18791	SSF52540	13	
APU25_31185	ips6_local	IPR012301,IPR012302,IPR015884,IPR036291,IPR046346	PF00390,PF03949	NF010052	PS00331	SM00919,SM01274		SSF51735,SSF53223	8	
APU25_31190	matches_api	IPR010342,IPR029063	PF06080					SSF53335	2	
APU25_31195	ips6_local								0	
APU25_31200	ips6_local								0	
APU25_31205	ips6_local								0	
APU25_31210	matches_api	IPR010708,IPR036412	PF06941					SSF56784	2	IPR023214,IPR052419
APU25_31215	matches_api	IPR006016	PF00582				cd23659	SSF52402	3	IPR006015,IPR014729
APU25_31220	matches_api	IPR001763,IPR036873	PF00581		PS50206	SM00450	cd00158	SSF52821	5	IPR043186
APU25_31225	matches_api	IPR007741,IPR036249	PF05047			SM00916		SSF52833	3	IPR039927
APU25_31230	matches_api	IPR001126,IPR036775,IPR043502	PF00817		PS50173			SSF100879,SSF56672	4	IPR043128,IPR052230
APU25_31235	ips6_local	IPR018865	PF10494						1	
APU25_31240	matches_api								0	
APU25_31245	matches_api								0	
APU25_31250	matches_api	IPR001810,IPR036047	PF12937		PS50181	SM00256		SSF81383	4	IPR055336
APU25_31255	matches_api	IPR006994	PF04910						1	
APU25_31260	matches_api	IPR000626,IPR029071	PF00240		PS50053	SM00213		SSF54236	4	
APU25_31265	matches_api	IPR017941,IPR036922	PF00355		PS51296			SSF50022	3	IPR050584
APU25_31270	matches_api	IPR000086,IPR015797			PS51462		cd18887	SSF55811	3	
APU25_31275	ips6_local								0	
APU25_31280	ips6_local								0	
APU25_31285	matches_api								0	
APU25_31290	ips6_local	IPR027417	PF13671					SSF52540	2	
APU25_31295	matches_api								0	
APU25_31300	ips6_local	IPR019441,IPR045167	PF10344			SM01214			2	
APU25_31305	matches_api	IPR018108,IPR023395	PF00153		PS50920			SSF103506	3	IPR002067,IPR044712
APU25_31310	ips6_local	IPR000626,IPR019954,IPR029071	PF00240		PS00299,PS50053	SM00213	cd01803	SSF54236	6	
APU25_31315	matches_api	IPR001041,IPR036010	PF00111		PS51085		cd00207	SSF54292	4	IPR012675
APU25_31320	ips6_local	IPR002119,IPR007125,IPR009072,IPR032454,IPR032458,IPR061508	PF00125,PF16211		PS00046	SM00414	cd00074	SSF47113	6	
APU25_31325	matches_api	IPR003746,IPR036591,IPR057965	PF25809			SM01152		SSF69786	3	IPR053323
APU25_31330	ips6_local	IPR016024,IPR021133,IPR034085,IPR056810,IPR057546,IPR060078,IPR063431	PF13513,PF23271,PF24984,PF24987,PF24993,PF25801,PF26715		PS50077	SM01349		SSF48371	10	
APU25_31335	matches_api	IPR001163,IPR010920,IPR027248,IPR047575	PF01423		PS52002	SM00651	cd01720	SSF50182	5	
APU25_31340	ips6_local	IPR019129	PF09725						1	
APU25_31345	ips6_local	IPR001128,IPR017972,IPR036396	PF00067		PS00086			SSF48264	3	
APU25_31350	matches_api	IPR000719,IPR008271,IPR011009,IPR017441	PF00069		PS00107,PS00108,PS50011	SM00220		SSF56112	6	IPR051131
APU25_31355	ips6_local	IPR001650,IPR011545,IPR012961,IPR014001,IPR025696,IPR027417,IPR048392	PF00270,PF00271,PF08148,PF13234,PF21408		PS51192,PS51194	SM00487,SM00490,SM01142	cd18795	SSF52540	12	
APU25_31360	ips6_local	IPR011032,IPR013149,IPR013154,IPR020843,IPR036291	PF00107,PF08240			SM00829	cd08290	SSF50129,SSF51735	6	
APU25_31365	matches_api	IPR009244,IPR037212	PF05983					SSF140718	2	IPR044888
APU25_31370	ips6_local								0	
APU25_31375	ips6_local								0	
APU25_31380	ips6_local		PF03656						1	
APU25_31385	matches_api	IPR011701,IPR020846,IPR036259,IPR044777	PF07690		PS50850		cd17380	SSF103473	4	IPR050382
APU25_31390	ips6_local	IPR002194,IPR002423,IPR012722,IPR027409,IPR027410,IPR027413	PF00118	TIGR02347	PS00750,PS00751,PS00995		cd03342	SSF48592,SSF52029,SSF54849	9	
APU25_31395	ips6_local	IPR005172,IPR033467	PF03638		PS51634	SM01114			3	
APU25_31400	matches_api								0	IPR045231
APU25_31405	ips6_local								0	
APU25_31410	ips6_local	IPR001279,IPR011084,IPR036866	PF07522,PF12706			SM00849	cd16273	SSF56281	5	
APU25_31415	ips6_local	IPR007315	PF04188						1	
APU25_31420	matches_api	IPR007577,IPR029044,IPR029063	PF04488					SSF53335,SSF53448	3	IPR039367
APU25_31425	matches_api	IPR003172,IPR014756	PF02221			SM00737		SSF81296	3	IPR039670
APU25_31430	ips6_local	IPR000620,IPR037185	PF00892					SSF103481	2	
APU25_31435	matches_api	IPR003172,IPR014756	PF02221			SM00737		SSF81296	3	IPR039670
APU25_31440	ips6_local	IPR001680,IPR036322,IPR056151	PF23760		PS50082	SM00320		SSF50978	4	
APU25_31445	matches_api	IPR001680,IPR019417,IPR036322	PF00400,PF10313			SM00320		SSF50978	4	IPR015943
APU25_31450	matches_api	IPR001650,IPR011545,IPR014001,IPR027417,IPR044742	PF00270,PF00271		PS51192,PS51194	SM00487,SM00490	cd00268,cd18787	SSF52540	9	IPR050547
APU25_31455	ips6_local	IPR000544,IPR004143,IPR020605,IPR045864	PF21948	NF010925,TIGR00214	PS01313,PS51733		cd16444	SSF55681	7	
APU25_31460	matches_api	IPR001753,IPR018376,IPR029045	PF00378		PS00166		cd06558	SSF52096	4	IPR014748
APU25_31465	matches_api		PF04615						1	IPR006709
APU25_31470	ips6_local	IPR001715,IPR001752,IPR027417,IPR036872	PF00225,PF00307		PS50021,PS50067	SM00033,SM00129	cd21203	SSF47576,SSF52540	9	
APU25_31475	matches_api	IPR001179	PF00254		PS50059			SSF54534	3	IPR044609,IPR046357
APU25_31480	matches_api	IPR001611,IPR006553,IPR036047,IPR057207	PF13516,PF25372			SM00367		SSF52047,SSF52058,SSF81383	6	IPR032675
APU25_31485	matches_api	IPR002893,IPR046824	PF01753,PF20179		PS01360				3	
APU25_31490	matches_api	IPR005135,IPR036691	PF03372					SSF56219	2	IPR050410
APU25_31495	matches_api	IPR001222,IPR003618,IPR006289,IPR017923,IPR035441,IPR036575	PF01096,PF07500,PF08711	TIGR01385	PS00466,PS51133,PS51319,PS51321	SM00440,SM00510	cd13749	SSF46942,SSF47676,SSF57783	14	IPR035100
APU25_31500	matches_api	IPR003029,IPR012340	PF00575		PS50126	SM00316	cd04465	SSF50249	5	IPR035104,IPR050437
APU25_31505	matches_api								0	
APU25_31510	matches_api								0	
APU25_31515	ips6_local								0	
APU25_31520	matches_api	IPR001404,IPR003594,IPR019805,IPR020568,IPR020575,IPR036890,IPR037196	PF00183,PF13589	NF003555	PS00298	SM00387	cd16927	SSF110942,SSF54211,SSF55874	9	
APU25_31525	matches_api	IPR008733	PF05648						1	
APU25_31530	ips6_local								0	
APU25_31535	ips6_local	IPR010298	PF05991						1	
APU25_31540	matches_api	IPR000926,IPR032677,IPR036144	PF00925	NF001591			cd00641	SSF142695	4	
APU25_31545	ips6_local								0	
APU25_31550	matches_api								0	
APU25_31555	matches_api	IPR003961,IPR036116			PS50853			SSF49265	2	IPR013783
APU25_31560	matches_api								0	
APU25_31565	ips6_local	IPR000398,IPR001796,IPR017925,IPR020940,IPR023451,IPR024072,IPR036926	PF00186,PF00303	NF002497,TIGR03284	PS00075,PS00091,PS51330		cd00209,cd00351	SSF53597,SSF55831	11	
APU25_31570	matches_api	IPR002130,IPR020892,IPR029000	PF00160		PS00170,PS50072		cd01926	SSF50891	5	IPR024936
APU25_31575	matches_api	IPR019275	PF10063						1	
APU25_31580	ips6_local								0	
APU25_31585	matches_api	IPR001075,IPR014824,IPR034904,IPR036498	PF01106,PF08712			SM00932		SSF110836,SSF117916	5	
APU25_31590	matches_api	IPR003439,IPR003593,IPR027417	PF00005		PS50893	SM00382		SSF52540	4	
APU25_31595	matches_api	IPR004843,IPR029052	PF00149					SSF56300	2	IPR027629
APU25_31600	matches_api	IPR011115,IPR011116,IPR011130,IPR014001,IPR014018,IPR020937,IPR027417,IPR036266,IPR036670,IPR044722	PF01043,PF07516,PF07517,PF21090		PS01312,PS51192,PS51196	SM00957,SM00958	cd17928	SSF52540,SSF81767,SSF81886	13	IPR000185
APU25_31605	ips6_local	IPR000629,IPR001650,IPR011545,IPR014001,IPR014014,IPR027417	PF00270,PF00271		PS00039,PS51192,PS51194,PS51195	SM00487,SM00490	cd17946,cd18787	SSF52540	11	
APU25_31610	matches_api	IPR001394,IPR018200,IPR028889,IPR038765	PF00443		PS00972,PS00973,PS50235		cd02674	SSF54001	6	IPR050185
APU25_31615	matches_api								0	IPR021013
APU25_31620	matches_api	IPR000089,IPR011053	PF00364				cd06850	SSF51230	3	IPR053217
APU25_31625	matches_api	IPR000549,IPR017493	PF01241	TIGR03050					2	IPR016370,IPR023618
APU25_31630	matches_api	IPR000674,IPR001041,IPR002346,IPR002888,IPR005107,IPR006058,IPR008274,IPR014307,IPR016166,IPR036010,IPR036318,IPR036683,IPR036856,IPR036884,IPR037165,IPR046867	PF00111,PF00941,PF01315,PF01799,PF02738,PF03450,PF20256	TIGR02963	PS00197,PS51085,PS51387	SM01008,SM01092		SSF47741,SSF54292,SSF54665,SSF55447,SSF56003,SSF56176	19	IPR012675,IPR016167,IPR016169,IPR016208
APU25_31635	matches_api	IPR000994,IPR007865,IPR029149,IPR036005	PF00557,PF05195			SM01011	cd01087	SSF53092,SSF55920	6	IPR052433
APU25_31640	matches_api	IPR011009	PF01633					SSF56112	2	
APU25_31645	matches_api	IPR004240	PF02990						1	
APU25_31650	matches_api	IPR006747	PF04654						1	
APU25_31655	matches_api		PF28579						1	IPR038795
APU25_31660	matches_api	IPR007304	PF04177						1	IPR038511
APU25_31665	ips6_local								0	
APU25_31670	matches_api	IPR012901,IPR029063	PF07942			SM01296		SSF53335	3	
APU25_31675	matches_api	IPR007207,IPR007282	PF04065,PF04153						2	IPR038635,IPR040168
APU25_31680	matches_api								0	
APU25_31685	ips6_local								0	
APU25_31690	ips6_local								0	
APU25_31695	matches_api	IPR004183,IPR014436	PF02900	NF007914			cd07363	SSF53213	4	
APU25_31700	ips6_local	IPR011990,IPR019734	PF13432		PS50005	SM00028		SSF48452	4	
APU25_31705	matches_api	IPR003892,IPR009060	PF02845		PS51140	SM00546	cd14279	SSF46934	5	
APU25_31710	matches_api	IPR002023,IPR036249,IPR042128	PF01257	TIGR01958	PS01099		cd03064	SSF52833	5	IPR041921
APU25_31715	ips6_local	IPR011990,IPR019734,IPR056413	PF13181,PF13432,PF23914		PS50005,PS50293	SM00028		SSF48452	7	
APU25_31720	matches_api	IPR001841,IPR059285	PF13920,PF23106,PF26721		PS50089			SSF57850	5	IPR013083,IPR050784
APU25_31725	matches_api								0	
APU25_31730	ips6_local	IPR007461	PF04366						1	
APU25_31735	matches_api	IPR007461	PF04366				cd11524		2	IPR051702
APU25_31740	ips6_local	IPR001322,IPR014867,IPR036415	PF00932,PF08757		PS51841			SSF74853	4	
APU25_31745	ips6_local	IPR001322,IPR014867,IPR036415	PF00932,PF08757		PS51841			SSF74853	4	
APU25_31750	ips6_local	IPR001763,IPR036873	PF00581		PS50206	SM00450		SSF52821	4	
APU25_31755	ips6_local	IPR001841,IPR018957,IPR055129	PF00097,PF03366		PS50089,PS51037	SM00184		SSF57850	6	
APU25_31760	matches_api	IPR007402,IPR009078	PF04305				cd00657	SSF47240	3	
APU25_31765	ips6_local	IPR018236,IPR028923	PF01259	NF009251	PS01057,PS01058		cd01414	SSF56104	6	
APU25_31770	matches_api	IPR011990						SSF48452	1	IPR001708
APU25_31775	ips6_local	IPR013216,IPR029063	PF08241				cd02440	SSF53335	3	
APU25_31780	matches_api	IPR005067,IPR009078	PF03405				cd01050	SSF47240	3	IPR012348
APU25_31785	ips6_local	IPR001005,IPR006447,IPR009057,IPR017930	PF00249	TIGR01557	PS51294			SSF46689	4	
APU25_31790	matches_api	IPR006016	PF00582				cd23659	SSF52402	3	IPR006015,IPR014729
APU25_31795	ips6_local								0	
APU25_31800	matches_api								0	
APU25_31805	ips6_local	IPR013598,IPR016024,IPR045546	PF08389,PF19282					SSF48371	3	
APU25_31810	ips6_local	IPR002791,IPR004567,IPR036075,IPR043129	PF01937,PF03630	TIGR00555			cd24123	SSF111321,SSF53067	6	
APU25_31815	ips6_local								0	
APU25_31820	matches_api	IPR036188						SSF51905	1	
APU25_31825	matches_api	IPR006634	PF03798		PS50922	SM00724			3	IPR016439
APU25_31830	matches_api								0	
APU25_31835	ips6_local	IPR000866,IPR013766,IPR019479,IPR036249	PF00578,PF10417		PS51352		cd03015	SSF52833	5	
APU25_31840	matches_api	IPR009291	PF06101						1	
APU25_31845	matches_api								0	
APU25_31850	matches_api	IPR018866	PF10497						1	IPR040221
APU25_31855	ips6_local							SSF52047	1	
APU25_31860	ips6_local	IPR015353,IPR036464,IPR046341	PF09273					SSF81822,SSF82199	3	
APU25_31865	matches_api	IPR031334,IPR056768,IPR056770	PF12166,PF23188,PF24874						3	IPR027272
APU25_31870	matches_api	IPR012173	PF04006						1	
APU25_31875	ips6_local	IPR000630,IPR035987	PF00410	NF003115				SSF56047	3	
APU25_31880	matches_api	IPR018786	PF10173						1	
APU25_31885	matches_api								0	
APU25_31890	ips6_local	IPR000629,IPR001650,IPR011545,IPR014001,IPR027417,IPR044742	PF00270,PF00271		PS00039,PS51192,PS51194	SM00487,SM00490	cd00268,cd18787	SSF52540	10	
APU25_31895	matches_api	IPR029903,IPR036291	PF04321					SSF51735	2	IPR005913
APU25_31900	matches_api	IPR018710	PF09991						1	
APU25_31905	matches_api	IPR019382	PF10255						1	
APU25_31910	ips6_local								0	
APU25_31915	matches_api	IPR001965,IPR007759,IPR011011,IPR013136,IPR019786,IPR019787,IPR028941	PF00628,PF05066,PF10537,PF15613		PS01359,PS50016,PS51136,PS51913	SM00249		SSF57903	10	IPR013083,IPR053271
APU25_31920	matches_api	IPR019410,IPR029063	PF10294					SSF53335	2	
APU25_31925	matches_api	IPR000620,IPR037185	PF00892					SSF103481	2	
APU25_31930	ips6_local	IPR000620,IPR037185	PF00892					SSF103481	2	
APU25_31935	ips6_local	IPR004365,IPR007199,IPR012340,IPR013955,IPR031657,IPR047192	PF01336,PF04057,PF08646,PF16900				cd04474,cd04475,cd04476,cd04477	SSF50249	9	
APU25_31940	matches_api	IPR006439,IPR011949,IPR036412	PF00702	TIGR01509,TIGR01549,TIGR02252			cd16415	SSF56784	6	IPR023214,IPR044924
APU25_31945	matches_api	IPR000560,IPR011761,IPR029033,IPR033379,IPR040557	PF00328,PF18086		PS00616,PS50975		cd07061	SSF53254,SSF56059	7	IPR037446
APU25_31950	matches_api	IPR013766,IPR017937,IPR036249	PF00085		PS00194,PS51352		cd02961	SSF52833	5	IPR052454
APU25_31955	matches_api	IPR002616,IPR004803,IPR036511	PF01702	TIGR00430,TIGR00449				SSF51713	4	
APU25_31960	ips6_local	IPR000620,IPR002044,IPR003034,IPR013784,IPR036361,IPR037185	PF00686,PF00892,PF02037		PS50800,PS51166	SM00513		SSF103481,SSF49452,SSF68906	9	
APU25_31965	ips6_local	IPR036938						SSF48317	1	
APU25_31970	ips6_local	IPR007356,IPR028564	PF27710		PS51675		cd18089		3	
APU25_31975	matches_api	IPR001841,IPR016024,IPR039804,IPR054476,IPR054477,IPR054478	PF22958,PF22999,PF23009		PS50089	SM01197	cd16491	SSF48371,SSF57850	8	IPR011989,IPR013083,IPR039795
APU25_31980	ips6_local	IPR000023,IPR035966	PF00365	NF005301				SSF53784	3	
APU25_31985	matches_api								0	IPR021827
APU25_31990	ips6_local								0	
APU25_31995	ips6_local								0	
APU25_32000	ips6_local								0	
APU25_32005	ips6_local								0	
APU25_32010	matches_api	IPR057345,IPR057991	PF25316,PF25577					SSF55486	3	IPR027268,IPR037813
APU25_32015	matches_api	IPR011502	PF07575						1	
APU25_32020	matches_api	IPR003439,IPR003593,IPR017871,IPR027417,IPR032781	PF00005,PF12848	NF000355	PS00211,PS50893	SM00382	cd03221	SSF52540	8	IPR051309
APU25_32025	matches_api	IPR001342,IPR005106,IPR036291	PF00742,PF03447					SSF51735,SSF55347	4	IPR011147,IPR022697
APU25_32030	matches_api	IPR024602,IPR024603	PF06148,PF12022						2	IPR009316
APU25_32035	ips6_local	IPR025164	PF13349						1	
APU25_32040	matches_api								0	
APU25_32045	matches_api	IPR008979,IPR010400	PF06201		PS51532			SSF49785	3	IPR037047,IPR045099
APU25_32050	matches_api	IPR005749,IPR021131,IPR036227,IPR063184	PF00828,PF29471	TIGR01071				SSF52080	4	IPR030878
APU25_32055	matches_api								0	
APU25_32060	ips6_local								0	
APU25_32065	matches_api	IPR000897,IPR003593,IPR007222,IPR011012,IPR027417,IPR036225	PF00448,PF04086		PS00300	SM00382,SM00962	cd14826,cd17876	SSF47364,SSF52540,SSF64356	10	IPR042101
APU25_32070	ips6_local	IPR001680,IPR019775,IPR036322	PF00400		PS00678,PS50082,PS50294	SM00320		SSF50978,SSF75011	7	
APU25_32075	ips6_local		PF13233						1	
APU25_32080	matches_api	IPR000246,IPR029055,IPR037464	PF01112				cd04514	SSF56235	3	
APU25_32085	matches_api	IPR001878,IPR012923,IPR036875	PF00098,PF07962		PS50158	SM00343		SSF57756	5	IPR040038
APU25_32090	matches_api	IPR011992,IPR018247,IPR039204	PF22099		PS00018		cd12823	SSF47473	4	
APU25_32095	ips6_local								0	
APU25_32100	ips6_local	IPR006703,IPR024283,IPR027417	PF04548,PF11886		PS51720			SSF52540	4	
APU25_32105	matches_api	IPR002864,IPR029069,IPR049427	PF01643,PF20791				cd00586	SSF54637	4	IPR045023
APU25_32110	matches_api	IPR002809	PF01956			SM01415			2	IPR008568
APU25_32115	matches_api	IPR005576,IPR012340,IPR013238,IPR036898	PF03876,PF08292				cd04330	SSF50249,SSF88798	5	IPR045113
APU25_32120	ips6_local	IPR000873,IPR001031,IPR006162,IPR009081,IPR011032,IPR013149,IPR013154,IPR013968,IPR014030,IPR014031,IPR016039,IPR018201,IPR020806,IPR020807,IPR020841,IPR020843,IPR020845,IPR025110,IPR029058,IPR036291,IPR036736,IPR049551,IPR049552,IPR049900,IPR057326	PF00107,PF00109,PF00501,PF00550,PF00975,PF02801,PF08240,PF08659,PF13193,PF13602,PF14765,PF21089		PS00012,PS00455,PS00606,PS50075,PS52004,PS52019	SM00822,SM00823,SM00825,SM00826,SM00829,SM01294	cd00833,cd04433,cd05195,cd05274	SSF47336,SSF50129,SSF51735,SSF53474,SSF53901,SSF56801	34	
APU25_32125	matches_api								0	
APU25_32130	matches_api	IPR001041,IPR004489,IPR006058,IPR017896,IPR017900,IPR025192,IPR036010	PF13085,PF13183	NF004616,TIGR00384	PS00197,PS00198,PS51085,PS51379			SSF46548,SSF54292	10	IPR009051,IPR012675,IPR050573
APU25_32135	matches_api								0	
APU25_32140	matches_api	IPR008011,IPR045298	PF05347				cd20267		2	
APU25_32145	matches_api	IPR001059,IPR008991,IPR011768,IPR012340,IPR013185,IPR013852,IPR015365	PF01132,PF08207,PF09285	NF001810,TIGR00038	PS01275	SM00841,SM01185	cd05794	SSF50104,SSF50249	11	IPR014722,IPR020599
APU25_32150	matches_api	IPR001086,IPR002912,IPR018528,IPR045865	PF00800	NF008865	PS00857,PS00858,PS51171,PS51671		cd04905,cd13631	SSF53850,SSF55021	10	
APU25_32155	matches_api	IPR003148,IPR006153,IPR036291	PF00999,PF02254		PS51201			SSF51735	4	IPR038770
APU25_32160	ips6_local	IPR005366,IPR037518	PF03665		PS50249		cd08060		3	
APU25_32165	ips6_local								0	
APU25_32170	ips6_local	IPR001204	PF01384						1	
APU25_32175	ips6_local								0	
APU25_32180	matches_api	IPR000719,IPR011009	PF00069		PS50011	SM00220	cd14134	SSF56112	5	IPR051175
APU25_32185	ips6_local	IPR001471,IPR016177	PF00847		PS51032	SM00380	cd00018	SSF54171	5	
APU25_32190	matches_api	IPR000304,IPR008927,IPR028939,IPR029036,IPR036291,IPR053790	PF03807,PF14748	TIGR00112	PS00521			SSF48179,SSF51735	6	
APU25_32195	ips6_local	IPR036915						SSF47954	1	
APU25_32200	matches_api	IPR026258,IPR034652	PF16969				cd15481		2	IPR038253
APU25_32205	matches_api	IPR003338,IPR003593,IPR003959,IPR003960,IPR004201,IPR005938,IPR009010,IPR027417,IPR029067,IPR041569	PF00004,PF02359,PF02933,PF17862	TIGR01243	PS00674	SM00382,SM01072,SM01073	cd19519,cd19528	SSF50692,SSF52540,SSF54585	14	IPR050168
APU25_32210	matches_api	IPR021503	PF11360						1	
APU25_32215	matches_api	IPR001680,IPR019775,IPR022052,IPR036322	PF00400,PF12265		PS00678,PS50082,PS50294	SM00320		SSF50978	7	IPR015943,IPR020472,IPR050459
APU25_32220	ips6_local	IPR008537	PF05684						1	
APU25_32225	matches_api	IPR008146,IPR008147,IPR014746,IPR027302,IPR027303,IPR036651	PF00120		PS00180,PS00181,PS51986,PS51987	SM01230		SSF54368,SSF55931	8	IPR050292
APU25_32230	matches_api	IPR012301,IPR012302,IPR036291,IPR046346	PF00390,PF03949	NF010052		SM00919,SM01274		SSF51735,SSF53223	7	IPR001891,IPR037062
APU25_32235	matches_api	IPR002048,IPR011992	PF13499		PS50222	SM00054	cd00051	SSF47473	5	IPR045198
APU25_32240	matches_api	IPR016161						SSF53720	1	IPR016163
APU25_32245	ips6_local	IPR001650,IPR014001,IPR022192,IPR027417,IPR041082,IPR044774,IPR055206,IPR056377	PF00271,PF12513,PF18147,PF22527,PF23703		PS51192,PS51194	SM00490	cd17913,cd18805	SSF52540	11	
APU25_32250	matches_api	IPR001126,IPR001357,IPR017961,IPR025527,IPR036420,IPR036775,IPR043502,IPR053848	PF00817,PF11799,PF14377,PF16589,PF21999		PS50172,PS50173,PS52064	SM00292	cd17719	SSF100879,SSF52113,SSF56672	13	IPR012112,IPR022880,IPR043128
APU25_32255	matches_api	IPR006593	PF03188		PS50939	SM00665			3	
APU25_32260	matches_api								0	
APU25_32265	matches_api	IPR013234	PF08288,PF13692					SSF53756	3	
APU25_32270	matches_api	IPR008979,IPR012919	PF07738		PS51469			SSF49785	3	IPR045120
APU25_32275	matches_api	IPR007757,IPR029063	PF05063		PS51143			SSF53335	3	
APU25_32280	matches_api	IPR005691	PF16166		PS51257				2	
APU25_32285	matches_api	IPR001680,IPR036322				SM00320		SSF50978	2	IPR015943,IPR053290
APU25_32290	ips6_local	IPR007120,IPR007121,IPR007641,IPR007642,IPR007644,IPR007645,IPR009674,IPR015712	PF00562,PF04560,PF04561,PF04563,PF04565,PF06883		PS01166		cd00653	SSF64484	9	
APU25_32295	matches_api	IPR002423,IPR002498,IPR027409,IPR044769	PF00118,PF01504		PS51455	SM00330	cd17300	SSF52029,SSF56104	7	IPR027483,IPR027484
APU25_32300	ips6_local	IPR002695,IPR011607,IPR016193,IPR036914	PF01808,PF02142	NF002049,TIGR00355	PS51855	SM00798,SM00851	cd01421	SSF52335,SSF53927	10	
APU25_32305	matches_api		PF02466						1	
APU25_32310	matches_api	IPR036047						SSF81383	1	
APU25_32315	matches_api	IPR001576,IPR015911,IPR036043	PF00162		PS00111		cd00318	SSF53748	4	IPR015824
APU25_32320	matches_api	IPR000182,IPR016181	PF00583		PS51186		cd04301	SSF55729	4	IPR045141
APU25_32325	matches_api	IPR007741,IPR036249	PF05047			SM00916		SSF52833	3	IPR016464
APU25_32330	ips6_local	IPR005574,IPR006590,IPR010997	PF03874			SM00657		SSF47819	3	
APU25_32335	matches_api	IPR021151,IPR036224	PF05916				cd11713,cd21693	SSF158573,SSF160059	5	IPR010492,IPR038437
APU25_32340	matches_api								0	
APU25_32345	matches_api	IPR013865	PF08555						1	
APU25_32350	matches_api	IPR013078,IPR029033	PF00300			SM00855	cd07067	SSF53254	4	IPR050275
APU25_32355	matches_api	IPR000209,IPR023827,IPR023828,IPR034193,IPR036852	PF00082		PS00136,PS00138,PS51892		cd04077	SSF52743	6	IPR015500,IPR037045,IPR050131
APU25_32360	matches_api	IPR000182,IPR016181	PF00583		PS51186		cd04301	SSF55729	4	IPR051646
APU25_32365	matches_api	IPR000719,IPR008271,IPR011009,IPR017441	PF00069		PS00107,PS00108,PS50011	SM00220		SSF56112	6	IPR050108
APU25_32370	matches_api	IPR006355,IPR006357,IPR006439,IPR036412	PF13242,PF13344	TIGR01458,TIGR01460,TIGR01549				SSF56784	6	IPR023214
APU25_32375	matches_api	IPR001282,IPR019796,IPR022674,IPR022675,IPR036291	PF00479,PF02781	TIGR00871	PS00069			SSF51735,SSF55347	6	
APU25_32380	matches_api	IPR000182,IPR016181	PF13673		PS51186		cd04301	SSF55729	4	IPR052523
APU25_32385	matches_api	IPR003316,IPR036390	PF02319			SM01372		SSF46785	3	IPR015633,IPR036388
APU25_32390	matches_api	IPR004095,IPR005225,IPR006073,IPR006074,IPR012676,IPR027417,IPR031167,IPR031662,IPR045001	PF01926,PF02824,PF16897	TIGR00231	PS00905,PS51710,PS51880		cd01896,cd17230	SSF52540,SSF81271	11	IPR012675
APU25_32395	matches_api	IPR000690,IPR003604,IPR013087,IPR031781,IPR036236	PF12874,PF16835		PS50171	SM00451,SM01050		SSF57667	6	IPR052092
APU25_32400	ips6_local	IPR008532	PF05670						1	
APU25_32405	matches_api	IPR000477,IPR021891,IPR049139	PF12009,PF21399		PS50878	SM00975			4	IPR003545
APU25_32410	matches_api	IPR000192,IPR010970,IPR015424	PF00266	TIGR01979			cd06453	SSF53383	4	IPR015421,IPR015422
APU25_32415	matches_api	IPR001179,IPR011990,IPR019734	PF00254,PF13181		PS50059	SM00028		SSF48452,SSF54534	6	IPR046357,IPR050754
APU25_32420	ips6_local	IPR006917,IPR011256	PF04832					SSF55136	2	
APU25_32425	ips6_local	IPR004044,IPR005225,IPR005662,IPR006073,IPR009019,IPR027417,IPR030388	PF01926,PF07650	TIGR00231,TIGR00436			cd04163,cd22534	SSF52540,SSF54814	8	
APU25_32430	matches_api	IPR000504,IPR003954,IPR035979	PF00076		PS50102	SM00360,SM00361	cd12230,cd12232	SSF54928	7	IPR012677
APU25_32435	matches_api								0	
APU25_32440	ips6_local								0	
APU25_32445	ips6_local	IPR006921,IPR007701,IPR016024	PF04836,PF05004					SSF48371	3	
APU25_32450	matches_api	IPR005595	PF03896						1	
APU25_32455	matches_api	IPR016300,IPR025723,IPR027417	PF02374	TIGR00345			cd02035	SSF52540	4	
APU25_32460	matches_api	IPR002123	PF01553			SM00563		SSF69593	3	
APU25_32465	matches_api	IPR004217,IPR035427	PF02953					SSF144122	2	
APU25_32470	ips6_local	IPR005929,IPR018483,IPR018484,IPR018485,IPR043129	PF00370,PF02782		PS00445		cd07781	SSF53067	5	
APU25_32475	matches_api								0	
APU25_32480	matches_api	IPR018790	PF10184						1	
APU25_32485	matches_api	IPR000061,IPR000504,IPR006569,IPR008942,IPR035009,IPR035967,IPR035979	PF00076,PF01805		PS50102,PS50128,PS51391	SM00360,SM00582,SM00648	cd12223	SSF109905,SSF48464,SSF54928	12	IPR012677,IPR051485
APU25_32490	matches_api	IPR007745,IPR009069	PF05051		PS51808			SSF47072	3	
APU25_32495	matches_api	IPR005176,IPR009060	PF03556,PF14555		PS51229			SSF46934	4	IPR014764,IPR042460
APU25_32500	matches_api	IPR011990,IPR019734	PF12895,PF13181,PF13432		PS50005,PS50293	SM00028		SSF48452	7	
APU25_32505	ips6_local	IPR020101	PF10890						1	
APU25_32510	matches_api	IPR000594,IPR035985	PF00899					SSF69572	2	IPR000011,IPR045886
APU25_32515	ips6_local	IPR043987	PF19031						1	
APU25_32520	ips6_local	IPR001547,IPR017853	PF26410					SSF51445	2	
APU25_32525	ips6_local								0	
APU25_32530	matches_api	IPR011611,IPR029056	PF00294					SSF53613	2	
APU25_32535	matches_api								0	
APU25_32540	matches_api								0	
APU25_32545	matches_api							SSF58113	1	
APU25_32550	matches_api								0	
APU25_32555	matches_api	IPR000795,IPR004161,IPR009000,IPR009001,IPR015256,IPR027417,IPR044127,IPR044128	PF00009,PF03144,PF09173	NF003077	PS51722		cd01888,cd03688,cd15490	SSF50447,SSF50465,SSF52540	11	IPR050543
APU25_32560	ips6_local	IPR000626,IPR029071	PF00240		PS50053		cd01791	SSF54236	4	
APU25_32565	matches_api								0	
APU25_32570	matches_api	IPR005475,IPR009014,IPR029061,IPR033248	PF02779,PF02780	NF006667,NF008854		SM00861	cd07036	SSF52518,SSF52922	8	IPR027110
APU25_32575	ips6_local	IPR014876,IPR019098	PF08766,PF09649		PS51998				3	
APU25_32580	matches_api	IPR008532	PF05670,PF05833						2	IPR051608
APU25_32585	matches_api	IPR004099,IPR012999,IPR016156,IPR023753,IPR036188	PF02852,PF07992		PS00076			SSF51905,SSF55424	5	IPR001100,IPR050151
APU25_32590	matches_api								0	
APU25_32595	matches_api	IPR004274,IPR036412	PF03031		PS50969	SM00577	cd07521	SSF56784	5	IPR023214,IPR050365
APU25_32600	matches_api	IPR000878,IPR008189,IPR018063,IPR035996	PF00590	TIGR00096	PS01296		cd11648	SSF53790	5	IPR014776,IPR014777
APU25_32605	ips6_local	IPR000742	PF23106		PS00022,PS01186,PS50026				4	
APU25_32610	ips6_local								0	
APU25_32615	ips6_local	IPR003439,IPR003593,IPR011527,IPR017871,IPR027417,IPR036640	PF00005,PF00664		PS00211,PS50893,PS50929	SM00382		SSF52540,SSF90123	8	
APU25_32620	ips6_local								0	
APU25_32625	matches_api								0	
APU25_32630	matches_api	IPR001680,IPR006594,IPR006595,IPR019775,IPR036322,IPR054532	PF00400,PF17814		PS00678,PS50082,PS50294,PS50896,PS50897	SM00320,SM00668	cd00200	SSF50978	11	IPR015943,IPR020472,IPR045184
APU25_32635	matches_api	IPR000504,IPR001878,IPR035979	PF00076,PF00098		PS50102,PS50158	SM00343,SM00360		SSF54928	7	IPR012677,IPR050907
APU25_32640	ips6_local	IPR012929,IPR057974	PF07926,PF25785						2	
APU25_32645	matches_api	IPR023584,IPR036191	PF01765					SSF55194	2	IPR002661
APU25_32650	matches_api	IPR001567	PF01432					SSF55486	2	IPR024077,IPR045090
APU25_32655	matches_api	IPR001375,IPR004106,IPR023302,IPR029058	PF00326,PF02897					SSF50993,SSF53474	4	IPR002470,IPR051167
APU25_32660	matches_api	IPR000719,IPR001245,IPR008266,IPR011009,IPR017441	PF07714		PS00107,PS00109,PS50011			SSF55781,SSF56112	6	IPR051681
APU25_32665	ips6_local	IPR006549,IPR010021,IPR027706,IPR036412	PF09419	TIGR01662,TIGR01668				SSF56784	4	
APU25_32670	matches_api	IPR001680,IPR019775,IPR021772,IPR036322	PF00400,PF11816		PS00678,PS50082,PS50294	SM00320		SSF50978	7	IPR015943,IPR051246
APU25_32675	matches_api	IPR007587	PF04499						1	IPR011989
APU25_32680	ips6_local	IPR000387,IPR029021,IPR057023	PF22784		PS50056			SSF52799	3	
APU25_32685	ips6_local								0	
APU25_32690	matches_api	IPR011701,IPR036259	PF07690					SSF103473	2	
APU25_32695	matches_api	IPR005599	PF03901						1	
APU25_32700	matches_api								0	
APU25_32705	matches_api	IPR000727,IPR044766	PF12352		PS50192		cd15861	SSF58038	4	
APU25_32710	matches_api	IPR007034,IPR012948,IPR030387	PF04950,PF08142		PS51714	SM00785,SM01362			5	IPR039761
APU25_32715	ips6_local							SSF54534	1	
APU25_32720	ips6_local	IPR039481	PF15469						1	
APU25_32725	ips6_local	IPR005607,IPR035925	PF03909		PS50858			SSF140383	3	
APU25_32730	ips6_local	IPR001680,IPR011047,IPR063589	PF30361		PS50082,PS50294	SM00320		SSF50998	5	
APU25_32735	matches_api	IPR003399	PF02470						1	IPR039342
APU25_32740	matches_api	IPR013087,IPR022755,IPR036236	PF12171		PS00028,PS50157			SSF57667	4	
APU25_32745	ips6_local	IPR006565,IPR019473	PF07524,PF10406			SM00576	cd08049		4	
APU25_32750	matches_api	IPR002208,IPR019561,IPR023201	PF00344,PF10559	NF006341,TIGR00967				SSF103491	5	
APU25_32755	matches_api								0	
APU25_32760	matches_api	IPR002912,IPR045865	PF26956		PS51671			SSF55021	3	IPR040217
APU25_32765	matches_api	IPR001680,IPR002130,IPR020892,IPR029000,IPR036322	PF00160,PF00400		PS00170,PS50072,PS50082,PS50294	SM00320	cd01927	SSF50891,SSF50978	10	IPR015943,IPR044666
APU25_32770	matches_api	IPR001623,IPR036869	PF00226		PS50076	SM00271	cd06257	SSF46565	5	IPR051100
APU25_32775	matches_api	IPR001623,IPR036869	PF00226		PS50076	SM00271	cd06257	SSF46565	5	IPR050817
APU25_32780	matches_api	IPR000631,IPR017953,IPR029056	PF01256	TIGR00196	PS01049,PS01050,PS51383		cd01171	SSF53613	7	
APU25_32785	matches_api	IPR013791,IPR013792,IPR017770,IPR020719,IPR023797,IPR036553	PF01137,PF05189	TIGR03399	PS01287			SSF52913,SSF55205	6	IPR000228,IPR037136
APU25_32790	matches_api	IPR011051,IPR012864	PF07847				cd20289	SSF51182	3	IPR014710
APU25_32795	matches_api	IPR000375,IPR001401,IPR003130,IPR019762,IPR020850,IPR027417,IPR030381,IPR045063	PF00350,PF01031,PF02212		PS00410,PS51388,PS51718	SM00053,SM00302	cd08771	SSF52540	10	IPR022812
APU25_32800	matches_api	IPR005813,IPR035566	PF00453	TIGR01032			cd07026	SSF74731	4	
APU25_32805	ips6_local	IPR055343	PF13883					SSF50475	2	
APU25_32810	matches_api								0	
APU25_32815	ips6_local	IPR004154,IPR006195,IPR015807,IPR041715,IPR045864	PF03129,PF13393	TIGR00442	PS50862		cd00773	SSF52954,SSF55681	7	
APU25_32820	matches_api								0	
APU25_32825	ips6_local	IPR001757,IPR008250,IPR018303,IPR023299,IPR036412,IPR059000	PF00122,PF00702	TIGR01494	PS00154			SSF56784,SSF81653,SSF81660	7	
APU25_32830	matches_api	IPR002986,IPR009006,IPR022643,IPR022644,IPR022653,IPR022657,IPR029066	PF00278,PF02784	TIGR01048	PS00878,PS00879		cd06828	SSF50621,SSF51419	8	IPR000183
APU25_32835	matches_api	IPR004853,IPR037185	PF03151					SSF103481	2	IPR050186
APU25_32840	matches_api	IPR001045,IPR029063,IPR030373,IPR030374,IPR035246	PF01564,PF17284	NF002010,TIGR00417	PS01330,PS51006		cd02440	SSF53335	8	IPR037163
APU25_32845	matches_api	IPR000760,IPR011809,IPR020583	PF00459	TIGR02067	PS00629		cd01641	SSF56655	5	IPR051090
APU25_32850	matches_api								0	
APU25_32855	matches_api								0	
APU25_32860	matches_api	IPR000504,IPR002075,IPR018222,IPR032710,IPR035979	PF00076,PF02136		PS50102,PS50177	SM00360	cd00590,cd00780	SSF54427,SSF54928	9	IPR012677,IPR039539
APU25_32865	ips6_local								0	
APU25_32870	matches_api	IPR013216,IPR029063	PF08241				cd02440	SSF53335	3	IPR051052
APU25_32875	ips6_local	IPR000719,IPR004147,IPR011009	PF03109		PS50011		cd05121	SSF56112	4	
APU25_32880	matches_api	IPR005756,IPR005824,IPR005825,IPR008991,IPR041988	PF00467,PF16906	TIGR01080	PS01108	SM00739	cd06089	SSF50104	7	IPR014722
APU25_32885	matches_api	IPR000719,IPR003527,IPR008271,IPR011009,IPR017441	PF00069		PS00107,PS00108,PS01351,PS50011	SM00220		SSF56112	7	IPR050117
APU25_32890	matches_api								0	
APU25_32895	matches_api								0	
APU25_32900	matches_api	IPR002173,IPR011611,IPR029056	PF00294		PS00584		cd01168	SSF53613	4	IPR001805
APU25_32905	ips6_local	IPR000626,IPR004806,IPR006636,IPR009060,IPR015360,IPR015940,IPR029071,IPR036353	PF00240,PF00627,PF09280	TIGR00601	PS50030,PS50053	SM00165,SM00727	cd01805,cd14280	SSF101238,SSF46934,SSF54236	13	
APU25_32910	ips6_local								0	
APU25_32915	matches_api								0	
APU25_32920	ips6_local								0	
APU25_32925	matches_api	IPR005062	PF03399						1	IPR045107
APU25_32930	matches_api	IPR000073,IPR029058	PF00561					SSF53474	2	IPR002410,IPR051601
APU25_32935	matches_api								0	IPR039606
APU25_32940	matches_api	IPR000850,IPR006266,IPR027417,IPR033690	PF00406	TIGR01359	PS00113		cd01428	SSF52540	5	
APU25_32945	matches_api	IPR005224,IPR040452,IPR041465	PF03749,PF17746	TIGR00230			cd22359		4	
APU25_32950	matches_api	IPR001453,IPR002500,IPR036425,IPR056596	PF00994,PF01507,PF24102			SM00852	cd00885,cd23948	SSF52402,SSF53218	8	IPR014729
APU25_32955	ips6_local	IPR002172,IPR009011,IPR028146,IPR036607,IPR044865	PF12999,PF13015		PS51914		cd00112	SSF50911	5	
APU25_32960	matches_api	IPR001870,IPR003877,IPR013320	PF00622		PS50188	SM00449	cd12872	SSF49899	5	IPR037353,IPR043136
APU25_32965	matches_api	IPR003323,IPR038765	PF02338		PS50802		cd22748	SSF54001	4	IPR050704
APU25_32970	matches_api	IPR000504,IPR034215,IPR035979	PF00076		PS50102	SM00360	cd12383	SSF54928	5	IPR012677,IPR050825
APU25_32975	matches_api								0	
APU25_32980	ips6_local	IPR000534,IPR000706,IPR023013,IPR036291,IPR058924	PF01118,PF22698	TIGR01850	PS01224	SM00859	cd17895,cd23934	SSF51735,SSF55347	9	
APU25_32985	ips6_local	IPR011990,IPR013618	PF08409					SSF48452	2	
APU25_32990	ips6_local	IPR001580,IPR009033,IPR013320,IPR018124	PF00262		PS00804			SSF49899,SSF63887	4	
APU25_32995	ips6_local	IPR000781,IPR035912	PF01133					SSF143875	2	
APU25_33000	matches_api	IPR055417,IPR055418	PF03152,PF24842						2	IPR004854,IPR042299
APU25_33005	ips6_local	IPR000182,IPR016181,IPR036427	PF00583		PS51186		cd04301	SSF47370,SSF55729	5	
APU25_33010	matches_api	IPR005522	PF03770					SSF56104	2	IPR038286
APU25_33015	ips6_local	IPR006634	PF03798		PS50922	SM00724			3	
APU25_33020	matches_api	IPR019337	PF10193						1	IPR038528,IPR051970
APU25_33025	matches_api	IPR001279,IPR036866	PF12706					SSF56281	2	
APU25_33030	matches_api	IPR004839,IPR015424	PF00155				cd00609	SSF53383	3	IPR015421,IPR015422,IPR050478
APU25_33035	ips6_local	IPR001357,IPR036420,IPR059215	PF12738		PS50172	SM00292	cd17731	SSF52113	5	
APU25_33040	matches_api	IPR027791,IPR027995,IPR029044	PF02709,PF13733					SSF53448	3	IPR003859
APU25_33045	ips6_local	IPR004839,IPR015424	PF00155	NF006488			cd00609	SSF53383	4	
APU25_33050	matches_api	IPR001680,IPR036322,IPR042855	PF00957		PS50082,PS50892		cd15873	SSF50978,SSF58038	6	IPR015943
APU25_33055	matches_api	IPR004342	PF03124		PS51380				2	
APU25_33060	ips6_local	IPR001330,IPR008930,IPR026872	PF00432				cd02893	SSF48239	3	
APU25_33065	ips6_local	IPR002058,IPR043519,IPR054708	PF03828,PF22600				cd05402	SSF81301,SSF81631	5	
APU25_33070	ips6_local	IPR002937,IPR036188	PF01593					SSF51905,SSF54373	3	
APU25_33075	matches_api	IPR001585,IPR004730,IPR018225	PF00923	TIGR00874	PS00958,PS01054		cd00957	SSF51569	6	IPR013785
APU25_33080	matches_api	IPR020556,IPR023631,IPR036928	PF01425		PS00571			SSF75304	3	IPR000120
APU25_33085	matches_api	IPR063735	PF28651						1	IPR038961
APU25_33090	matches_api								0	
APU25_33095	matches_api								0	
APU25_33100	ips6_local	IPR000424,IPR012340	PF00436		PS50935		cd04496	SSF50249	4	
APU25_33105	matches_api	IPR000424,IPR012340	PF00436		PS50935		cd04496	SSF50249	4	IPR011344
APU25_33110	matches_api	IPR000424,IPR011344,IPR012340,IPR063265	PF00436,PF30937	TIGR00621	PS50935		cd04496	SSF50249	6	
APU25_33115	matches_api	IPR001214,IPR046341	PF00856		PS50280	SM00317	cd20071	SSF82199	5	IPR044237
APU25_33120	matches_api								0	
APU25_33125	ips6_local								0	
APU25_33130	ips6_local	IPR007085,IPR035929	PF04127					SSF102645	2	
APU25_33135	matches_api								0	IPR011990
APU25_33140	ips6_local	IPR001680,IPR036322	PF00400		PS50082,PS50294	SM00320		SSF50978	5	
APU25_33145	matches_api	IPR001806,IPR005225,IPR027417	PF00071	TIGR00231	PS51419,PS51420,PS51421	SM00173,SM00174,SM00175,SM00176	cd01868	SSF52540	11	IPR050209
APU25_33150	matches_api	IPR019312	PF10155						1	
APU25_33155	matches_api	IPR011701,IPR036259	PF07690					SSF103473	2	IPR050171
APU25_33160	matches_api								0	
APU25_33165	ips6_local	IPR002933,IPR010158,IPR011650,IPR036264	PF01546,PF07687	TIGR01879			cd03884	SSF53187,SSF55031	6	
APU25_33170	ips6_local	IPR007497	PF04402						1	
APU25_33175	matches_api								0	
APU25_33180	ips6_local								0	
APU25_33185	ips6_local	IPR013924	PF08615				cd09271		2	
APU25_33190	matches_api	IPR024326,IPR035979	PF12923					SSF54928	2	IPR012677,IPR040446
APU25_33195	ips6_local	IPR002676,IPR011033,IPR011961,IPR056792	PF01782,PF24986	TIGR02273				SSF50346	4	
APU25_33200	matches_api	IPR000727,IPR006011,IPR006012,IPR010989	PF05739,PF14523		PS00914,PS50192	SM00397	cd15840	SSF47661	7	IPR045242
APU25_33205	ips6_local	IPR000408,IPR002110,IPR009091,IPR036770	PF00415,PF12796,PF13540		PS00626,PS50012,PS50088,PS50297	SM00248		SSF48403,SSF50985	10	
APU25_33210	matches_api	IPR009262,IPR037185	PF06027					SSF103481	2	
APU25_33215	matches_api	IPR005061	PF03398						1	IPR042277
APU25_33220	matches_api	IPR003746,IPR036591	PF02594	TIGR00251		SM01152		SSF69786	4	
APU25_33225	ips6_local	IPR001202,IPR019012,IPR029063,IPR036020	PF00397,PF09445		PS50020		cd00201	SSF51045,SSF53335	6	
APU25_33230	matches_api								0	
APU25_33235	ips6_local	IPR011047,IPR057221	PF25463					SSF50998	2	
APU25_33240	matches_api								0	
APU25_33245	ips6_local	IPR005788,IPR011679,IPR013766,IPR017937,IPR036249,IPR036356	PF00085,PF07749	TIGR01126	PS00194,PS51352		cd00238,cd02998	SSF47933,SSF52833	9	
APU25_33250	ips6_local	IPR003439,IPR003593,IPR013525,IPR017871,IPR027417,IPR043926	PF00005,PF01061,PF19055		PS00211,PS50893	SM00382	cd03213	SSF52540	8	
APU25_33255	ips6_local	IPR000679	PF00320		PS50114	SM00401	cd00202	SSF57716	5	
APU25_33260	matches_api	IPR003593,IPR003959,IPR003960,IPR027417	PF00004		PS00674	SM00382	cd19481	SSF52540	5	IPR050221
APU25_33265	matches_api								0	
APU25_33270	matches_api	IPR000073,IPR029058	PF12697					SSF53474	2	IPR051601
APU25_33275	matches_api	IPR004843,IPR008334,IPR029052,IPR036907	PF00149,PF02872					SSF55816,SSF56300	4	IPR006179
APU25_33280	matches_api	IPR004095,IPR005225,IPR006073,IPR006074,IPR012676,IPR027417,IPR031167,IPR031662,IPR045001	PF01926,PF02824,PF16897	TIGR00231	PS00905,PS51710,PS51880		cd01896,cd17230	SSF52540,SSF81271	11	IPR012675
APU25_33285	ips6_local	IPR037219						SSF140990	1	
APU25_33290	matches_api	IPR009027,IPR020069,IPR020070,IPR020594,IPR036791	PF01281,PF03948	TIGR00158	PS00651			SSF55653,SSF55658	6	IPR000244,IPR036935
APU25_33295	matches_api	IPR038922,IPR044034	PF19026				cd14361		2	IPR052617
APU25_33300	matches_api	IPR002155,IPR016039,IPR020610,IPR020613,IPR020615,IPR020616,IPR020617	PF00108,PF02803	TIGR01930	PS00098,PS00099,PS00737		cd00751	SSF53901	8	IPR050215
APU25_33305	matches_api	IPR001279,IPR017782,IPR032282,IPR035680,IPR036866	PF00753,PF16123	TIGR03413		SM00849	cd07723	SSF56281	6	IPR050110
APU25_33310	ips6_local	IPR006282,IPR007371,IPR007373,IPR036371,IPR036759	PF04263,PF04265	TIGR01378		SM00983	cd07995	SSF63862,SSF63999	7	
APU25_33315	matches_api								0	
APU25_33320	matches_api								0	
APU25_33325	matches_api	IPR005373	PF03676						1	IPR039156
APU25_33330	matches_api								0	
APU25_33335	ips6_local	IPR006602	PF06565		PS51336	SM00676			3	
APU25_33340	matches_api	IPR000089,IPR003016,IPR011053,IPR017453,IPR033753	PF01597	NF002270,TIGR00527	PS00189,PS50968		cd06848	SSF51230	7	IPR002930
APU25_33345	matches_api	IPR024286,IPR029055	PF12481				cd00352	SSF56235	3	
APU25_33350	matches_api	IPR002129,IPR015424,IPR021115	PF00282	NF002748	PS00392			SSF53383	4	IPR015421,IPR015422,IPR051151
APU25_33355	matches_api								0	
APU25_33360	matches_api	IPR001660,IPR013761	PF00536		PS50105	SM00454		SSF47769	4	
APU25_33365	ips6_local							SSF52402	1	
APU25_33370	ips6_local	IPR000133	PF00810		PS00952				2	
APU25_33375	ips6_local	IPR001965,IPR002219,IPR011011,IPR019786,IPR019787,IPR034732	PF13831,PF13832		PS01359,PS50016,PS51805	SM00109,SM00249	cd15492,cd15571	SSF57903	10	
APU25_33380	ips6_local	IPR000770,IPR001214,IPR003616,IPR009071,IPR010919,IPR011011,IPR019786,IPR019787,IPR034732,IPR036910,IPR042011,IPR046341	PF00856,PF01342,PF13831,PF13832		PS01359,PS50016,PS50118,PS50280,PS50864,PS50868,PS51805	SM00258,SM00317,SM00508	cd10518,cd15495,cd20404	SSF47095,SSF57903,SSF63763,SSF82199	21	
APU25_33385	ips6_local	IPR000905,IPR017861,IPR022450,IPR043129	PF00814	TIGR00329,TIGR03723			cd24134	SSF53067	5	
APU25_33390	matches_api	IPR004345	PF03134						1	
APU25_33395	matches_api	IPR006685,IPR010920,IPR011014,IPR049142,IPR056876	PF00924,PF21088,PF24956					SSF50182,SSF82861	5	IPR023408,IPR045042
APU25_33400	matches_api								0	IPR012416
APU25_33405	ips6_local	IPR006594,IPR006595,IPR013144,IPR024964	PF08513,PF10607		PS50896,PS50897	SM00667,SM00668,SM00757			7	
APU25_33410	matches_api	IPR003593,IPR003959,IPR004176,IPR017730,IPR018368,IPR019489,IPR027417,IPR028299,IPR036628,IPR041546	PF00004,PF02861,PF07724,PF10431,PF17871	TIGR03346	PS00870,PS00871,PS51903	SM00382,SM01086	cd00009,cd19499	SSF52540,SSF81923	15	IPR001270,IPR050130
APU25_33415	matches_api	IPR008207,IPR036641	PF01627		PS50894			SSF47226	3	IPR045871
APU25_33420	ips6_local	IPR048485,IPR049176	PF10392,PF20649						2	
APU25_33425	ips6_local								0	
APU25_33430	matches_api	IPR000445,IPR003265,IPR005759,IPR011257	PF00633,PF00730	TIGR01083		SM00478	cd00056	SSF48150	6	IPR023170
APU25_33435	matches_api	IPR000439,IPR012678	PF00827	NF003269		SM01384		SSF54189	4	IPR024794
APU25_33440	matches_api	IPR059112	PF07264						1	
APU25_33445	matches_api	IPR001876,IPR036443	PF00641		PS01358,PS50199	SM00547		SSF90209	5	
APU25_33450	ips6_local	IPR002241,IPR017853	PF16499				cd14792	SSF51445	3	
APU25_33455	ips6_local	IPR025252	PF13863						1	
APU25_33460	matches_api	IPR001222,IPR001529,IPR006288,IPR034012	PF01096,PF02150	TIGR01384	PS51133	SM00440,SM00661	cd10508	SSF57783	8	IPR012164
APU25_33465	ips6_local	IPR006597				SM00671		SSF81901	2	
APU25_33470	matches_api	IPR002877,IPR029063	PF01728					SSF53335	2	
APU25_33475	ips6_local	IPR002909,IPR005559,IPR014756	PF01833,PF03859		PS51437	SM01076	cd00102	SSF81296	6	
APU25_33480	ips6_local	IPR002641,IPR016035,IPR021771	PF01734,PF11815		PS51635			SSF52151	4	
APU25_33485	matches_api	IPR005888,IPR016040,IPR036291	PF16363				cd05246	SSF51735	3	
APU25_33490	ips6_local	IPR000629,IPR001650,IPR011545,IPR014001,IPR014014,IPR027417	PF00270,PF00271		PS00039,PS51192,PS51194,PS51195	SM00487,SM00490	cd17966,cd18787	SSF52540	11	
APU25_33495	matches_api								0	
APU25_33500	matches_api	IPR004182,IPR031968	PF02893,PF16016		PS51778	SM00568	cd13220		5	IPR011993
APU25_33505	matches_api	IPR001684,IPR018261	PF01016	TIGR00062	PS00831			SSF110324	4	
APU25_33510	ips6_local	IPR000195,IPR035969	PF00566		PS50086	SM00164		SSF47923	4	
APU25_33515	matches_api	IPR000330,IPR001005,IPR001650,IPR009057,IPR014001,IPR015194,IPR015195,IPR017884,IPR027417,IPR036306,IPR044754,IPR049730	PF00176,PF00271,PF09110,PF09111		PS51192,PS51194,PS51293	SM00487,SM00490,SM00717	cd00167,cd17997,cd18793	SSF101224,SSF46689,SSF52540	16	IPR038718
APU25_33520	ips6_local	IPR006917,IPR011256	PF04832					SSF55136	2	
APU25_33525	ips6_local	IPR006843	PF04755						1	
APU25_33530	matches_api	IPR012337,IPR013520,IPR022894	PF00929	NF003765		SM00479	cd06135	SSF53098	5	IPR036397
APU25_33535	matches_api	IPR012762,IPR013718	PF08511	TIGR02396					2	IPR015893
APU25_33540	ips6_local	IPR010280,IPR011869,IPR029063,IPR030390,IPR030391	PF05958	TIGR02143	PS01230,PS01231,PS51687		cd02440	SSF53335	7	
APU25_33545	ips6_local							SSF52047,SSF52058	2	
APU25_33550	ips6_local	IPR006553,IPR036047				SM00367		SSF52047,SSF81383	3	
APU25_33555	ips6_local								0	
APU25_33560	ips6_local	IPR001810,IPR036047	PF12937				cd09917	SSF81383	3	
APU25_33565	ips6_local								0	
APU25_33570	ips6_local							SSF52047	1	
APU25_33575	ips6_local	IPR002060,IPR008949	PF00494					SSF48576	2	
APU25_33580	ips6_local	IPR002136,IPR013005,IPR023574	PF00573	TIGR03953				SSF52166	3	
APU25_33585	ips6_local	IPR000504,IPR029123,IPR035979	PF00076,PF15519		PS50102	SM00360	cd12285	SSF54928	6	
APU25_33590	matches_api	IPR001048,IPR002478,IPR005715,IPR015947,IPR019797,IPR036393,IPR041739	PF00696,PF01472	TIGR01027	PS00902,PS50890	SM00359	cd04242,cd21157	SSF53633,SSF88697	10	IPR001057,IPR036974
APU25_33595	matches_api								0	
APU25_33600	matches_api								0	
APU25_33605	matches_api	IPR001063,IPR005721,IPR018260,IPR036394	PF00237	TIGR01038	PS00464		cd00336	SSF54843	5	IPR057265
APU25_33610	ips6_local	IPR007064,IPR048898,IPR048899,IPR063586	PF04981,PF21192,PF21193,PF29994						4	
APU25_33615	ips6_local	IPR004696,IPR004853,IPR037185	PF03151	TIGR00817				SSF103481	3	
APU25_33620	matches_api								0	
APU25_33625	ips6_local	IPR001199,IPR036400	PF00173					SSF55856	2	
APU25_33630	matches_api	IPR021627	PF11571						1	
APU25_33635	ips6_local	IPR002716	PF13638					SSF52047	2	
APU25_33640	matches_api	IPR007305	PF04178						1	IPR011691
APU25_33645	ips6_local	IPR048278	PF00235						1	
APU25_33650	matches_api	IPR003435,IPR038052	PF02341					SSF158615	2	
APU25_33655	ips6_local	IPR025799,IPR029063,IPR035075,IPR035247,IPR035248	PF05185,PF17285,PF17286		PS51678		cd02440	SSF53335	6	
APU25_33660	ips6_local	IPR001005,IPR009057,IPR017930	PF13921		PS50090,PS51294	SM00717	cd00167	SSF46689	6	
APU25_33665	ips6_local	IPR036188						SSF51905	1	
APU25_33670	ips6_local	IPR006073,IPR006074,IPR006169,IPR014100,IPR015349,IPR027417,IPR031167,IPR036346,IPR036726	PF01018,PF01926,PF09269	NF008955,NF008956,TIGR02729,TIGR03595	PS00905,PS51710,PS51881,PS51883		cd01898	SSF102741,SSF52540,SSF82051	15	
APU25_33675	ips6_local	IPR001433,IPR017927,IPR017938,IPR039261	PF00175		PS51384		cd00322	SSF52343,SSF63380	5	
APU25_33680	matches_api	IPR004127	PF02996				cd23156	SSF46579	3	IPR009053,IPR016655
APU25_33685	matches_api	IPR012674						SSF50814	1	
APU25_33690	matches_api	IPR011722,IPR036623	PF08755	TIGR02097		SM00992		SSF141255	4	IPR053189
APU25_33695	matches_api								0	IPR026570
APU25_33700	ips6_local	IPR001353,IPR016050,IPR023333,IPR029055,IPR033811	PF00227		PS00854,PS51476		cd03759	SSF56235	5	
APU25_33705	ips6_local	IPR000626,IPR029071			PS50053		cd17039	SSF54236	3	
APU25_33710	matches_api	IPR000717,IPR013586,IPR019734,IPR036390,IPR057985	PF01399,PF08375,PF25573		PS50005,PS50250	SM00088,SM00753		SSF46785,SSF81901	9	IPR050756
APU25_33715	ips6_local	IPR002937,IPR014102,IPR036188	PF01593	TIGR02731				SSF51905	3	
APU25_33720	matches_api	IPR060617	PF08209						1	
APU25_33725	matches_api	IPR001370,IPR012935	PF07967		PS50143				2	
APU25_33730	ips6_local	IPR001892,IPR010979	PF00416	NF003140	PS50159			SSF46946	4	
APU25_33735	ips6_local								0	
APU25_33740	matches_api	IPR002809	PF01956			SM01415			2	IPR008559
APU25_33745	matches_api	IPR001841,IPR017907	PF13920		PS00518,PS50089	SM00184		SSF57850	5	IPR013083
APU25_33750	ips6_local								0	
APU25_33755	ips6_local								0	
APU25_33760	matches_api	IPR000292	PF01226						1	IPR023271
APU25_33765	ips6_local	IPR004193,IPR014756,IPR017853,IPR044505	PF02922				cd02856	SSF51011,SSF51445,SSF81296	5	
APU25_33770	ips6_local	IPR016024,IPR022577,IPR058033,IPR063417	PF12612,PF23579,PF25767					SSF48371	4	
APU25_33775	matches_api	IPR001680,IPR019775,IPR036322,IPR059122	PF25175		PS00678,PS50082,PS50294	SM00320	cd00200	SSF50978	7	IPR015943,IPR020472
APU25_33780	matches_api	IPR001680,IPR019775,IPR036322	PF00400		PS00678,PS50082,PS50294	SM00320	cd00200	SSF50978	7	IPR015943,IPR020472,IPR051865
APU25_33785	matches_api	IPR010226,IPR017896,IPR017900	PF12838	NF004538,NF004539,TIGR01971	PS00198,PS51257,PS51379			SSF54862	8	
APU25_33790	matches_api	IPR003690	PF02536			SM00733			2	IPR038538
APU25_33795	matches_api	IPR002937,IPR036188	PF01593					SSF51905,SSF54373	3	IPR050281
APU25_33800	ips6_local	IPR000719,IPR001245,IPR008271,IPR011009,IPR017441	PF07714		PS00107,PS00108,PS50011	SM00220		SSF56112	6	
APU25_33805	ips6_local	IPR000719,IPR001245,IPR008271,IPR011009,IPR017441	PF07714		PS00107,PS00108,PS50011	SM00220		SSF56112	6	
APU25_33810	ips6_local	IPR000719,IPR001245,IPR008271,IPR011009,IPR017441	PF07714		PS00107,PS00108,PS50011	SM00220		SSF56112	6	
APU25_33815	ips6_local	IPR000719,IPR001245,IPR008271,IPR011009,IPR017441	PF07714		PS00107,PS00108,PS50011	SM00220		SSF56112	6	
APU25_33820	ips6_local	IPR000719,IPR001245,IPR008271,IPR011009,IPR017441	PF07714		PS00107,PS00108,PS50011	SM00220		SSF56112	6	
APU25_33825	matches_api	IPR000138,IPR000891	PF00682	NF004283	PS01062,PS50991		cd07938	SSF51569	6	IPR013785,IPR043594
APU25_33830	matches_api	IPR007599,IPR035952	PF04511					SSF144091	2	
APU25_33835	ips6_local	IPR005349	PF03647						1	
APU25_33840	ips6_local	IPR002921,IPR029058	PF01764				cd00519	SSF53474	3	
APU25_33845	ips6_local	IPR002921,IPR029058	PF01764				cd00519	SSF53474	3	
APU25_33850	ips6_local	IPR002921,IPR029058	PF01764				cd00519	SSF53474	3	
APU25_33855	matches_api								0	
APU25_33860	matches_api	IPR003107,IPR008847,IPR011990	PF05843			SM00386		SSF48452	3	IPR045243
APU25_33865	matches_api	IPR002159	PF01130						1	
APU25_33870	ips6_local								0	
APU25_33875	matches_api	IPR006094,IPR007173,IPR016166,IPR036318	PF01565,PF04030		PS51257,PS51387			SSF56176	5	IPR010031,IPR016167,IPR016169
APU25_33880	ips6_local	IPR003107,IPR011990				SM00386		SSF48452	2	
APU25_33885	matches_api	IPR004087,IPR004088,IPR036612	PF00013		PS50084	SM00322	cd00105	SSF54791	5	
APU25_33890	matches_api	IPR024956,IPR025845	PF04446,PF14413						2	IPR007537,IPR038469
APU25_33895	matches_api	IPR004942	PF03259			SM00960		SSF103196	3	IPR016561
APU25_33900	matches_api								0	
APU25_33905	ips6_local	IPR001594,IPR002110,IPR036770	PF01529,PF12796,PF13637		PS50088,PS50216,PS50297	SM00248		SSF48403	8	
APU25_33910	matches_api	IPR013957	PF08648						1	
APU25_33915	matches_api	IPR036549,IPR048280	PF02297					SSF47694	2	IPR048282
APU25_33920	matches_api	IPR001412,IPR002300,IPR002301,IPR009008,IPR009080,IPR013155,IPR033709	PF00133,PF08264	TIGR00392	PS00178		cd00818,cd07961	SSF47323,SSF50677,SSF52374	9	IPR014729,IPR023586
APU25_33925	matches_api								0	
APU25_33930	matches_api	IPR009653	PF06842						1	IPR051523
APU25_33935	matches_api	IPR001025,IPR001525,IPR018117,IPR022702,IPR029063,IPR031303	PF00145,PF12047		PS00094,PS00095,PS51679	SM00439		SSF53335	7	IPR043151,IPR050390
APU25_33940	ips6_local								0	
APU25_33945	matches_api	IPR003347,IPR036047,IPR041667	PF13621		PS51184	SM00558		SSF51197,SSF81383	5	IPR050910
APU25_33950	matches_api	IPR006121,IPR036163	PF00403		PS50846		cd00371	SSF55008	4	
APU25_33955	matches_api	IPR006747	PF04654						1	
APU25_33960	matches_api	IPR011990,IPR019734	PF13424		PS50005	SM00028		SSF48452	4	
APU25_33965	matches_api	IPR001216,IPR001926,IPR036052	PF00291		PS00901		cd01561	SSF53686	4	IPR050214
APU25_33970	matches_api	IPR006140,IPR036291	PF02826				cd12164	SSF51735	3	
APU25_33975	ips6_local	IPR001841	PF13639		PS50089	SM00184		SSF57850	4	
APU25_33980	matches_api	IPR048359	PF20651						1	IPR007225
APU25_33985	matches_api	IPR000687,IPR011009,IPR018934,IPR018935	PF01163		PS01245	SM00090	cd05147	SSF56112	5	IPR017407,IPR051272
APU25_33990	matches_api	IPR004403,IPR005140,IPR005141,IPR005142,IPR024049,IPR029064	PF03463,PF03464,PF03465	TIGR03676		SM01194		SSF53137,SSF55315,SSF55481	8	IPR042226
APU25_33995	ips6_local	IPR004333,IPR036893	PF03110		PS51141			SSF103612	3	
APU25_34000	matches_api	IPR006822,IPR011990	PF04733					SSF48452	2	
APU25_34005	matches_api	IPR002225,IPR036291	PF01073					SSF51735	2	IPR050177
APU25_34010	ips6_local	IPR018625	PF09803						1	
APU25_34015	matches_api								0	
APU25_34020	matches_api	IPR003832	PF02681						1	
APU25_34025	matches_api								0	
APU25_34030	matches_api								0	
APU25_34035	matches_api	IPR026937,IPR027417,IPR039187	PF13871,PF13872					SSF52540	3	IPR026741
APU25_34040	matches_api	IPR022742,IPR029058	PF12146					SSF53474	2	
APU25_34045	ips6_local	IPR027417,IPR032319	PF16575					SSF52540	2	
APU25_34050	matches_api	IPR006062,IPR011060,IPR011858	PF00977	TIGR02129			cd04723	SSF51366	4	IPR013785,IPR044524
APU25_34055	matches_api	IPR003008,IPR008280,IPR017975,IPR018316,IPR036525	PF00091,PF03953		PS00227	SM00864,SM00865	cd02186	SSF52490,SSF55307	8	IPR000217,IPR002452,IPR023123,IPR037103
APU25_34060	matches_api	IPR000195,IPR035969	PF00566		PS50086	SM00164		SSF47923	4	IPR050302
APU25_34065	ips6_local	IPR008551	PF05742						1	
APU25_34070	matches_api	IPR002528,IPR045069	PF01554	TIGR00797			cd13132		3	
APU25_34075	matches_api	IPR001680,IPR019775,IPR036322	PF00400		PS00678,PS50082,PS50294	SM00320		SSF50978	6	IPR015943
APU25_34080	matches_api	IPR019185	PF09801						1	
APU25_34085	ips6_local								0	
APU25_34090	ips6_local	IPR002300,IPR009008,IPR009080,IPR013155,IPR025709	PF00133,PF08264,PF13603				cd00812,cd07958	SSF47323,SSF50677,SSF52374	8	
APU25_34095	matches_api	IPR006424,IPR020828,IPR020829,IPR020830,IPR036291	PF00044,PF02800	TIGR01534	PS00071	SM00846	cd05214,cd18126	SSF51735,SSF55347	9	IPR020831
APU25_34100	matches_api	IPR008570,IPR036390	PF05871					SSF46785	2	IPR014041,IPR036388
APU25_34105	matches_api	IPR011047,IPR012337,IPR013520,IPR028881,IPR028889,IPR038765,IPR048841	PF00929,PF13423,PF20770		PS50235	SM00479	cd06143	SSF50998,SSF53098,SSF54001	9	IPR015943,IPR036397,IPR050785
APU25_34110	ips6_local	IPR001357,IPR036420	PF00533		PS50172	SM00292	cd17736	SSF52113	5	
APU25_34115	ips6_local	IPR010253,IPR011774,IPR011777,IPR023753,IPR036188	PF07992	TIGR02023,TIGR02028,TIGR02032				SSF51905	5	
APU25_34120	matches_api	IPR007203	PF04061						1	
APU25_34125	matches_api	IPR003593,IPR003959,IPR003960,IPR027417,IPR058249	PF00004,PF23242,PF23563		PS00674	SM00382	cd19508	SSF52540	7	IPR044539
APU25_34130	ips6_local								0	
APU25_34135	ips6_local	IPR011990						SSF48452	1	
APU25_34140	ips6_local								0	
APU25_34145	ips6_local								0	
APU25_34150	matches_api	IPR005069	PF03407						1	IPR053250
APU25_34155	ips6_local	IPR000408,IPR009091	PF00415		PS00626,PS50012			SSF50985	4	
APU25_34160	ips6_local	IPR003601,IPR003602,IPR006171,IPR013497,IPR023405,IPR023406,IPR034144	PF01131,PF01751		PS00396,PS50880,PS52039	SM00436,SM00437,SM00493	cd00186,cd03362	SSF56712	11	
APU25_34165	ips6_local	IPR018108,IPR023395	PF00153		PS50920			SSF103506	3	
APU25_34170	matches_api	IPR001932,IPR036457	PF00481		PS51746	SM00332	cd00143	SSF81606	5	IPR015655
APU25_34175	ips6_local	IPR032710,IPR037401	PF12680					SSF54427	2	
APU25_34180	ips6_local	IPR009959,IPR032710	PF07366					SSF54427	2	
APU25_34185	ips6_local	IPR001374,IPR001650,IPR002110,IPR007502,IPR011545,IPR011709,IPR014001,IPR027417,IPR036770,IPR036867,IPR048333	PF00270,PF00271,PF01424,PF04408,PF07717,PF12796,PF21010		PS50088,PS50297,PS51061,PS51192,PS51194	SM00248,SM00393,SM00487,SM00490,SM00847	cd17917,cd18791	SSF48403,SSF52540,SSF82708	22	
APU25_34190	ips6_local								0	
APU25_34195	ips6_local								0	
APU25_34200	matches_api								0	
APU25_34205	matches_api	IPR005746,IPR013766,IPR017937,IPR036249	PF00085	TIGR01068	PS00194,PS51352		cd02947	SSF52833	6	
APU25_34210	ips6_local	IPR002524,IPR027469,IPR027470,IPR058533	PF01545,PF16916	TIGR01297				SSF161111	4	
APU25_34215	matches_api	IPR001650,IPR011545,IPR014001,IPR014014,IPR027417	PF00270,PF00271		PS51192,PS51194,PS51195	SM00487,SM00490	cd18787	SSF52540	9	
APU25_34220	matches_api	IPR002885,IPR011990,IPR033443	PF13041,PF17177	TIGR00756	PS51375			SSF48452	5	
APU25_34225	matches_api	IPR002659,IPR029044	PF01762					SSF53448	2	
APU25_34230	matches_api	IPR000322,IPR011013,IPR017853,IPR025887,IPR030458,IPR030459,IPR048395	PF01055,PF13802,PF21365		PS00129,PS00707		cd06603,cd14752	SSF51011,SSF51445,SSF74650	10	IPR013780
APU25_34235	matches_api	IPR023696,IPR023801	PF00850				cd09992	SSF52768	3	IPR000286,IPR037138
APU25_34240	matches_api	IPR001650,IPR002464,IPR007502,IPR011709,IPR014001,IPR027417,IPR048333,IPR056371	PF00271,PF04408,PF07717,PF21010,PF23362		PS00690,PS51192,PS51194	SM00487,SM00490,SM00847	cd17982,cd18791	SSF52540	14	
APU25_34245	matches_api	IPR001623,IPR004087,IPR004088,IPR036612,IPR036869	PF00013,PF00226		PS50076,PS50084	SM00271,SM00322	cd00105,cd06257	SSF46565,SSF54791	10	IPR050817
APU25_34250	ips6_local								0	
APU25_34255	ips6_local								0	
APU25_34260	ips6_local								0	
APU25_34265	matches_api	IPR056772,IPR056773	PF04084,PF24882						2	IPR007220
APU25_34270	matches_api	IPR015798,IPR016182,IPR036460,IPR049947	PF01179		PS01165			SSF49998,SSF54416	4	IPR000269
APU25_34275	ips6_local								0	
APU25_34280	matches_api	IPR010989,IPR019529	PF10496					SSF47661	2	
APU25_34285	matches_api	IPR002938,IPR011777,IPR036188	PF01494	TIGR02032				SSF51905	3	IPR050407
APU25_34290	matches_api	IPR000387,IPR016130,IPR029021			PS00383,PS50056			SSF52799	3	
APU25_34295	matches_api	IPR000727,IPR006012,IPR010989	PF05739		PS00914,PS50192	SM00397	cd15845	SSF47661	6	IPR045242
APU25_34300	ips6_local	IPR001932,IPR036457	PF00481		PS51746	SM00332	cd00143	SSF81606	5	
APU25_34305	matches_api	IPR000719,IPR008271,IPR011009	PF00069		PS00108,PS50011	SM00220		SSF56112	5	
APU25_34310	matches_api	IPR007248	PF04117						1	
APU25_34315	matches_api	IPR003439,IPR003593,IPR027417	PF00005		PS50893	SM00382		SSF52540	4	
APU25_34320	ips6_local								0	
APU25_34325	ips6_local	IPR001650,IPR002464,IPR007502,IPR011545,IPR011709,IPR014001,IPR027417,IPR048333	PF00270,PF00271,PF04408,PF07717,PF21010		PS00690,PS51192,PS51194	SM00487,SM00490,SM00847	cd18791	SSF52540	13	
APU25_34330	ips6_local	IPR004853	PF03151						1	
APU25_34335	matches_api	IPR036412						SSF56784	1	IPR023198,IPR023214
APU25_34340	matches_api	IPR000868,IPR036380	PF00857				cd01012	SSF52499	3	IPR050993
APU25_34345	ips6_local	IPR015338,IPR023296,IPR029044,IPR056442	PF09258,PF24793					SSF53448,SSF75005	4	
APU25_34350	ips6_local	IPR016435	PF01866	TIGR00322					2	
APU25_34355	matches_api	IPR007474,IPR036767	PF04379		PS51087			SSF110069	3	IPR050718
APU25_34360	matches_api	IPR001912,IPR002942	PF00163,PF01479		PS50889	SM00363,SM01390	cd00165	SSF55174	7	IPR022801,IPR036986
APU25_34365	matches_api	IPR002701,IPR008238,IPR036263	PF01817	TIGR01802	PS51169			SSF48600	4	IPR037039
APU25_34370	matches_api								0	
APU25_34375	matches_api	IPR002092,IPR029262,IPR043502,IPR046950	PF00940,PF14700		PS00489	SM01311		SSF56672	5	IPR037159
APU25_34380	matches_api	IPR004827,IPR046347	PF00170		PS00036,PS50217	SM00338		SSF57959	5	
APU25_34385	ips6_local	IPR000594,IPR006285,IPR032197,IPR035985	PF00899,PF16420	TIGR01381				SSF69572	4	
APU25_34390	ips6_local	IPR002921,IPR029058,IPR063390	PF01764,PF31009				cd00741	SSF53474	4	
APU25_34395	matches_api	IPR016125,IPR036440	PF01470					SSF53182	2	
APU25_34400	ips6_local								0	
APU25_34405	ips6_local	IPR009914	PF07297						1	
APU25_34410	ips6_local								0	
APU25_34415	matches_api	IPR003593,IPR003959,IPR021911,IPR027417	PF00004,PF12037			SM00382		SSF52540	4	
APU25_34420	ips6_local	IPR000253,IPR000340,IPR000387,IPR008984,IPR016130,IPR020422,IPR029021	PF00498,PF00782		PS00383,PS50006,PS50054,PS50056	SM00195,SM00240	cd14498	SSF49879,SSF52799	11	
APU25_34425	ips6_local	IPR001606,IPR011011,IPR019786,IPR019787,IPR036431	PF01388		PS01359,PS50016		cd16100	SSF46774,SSF57903	6	
APU25_34430	ips6_local	IPR000649,IPR037171	PF01008					SSF100950	2	
APU25_34435	matches_api	IPR007130	PF03982				cd07987	SSF69593	3	
APU25_34440	matches_api	IPR000782,IPR036378	PF02469		PS50213			SSF82153	3	
APU25_34445	matches_api							SSF52058	1	IPR032675,IPR050994
APU25_34450	ips6_local	IPR000782,IPR003609,IPR036378	PF02469,PF14295		PS50213			SSF82153	4	
APU25_34455	matches_api							SSF52058	1	IPR032675,IPR050994
APU25_34460	matches_api	IPR000326,IPR036938	PF01569			SM00014		SSF48317	3	IPR043216
APU25_34465	matches_api	IPR055256,IPR056149	PF22675,PF23469						2	IPR031121,IPR036612
APU25_34470	matches_api	IPR000571,IPR032297,IPR036855	PF16131		PS50103	SM00356		SSF90229	4	IPR045348
APU25_34475	ips6_local	IPR011990,IPR021883	PF11998					SSF48452	2	
APU25_34480	ips6_local								0	
APU25_34485	matches_api	IPR001373,IPR016158,IPR016159,IPR019559,IPR036317,IPR036390,IPR059120	PF00888,PF10557,PF26557		PS50069	SM00182,SM00884		SSF46785,SSF74788,SSF75632	9	IPR036388,IPR045093
APU25_34490	matches_api	IPR001907,IPR023562,IPR029045	PF00574				cd07017	SSF52096	3	
APU25_34495	ips6_local	IPR000178,IPR000795,IPR005225,IPR006847,IPR009000,IPR023115,IPR027417,IPR036925,IPR044145,IPR053905	PF00009,PF04760,PF11987,PF22042	TIGR00231,TIGR00487	PS01176,PS51722		cd01887,cd03692,cd03702	SSF50447,SSF52156,SSF52540	14	
APU25_34500	matches_api								0	
APU25_34505	matches_api	IPR011990,IPR019734			PS50005	SM00028		SSF48452	3	
APU25_34510	matches_api	IPR001247,IPR015847,IPR020568,IPR036345	PF01138,PF03725				cd11370	SSF54211,SSF55666	5	IPR027408,IPR050080
APU25_34515	matches_api	IPR013057	PF01490						1	
APU25_34520	matches_api	IPR013057	PF01490						1	
APU25_34525	ips6_local	IPR013057	PF01490						1	
APU25_34530	matches_api	IPR024624	PF12766					SSF50475	2	IPR012349
APU25_34535	matches_api	IPR000620,IPR037185	PF00892					SSF103481	2	IPR051258
APU25_34540	matches_api	IPR004843,IPR029052	PF00149				cd00144	SSF56300	3	IPR050126
APU25_34545	matches_api	IPR007194,IPR016721,IPR024096	PF04051				cd14942	SSF111126	3	
APU25_34550	matches_api	IPR001806,IPR005225,IPR027417	PF00071	TIGR00231	PS51419,PS51420,PS51421	SM00173,SM00174,SM00175,SM00176	cd01861	SSF52540	11	IPR050227
APU25_34555	matches_api	IPR008336,IPR011010,IPR013499,IPR013500,IPR018521,IPR025834,IPR036202	PF01028,PF02919,PF14370		PS00176,PS52038	SM00435	cd00659,cd00660	SSF56349,SSF56741	10	IPR001631,IPR013030,IPR013034,IPR014711,IPR014727,IPR051062
APU25_34560	matches_api	IPR018108,IPR023395	PF00153		PS50920			SSF103506	3	IPR044677
APU25_34565	ips6_local								0	
APU25_34570	ips6_local	IPR000504,IPR034201,IPR035979	PF00076		PS50102	SM00360	cd12365	SSF54928	5	
APU25_34575	matches_api	IPR056683	PF25003						1	
APU25_34580	ips6_local	IPR000073,IPR029058	PF12697					SSF53474	2	
APU25_34585	ips6_local	IPR027417,IPR041677,IPR041679,IPR047187	PF13086,PF13087				cd18808	SSF52540	4	
APU25_34590	matches_api	IPR000504,IPR035979	PF00076		PS50102	SM00360	cd12372	SSF54928	5	IPR012677,IPR034772
APU25_34595	ips6_local	IPR016024,IPR024395,IPR034085,IPR048491	PF12348,PF21041			SM01349		SSF48371	4	
APU25_34600	matches_api								0	
APU25_34605	matches_api	IPR011990,IPR028058,IPR028061	PF14852,PF14853					SSF48452	3	IPR016543
APU25_34610	matches_api	IPR004143,IPR004408,IPR045864	PF03099	TIGR00121	PS51733		cd16442	SSF55681	5	
APU25_34615	matches_api	IPR002775,IPR036882	PF01918					SSF82704	2	IPR051958
APU25_34620	matches_api	IPR002194,IPR002423,IPR012718,IPR027409,IPR027410,IPR027413,IPR054827	PF00118	NF041082,NF041083,TIGR02343	PS00750,PS00751,PS00995		cd03339	SSF48592,SSF52029,SSF54849	11	IPR017998
APU25_34625	matches_api	IPR012466	PF07933				cd13228	SSF50729	3	IPR011993
APU25_34630	matches_api	IPR002818,IPR029062	PF01965					SSF52317	2	IPR050325
APU25_34635	matches_api	IPR027417	PF03215					SSF52540	2	IPR004582
APU25_34640	ips6_local	IPR001680,IPR036322	PF00400		PS50082,PS50294	SM00320		SSF50978	5	
APU25_34645	matches_api	IPR001841	PF13639		PS50089	SM00184	cd16469	SSF57850	5	IPR013083,IPR051834
APU25_34650	matches_api								0	
APU25_34655	matches_api	IPR000182,IPR016181	PF00583		PS51186		cd04301	SSF55729	4	IPR044542
APU25_34660	ips6_local	IPR002999				SM00333	cd20404	SSF63748	3	
APU25_34665	matches_api	IPR002618,IPR029044	PF01704				cd04193	SSF53448	3	IPR039741
APU25_34670	matches_api	IPR000740,IPR009012,IPR013805	PF01025		PS01071		cd00446	SSF51064,SSF58014	5	
APU25_34675	ips6_local								0	
APU25_34680	ips6_local								0	
APU25_34685	ips6_local								0	
APU25_34690	matches_api	IPR013216,IPR029063	PF08241				cd02440	SSF53335	3	
APU25_34695	ips6_local	IPR001806,IPR002041,IPR005225,IPR027417	PF00071	TIGR00231	PS51418,PS51419,PS51421	SM00173,SM00174,SM00175,SM00176	cd00877	SSF52540	11	
APU25_34700	ips6_local	IPR007196,IPR024557,IPR032191,IPR032193	PF04054,PF12842,PF16415,PF16417						4	
APU25_34705	matches_api	IPR026000	PF12862						1	IPR037679
APU25_34710	matches_api								0	
APU25_34715	matches_api	IPR007621	PF04536						1	
APU25_34720	ips6_local	IPR001279,IPR027794,IPR036866	PF12706,PF13691				cd07718	SSF56281	4	
APU25_34725	matches_api	IPR021434	PF11282						1	
APU25_34730	matches_api	IPR001650,IPR011545,IPR014001,IPR014014,IPR027417,IPR044742	PF00270,PF00271		PS51192,PS51194,PS51195	SM00487,SM00490	cd00268	SSF52540	9	
APU25_34735	matches_api	IPR003807	PF02656						1	IPR051572
APU25_34740	ips6_local	IPR011564,IPR012340	PF02765			SM00976		SSF50249	3	
APU25_34745	ips6_local	IPR017515,IPR029068,IPR037523	PF13669	TIGR03081	PS51819		cd07249	SSF54593	5	
APU25_34750	ips6_local	IPR023210,IPR036812	PF00248		PS51257		cd19076	SSF51430	4	
APU25_34755	ips6_local	IPR023210,IPR036812	PF00248				cd19076	SSF51430	3	
APU25_34760	matches_api	IPR000719,IPR001245,IPR003018,IPR008266,IPR011009,IPR017441	PF01590,PF07714		PS00107,PS00109,PS50011		cd14014	SSF55781,SSF56112	8	IPR029016,IPR051681
APU25_34765	ips6_local	IPR003663,IPR005828,IPR005829,IPR020846,IPR036259,IPR044778	PF00083	TIGR00879	PS00216,PS00217,PS50850		cd17361	SSF103473	7	
APU25_34770	ips6_local	IPR003663,IPR005828,IPR005829,IPR020846,IPR036259,IPR044778	PF00083	TIGR00879	PS00216,PS00217,PS50850		cd17361	SSF103473	7	
APU25_34775	matches_api								0	IPR015943,IPR050358
APU25_34780	matches_api	IPR041661	PF12756						1	IPR040025
APU25_34785	ips6_local								0	
APU25_34790	matches_api	IPR029058,IPR046879	PF20408					SSF53474	2	
APU25_34795	ips6_local	IPR001674,IPR004739,IPR017926,IPR022310,IPR025777,IPR029062	PF00117,PF00958,PF02540	NF000848,TIGR00884,TIGR00888	PS51273,PS51553		cd01742,cd01997	SSF52317,SSF52402,SSF54810	13	
APU25_34800	matches_api								0	
APU25_34805	ips6_local	IPR000504,IPR035979	PF00076		PS50102	SM00360		SSF54928	4	
APU25_34810	matches_api	IPR003593,IPR005225,IPR006073,IPR016484,IPR027417,IPR032859	PF01926,PF14714	TIGR00231,TIGR03594		SM00382		SSF52540	6	IPR015946
APU25_34815	matches_api	IPR000719,IPR001772,IPR008271,IPR011009,IPR015940,IPR017441,IPR028375	PF00069,PF02149		PS00107,PS00108,PS50011,PS50030,PS50032	SM00220	cd14079,cd14335	SSF103243,SSF56112	12	
APU25_34820	matches_api	IPR003323,IPR038765	PF02338		PS50802		cd22771	SSF54001	4	IPR050704
APU25_34825	matches_api	IPR001917,IPR004839,IPR015424	PF00155		PS00599		cd06454	SSF53383	4	IPR015421,IPR015422,IPR050087
APU25_34830	matches_api	IPR003675	PF02517						1	
APU25_34835	matches_api	IPR001917,IPR004839,IPR015424	PF00155		PS00599		cd06454	SSF53383	4	IPR015421,IPR015422,IPR050087
APU25_34840	matches_api								0	
APU25_34845	matches_api	IPR000403	PF00454		PS50290				2	IPR044571
APU25_34850	matches_api	IPR007052,IPR008978	PF04969		PS51203		cd06467	SSF49764	4	IPR037898
APU25_34855	matches_api	IPR006693,IPR029058	PF04083					SSF53474	2	IPR025483
APU25_34860	ips6_local		PF03121						1	
APU25_34865	ips6_local								0	
APU25_34870	matches_api	IPR012678,IPR013025	PF00276					SSF54189	2	IPR012677
APU25_34875	matches_api	IPR002319,IPR004529,IPR006195,IPR040586,IPR040724,IPR040725,IPR045864	PF01409,PF18552,PF18553,PF18554	NF003210,TIGR00468	PS50862		cd00496	SSF55681	9	
APU25_34880	ips6_local	IPR000999,IPR036389	PF14622		PS50142	SM00535	cd00593	SSF69065	5	
APU25_34885	matches_api	IPR011701,IPR020846,IPR036259	PF07690		PS50850			SSF103473	3	IPR050382
APU25_34890	matches_api	IPR001670,IPR018211,IPR056798	PF00465,PF25137		PS00060,PS00913		cd08188	SSF56796	6	IPR039697
APU25_34895	ips6_local	IPR006693,IPR029058	PF04083					SSF53474	2	
APU25_34900	matches_api	IPR029063						SSF53335	1	
APU25_34905	matches_api	IPR004853,IPR037185	PF03151					SSF103481	2	IPR050186
APU25_34910	ips6_local	IPR000597,IPR009000,IPR019926	PF00297		PS00474			SSF50447	3	
APU25_34915	matches_api	IPR005124	PF03179	TIGR01147					2	
APU25_34920	ips6_local	IPR005324,IPR005712,IPR013810,IPR020568	PF00333,PF03719	TIGR01021	PS50881			SSF54211,SSF54768	6	
APU25_34925	matches_api	IPR003137,IPR006639,IPR064098	PF02225,PF04258			SM00730			3	IPR007369
APU25_34930	ips6_local								0	
APU25_34935	ips6_local	IPR017941,IPR036922,IPR054716	PF22543		PS51296		cd03467	SSF50022	4	
APU25_34940	ips6_local	IPR008331,IPR009040,IPR009078	PF00210		PS50905		cd01056	SSF47240	4	
APU25_34945	ips6_local								0	
APU25_34950	matches_api	IPR010448,IPR027417	PF06309					SSF52540	2	
APU25_34955	matches_api	IPR001114,IPR018220,IPR027417,IPR033128	PF00709	NF002223,TIGR00184	PS00513,PS01266	SM00788	cd03108	SSF52540	8	IPR042109,IPR042110,IPR042111
APU25_34960	matches_api	IPR004837	PF01699		PS51257				2	IPR044880,IPR051359
APU25_34965	matches_api	IPR001623,IPR002939,IPR008971,IPR018253,IPR036869	PF00226,PF01556		PS00636,PS50076	SM00271	cd06257,cd10747	SSF46565,SSF49493	9	IPR051339
APU25_34970	ips6_local	IPR003889	PF05965		PS51543				2	
APU25_34975	matches_api								0	
APU25_34980	matches_api								0	
APU25_34985	ips6_local	IPR008851,IPR011039	PF05793					SSF50916	2	
APU25_34990	matches_api	IPR007811	PF05132						1	
APU25_34995	matches_api	IPR056508	PF23452						1	IPR044845
APU25_35000	ips6_local	IPR001680,IPR036322	PF00400			SM00320		SSF50978	3	
APU25_35005	ips6_local	IPR002379,IPR035921	PF00137				cd18177,cd18178	SSF81333	4	
APU25_35010	ips6_local	IPR009771,IPR036322,IPR059256	PF07064,PF25440					SSF50978	3	
APU25_35015	ips6_local	IPR005835,IPR005836,IPR029044	PF00483		PS00809		cd02508	SSF53448	4	
APU25_35020	matches_api	IPR000911,IPR020783,IPR020784,IPR020785,IPR036769,IPR036796	PF00298,PF03946		PS00359	SM00649	cd00349	SSF46906,SSF54747	7	
APU25_35025	matches_api	IPR001680,IPR006594,IPR011047,IPR019775,IPR024977	PF00400,PF08513,PF12894		PS00678,PS50082,PS50294,PS50896	SM00320,SM00667	cd00200	SSF50998	11	IPR015943,IPR020472,IPR045183
APU25_35030	matches_api								0	
APU25_35035	ips6_local								0	
APU25_35040	matches_api	IPR001907,IPR018215,IPR023562,IPR029045,IPR033135	PF00574	NF001368,NF009205	PS00381,PS00382		cd07017	SSF52096	7	
APU25_35045	matches_api	IPR009097,IPR027521	PF09749					SSF55144	2	
APU25_35050	ips6_local								0	
APU25_35055	matches_api	IPR007112,IPR009009,IPR036908	PF03330		PS50842	SM00837	cd22271	SSF50685	5	IPR002963
APU25_35060	matches_api	IPR007112,IPR009009,IPR036908	PF03330		PS50842	SM00837	cd22271	SSF50685	5	IPR002963
APU25_35065	matches_api	IPR000626,IPR029071	PF00240		PS50053	SM00213	cd17039	SSF54236	5	
APU25_35070	ips6_local	IPR001468,IPR011060,IPR013798	PF00218	NF001377	PS00614		cd00331	SSF51366	5	
APU25_35075	ips6_local								0	
APU25_35080	matches_api	IPR002671	PF01776						1	IPR038526
APU25_35085	ips6_local	IPR001313,IPR016024,IPR033133,IPR033712	PF00806		PS50302,PS50303	SM00025	cd07920	SSF48371	6	
APU25_35090	ips6_local								0	
APU25_35095	matches_api	IPR036390,IPR040608	PF04157					SSF46785	2	IPR016689,IPR036388
APU25_35100	ips6_local	IPR007052,IPR008978,IPR011990,IPR016024	PF04969		PS51203		cd06467	SSF48371,SSF48452,SSF49764	6	
APU25_35105	ips6_local	IPR000330,IPR001650,IPR014001,IPR027417,IPR049730	PF00176,PF00271		PS51192,PS51194	SM00487,SM00490	cd18004,cd18793	SSF52540	9	
APU25_35110	matches_api	IPR000719,IPR008271,IPR011009,IPR017441	PF00069		PS00107,PS00108,PS50011	SM00220	cd05117	SSF56112	7	
APU25_35115	matches_api	IPR000073,IPR029058	PF12697					SSF53474	2	IPR016812
APU25_35120	matches_api	IPR000727,IPR006011,IPR006012,IPR010989	PF00804,PF05739		PS00914,PS50192	SM00397,SM00503	cd00179,cd15848	SSF47661	9	IPR045242
APU25_35125	matches_api	IPR000744,IPR011990	PF14938				cd15832	SSF48452	3	
APU25_35130	ips6_local	IPR002347,IPR036291	PF13561				cd05369	SSF51735	3	
APU25_35135	matches_api	IPR022796	PF00504					SSF103511	2	IPR001344
APU25_35140	ips6_local	IPR000571,IPR018517,IPR035587	PF01207,PF25585		PS01136,PS50103	SM00356	cd02801	SSF51395	7	
APU25_35145	matches_api	IPR006876	PF04791						1	IPR051584
APU25_35150	matches_api								0	
APU25_35155	matches_api	IPR007347	PF04232						1	IPR036882
APU25_35160	ips6_local	IPR000904,IPR016024,IPR032629,IPR032691,IPR035999	PF01369,PF12783,PF16213		PS50190	SM00222	cd00171	SSF48371,SSF48425	8	
APU25_35165	matches_api	IPR000146,IPR020548,IPR033391,IPR044015	PF00316,PF18913	NF006778	PS00124		cd00354	SSF56655	6	IPR028343
APU25_35170	ips6_local	IPR000571,IPR029063,IPR036855			PS50103	SM00356		SSF53335,SSF90229	4	
APU25_35175	ips6_local								0	
APU25_35180	matches_api	IPR009686	PF06911						1	IPR045036
APU25_35185	matches_api	IPR002130,IPR029000	PF00160		PS50072			SSF50891	3	
APU25_35190	ips6_local	IPR006861	PF04774						1	
APU25_35195	matches_api	IPR000644,IPR046342	PF00571		PS51371	SM00116	cd02205	SSF54631	5	IPR050511
APU25_35200	ips6_local	IPR000977,IPR001279,IPR011084,IPR012308,IPR012309,IPR012310,IPR012340,IPR016059,IPR036599,IPR036866	PF01068,PF04675,PF04679,PF07522,PF12706,PF24975	TIGR00574	PS00333,PS50160	SM00849	cd07969,cd16273	SSF117018,SSF50249,SSF56091,SSF56281	16	
APU25_35205	ips6_local								0	
APU25_35210	matches_api	IPR000261,IPR002048,IPR011992	PF12763		PS50031,PS50222	SM00027	cd00052	SSF47473	6	
APU25_35215	matches_api	IPR002015,IPR016024,IPR040892,IPR041433	PF01851,PF17781,PF18051					SSF48371	4	IPR011989,IPR016643
APU25_35220	ips6_local								0	
APU25_35225	ips6_local	IPR000209,IPR023827,IPR023828,IPR034193,IPR036852	PF00082		PS00136,PS00138,PS51892		cd04077	SSF52743	6	
APU25_35230	matches_api	IPR002569,IPR036509	PF01625	TIGR00401				SSF55068	3	IPR050162
APU25_35235	ips6_local	IPR000073,IPR029058	PF00561					SSF53474	2	
APU25_35240	matches_api	IPR001900,IPR012340,IPR022966,IPR041505	PF00773,PF17849		PS01175	SM00955		SSF50249	5	IPR050180
APU25_35245	matches_api	IPR002659	PF01762						1	
APU25_35250	matches_api	IPR006814	PF04725						1	
APU25_35255	matches_api	IPR022764,IPR035952	PF01694					SSF144091	2	
APU25_35260	matches_api	IPR000504,IPR035979	PF00076		PS50102	SM00360	cd12418	SSF54928	5	IPR012677,IPR051229
APU25_35265	matches_api	IPR004045,IPR004046,IPR010987,IPR036249,IPR036282	PF00043,PF02798		PS50404,PS50405			SSF47616,SSF52833	6	IPR040079,IPR051369
APU25_35270	ips6_local	IPR004045,IPR004046,IPR010987,IPR036249,IPR036282	PF00043,PF13409		PS50404,PS50405			SSF47616,SSF52833	6	
APU25_35275	matches_api	IPR002885,IPR033443	PF17177		PS51375				2	IPR011990
APU25_35280	matches_api	IPR001012,IPR006577,IPR009060,IPR029071,IPR036249	PF00789,PF14555		PS50033	SM00166,SM00594	cd01767,cd14348	SSF46934,SSF52833,SSF54236	10	IPR050730
APU25_35285	ips6_local	IPR007434,IPR016181	PF04339					SSF55729	2	
APU25_35290	ips6_local	IPR001433,IPR017927,IPR017938,IPR039261	PF00175		PS51384		cd06208	SSF52343,SSF63380	5	
APU25_35295	matches_api	IPR001017,IPR029061	PF00676				cd02000	SSF52518	3	IPR050771
APU25_35300	matches_api	IPR000582,IPR022408,IPR035984	PF00887		PS00880,PS51228			SSF47027	4	IPR014352
APU25_35305	ips6_local	IPR003889,IPR009071,IPR036910	PF00505		PS50118,PS51543	SM00398	cd00084	SSF47095	6	
APU25_35310	matches_api	IPR001214,IPR003616,IPR046341	PF00856		PS50280,PS50868	SM00317,SM00508	cd10518	SSF82199	7	IPR044570
APU25_35315	matches_api	IPR061681	PF30508						1	
APU25_35320	matches_api	IPR000109,IPR018456,IPR036259	PF00854		PS01022,PS01023		cd17351	SSF103473	5	
APU25_35325	matches_api	IPR019331	PF10187						1	IPR039845
APU25_35330	matches_api	IPR023184,IPR036811	PF02320					SSF81531	2	IPR003422
APU25_35335	matches_api	IPR000717,IPR036390,IPR040896,IPR054559	PF01399,PF18098,PF22241		PS50250	SM00088		SSF46785	6	IPR036388,IPR040134
APU25_35340	matches_api								0	
APU25_35345	matches_api								0	
APU25_35350	matches_api	IPR013256	PF08243			SM00784			2	
APU25_35355	matches_api	IPR006164,IPR014893,IPR016194,IPR036465,IPR036494	PF02735,PF08785			SM00559		SSF100939,SSF101420,SSF53300	6	
APU25_35360	matches_api								0	
APU25_35365	matches_api								0	
APU25_35370	matches_api	IPR036549,IPR048280	PF02297		PS51808		cd00926	SSF47694	4	IPR003213
APU25_35375	ips6_local	IPR000156,IPR045256	PF00638		PS50196	SM00160	cd13179	SSF50729	5	
APU25_35380	matches_api	IPR000594,IPR035985	PF00899		PS51257		cd00755	SSF69572	4	IPR045886
APU25_35385	ips6_local	IPR002110,IPR029063,IPR036770	PF00023,PF12796		PS50088,PS50297	SM00248		SSF48403,SSF53335	7	
APU25_35390	matches_api	IPR000462,IPR004570,IPR048254	PF01066	TIGR00560	PS00379				3	IPR043130,IPR050324
APU25_35395	matches_api	IPR003035	PF02042		PS51519				2	IPR044607
APU25_35400	matches_api	IPR001646	PF00805					SSF141571	2	
APU25_35405	matches_api	IPR006554,IPR006555,IPR010614,IPR014001,IPR014013,IPR027417	PF06733,PF13307		PS51193	SM00487,SM00488,SM00491	cd18788	SSF52540	8	IPR045028
APU25_35410	matches_api								0	
APU25_35415	matches_api	IPR000782,IPR036378			PS50213			SSF82153	2	
APU25_35420	matches_api								0	
APU25_35425	matches_api	IPR004853,IPR037185	PF03151					SSF103481	2	IPR050186
APU25_35430	matches_api	IPR005729,IPR027486,IPR036838	PF00338	TIGR01046		SM01403		SSF54999	4	IPR001848
APU25_35435	matches_api								0	IPR037912
APU25_35440	matches_api								0	IPR036378
APU25_35445	matches_api	IPR001024,IPR001932,IPR036392,IPR036457	PF01477		PS50095,PS51746	SM00308,SM00332		SSF49723,SSF81606	7	IPR039123
APU25_35450	matches_api	IPR000058,IPR002653,IPR035896	PF01428,PF01754		PS51036,PS51039	SM00154,SM00259		SSF118310,SSF57716	8	IPR050652
APU25_35455	matches_api	IPR012445	PF07855						1	IPR036570
APU25_35460	matches_api	IPR000242,IPR000387,IPR003595,IPR029021	PF00102		PS50055,PS50056	SM00194,SM00404	cd00047	SSF52799	7	IPR050348
APU25_35465	matches_api	IPR001075,IPR034904	PF01106					SSF117916	2	
APU25_35470	matches_api	IPR006785,IPR040554	PF04695,PF17733						2	IPR025655,IPR036388
APU25_35475	matches_api	IPR003323,IPR038765	PF02338		PS50802			SSF54001	3	IPR050704
APU25_35480	matches_api								0	
APU25_35485	matches_api	IPR039204	PF22099				cd12823		2	
APU25_35490	ips6_local	IPR000719,IPR001245,IPR008271,IPR011009,IPR017441	PF07714		PS00107,PS00108,PS50011	SM00220		SSF56112	6	
APU25_35495	matches_api	IPR016024						SSF48371	1	IPR011989
APU25_35500	ips6_local	IPR004360,IPR004361,IPR018146,IPR029068,IPR037523	PF00903	TIGR00068	PS00934,PS51819		cd07233	SSF54593	6	
APU25_35505	matches_api								0	
APU25_35510	matches_api	IPR017923,IPR035441			PS51319			SSF47676	2	
APU25_35515	matches_api	IPR000644,IPR001807,IPR014743,IPR046342	PF00571,PF00654		PS51371	SM00116	cd04591	SSF54631,SSF81340	7	IPR051280
APU25_35520	matches_api	IPR002190	PF01454		PS50838	SM01373			3	IPR037445,IPR041899
APU25_35525	matches_api	IPR001295,IPR005719,IPR005720	PF01180	NF003645,NF003652,TIGR01036	PS00911,PS00912		cd04738	SSF51395	8	IPR013785,IPR050074
APU25_35530	ips6_local								0	
APU25_35535	matches_api	IPR000626,IPR000938,IPR001611,IPR029071,IPR036859,IPR044079	PF01302,PF14560		PS00845,PS50053,PS50245,PS51450	SM01052	cd17044	SSF52047,SSF54236,SSF74924	11	IPR032675
APU25_35540	ips6_local	IPR004843,IPR029052	PF00149					SSF56300	2	
APU25_35545	matches_api								0	IPR025893
APU25_35550	matches_api	IPR000719,IPR011009,IPR017441	PF00069		PS00107,PS50011		cd14014	SSF56112	5	
APU25_35555	matches_api	IPR000270,IPR011990,IPR019734,IPR053793	PF00564,PF13181		PS50005,PS51745	SM00028,SM00666	cd05992	SSF48452,SSF54277	9	IPR044517
APU25_35560	matches_api	IPR012779,IPR014782,IPR024601,IPR035414,IPR042097,IPR045357	PF01433,PF11940,PF17432,PF17900	TIGR02414			cd09600	SSF55486,SSF63737	8	IPR001930,IPR027268,IPR037144,IPR038438
APU25_35565	ips6_local								0	
APU25_35570	ips6_local	IPR018108,IPR023395	PF00153		PS50920			SSF103506	3	
APU25_35575	ips6_local								0	
APU25_35580	matches_api	IPR004199,IPR006102,IPR006103,IPR006104,IPR008979,IPR011013,IPR017853,IPR023232,IPR036156	PF00703,PF02836,PF02837,PF02929		PS00608	SM01038		SSF49303,SSF49785,SSF51445,SSF74650	10	IPR006101,IPR013783,IPR014718,IPR050347
APU25_35585	matches_api	IPR031968	PF16016		PS51778				2	
APU25_35590	matches_api	IPR001163,IPR010920,IPR047575	PF01423		PS52002	SM00651	cd01726	SSF50182	5	IPR016487
APU25_35595	ips6_local	IPR001650,IPR003593,IPR004179,IPR011545,IPR014001,IPR014756,IPR027417,IPR036390,IPR041094,IPR048863,IPR057842	PF00270,PF00271,PF02889,PF18149,PF21188,PF23445		PS51192,PS51194	SM00382,SM00487,SM00490,SM00973	cd18019,cd18795	SSF158702,SSF46785,SSF52540,SSF81296	18	
APU25_35600	matches_api	IPR022051	PF12263						1	
APU25_35605	matches_api	IPR000462,IPR048254	PF01066		PS00379				2	IPR014387,IPR043130
APU25_35610	matches_api								0	
APU25_35615	ips6_local								0	
APU25_35620	matches_api	IPR000146,IPR020548,IPR033391,IPR044015	PF00316,PF18913		PS00124		cd00354	SSF56655	5	IPR023079,IPR028343
APU25_35625	ips6_local	IPR000433,IPR001005,IPR007526,IPR009057,IPR017884,IPR041983,IPR055141	PF00249,PF22941,PF25299		PS01357,PS50090,PS50135,PS50934,PS51293	SM00291,SM00717	cd00167,cd02335	SSF46689,SSF57850	14	
APU25_35630	matches_api	IPR004360,IPR005956,IPR029068,IPR037523,IPR041735,IPR041736	PF00903	TIGR01263	PS51819		cd07250,cd08342	SSF54593	6	
APU25_35635	matches_api	IPR000182,IPR016181	PF00583		PS51186		cd04301	SSF55729	4	IPR051556
APU25_35640	matches_api	IPR004130,IPR027417,IPR030230	PF03029		PS52071		cd17870	SSF52540	4	
APU25_35645	matches_api	IPR004193,IPR006047,IPR006048,IPR014756,IPR017853	PF00128,PF02806,PF02922			SM00642	cd02854,cd11321	SSF51011,SSF51445,SSF81296	9	IPR013780,IPR013783
APU25_35650	matches_api		PF04641						1	IPR006735
APU25_35655	matches_api	IPR029045,IPR045004	PF16113	NF004127			cd06558	SSF52096	4	IPR032259
APU25_35660	matches_api	IPR000649,IPR037171	PF01008					SSF100950	2	IPR042528,IPR042529,IPR051501
APU25_35665	ips6_local	IPR002194,IPR002423,IPR012717,IPR027409,IPR027410,IPR027413,IPR054827	PF00118	NF041082,NF041083,TIGR02342	PS00750,PS00995		cd03338	SSF48592,SSF52029,SSF54849	10	
APU25_35670	ips6_local	IPR000403,IPR001263,IPR011009,IPR016024,IPR018936,IPR049160,IPR057754	PF00454,PF21245		PS00915,PS50290,PS51545	SM00146	cd05168	SSF48371,SSF56112	9	
APU25_35675	ips6_local								0	
APU25_35680	ips6_local	IPR002130,IPR020892,IPR029000	PF00160		PS00170,PS50072		cd01926	SSF50891	5	
APU25_35685	matches_api		PF05753						1	IPR013783
APU25_35690	matches_api	IPR001228,IPR029044,IPR034683	PF01128	TIGR00453			cd02516	SSF53448	4	IPR050088
APU25_35695	ips6_local								0	
APU25_35700	ips6_local	IPR036875	PF13917					SSF57756	2	
APU25_35705	matches_api								0	
APU25_35710	ips6_local								0	
APU25_35715	ips6_local								0	
APU25_35720	matches_api	IPR006153	PF00999						1	IPR038770,IPR045158
APU25_35725	matches_api	IPR001005			PS50090				1	
APU25_35730	ips6_local	IPR000608,IPR016135,IPR023313	PF00179		PS00183,PS50127	SM00212	cd23790	SSF54495	6	
APU25_35735	matches_api	IPR033122	PF07766						1	
APU25_35740	matches_api	IPR023577,IPR033469	PF01928		PS51707	SM01118		SSF55154	4	
APU25_35745	ips6_local								0	
APU25_35750	ips6_local								0	
APU25_35755	matches_api	IPR001841,IPR013087,IPR041888,IPR056437,IPR057634	PF13920,PF23202,PF23230		PS00028,PS50089	SM00355	cd16615		7	IPR013083,IPR044288
APU25_35760	ips6_local								0	
APU25_35765	ips6_local	IPR005225,IPR006689,IPR027417	PF00025	TIGR00231	PS51417	SM00177,SM00178	cd04151	SSF52540	7	
APU25_35770	matches_api								0	
APU25_35775	ips6_local	IPR002310,IPR006194,IPR015944,IPR045864	PF02091,PF02092	NF006827,TIGR00211,TIGR00388	PS50861			SSF109604,SSF55681	8	
APU25_35780	ips6_local	IPR009056,IPR036909	PF13442		PS51007			SSF46626	3	
APU25_35785	ips6_local	IPR008217	PF01988						1	
APU25_35790	ips6_local	IPR004193,IPR006047,IPR014756,IPR017853,IPR044505	PF00128,PF02922			SM00642	cd02856,cd11326	SSF51445,SSF81296	7	
APU25_35795	ips6_local								0	
APU25_35800	ips6_local	IPR048324	PF21056						1	
APU25_35805	ips6_local	IPR011009,IPR016477	PF03881					SSF56112	2	
APU25_35810	ips6_local						cd14686		1	
APU25_35815	matches_api								0	
APU25_35820	matches_api	IPR005037	PF03371						1	
APU25_35825	matches_api	IPR000425,IPR022357,IPR023271	PF00230		PS00221,PS51257			SSF81338	4	IPR034294
APU25_35830	matches_api	IPR000086,IPR015797	PF00293		PS51462		cd02883	SSF55811	4	
APU25_35835	ips6_local	IPR008010	PF05346						1	
APU25_35840	ips6_local	IPR000433,IPR015034,IPR023398	PF00569,PF08939		PS50135	SM00291	cd02249	SSF55418,SSF57850	7	
APU25_35845	matches_api								0	
APU25_35850	ips6_local	IPR009737,IPR036249	PF06999					SSF52833	2	
APU25_35855	matches_api	IPR001005,IPR009057			PS50090	SM00717	cd00167	SSF46689	4	
APU25_35860	matches_api	IPR003033,IPR036527	PF02036					SSF55718	2	
APU25_35865	matches_api	IPR029032						SSF69118	1	
APU25_35870	matches_api							SSF103441	1	
APU25_35875	ips6_local	IPR000504,IPR003954,IPR034261,IPR035979	PF00076		PS50102	SM00361	cd12438	SSF54928	5	
APU25_35880	matches_api	IPR001680,IPR036322	PF00400			SM00320		SSF50978	3	IPR015943
APU25_35885	ips6_local	IPR029044,IPR057388	PF25441					SSF53448	2	
APU25_35890	matches_api	IPR003593,IPR003959,IPR008921,IPR013748,IPR027417,IPR047854	PF00004,PF08542	NF001679		SM00382	cd00009,cd18140	SSF48019,SSF52540	8	IPR050238
APU25_35895	matches_api	IPR018108,IPR023395	PF00153		PS50920			SSF103506	3	IPR044712
APU25_35900	ips6_local								0	
APU25_35905	ips6_local	IPR010433	PF06273						1	
APU25_35910	ips6_local	IPR035082,IPR035368,IPR035369,IPR035370	PF03813,PF17404,PF17405,PF17406						4	
APU25_35915	ips6_local								0	
APU25_35920	matches_api	IPR012340,IPR013970	PF08661				cd04479	SSF50249	3	
APU25_35925	matches_api	IPR000738,IPR002314,IPR002315,IPR004154,IPR006195,IPR033731,IPR045864	PF00458,PF00587,PF03129	NF003211,TIGR00389	PS50862		cd00774,cd00858	SSF52954,SSF55681	10	IPR027031,IPR036621
APU25_35930	ips6_local	IPR061860	PF31066						1	
APU25_35935	ips6_local								0	
APU25_35940	ips6_local	IPR003010,IPR036526	PF00795		PS50263			SSF56317	3	
APU25_35945	ips6_local								0	
APU25_35950	matches_api	IPR001623,IPR018253,IPR036869	PF00226		PS00636,PS50076	SM00271	cd06257	SSF46565	6	IPR052276
APU25_35955	matches_api								0	
APU25_35960	matches_api								0	
APU25_35965	matches_api	IPR005878,IPR023673,IPR023674,IPR028364	PF00687	TIGR01169	PS01199		cd00403	SSF56808	5	IPR016095
APU25_35970	matches_api	IPR025789,IPR029063	PF08123					SSF53335	2	
APU25_35975	matches_api								0	
APU25_35980	matches_api								0	
APU25_35985	ips6_local	IPR056657	PF24938						1	
APU25_35990	matches_api	IPR008580	PF05903		PS51858	SM01179			3	IPR042266
APU25_35995	matches_api	IPR000644,IPR046342	PF00571		PS51371	SM00116	cd02205	SSF54631	5	IPR051257
APU25_36000	matches_api	IPR009445	PF06417						1	
APU25_36005	ips6_local	IPR001251,IPR036865	PF00650		PS50191	SM00516	cd00170	SSF52087	5	
APU25_36010	matches_api	IPR006134,IPR006172,IPR012337,IPR025687,IPR043502	PF00136,PF14260			SM00486		SSF53098,SSF56672	5	IPR023211,IPR036397,IPR042087,IPR050240
APU25_36015	ips6_local							SSF69349	1	
APU25_36020	ips6_local								0	
APU25_36025	ips6_local	IPR002035,IPR036465	PF00092		PS50234	SM00327		SSF53300	4	
APU25_36030	matches_api	IPR004881,IPR010914,IPR027417,IPR030378	PF03193	TIGR00157	PS50936,PS51721		cd01854	SSF52540	6	IPR012340
APU25_36035	matches_api								0	
APU25_36040	ips6_local	IPR005804,IPR021863	PF00487,PF11960				cd03507		3	
APU25_36045	ips6_local	IPR002882,IPR038136	PF01933				cd07187	SSF142338	3	
APU25_36050	matches_api	IPR001849,IPR004299	PF00169,PF03062		PS50003	SM00233	cd00821	SSF50729	6	IPR011993,IPR014371
APU25_36055	ips6_local	IPR002293,IPR029485	PF13520,PF13906						2	
APU25_36060	ips6_local	IPR003511,IPR036570	PF02301		PS50815			SSF56019	3	
APU25_36065	matches_api	IPR001680,IPR019775,IPR036322	PF25174		PS00678,PS50082,PS50294	SM00320		SSF50978	6	IPR015943,IPR040132
APU25_36070	matches_api	IPR002347,IPR036291	PF00106				cd05327	SSF51735	3	
APU25_36075	matches_api								0	
APU25_36080	ips6_local								0	
APU25_36085	matches_api	IPR001394,IPR001607,IPR028889,IPR033809,IPR038765	PF00443,PF02148		PS50235,PS50271	SM00290	cd02669	SSF54001,SSF57850	8	IPR013083,IPR050185
APU25_36090	matches_api	IPR007747	PF05053						1	
APU25_36095	matches_api								0	
APU25_36100	ips6_local	IPR003672,IPR010347,IPR022571	PF02514,PF06087,PF11965				cd09122,cd10150	SSF56024	6	
APU25_36105	ips6_local								0	
APU25_36110	matches_api	IPR002655,IPR006091,IPR009100,IPR036250,IPR055060	PF01756,PF02770,PF22924					SSF47203,SSF56645	5	IPR012258,IPR046373
APU25_36115	matches_api	IPR002048,IPR011992,IPR018247	PF13499		PS00018,PS50222	SM00054	cd00051	SSF47473	6	
APU25_36120	ips6_local	IPR001841,IPR039515	PF14570		PS50089		cd16618	SSF57850	4	
APU25_36125	matches_api								0	
APU25_36130	matches_api	IPR006083,IPR027417	PF00485					SSF52540	2	
APU25_36135	matches_api	IPR006047,IPR012850,IPR017853	PF00128,PF07821			SM00642,SM00810	cd11314	SSF51011,SSF51445	7	IPR006046,IPR013780
APU25_36140	matches_api	IPR000836,IPR001754,IPR004467,IPR011060,IPR014732,IPR018089,IPR029057	PF00156,PF00215	NF010382,TIGR00336,TIGR01740	PS00156	SM00934	cd04725,cd06223	SSF51366,SSF53271	11	IPR013785,IPR023031
APU25_36145	ips6_local	IPR002761,IPR035959,IPR060003,IPR060338	PF01902,PF28410				cd01994	SSF52402,SSF55298	5	
APU25_36150	matches_api	IPR001497,IPR014048,IPR036217	PF01035	TIGR00589	PS00374		cd06445	SSF46767	5	IPR036388
APU25_36155	matches_api								0	
APU25_36160	ips6_local								0	
APU25_36165	matches_api								0	
APU25_36170	matches_api								0	
APU25_36175	ips6_local								0	
APU25_36180	matches_api	IPR008537	PF05684						1	
APU25_36185	matches_api								0	
APU25_36190	ips6_local	IPR004045,IPR036249,IPR036282	PF13409		PS50404		cd00570	SSF47616,SSF52833	5	
APU25_36195	ips6_local	IPR036410						SSF57938	1	
APU25_36200	ips6_local	IPR001911	PF01165	TIGR00030					2	
APU25_36205	matches_api								0	
APU25_36210	matches_api								0	
APU25_36215	ips6_local								0	
APU25_36220	matches_api	IPR002016,IPR010255	PF00141		PS50873			SSF48113	3	IPR002207,IPR044831
APU25_36225	ips6_local	IPR000403,IPR003151,IPR003152,IPR011009,IPR014009,IPR016024,IPR046805,IPR046807	PF00454,PF02259,PF02260,PF20175,PF20206		PS50290,PS51189,PS51190	SM00146,SM01343	cd05163	SSF48371,SSF56112	13	
APU25_36230	matches_api	IPR001806,IPR002048,IPR011992,IPR013566,IPR013567,IPR018247,IPR020860,IPR027417	PF00071,PF08355,PF08356		PS00018,PS50222,PS51423	SM00173,SM00174,SM00175		SSF47473,SSF52540	11	IPR021181,IPR052266
APU25_36235	matches_api								0	
APU25_36240	ips6_local	IPR000904,IPR032691,IPR035999,IPR056604	PF01369,PF12783,PF23325		PS50190	SM00222	cd00171	SSF48425	7	
APU25_36245	ips6_local								0	
APU25_36250	matches_api	IPR001753,IPR018376,IPR029045	PF00378		PS00166		cd06558	SSF52096	4	
APU25_36255	matches_api	IPR002125,IPR016193,IPR061961	PF00383,PF30953		PS51747			SSF53927	4	
APU25_36260	matches_api								0	
APU25_36265	matches_api	IPR015353,IPR036464,IPR046341	PF09273					SSF81822,SSF82199	3	IPR050600
APU25_36270	ips6_local								0	
APU25_36275	ips6_local	IPR003358,IPR029063	PF02390	TIGR00091	PS51625		cd02440	SSF53335	5	
APU25_36280	ips6_local	IPR010582,IPR011614,IPR018028,IPR020835	PF00199,PF06628		PS51402	SM01060	cd08154	SSF56634	6	
APU25_36285	matches_api								0	
APU25_36290	ips6_local	IPR001757,IPR004014,IPR006534,IPR008250,IPR018303,IPR023298,IPR036412,IPR059000	PF00122,PF00690,PF00702	TIGR01494,TIGR01647	PS00154	SM00831	cd02076	SSF56784,SSF81653,SSF81665	11	
APU25_36295	matches_api	IPR021331	PF11160						1	
APU25_36300	matches_api	IPR001214,IPR046341			PS50280		cd10527	SSF82199	3	IPR050600
APU25_36305	matches_api	IPR001012,IPR012989,IPR029071,IPR036241	PF00789,PF08059,PF14555		PS50033,PS51399	SM00166,SM00553	cd01770	SSF102848,SSF54236	10	
APU25_36310	matches_api	IPR055457,IPR055459	PF03345,PF23358						2	IPR005013
APU25_36315	matches_api	IPR013761	PF02466				cd09487	SSF47769	3	IPR039175
APU25_36320	matches_api	IPR001948	PF02127	NF002759			cd05658	SSF101821,SSF53187	5	IPR023358
APU25_36325	ips6_local	IPR001841,IPR045195,IPR058981	PF13920,PF26192		PS50089	SM00184	cd16789	SSF57850	6	
APU25_36330	matches_api	IPR005749,IPR021131,IPR036227,IPR063184	PF00828,PF29471	TIGR01071				SSF52080	4	IPR030878
APU25_36335	matches_api	IPR005334	PF03645				cd21455		2	IPR038586
APU25_36340	ips6_local	IPR001128,IPR036396	PF00067					SSF48264	2	
APU25_36345	matches_api	IPR001180,IPR019452,IPR019453,IPR036322	PF00780,PF10366,PF10367		PS50219			SSF50978	5	IPR032914
APU25_36350	ips6_local	IPR000238,IPR023799	PF02033					SSF89919	2	
APU25_36355	matches_api	IPR018108,IPR023395	PF00153		PS50920			SSF103506	3	IPR050391
APU25_36360	ips6_local	IPR001841	PF13639		PS50089	SM00184		SSF57850	4	
APU25_36365	ips6_local	IPR000253,IPR001932,IPR008984,IPR036457	PF00481,PF00498		PS50006,PS51746	SM00240,SM00332	cd00143,cd22678	SSF49879,SSF81606	10	
APU25_36370	matches_api	IPR025602	PF13862						1	
APU25_36375	ips6_local								0	
APU25_36380	ips6_local								0	
APU25_36385	ips6_local								0	
APU25_36390	ips6_local	IPR002110,IPR036770	PF12796,PF13920		PS50088,PS50297	SM00248	cd16646	SSF48403	7	
APU25_36395	ips6_local	IPR007454,IPR027471	PF04359					SSF117991	2	
APU25_36400	matches_api	IPR022309,IPR039411	PF01201				cd11381		2	
APU25_36405	ips6_local	IPR001611,IPR056496	PF14580,PF23602		PS51450			SSF52058	4	
APU25_36410	ips6_local	IPR000195,IPR035969	PF00566		PS50086	SM00164		SSF47923	4	
APU25_36415	ips6_local	IPR001563,IPR018202,IPR029058,IPR033124	PF00450		PS00131,PS00560			SSF53474	4	
APU25_36420	ips6_local	IPR000232,IPR036390	PF00447		PS00434	SM00415		SSF46785	4	
APU25_36425	matches_api	IPR000889,IPR013766,IPR029759,IPR029760,IPR036249	PF00255		PS00460,PS00763,PS51352,PS51355		cd00340	SSF52833	7	
APU25_36430	matches_api								0	
APU25_36435	matches_api	IPR001623,IPR011032,IPR013149,IPR013154,IPR018253,IPR020843,IPR036291,IPR036869	PF00107,PF00226,PF08240		PS00636,PS50076	SM00271,SM00829	cd06257,cd08290	SSF46565,SSF50129,SSF51735	12	IPR051034
APU25_36440	ips6_local	IPR006439,IPR036412	PF00702	TIGR01549				SSF56784	3	
APU25_36445	matches_api								0	
APU25_36450	ips6_local								0	
APU25_36455	ips6_local	IPR006047,IPR012850,IPR017853	PF00128,PF07821			SM00642,SM00810	cd04873,cd11314	SSF51011,SSF51445	8	
APU25_36460	matches_api	IPR027417,IPR046833,IPR046834,IPR049069	PF09818,PF20446,PF21117					SSF52540	4	IPR019195
APU25_36465	ips6_local	IPR001810,IPR002035,IPR036047,IPR036465	PF00092		PS50181,PS50234	SM00327	cd01450	SSF53300,SSF81383	7	
APU25_36470	ips6_local								0	
APU25_36475	matches_api	IPR013217,IPR029063	PF08242				cd02440	SSF53335	3	IPR026113
APU25_36480	matches_api	IPR001680,IPR036322	PF00400		PS50082	SM00320		SSF50978	4	IPR015943,IPR042453
APU25_36485	matches_api								0	
APU25_36490	matches_api	IPR007667	PF04588		PS51503				2	IPR050355
APU25_36495	ips6_local	IPR000537	PF01040	NF009525					2	
APU25_36500	matches_api	IPR013885	PF08576						1	
APU25_36505	ips6_local	IPR001202,IPR036020	PF00397		PS01159,PS50020	SM00456	cd00201	SSF51045	6	
APU25_36510	matches_api	IPR003323,IPR038765	PF02338		PS50802		cd22751	SSF54001	4	IPR050704
APU25_36515	matches_api	IPR006089,IPR006091,IPR009075,IPR009100,IPR013786,IPR034183,IPR036250	PF00441,PF02770,PF02771		PS00072,PS00073		cd01156	SSF47203,SSF56645	8	IPR037069,IPR046373
APU25_36520	ips6_local	IPR000629,IPR001650,IPR011545,IPR014001,IPR014014,IPR027417	PF00270,PF00271		PS00039,PS51192,PS51194,PS51195	SM00487,SM00490	cd17947,cd18787	SSF52540	11	
APU25_36525	ips6_local								0	
APU25_36530	ips6_local								0	
APU25_36535	matches_api	IPR008011,IPR045292	PF05347				cd20263		2	IPR033034
APU25_36540	ips6_local	IPR003593,IPR019009,IPR027417	PF09439			SM00382		SSF52540	3	
APU25_36545	ips6_local	IPR001005,IPR001214,IPR026489,IPR046341	PF00856		PS50280,PS51633	SM00317	cd00167,cd10519	SSF82199	7	
APU25_36550	matches_api	IPR000467,IPR000504,IPR003954,IPR034653,IPR035979	PF01585		PS50102,PS50174	SM00361,SM00443	cd12647	SSF54928	7	IPR012677,IPR040052
APU25_36555	matches_api	IPR000791,IPR047622	PF01184	NF038013	PS01114				3	IPR047623
APU25_36560	ips6_local	IPR000731,IPR032190,IPR053956,IPR053958	PF12349,PF16414,PF22314		PS50156			SSF82866	5	
APU25_36565	matches_api	IPR013632,IPR020588,IPR027417	PF08423		PS50162			SSF52540	3	IPR016467
APU25_36570	ips6_local	IPR004313,IPR011051	PF03079				cd02232	SSF51182	3	
APU25_36575	matches_api								0	
APU25_36580	ips6_local	IPR013766,IPR036249	PF00085		PS51352			SSF52833	3	
APU25_36585	matches_api	IPR001857,IPR008991	PF01245					SSF50104	2	IPR038657
APU25_36590	matches_api	IPR005677,IPR008948,IPR018951,IPR020557,IPR022761	PF00206,PF10415	NF008909,TIGR00979	PS00163		cd01362	SSF48557	7	IPR000362,IPR024083
APU25_36595	matches_api								0	IPR013865
APU25_36600	matches_api	IPR018943,IPR036330	PF10215					SSF103464	2	
APU25_36605	matches_api	IPR000589,IPR009068,IPR012606	PF00312,PF08069	NF006331	PS00362	SM01386,SM01387	cd00353	SSF47060	8	IPR023029
APU25_36610	matches_api	IPR006667,IPR036739	PF01769					SSF161093	2	
APU25_36615	matches_api	IPR000808,IPR019591,IPR027417,IPR033756	PF10609		PS01215		cd02037	SSF52540	4	IPR028601
APU25_36620	matches_api	IPR001650,IPR011545,IPR014001,IPR014014,IPR027417	PF00270,PF00271		PS51192,PS51194,PS51195	SM00487,SM00490	cd18787	SSF52540	9	
APU25_36625	ips6_local	IPR009249	PF05996						1	
APU25_36630	ips6_local	IPR001680,IPR006692,IPR036322,IPR056176	PF00400,PF04053,PF23953		PS50082,PS50294	SM00320	cd00200,cd22947	SSF50978	9	
APU25_36635	matches_api	IPR001950,IPR005874,IPR036877	PF01253	TIGR01160	PS50296		cd11566	SSF55159	5	
APU25_36640	matches_api	IPR000608,IPR016135	PF00179		PS50127	SM00212	cd23790	SSF54495	5	IPR050113
APU25_36645	ips6_local								0	
APU25_36650	ips6_local	IPR002466	PF02137		PS50141	SM00552			3	
APU25_36655	matches_api	IPR001645,IPR004101,IPR013221,IPR036565,IPR036615	PF02875,PF08245	TIGR01499				SSF53244,SSF53623	5	
APU25_36660	ips6_local	IPR005069,IPR029044	PF03407					SSF53448	2	
APU25_36665	matches_api	IPR005069	PF03407						1	IPR044290
APU25_36670	ips6_local	IPR001680,IPR011047,IPR011990,IPR019734	PF00400		PS50005,PS50082	SM00028,SM00320		SSF48452,SSF50998	7	
APU25_36675	ips6_local								0	
APU25_36680	ips6_local	IPR012340,IPR015187,IPR036315	PF09103					SSF50249,SSF81872	3	
APU25_36685	ips6_local	IPR031568	PF15786						1	
APU25_36690	matches_api	IPR005804	PF00487				cd03507		2	IPR012171
APU25_36695	ips6_local								0	
APU25_36700	ips6_local								0	
APU25_36705	ips6_local								0	
APU25_36710	ips6_local	IPR003613,IPR016024	PF04564		PS51698	SM00504		SSF48371,SSF57850	5	
APU25_36715	matches_api	IPR012942	PF07985						1	IPR040044
APU25_36720	matches_api	IPR000387,IPR016130,IPR029021,IPR057023	PF22784		PS00383,PS50056		cd14494	SSF52799	5	IPR050561
APU25_36725	ips6_local								0	
APU25_36730	ips6_local	IPR000158,IPR003008,IPR008280,IPR018316,IPR020805,IPR024757,IPR036525	PF00091,PF12327	TIGR00065	PS01134,PS01135	SM00864,SM00865	cd02201	SSF52490,SSF55307	10	
APU25_36735	matches_api	IPR001763,IPR036873	PF00581		PS50206	SM00450	cd00158	SSF52821	5	IPR044664
APU25_36740	matches_api	IPR001478,IPR004447,IPR005151,IPR029045,IPR036034,IPR041489	PF03572,PF17820	TIGR00225	PS50106	SM00228,SM00245	cd06782,cd07560	SSF50156,SSF52096	10	
APU25_36745	ips6_local								0	
APU25_36750	matches_api	IPR021788	PF11833						1	
APU25_36755	ips6_local	IPR001433,IPR003097,IPR008254,IPR017927,IPR017938,IPR029039,IPR039261	PF00175,PF00258,PF00667		PS50902,PS51384			SSF52218,SSF52343,SSF63380	8	
APU25_36760	ips6_local	IPR021855	PF11947						1	
APU25_36765	matches_api	IPR006222,IPR006223,IPR013977,IPR029043	PF01571,PF08669	NF001567,TIGR00528				SSF101790,SSF103025	6	IPR027266,IPR028896
APU25_36770	matches_api								0	
APU25_36775	matches_api	IPR000537,IPR006372,IPR011799	PF01040	NF005742,TIGR01476,TIGR02056			cd13958		5	IPR044878,IPR050475
APU25_36780	matches_api						cd14688		1	
APU25_36785	ips6_local	IPR003439,IPR003593,IPR011527,IPR017871,IPR027417,IPR036640,IPR044746	PF00005,PF00664		PS00211,PS50893,PS50929	SM00382	cd03244,cd03250,cd18579,cd18603	SSF52540,SSF90123	12	
APU25_36790	ips6_local	IPR003035	PF02042		PS51519				2	
APU25_36795	ips6_local	IPR007651,IPR013209,IPR031315,IPR031703,IPR036412	PF04571,PF08235,PF16876			SM00775		SSF56784	5	
APU25_36800	ips6_local	IPR008978,IPR023753,IPR036188	PF07992				cd06463	SSF49764,SSF51905	4	
APU25_36805	ips6_local	IPR001202,IPR002713,IPR036020,IPR036517	PF00397,PF01846		PS01159,PS50020,PS51676	SM00441,SM00456	cd00201	SSF51045,SSF81698	10	
APU25_36810	ips6_local	IPR029063						SSF53335	1	
APU25_36815	ips6_local	IPR001576,IPR015911,IPR036043	PF00162		PS00111		cd00318	SSF53748	4	
APU25_36820	matches_api	IPR001128,IPR017972,IPR036396	PF00067		PS00086			SSF48264	3	IPR002403,IPR050121
APU25_36825	ips6_local								0	
APU25_36830	ips6_local	IPR055260,IPR057091	PF03801,PF24487						2	
APU25_36835	ips6_local	IPR004305,IPR016084	PF03070					SSF48613	2	
APU25_36840	matches_api	IPR004305,IPR016084	PF03070					SSF48613	2	IPR050967
APU25_36845	matches_api	IPR000417,IPR029056	PF02110	NF006830,TIGR00694			cd01170	SSF53613	5	
APU25_36850	ips6_local	IPR004305,IPR004399,IPR013749,IPR016084,IPR022998,IPR029056,IPR034291,IPR036206,IPR036412	PF02581,PF03070,PF08543	TIGR00693			cd00564,cd01169,cd19368	SSF48613,SSF51391,SSF53613,SSF56784	11	
APU25_36855	matches_api	IPR005651	PF03966				cd21089	SSF158997	3	IPR039127
APU25_36860	matches_api	IPR027791,IPR027995,IPR029044	PF02709,PF13733					SSF53448	3	IPR003859
APU25_36865	ips6_local	IPR016024,IPR019442,IPR056842,IPR056843	PF10350,PF25150,PF25151					SSF48371	4	
APU25_36870	ips6_local								0	
APU25_36875	matches_api	IPR001623,IPR018253,IPR036869	PF00226		PS00636,PS50076	SM00271		SSF46565	5	IPR050817
APU25_36880	matches_api	IPR000387,IPR016130,IPR029021	PF22785		PS00383,PS50056			SSF52799	4	
APU25_36885	matches_api	IPR015877	PF06391						1	
APU25_36890	ips6_local	IPR013170	PF08312			SM01115	cd21372		3	
APU25_36895	ips6_local								0	
APU25_36900	ips6_local	IPR001680,IPR036322	PF00400		PS50082,PS50294	SM00320		SSF50978	5	
APU25_36905	ips6_local	IPR000629,IPR002048,IPR011992,IPR018247	PF13499		PS00018,PS00039,PS50222	SM00054	cd00051	SSF47473	7	
APU25_36910	ips6_local								0	
APU25_36915	matches_api	IPR000679	PF00320		PS50114,PS51257	SM00401	cd00202	SSF57716	6	IPR013088
APU25_36920	ips6_local	IPR004843,IPR006186,IPR029052	PF00149		PS00125	SM00156	cd07415	SSF56300	5	
APU25_36925	matches_api	IPR011990,IPR018834,IPR019458	PF10373,PF10374					SSF48452	3	IPR045153
APU25_36930	ips6_local	IPR021131,IPR021132,IPR036227	PF17135		PS01106			SSF52080	3	
APU25_36935	ips6_local	IPR022764,IPR035952	PF01694					SSF144091	2	
APU25_36940	ips6_local	IPR006636,IPR041243	PF17830			SM00727			2	
APU25_36945	matches_api	IPR000679	PF00320		PS50114	SM00401	cd00202	SSF57716	5	IPR013088
APU25_36950	ips6_local	IPR001680,IPR003613,IPR013915,IPR036322,IPR055340	PF08606,PF24814		PS50082,PS50294,PS51698	SM00320,SM00504	cd00200,cd16656	SSF50978,SSF57850	11	
APU25_36955	matches_api	IPR005998,IPR012988,IPR016082,IPR018038,IPR035808,IPR036919	PF00327,PF08079	TIGR01310	PS00634		cd01657	SSF55129	6	IPR039699
APU25_36960	matches_api								0	
APU25_36965	ips6_local	IPR000719,IPR001245,IPR008271,IPR011009	PF07714		PS00108,PS50011	SM00220		SSF56112	5	
APU25_36970	matches_api	IPR000523,IPR027417,IPR041628	PF01078,PF17863					SSF52540	3	IPR045006
APU25_36975	matches_api	IPR004217,IPR035427	PF02953					SSF144122	2	IPR050673
APU25_36980	ips6_local	IPR025451	PF13926						1	
APU25_36985	matches_api								0	
APU25_36990	matches_api								0	
APU25_36995	ips6_local	IPR002650,IPR015947,IPR024951,IPR025980	PF01747,PF14306	TIGR00339			cd00517	SSF52374,SSF88697	6	
APU25_37000	matches_api	IPR006885	PF04800						1	IPR038532
APU25_37005	matches_api	IPR001173,IPR029044,IPR039528	PF00535				cd06442	SSF53448	3	
APU25_37010	ips6_local	IPR001680,IPR019775,IPR036322	PF00400		PS00678,PS50082,PS50294	SM00320		SSF50978	6	
APU25_37015	ips6_local								0	
APU25_37020	matches_api	IPR000608,IPR016135,IPR023313	PF00179		PS00183,PS50127	SM00212	cd23794	SSF54495	6	
APU25_37025	matches_api	IPR002222,IPR005713,IPR020934,IPR023575	PF00203	NF003121,TIGR01025	PS00323			SSF54570	5	
APU25_37030	matches_api	IPR018108,IPR023395	PF00153		PS50920			SSF103506	3	
APU25_37035	ips6_local	IPR007685,IPR043519	PF04607			SM00954	cd05399	SSF81301	4	
APU25_37040	matches_api	IPR036249					cd02980	SSF52833	2	
APU25_37045	ips6_local								0	
APU25_37050	matches_api	IPR001357,IPR036420,IPR059215	PF00533,PF12738		PS50172	SM00292	cd17731	SSF52113	6	
APU25_37055	ips6_local								0	
APU25_37060	ips6_local								0	
APU25_37065	ips6_local								0	
